{
	"credit": "Made with Blockbench",
	"texture_size": [128, 128],
	"textures": {
		"main": "item/dragon_pet/idle_anim"
	},
	"elements": [
		{
			"name": "body",
			"from": [3, 7, 2],
			"to": [13, 14, 18],
			"rotation": {"angle": 0, "axis": "y", "origin": [0, 0, 1]},
			"faces": {
				"north": {"uv": [10, 2, 10.75, 2.75], "texture": "#main"},
				"east": {"uv": [8, 2, 10, 2.75], "texture": "#main"},
				"south": {"uv": [12.71875, 2, 13.5, 2.75], "texture": "#main"},
				"west": {"uv": [10.75, 2, 12.71875, 2.75], "texture": "#main"},
				"up": {"uv": [10.75, 2, 10, 0], "texture": "#main"},
				"down": {"uv": [11.5, 2, 10.75, 0], "texture": "#main"}
			}
		},
		{
			"from": [5.25, 8.75, -6],
			"to": [10.75, 13.25, -1],
			"rotation": {"angle": 22.5, "axis": "x", "origin": [0, 0, 0]},
			"faces": {
				"north": {"uv": [14.3125, 3.5625, 14.625, 3.875], "texture": "#main"},
				"east": {"uv": [14, 3.5625, 14.3125, 3.875], "texture": "#main"},
				"south": {"uv": [14.9375, 3.5625, 15.25, 3.875], "texture": "#main"},
				"west": {"uv": [14.625, 3.5625, 14.9375, 3.875], "texture": "#main"},
				"up": {"uv": [14.3125, 3.25, 14.625, 3.5625], "texture": "#main"},
				"down": {"uv": [14.625, 3.25, 14.9375, 3.5625], "texture": "#main"}
			}
		},
		{
			"from": [5.5, 9, -10],
			"to": [10.5, 13, -5],
			"rotation": {"angle": 22.5, "axis": "x", "origin": [0, 0, 0]},
			"faces": {
				"north": {"uv": [14.3125, 3.5625, 14.625, 3.875], "texture": "#main"},
				"east": {"uv": [14, 3.5625, 14.3125, 3.875], "texture": "#main"},
				"south": {"uv": [14.9375, 3.5625, 15.25, 3.875], "texture": "#main"},
				"west": {"uv": [14.625, 3.5625, 14.9375, 3.875], "texture": "#main"},
				"up": {"uv": [14.3125, 3.25, 14.625, 3.5625], "texture": "#main"},
				"down": {"uv": [14.625, 3.25, 14.9375, 3.5625], "texture": "#main"}
			}
		},
		{
			"name": "skull",
			"from": [4, 11, -10],
			"to": [12, 18, -4],
			"faces": {
				"north": {"uv": [13.3125, 4.53125, 13.8125, 5], "texture": "#main"},
				"east": {"uv": [11.5, 1.4375, 12, 1.90625], "texture": "#main"},
				"south": {"uv": [13, 1.4375, 13.5, 1.90625], "texture": "#main"},
				"west": {"uv": [12.5, 1.4375, 13, 1.90625], "texture": "#main"},
				"up": {"uv": [12, 0.96875, 12.5, 1.4375], "texture": "#main"},
				"down": {"uv": [12.5, 0.96875, 13, 1.4375], "texture": "#main"}
			}
		},
		{
			"name": "upper_jaw",
			"from": [5, 12.65, -15],
			"to": [11, 14.75, -8],
			"faces": {
				"north": {"uv": [14.375, 2.03125, 14, 1.875], "texture": "#main"},
				"east": {"uv": [14, 2.03125, 13.5, 1.875], "texture": "#main"},
				"south": {"uv": [15.25, 2.03125, 14.875, 1.875], "texture": "#main"},
				"west": {"uv": [14.875, 2.03125, 14.375, 1.875], "texture": "#main"},
				"up": {"uv": [14.375, 1.875, 14, 1.375], "texture": "#main"},
				"down": {"uv": [14.75, 1.875, 14.375, 1.375], "texture": "#main"}
			}
		},
		{
			"name": "bottom_jaw",
			"from": [5, 11.1, -15],
			"to": [11, 12.65, -8],
			"faces": {
				"north": {"uv": [14.375, 2.65625, 14, 2.53125], "texture": "#main"},
				"east": {"uv": [14, 2.65625, 13.5, 2.53125], "texture": "#main"},
				"south": {"uv": [15.25, 2.65625, 14.875, 2.53125], "texture": "#main"},
				"west": {"uv": [14.875, 2.65625, 14.375, 2.53125], "texture": "#main"},
				"up": {"uv": [14.375, 2.53125, 14, 2.03125], "texture": "#main"},
				"down": {"uv": [14.75, 2.53125, 14.375, 2.03125], "texture": "#main"}
			}
		},
		{
			"name": "nostrils",
			"from": [9, 13.5, -14.5],
			"to": [10, 15.17, -13.5],
			"faces": {
				"north": {"uv": [11.78125, 0.3125, 11.84375, 0.4375], "texture": "#main"},
				"east": {"uv": [11.90625, 0.3125, 11.96875, 0.4375], "texture": "#main"},
				"south": {"uv": [11.84375, 0.3125, 11.90625, 0.4375], "texture": "#main"},
				"west": {"uv": [11.71875, 0.3125, 11.78125, 0.4375], "texture": "#main"},
				"up": {"uv": [11.71875, 0.4375, 11.65625, 0.375], "texture": "#main"},
				"down": {"uv": [11.71875, 0.3125, 11.65625, 0.375], "texture": "#main"}
			}
		},
		{
			"name": "nostrils",
			"from": [6, 13.5, -14.5],
			"to": [7, 15.17, -13.5],
			"faces": {
				"north": {"uv": [11.78125, 0.3125, 11.84375, 0.4375], "texture": "#main"},
				"east": {"uv": [11.90625, 0.3125, 11.96875, 0.4375], "texture": "#main"},
				"south": {"uv": [11.84375, 0.3125, 11.90625, 0.4375], "texture": "#main"},
				"west": {"uv": [11.71875, 0.3125, 11.78125, 0.4375], "texture": "#main"},
				"up": {"uv": [11.71875, 0.4375, 11.65625, 0.375], "texture": "#main"},
				"down": {"uv": [11.71875, 0.3125, 11.65625, 0.375], "texture": "#main"}
			}
		},
		{
			"from": [6, 15, 11],
			"to": [10, 19, 15],
			"rotation": {"angle": 22.5, "axis": "x", "origin": [0, 0, 1]},
			"faces": {
				"north": {"uv": [14.3125, 3.5625, 14.625, 3.875], "texture": "#main"},
				"east": {"uv": [14, 3.5625, 14.3125, 3.875], "texture": "#main"},
				"south": {"uv": [14.9375, 3.5625, 15.25, 3.875], "texture": "#main"},
				"west": {"uv": [14.625, 3.5625, 14.9375, 3.875], "texture": "#main"},
				"up": {"uv": [14.3125, 3.25, 14.625, 3.5625], "texture": "#main"},
				"down": {"uv": [14.625, 3.25, 14.9375, 3.5625], "texture": "#main"}
			}
		},
		{
			"from": [6.25, 19.25, 6.5],
			"to": [9.75, 22.75, 10],
			"rotation": {"angle": 45, "axis": "x", "origin": [0, 0, 1]},
			"faces": {
				"north": {"uv": [14.3125, 3.5625, 14.625, 3.875], "texture": "#main"},
				"east": {"uv": [14, 3.5625, 14.3125, 3.875], "texture": "#main"},
				"south": {"uv": [14.9375, 3.5625, 15.25, 3.875], "texture": "#main"},
				"west": {"uv": [14.625, 3.5625, 14.9375, 3.875], "texture": "#main"},
				"up": {"uv": [14.3125, 3.25, 14.625, 3.5625], "texture": "#main"},
				"down": {"uv": [14.625, 3.25, 14.9375, 3.5625], "texture": "#main"}
			}
		},
		{
			"from": [6.5, -3, 22.5],
			"to": [9.5, 0.5, 25.25],
			"rotation": {"angle": -22.5, "axis": "x", "origin": [0, 0, 1]},
			"faces": {
				"north": {"uv": [14.625, 3.25, 14.9375, 3.5625], "texture": "#main"},
				"east": {"uv": [14, 3.5625, 14.3125, 3.875], "texture": "#main"},
				"south": {"uv": [14.3125, 3.25, 14.625, 3.5625], "texture": "#main"},
				"west": {"uv": [14.625, 3.5625, 14.9375, 3.875], "texture": "#main"},
				"up": {"uv": [14.9375, 3.5625, 15.25, 3.875], "texture": "#main"},
				"down": {"uv": [14.3125, 3.5625, 14.625, 3.875], "texture": "#main"}
			}
		},
		{
			"from": [6.75, -6, 22.75],
			"to": [9.25, -2, 25],
			"rotation": {"angle": -22.5, "axis": "x", "origin": [0, 0, 1]},
			"faces": {
				"north": {"uv": [14.625, 3.25, 14.9375, 3.5625], "texture": "#main"},
				"east": {"uv": [14, 3.5625, 14.3125, 3.875], "texture": "#main"},
				"south": {"uv": [14.3125, 3.25, 14.625, 3.5625], "texture": "#main"},
				"west": {"uv": [14.625, 3.5625, 14.9375, 3.875], "texture": "#main"},
				"up": {"uv": [14.9375, 3.5625, 15.25, 3.875], "texture": "#main"},
				"down": {"uv": [14.3125, 3.5625, 14.625, 3.875], "texture": "#main"}
			}
		},
		{
			"from": [7, 0.35876, 23.15775],
			"to": [9, 3.45876, 25.15775],
			"rotation": {"angle": -45, "axis": "x", "origin": [8.25, 3.35876, 24.15775]},
			"faces": {
				"north": {"uv": [14.625, 3.25, 14.9375, 3.5625], "texture": "#main"},
				"east": {"uv": [14, 3.5625, 14.3125, 3.875], "texture": "#main"},
				"south": {"uv": [14.3125, 3.25, 14.625, 3.5625], "texture": "#main"},
				"west": {"uv": [14.625, 3.5625, 14.9375, 3.875], "texture": "#main"},
				"up": {"uv": [14.9375, 3.5625, 15.25, 3.875], "texture": "#main"},
				"down": {"uv": [14.3125, 3.5625, 14.625, 3.875], "texture": "#main"}
			}
		},
		{
			"from": [9, 1, 3.25],
			"to": [12, 7, 5.75],
			"rotation": {"angle": 0, "axis": "y", "origin": [0, 0, 1]},
			"faces": {
				"north": {"uv": [15.25, 4.5, 15.4375, 5.25], "texture": "#main"},
				"east": {"uv": [15.0625, 4.5, 15.25, 5.25], "texture": "#main"},
				"south": {"uv": [15.625, 4.5, 15.8125, 5.25], "texture": "#main"},
				"west": {"uv": [15.4375, 4.5, 15.625, 5.25], "texture": "#main"},
				"up": {"uv": [15.25, 4.3125, 15.4375, 4.5], "texture": "#main"},
				"down": {"uv": [15.4375, 4.3125, 15.625, 4.5], "texture": "#main"}
			}
		},
		{
			"from": [8.9, 0, 2],
			"to": [12.1, 1, 6],
			"rotation": {"angle": 0, "axis": "y", "origin": [0, 0, 1]},
			"faces": {
				"north": {"uv": [13, 3.75, 13.25, 3.875], "texture": "#main"},
				"east": {"uv": [12.5, 3.75, 13, 3.875], "texture": "#main"},
				"south": {"uv": [13.75, 3.75, 14, 3.875], "texture": "#main"},
				"west": {"uv": [13.25, 3.75, 13.75, 3.875], "texture": "#main"},
				"up": {"uv": [13, 3.25, 13.25, 3.75], "texture": "#main"},
				"down": {"uv": [13.25, 3.25, 13.5, 3.75], "texture": "#main"}
			}
		},
		{
			"from": [4, 1, 3.25],
			"to": [7, 7, 5.75],
			"rotation": {"angle": 0, "axis": "y", "origin": [0, 0, 1]},
			"faces": {
				"north": {"uv": [15.25, 4.5, 15.4375, 5.25], "texture": "#main"},
				"east": {"uv": [15.0625, 4.5, 15.25, 5.25], "texture": "#main"},
				"south": {"uv": [15.625, 4.5, 15.8125, 5.25], "texture": "#main"},
				"west": {"uv": [15.4375, 4.5, 15.625, 5.25], "texture": "#main"},
				"up": {"uv": [15.25, 4.3125, 15.4375, 4.5], "texture": "#main"},
				"down": {"uv": [15.4375, 4.3125, 15.625, 4.5], "texture": "#main"}
			}
		},
		{
			"from": [3.9, 0, 2],
			"to": [7.1, 1, 6],
			"rotation": {"angle": 0, "axis": "y", "origin": [0, 0, 1]},
			"faces": {
				"north": {"uv": [13, 3.75, 13.25, 3.875], "texture": "#main"},
				"east": {"uv": [12.5, 3.75, 13, 3.875], "texture": "#main"},
				"south": {"uv": [13.75, 3.75, 14, 3.875], "texture": "#main"},
				"west": {"uv": [13.25, 3.75, 13.75, 3.875], "texture": "#main"},
				"up": {"uv": [13, 3.25, 13.25, 3.75], "texture": "#main"},
				"down": {"uv": [13.25, 3.25, 13.5, 3.75], "texture": "#main"}
			}
		},
		{
			"from": [2.75, 1, 13.25],
			"to": [6, 10, 16.75],
			"rotation": {"angle": 0, "axis": "y", "origin": [0, 0, 1]},
			"faces": {
				"north": {"uv": [11.75, 3.5, 12, 4.25], "texture": "#main"},
				"east": {"uv": [11.5, 3.5, 11.75, 4.25], "texture": "#main"},
				"south": {"uv": [12.25, 3.5, 12.5, 4.25], "texture": "#main"},
				"west": {"uv": [12, 3.5, 12.25, 4.25], "texture": "#main"},
				"up": {"uv": [11.75, 3.25, 12, 3.5], "texture": "#main"},
				"down": {"uv": [12, 3.25, 12.25, 3.5], "texture": "#main"}
			}
		},
		{
			"from": [2.65, 0, 12],
			"to": [6.1, 1, 17],
			"rotation": {"angle": 0, "axis": "y", "origin": [0, 0, 1]},
			"faces": {
				"north": {"uv": [13, 3.75, 13.25, 3.875], "texture": "#main"},
				"east": {"uv": [12.5, 3.75, 13, 3.875], "texture": "#main"},
				"south": {"uv": [13.75, 3.75, 14, 3.875], "texture": "#main"},
				"west": {"uv": [13.25, 3.75, 13.75, 3.875], "texture": "#main"},
				"up": {"uv": [13, 3.25, 13.25, 3.75], "texture": "#main"},
				"down": {"uv": [13.25, 3.25, 13.5, 3.75], "texture": "#main"}
			}
		},
		{
			"from": [10, 1, 13.25],
			"to": [13.25, 10, 16.75],
			"rotation": {"angle": 0, "axis": "y", "origin": [0, 0, 1]},
			"faces": {
				"north": {"uv": [11.75, 3.5, 12, 4.25], "texture": "#main"},
				"east": {"uv": [11.5, 3.5, 11.75, 4.25], "texture": "#main"},
				"south": {"uv": [12.25, 3.5, 12.5, 4.25], "texture": "#main"},
				"west": {"uv": [12, 3.5, 12.25, 4.25], "texture": "#main"},
				"up": {"uv": [11.75, 3.25, 12, 3.5], "texture": "#main"},
				"down": {"uv": [12, 3.25, 12.25, 3.5], "texture": "#main"}
			}
		},
		{
			"from": [9.9, 0, 12],
			"to": [13.35, 1, 17],
			"rotation": {"angle": 0, "axis": "y", "origin": [0, 0, 1]},
			"faces": {
				"north": {"uv": [13, 3.75, 13.25, 3.875], "texture": "#main"},
				"east": {"uv": [12.5, 3.75, 13, 3.875], "texture": "#main"},
				"south": {"uv": [13.75, 3.75, 14, 3.875], "texture": "#main"},
				"west": {"uv": [13.25, 3.75, 13.75, 3.875], "texture": "#main"},
				"up": {"uv": [13, 3.25, 13.25, 3.75], "texture": "#main"},
				"down": {"uv": [13.25, 3.25, 13.5, 3.75], "texture": "#main"}
			}
		},
		{
			"from": [13, -2, 11],
			"to": [15, 7, 13],
			"rotation": {"angle": -45, "axis": "x", "origin": [0, 0, 0]},
			"faces": {
				"north": {"uv": [13.5, 2.75, 15.25, 3], "rotation": 90, "texture": "#main"},
				"east": {"uv": [11.75, 3, 13.5, 3.25], "rotation": 90, "texture": "#main"},
				"south": {"uv": [11.75, 2.75, 13.5, 3], "rotation": 90, "texture": "#main"},
				"west": {"uv": [13.75, 3, 15.5, 3.25], "rotation": 90, "texture": "#main"},
				"up": {"uv": [11.5, 3, 11.75, 3.25], "rotation": 90, "texture": "#main"},
				"down": {"uv": [13.5, 3, 13.75, 3.25], "rotation": 90, "texture": "#main"}
			}
		},
		{
			"from": [13.5, 9.5, 6],
			"to": [14.75, 11, 15],
			"rotation": {"angle": 22.5, "axis": "x", "origin": [0, 0, 0]},
			"faces": {
				"north": {"uv": [11.5, 4.375, 11.625, 4.5], "rotation": 90, "texture": "#main"},
				"east": {"uv": [11.625, 4.375, 13.375, 4.5], "texture": "#main"},
				"south": {"uv": [13.375, 4.375, 13.5, 4.5], "rotation": 90, "texture": "#main"},
				"west": {"uv": [13.5, 4.375, 15.25, 4.5], "texture": "#main"},
				"up": {"uv": [11.625, 4.25, 13.375, 4.375], "rotation": 90, "texture": "#main"},
				"down": {"uv": [13.375, 4.25, 15.125, 4.375], "rotation": 90, "texture": "#main"}
			}
		},
		{
			"from": [14.5, 12, -7],
			"to": [14.5, 19, 3],
			"rotation": {"angle": 45, "axis": "x", "origin": [0, 0, 0]},
			"faces": {
				"north": {"uv": [15.9375, 5.1875, 16, 5.625], "texture": "#main"},
				"east": {"uv": [11.28125, 4.5, 13.25, 6.25], "texture": "#main"},
				"south": {"uv": [15.9375, 5.625, 16, 6.0625], "texture": "#main"},
				"west": {"uv": [13.25, 4.5, 11.28125, 6.25], "texture": "#main"},
				"up": {"uv": [15.9375, 7.4375, 15.875, 6.875], "texture": "#main"},
				"down": {"uv": [15.9375, 7.4375, 15.875, 8], "texture": "#main"}
			}
		},
		{
			"from": [14.5, 11, 6],
			"to": [14.5, 18, 15],
			"rotation": {"angle": 22.5, "axis": "x", "origin": [0, 0, 0]},
			"faces": {
				"north": {"uv": [15.9375, 5.1875, 16, 5.625], "texture": "#main"},
				"east": {"uv": [11.5, 6.25, 13.25, 8], "texture": "#main"},
				"south": {"uv": [15.9375, 5.625, 16, 6.0625], "texture": "#main"},
				"west": {"uv": [13.25, 6.25, 11.5, 8], "texture": "#main"},
				"up": {"uv": [15.9375, 7.4375, 15.875, 6.875], "texture": "#main"},
				"down": {"uv": [15.9375, 7.4375, 15.875, 8], "texture": "#main"}
			}
		},
		{
			"from": [1, -2, 11],
			"to": [3, 7, 13],
			"rotation": {"angle": -45, "axis": "x", "origin": [-12, 0, 0]},
			"faces": {
				"north": {"uv": [13.5, 2.75, 15.25, 3], "rotation": 90, "texture": "#main"},
				"east": {"uv": [11.75, 3, 13.5, 3.25], "rotation": 90, "texture": "#main"},
				"south": {"uv": [11.75, 2.75, 13.5, 3], "rotation": 90, "texture": "#main"},
				"west": {"uv": [13.75, 3, 15.5, 3.25], "rotation": 90, "texture": "#main"},
				"up": {"uv": [11.5, 3, 11.75, 3.25], "rotation": 90, "texture": "#main"},
				"down": {"uv": [13.5, 3, 13.75, 3.25], "rotation": 90, "texture": "#main"}
			}
		},
		{
			"from": [1.25, 9.5, 6],
			"to": [2.5, 11, 15],
			"rotation": {"angle": 22.5, "axis": "x", "origin": [-12, 0, 0]},
			"faces": {
				"north": {"uv": [11.5, 4.375, 11.625, 4.5], "rotation": 90, "texture": "#main"},
				"east": {"uv": [11.625, 4.375, 13.375, 4.5], "texture": "#main"},
				"south": {"uv": [13.375, 4.375, 13.5, 4.5], "rotation": 90, "texture": "#main"},
				"west": {"uv": [13.5, 4.375, 15.25, 4.5], "texture": "#main"},
				"up": {"uv": [11.625, 4.25, 13.375, 4.375], "rotation": 90, "texture": "#main"},
				"down": {"uv": [13.375, 4.25, 15.125, 4.375], "rotation": 90, "texture": "#main"}
			}
		},
		{
			"from": [1.5, 12, -7],
			"to": [1.5, 19, 3],
			"rotation": {"angle": 45, "axis": "x", "origin": [-13, 0, 0]},
			"faces": {
				"north": {"uv": [15.9375, 5.1875, 16, 5.625], "texture": "#main"},
				"east": {"uv": [11.28125, 4.5, 13.25, 6.25], "texture": "#main"},
				"south": {"uv": [15.9375, 5.625, 16, 6.0625], "texture": "#main"},
				"west": {"uv": [13.25, 4.5, 11.28125, 6.25], "texture": "#main"},
				"up": {"uv": [15.9375, 7.4375, 15.875, 6.875], "texture": "#main"},
				"down": {"uv": [15.9375, 7.4375, 15.875, 8], "texture": "#main"}
			}
		},
		{
			"from": [1.5, 11, 6],
			"to": [1.5, 18, 15],
			"rotation": {"angle": 22.5, "axis": "x", "origin": [-13, 0, 0]},
			"faces": {
				"north": {"uv": [15.9375, 5.1875, 16, 5.625], "texture": "#main"},
				"east": {"uv": [11.5, 6.25, 13.25, 8], "texture": "#main"},
				"south": {"uv": [15.9375, 5.625, 16, 6.0625], "texture": "#main"},
				"west": {"uv": [13.25, 6.25, 11.5, 8], "texture": "#main"},
				"up": {"uv": [15.9375, 7.4375, 15.875, 6.875], "texture": "#main"},
				"down": {"uv": [15.9375, 7.4375, 15.875, 8], "texture": "#main"}
			}
		},
		{
			"name": "head",
			"from": [5.5, 18, -8],
			"to": [6.5, 19, -5],
			"faces": {
				"north": {"uv": [8.1875, 0.1875, 8.25, 0.3125], "texture": "#main"},
				"east": {"uv": [8, 0.1875, 8.1875, 0.3125], "texture": "#main"},
				"south": {"uv": [8.4375, 0.1875, 8.5, 0.3125], "texture": "#main"},
				"west": {"uv": [8.25, 0.1875, 8.4375, 0.3125], "texture": "#main"},
				"up": {"uv": [8.1875, 0.1875, 8.25, 0], "texture": "#main"},
				"down": {"uv": [8.25, 0, 8.3125, 0.1875], "texture": "#main"}
			}
		},
		{
			"name": "head",
			"from": [9.5, 18, -8],
			"to": [10.5, 19, -5],
			"faces": {
				"north": {"uv": [8.1875, 0.1875, 8.25, 0.3125], "texture": "#main"},
				"east": {"uv": [8, 0.1875, 8.1875, 0.3125], "texture": "#main"},
				"south": {"uv": [8.4375, 0.1875, 8.5, 0.3125], "texture": "#main"},
				"west": {"uv": [8.25, 0.1875, 8.4375, 0.3125], "texture": "#main"},
				"up": {"uv": [8.1875, 0.1875, 8.25, 0], "texture": "#main"},
				"down": {"uv": [8.25, 0, 8.3125, 0.1875], "texture": "#main"}
			}
		},
		{
			"name": "neck",
			"from": [7.75, 13, -9.5],
			"to": [8.42, 14, -7.5],
			"rotation": {"angle": 22.5, "axis": "x", "origin": [0, 0, 0]},
			"faces": {
				"north": {"uv": [8.1875, 0.1875, 8.25, 0.3125], "texture": "#main"},
				"east": {"uv": [8, 0.1875, 8.1875, 0.3125], "texture": "#main"},
				"south": {"uv": [8.4375, 0.1875, 8.5, 0.3125], "texture": "#main"},
				"west": {"uv": [8.25, 0.1875, 8.4375, 0.3125], "texture": "#main"},
				"up": {"uv": [8.1875, 0.1875, 8.25, 0], "texture": "#main"},
				"down": {"uv": [8.25, 0, 8.3125, 0.1875], "texture": "#main"}
			}
		},
		{
			"name": "neck",
			"from": [7.75, 13.25, -5.8],
			"to": [8.42, 14.25, -3.8],
			"rotation": {"angle": 22.5, "axis": "x", "origin": [0, 0, 0]},
			"faces": {
				"north": {"uv": [8.1875, 0.1875, 8.25, 0.3125], "texture": "#main"},
				"east": {"uv": [8, 0.1875, 8.1875, 0.3125], "texture": "#main"},
				"south": {"uv": [8.4375, 0.1875, 8.5, 0.3125], "texture": "#main"},
				"west": {"uv": [8.25, 0.1875, 8.4375, 0.3125], "texture": "#main"},
				"up": {"uv": [8.1875, 0.1875, 8.25, 0], "texture": "#main"},
				"down": {"uv": [8.25, 0, 8.3125, 0.1875], "texture": "#main"}
			}
		},
		{
			"name": "body",
			"from": [7.5, 14, 4],
			"to": [8.5, 15, 7],
			"faces": {
				"north": {"uv": [8.1875, 0.1875, 8.25, 0.3125], "texture": "#main"},
				"east": {"uv": [8, 0.1875, 8.1875, 0.3125], "texture": "#main"},
				"south": {"uv": [8.4375, 0.1875, 8.5, 0.3125], "texture": "#main"},
				"west": {"uv": [8.25, 0.1875, 8.4375, 0.3125], "texture": "#main"},
				"up": {"uv": [8.1875, 0.1875, 8.25, 0], "texture": "#main"},
				"down": {"uv": [8.25, 0, 8.3125, 0.1875], "texture": "#main"}
			}
		},
		{
			"name": "body",
			"from": [7.5, 14, 9],
			"to": [8.5, 15.25, 12],
			"faces": {
				"north": {"uv": [8.1875, 0.1875, 8.25, 0.3125], "texture": "#main"},
				"east": {"uv": [8, 0.1875, 8.1875, 0.3125], "texture": "#main"},
				"south": {"uv": [8.4375, 0.1875, 8.5, 0.3125], "texture": "#main"},
				"west": {"uv": [8.25, 0.1875, 8.4375, 0.3125], "texture": "#main"},
				"up": {"uv": [8.1875, 0.1875, 8.25, 0], "texture": "#main"},
				"down": {"uv": [8.25, 0, 8.3125, 0.1875], "texture": "#main"}
			}
		},
		{
			"name": "body",
			"from": [7.5, 14, 14],
			"to": [8.5, 15, 17],
			"faces": {
				"north": {"uv": [8.1875, 0.1875, 8.25, 0.3125], "texture": "#main"},
				"east": {"uv": [8, 0.1875, 8.1875, 0.3125], "texture": "#main"},
				"south": {"uv": [8.4375, 0.1875, 8.5, 0.3125], "texture": "#main"},
				"west": {"uv": [8.25, 0.1875, 8.4375, 0.3125], "texture": "#main"},
				"up": {"uv": [8.1875, 0.1875, 8.25, 0], "texture": "#main"},
				"down": {"uv": [8.25, 0, 8.3125, 0.1875], "texture": "#main"}
			}
		},
		{
			"name": "tail",
			"from": [7.75, 19.25, 12.5],
			"to": [8.42, 20.25, 14],
			"rotation": {"angle": 22.5, "axis": "x", "origin": [0, 0, 0]},
			"faces": {
				"north": {"uv": [8.1875, 0.1875, 8.25, 0.3125], "texture": "#main"},
				"east": {"uv": [8, 0.1875, 8.1875, 0.3125], "texture": "#main"},
				"south": {"uv": [8.4375, 0.1875, 8.5, 0.3125], "texture": "#main"},
				"west": {"uv": [8.25, 0.1875, 8.4375, 0.3125], "texture": "#main"},
				"up": {"uv": [8.1875, 0.1875, 8.25, 0], "texture": "#main"},
				"down": {"uv": [8.25, 0, 8.3125, 0.1875], "texture": "#main"}
			}
		},
		{
			"name": "tail",
			"from": [7.75, 23.25, 7.25],
			"to": [8.42, 24.25, 8.75],
			"rotation": {"angle": 45, "axis": "x", "origin": [0, 0, 0]},
			"faces": {
				"north": {"uv": [8.1875, 0.1875, 8.25, 0.3125], "texture": "#main"},
				"east": {"uv": [8, 0.1875, 8.1875, 0.3125], "texture": "#main"},
				"south": {"uv": [8.4375, 0.1875, 8.5, 0.3125], "texture": "#main"},
				"west": {"uv": [8.25, 0.1875, 8.4375, 0.3125], "texture": "#main"},
				"up": {"uv": [8.1875, 0.1875, 8.25, 0], "texture": "#main"},
				"down": {"uv": [8.25, 0, 8.3125, 0.1875], "texture": "#main"}
			}
		},
		{
			"name": "tail",
			"from": [7.75, -2.5, 25],
			"to": [8.42, -1, 26],
			"rotation": {"angle": -22.5, "axis": "x", "origin": [0, 0, 0]},
			"faces": {
				"north": {"uv": [8.1875, 0.1875, 8.25, 0.3125], "texture": "#main"},
				"east": {"uv": [8, 0.1875, 8.1875, 0.3125], "texture": "#main"},
				"south": {"uv": [8.4375, 0.1875, 8.5, 0.3125], "texture": "#main"},
				"west": {"uv": [8.25, 0.1875, 8.4375, 0.3125], "texture": "#main"},
				"up": {"uv": [8.1875, 0.1875, 8.25, 0], "texture": "#main"},
				"down": {"uv": [8.25, 0, 8.3125, 0.1875], "texture": "#main"}
			}
		},
		{
			"name": "tail",
			"from": [7.75, -5.5, 24.75],
			"to": [8.42, -4, 25.75],
			"rotation": {"angle": -22.5, "axis": "x", "origin": [0, 0, 0]},
			"faces": {
				"north": {"uv": [8.1875, 0.1875, 8.25, 0.3125], "texture": "#main"},
				"east": {"uv": [8, 0.1875, 8.1875, 0.3125], "texture": "#main"},
				"south": {"uv": [8.4375, 0.1875, 8.5, 0.3125], "texture": "#main"},
				"west": {"uv": [8.25, 0.1875, 8.4375, 0.3125], "texture": "#main"},
				"up": {"uv": [8.1875, 0.1875, 8.25, 0], "texture": "#main"},
				"down": {"uv": [8.25, 0, 8.3125, 0.1875], "texture": "#main"}
			}
		},
		{
			"name": "tail",
			"from": [7.75, 20.25, 15.75],
			"to": [8.42, 21.05, 17.25],
			"rotation": {"angle": 45, "axis": "x", "origin": [0, 0, 0]},
			"faces": {
				"north": {"uv": [8.1875, 0.1875, 8.25, 0.3125], "texture": "#main"},
				"east": {"uv": [8, 0.1875, 8.1875, 0.3125], "texture": "#main"},
				"south": {"uv": [8.4375, 0.1875, 8.5, 0.3125], "texture": "#main"},
				"west": {"uv": [8.25, 0.1875, 8.4375, 0.3125], "texture": "#main"},
				"up": {"uv": [8.1875, 0.1875, 8.25, 0], "texture": "#main"},
				"down": {"uv": [8.25, 0, 8.3125, 0.1875], "texture": "#main"}
			}
		},
		{
			"name": "body",
			"from": [3, 7, 2],
			"to": [13, 14, 18],
			"rotation": {"angle": 0, "axis": "y", "origin": [0, 0, 1]},
			"faces": {
				"north": {"uv": [2, 10, 2.75, 10.75], "texture": "#main"},
				"east": {"uv": [0, 10, 2, 10.75], "texture": "#main"},
				"south": {"uv": [4.71875, 10, 5.5, 10.75], "texture": "#main"},
				"west": {"uv": [2.75, 10, 4.71875, 10.75], "texture": "#main"},
				"up": {"uv": [2.75, 10, 2, 8], "texture": "#main"},
				"down": {"uv": [3.5, 10, 2.75, 8], "texture": "#main"}
			}
		},
		{
			"from": [5.25, 8.75, -6],
			"to": [10.75, 13.25, -1],
			"rotation": {"angle": 22.5, "axis": "x", "origin": [0, 0, 0]},
			"faces": {
				"north": {"uv": [6.3125, 11.5625, 6.625, 11.875], "texture": "#main"},
				"east": {"uv": [6, 11.5625, 6.3125, 11.875], "texture": "#main"},
				"south": {"uv": [6.9375, 11.5625, 7.25, 11.875], "texture": "#main"},
				"west": {"uv": [6.625, 11.5625, 6.9375, 11.875], "texture": "#main"},
				"up": {"uv": [6.3125, 11.25, 6.625, 11.5625], "texture": "#main"},
				"down": {"uv": [6.625, 11.25, 6.9375, 11.5625], "texture": "#main"}
			}
		},
		{
			"from": [5.5, 9, -10],
			"to": [10.5, 13, -5],
			"rotation": {"angle": 22.5, "axis": "x", "origin": [0, 0, 0]},
			"faces": {
				"north": {"uv": [6.3125, 11.5625, 6.625, 11.875], "texture": "#main"},
				"east": {"uv": [6, 11.5625, 6.3125, 11.875], "texture": "#main"},
				"south": {"uv": [6.9375, 11.5625, 7.25, 11.875], "texture": "#main"},
				"west": {"uv": [6.625, 11.5625, 6.9375, 11.875], "texture": "#main"},
				"up": {"uv": [6.3125, 11.25, 6.625, 11.5625], "texture": "#main"},
				"down": {"uv": [6.625, 11.25, 6.9375, 11.5625], "texture": "#main"}
			}
		},
		{
			"name": "skull",
			"from": [4, 11, -10],
			"to": [12, 18, -4],
			"faces": {
				"north": {"uv": [6.1875, 12.53125, 6.6875, 13], "texture": "#main"},
				"east": {"uv": [3.5, 9.4375, 4, 9.90625], "texture": "#main"},
				"south": {"uv": [5, 9.4375, 5.5, 9.90625], "texture": "#main"},
				"west": {"uv": [4.5, 9.4375, 5, 9.90625], "texture": "#main"},
				"up": {"uv": [4, 8.96875, 4.5, 9.4375], "texture": "#main"},
				"down": {"uv": [4.5, 8.96875, 5, 9.4375], "texture": "#main"}
			}
		},
		{
			"name": "upper_jaw",
			"from": [5, 12.65, -15],
			"to": [11, 14.75, -8],
			"faces": {
				"north": {"uv": [6.375, 10.03125, 6, 9.875], "texture": "#main"},
				"east": {"uv": [6, 10.03125, 5.5, 9.875], "texture": "#main"},
				"south": {"uv": [7.25, 10.03125, 6.875, 9.875], "texture": "#main"},
				"west": {"uv": [6.875, 10.03125, 6.375, 9.875], "texture": "#main"},
				"up": {"uv": [6.375, 9.875, 6, 9.375], "texture": "#main"},
				"down": {"uv": [6.75, 9.875, 6.375, 9.375], "texture": "#main"}
			}
		},
		{
			"name": "bottom_jaw",
			"from": [5, 11.1, -15],
			"to": [11, 12.65, -8],
			"faces": {
				"north": {"uv": [6.375, 10.65625, 6, 10.53125], "texture": "#main"},
				"east": {"uv": [6, 10.65625, 5.5, 10.53125], "texture": "#main"},
				"south": {"uv": [7.25, 10.65625, 6.875, 10.53125], "texture": "#main"},
				"west": {"uv": [6.875, 10.65625, 6.375, 10.53125], "texture": "#main"},
				"up": {"uv": [6.375, 10.53125, 6, 10.03125], "texture": "#main"},
				"down": {"uv": [6.75, 10.53125, 6.375, 10.03125], "texture": "#main"}
			}
		},
		{
			"name": "nostrils",
			"from": [9, 13.5, -14.5],
			"to": [10, 15.17, -13.5],
			"faces": {
				"north": {"uv": [3.78125, 8.3125, 3.84375, 8.4375], "texture": "#main"},
				"east": {"uv": [3.90625, 8.3125, 3.96875, 8.4375], "texture": "#main"},
				"south": {"uv": [3.84375, 8.3125, 3.90625, 8.4375], "texture": "#main"},
				"west": {"uv": [3.71875, 8.3125, 3.78125, 8.4375], "texture": "#main"},
				"up": {"uv": [3.71875, 8.4375, 3.65625, 8.375], "texture": "#main"},
				"down": {"uv": [3.71875, 8.3125, 3.65625, 8.375], "texture": "#main"}
			}
		},
		{
			"name": "nostrils",
			"from": [6, 13.5, -14.5],
			"to": [7, 15.17, -13.5],
			"faces": {
				"north": {"uv": [3.78125, 8.3125, 3.84375, 8.4375], "texture": "#main"},
				"east": {"uv": [3.90625, 8.3125, 3.96875, 8.4375], "texture": "#main"},
				"south": {"uv": [3.84375, 8.3125, 3.90625, 8.4375], "texture": "#main"},
				"west": {"uv": [3.71875, 8.3125, 3.78125, 8.4375], "texture": "#main"},
				"up": {"uv": [3.71875, 8.4375, 3.65625, 8.375], "texture": "#main"},
				"down": {"uv": [3.71875, 8.3125, 3.65625, 8.375], "texture": "#main"}
			}
		},
		{
			"from": [6, 15, 11],
			"to": [10, 19, 15],
			"rotation": {"angle": 22.5, "axis": "x", "origin": [0, 0, 1]},
			"faces": {
				"north": {"uv": [6.3125, 11.5625, 6.625, 11.875], "texture": "#main"},
				"east": {"uv": [6, 11.5625, 6.3125, 11.875], "texture": "#main"},
				"south": {"uv": [6.9375, 11.5625, 7.25, 11.875], "texture": "#main"},
				"west": {"uv": [6.625, 11.5625, 6.9375, 11.875], "texture": "#main"},
				"up": {"uv": [6.3125, 11.25, 6.625, 11.5625], "texture": "#main"},
				"down": {"uv": [6.625, 11.25, 6.9375, 11.5625], "texture": "#main"}
			}
		},
		{
			"from": [6.25, 19.25, 6.5],
			"to": [9.75, 22.75, 10],
			"rotation": {"angle": 45, "axis": "x", "origin": [0, 0, 1]},
			"faces": {
				"north": {"uv": [6.3125, 11.5625, 6.625, 11.875], "texture": "#main"},
				"east": {"uv": [6, 11.5625, 6.3125, 11.875], "texture": "#main"},
				"south": {"uv": [6.9375, 11.5625, 7.25, 11.875], "texture": "#main"},
				"west": {"uv": [6.625, 11.5625, 6.9375, 11.875], "texture": "#main"},
				"up": {"uv": [6.3125, 11.25, 6.625, 11.5625], "texture": "#main"},
				"down": {"uv": [6.625, 11.25, 6.9375, 11.5625], "texture": "#main"}
			}
		},
		{
			"from": [6.5, -3, 22.5],
			"to": [9.5, 0.5, 25.25],
			"rotation": {"angle": -22.5, "axis": "x", "origin": [0, 0, 1]},
			"faces": {
				"north": {"uv": [6.625, 11.25, 6.9375, 11.5625], "texture": "#main"},
				"east": {"uv": [6, 11.5625, 6.3125, 11.875], "texture": "#main"},
				"south": {"uv": [6.3125, 11.25, 6.625, 11.5625], "texture": "#main"},
				"west": {"uv": [6.625, 11.5625, 6.9375, 11.875], "texture": "#main"},
				"up": {"uv": [6.9375, 11.5625, 7.25, 11.875], "texture": "#main"},
				"down": {"uv": [6.3125, 11.5625, 6.625, 11.875], "texture": "#main"}
			}
		},
		{
			"from": [6.75, -6, 22.75],
			"to": [9.25, -2, 25],
			"rotation": {"angle": -22.5, "axis": "x", "origin": [0, 0, 1]},
			"faces": {
				"north": {"uv": [6.625, 11.25, 6.9375, 11.5625], "texture": "#main"},
				"east": {"uv": [6, 11.5625, 6.3125, 11.875], "texture": "#main"},
				"south": {"uv": [6.3125, 11.25, 6.625, 11.5625], "texture": "#main"},
				"west": {"uv": [6.625, 11.5625, 6.9375, 11.875], "texture": "#main"},
				"up": {"uv": [6.9375, 11.5625, 7.25, 11.875], "texture": "#main"},
				"down": {"uv": [6.3125, 11.5625, 6.625, 11.875], "texture": "#main"}
			}
		},
		{
			"from": [7, 0.35876, 23.15775],
			"to": [9, 3.45876, 25.15775],
			"rotation": {"angle": -45, "axis": "x", "origin": [8.25, 3.35876, 24.15775]},
			"faces": {
				"north": {"uv": [6.625, 11.25, 6.9375, 11.5625], "texture": "#main"},
				"east": {"uv": [6, 11.5625, 6.3125, 11.875], "texture": "#main"},
				"south": {"uv": [6.3125, 11.25, 6.625, 11.5625], "texture": "#main"},
				"west": {"uv": [6.625, 11.5625, 6.9375, 11.875], "texture": "#main"},
				"up": {"uv": [6.9375, 11.5625, 7.25, 11.875], "texture": "#main"},
				"down": {"uv": [6.3125, 11.5625, 6.625, 11.875], "texture": "#main"}
			}
		},
		{
			"from": [9, 1, 3.25],
			"to": [12, 7, 5.75],
			"rotation": {"angle": 0, "axis": "y", "origin": [0, 0, 1]},
			"faces": {
				"north": {"uv": [7.25, 12.5, 7.4375, 13.25], "texture": "#main"},
				"east": {"uv": [7.0625, 12.5, 7.25, 13.25], "texture": "#main"},
				"south": {"uv": [7.625, 12.5, 7.8125, 13.25], "texture": "#main"},
				"west": {"uv": [7.4375, 12.5, 7.625, 13.25], "texture": "#main"},
				"up": {"uv": [7.25, 12.3125, 7.4375, 12.5], "texture": "#main"},
				"down": {"uv": [7.4375, 12.3125, 7.625, 12.5], "texture": "#main"}
			}
		},
		{
			"from": [8.9, 0, 2],
			"to": [12.1, 1, 6],
			"rotation": {"angle": 0, "axis": "y", "origin": [0, 0, 1]},
			"faces": {
				"north": {"uv": [5, 11.75, 5.25, 11.875], "texture": "#main"},
				"east": {"uv": [4.5, 11.75, 5, 11.875], "texture": "#main"},
				"south": {"uv": [5.75, 11.75, 6, 11.875], "texture": "#main"},
				"west": {"uv": [5.25, 11.75, 5.75, 11.875], "texture": "#main"},
				"up": {"uv": [5, 11.25, 5.25, 11.75], "texture": "#main"},
				"down": {"uv": [5.25, 11.25, 5.5, 11.75], "texture": "#main"}
			}
		},
		{
			"from": [4, 1, 3.25],
			"to": [7, 7, 5.75],
			"rotation": {"angle": 0, "axis": "y", "origin": [0, 0, 1]},
			"faces": {
				"north": {"uv": [7.25, 12.5, 7.4375, 13.25], "texture": "#main"},
				"east": {"uv": [7.0625, 12.5, 7.25, 13.25], "texture": "#main"},
				"south": {"uv": [7.625, 12.5, 7.8125, 13.25], "texture": "#main"},
				"west": {"uv": [7.4375, 12.5, 7.625, 13.25], "texture": "#main"},
				"up": {"uv": [7.25, 12.3125, 7.4375, 12.5], "texture": "#main"},
				"down": {"uv": [7.4375, 12.3125, 7.625, 12.5], "texture": "#main"}
			}
		},
		{
			"from": [3.9, 0, 2],
			"to": [7.1, 1, 6],
			"rotation": {"angle": 0, "axis": "y", "origin": [0, 0, 1]},
			"faces": {
				"north": {"uv": [5, 11.75, 5.25, 11.875], "texture": "#main"},
				"east": {"uv": [4.5, 11.75, 5, 11.875], "texture": "#main"},
				"south": {"uv": [5.75, 11.75, 6, 11.875], "texture": "#main"},
				"west": {"uv": [5.25, 11.75, 5.75, 11.875], "texture": "#main"},
				"up": {"uv": [5, 11.25, 5.25, 11.75], "texture": "#main"},
				"down": {"uv": [5.25, 11.25, 5.5, 11.75], "texture": "#main"}
			}
		},
		{
			"from": [2.75, 1, 13.25],
			"to": [6, 10, 16.75],
			"rotation": {"angle": 0, "axis": "y", "origin": [0, 0, 1]},
			"faces": {
				"north": {"uv": [3.75, 11.5, 4, 12.25], "texture": "#main"},
				"east": {"uv": [3.5, 11.5, 3.75, 12.25], "texture": "#main"},
				"south": {"uv": [4.25, 11.5, 4.5, 12.25], "texture": "#main"},
				"west": {"uv": [4, 11.5, 4.25, 12.25], "texture": "#main"},
				"up": {"uv": [3.75, 11.25, 4, 11.5], "texture": "#main"},
				"down": {"uv": [4, 11.25, 4.25, 11.5], "texture": "#main"}
			}
		},
		{
			"from": [2.65, 0, 12],
			"to": [6.1, 1, 17],
			"rotation": {"angle": 0, "axis": "y", "origin": [0, 0, 1]},
			"faces": {
				"north": {"uv": [5, 11.75, 5.25, 11.875], "texture": "#main"},
				"east": {"uv": [4.5, 11.75, 5, 11.875], "texture": "#main"},
				"south": {"uv": [5.75, 11.75, 6, 11.875], "texture": "#main"},
				"west": {"uv": [5.25, 11.75, 5.75, 11.875], "texture": "#main"},
				"up": {"uv": [5, 11.25, 5.25, 11.75], "texture": "#main"},
				"down": {"uv": [5.25, 11.25, 5.5, 11.75], "texture": "#main"}
			}
		},
		{
			"from": [10, 1, 13.25],
			"to": [13.25, 10, 16.75],
			"rotation": {"angle": 0, "axis": "y", "origin": [0, 0, 1]},
			"faces": {
				"north": {"uv": [3.75, 11.5, 4, 12.25], "texture": "#main"},
				"east": {"uv": [3.5, 11.5, 3.75, 12.25], "texture": "#main"},
				"south": {"uv": [4.25, 11.5, 4.5, 12.25], "texture": "#main"},
				"west": {"uv": [4, 11.5, 4.25, 12.25], "texture": "#main"},
				"up": {"uv": [3.75, 11.25, 4, 11.5], "texture": "#main"},
				"down": {"uv": [4, 11.25, 4.25, 11.5], "texture": "#main"}
			}
		},
		{
			"from": [9.9, 0, 12],
			"to": [13.35, 1, 17],
			"rotation": {"angle": 0, "axis": "y", "origin": [0, 0, 1]},
			"faces": {
				"north": {"uv": [5, 11.75, 5.25, 11.875], "texture": "#main"},
				"east": {"uv": [4.5, 11.75, 5, 11.875], "texture": "#main"},
				"south": {"uv": [5.75, 11.75, 6, 11.875], "texture": "#main"},
				"west": {"uv": [5.25, 11.75, 5.75, 11.875], "texture": "#main"},
				"up": {"uv": [5, 11.25, 5.25, 11.75], "texture": "#main"},
				"down": {"uv": [5.25, 11.25, 5.5, 11.75], "texture": "#main"}
			}
		},
		{
			"from": [13, -2, 11],
			"to": [15, 7, 13],
			"rotation": {"angle": -45, "axis": "x", "origin": [0, 0, 0]},
			"faces": {
				"north": {"uv": [5.5, 10.75, 7.25, 11], "rotation": 90, "texture": "#main"},
				"east": {"uv": [3.75, 11, 5.5, 11.25], "rotation": 90, "texture": "#main"},
				"south": {"uv": [3.75, 10.75, 5.5, 11], "rotation": 90, "texture": "#main"},
				"west": {"uv": [5.75, 11, 7.5, 11.25], "rotation": 90, "texture": "#main"},
				"up": {"uv": [3.5, 11, 3.75, 11.25], "rotation": 90, "texture": "#main"},
				"down": {"uv": [5.5, 11, 5.75, 11.25], "rotation": 90, "texture": "#main"}
			}
		},
		{
			"from": [13.5, 9.5, 6],
			"to": [14.75, 11, 15],
			"rotation": {"angle": 22.5, "axis": "x", "origin": [0, 0, 0]},
			"faces": {
				"north": {"uv": [3.5, 12.375, 3.625, 12.5], "rotation": 90, "texture": "#main"},
				"east": {"uv": [3.625, 12.375, 5.375, 12.5], "texture": "#main"},
				"south": {"uv": [5.375, 12.375, 5.5, 12.5], "rotation": 90, "texture": "#main"},
				"west": {"uv": [5.5, 12.375, 7.25, 12.5], "texture": "#main"},
				"up": {"uv": [3.625, 12.25, 5.375, 12.375], "rotation": 90, "texture": "#main"},
				"down": {"uv": [5.375, 12.25, 7.125, 12.375], "rotation": 90, "texture": "#main"}
			}
		},
		{
			"from": [14.5, 12, -7],
			"to": [14.5, 19, 3],
			"rotation": {"angle": 45, "axis": "x", "origin": [0, 0, 0]},
			"faces": {
				"north": {"uv": [7.9375, 13.1875, 8, 13.625], "texture": "#main"},
				"east": {"uv": [3.28125, 12.5, 5.25, 14.25], "texture": "#main"},
				"south": {"uv": [7.9375, 13.625, 8, 14.0625], "texture": "#main"},
				"west": {"uv": [5.25, 12.5, 3.28125, 14.25], "texture": "#main"},
				"up": {"uv": [7.9375, 15.4375, 7.875, 14.875], "texture": "#main"},
				"down": {"uv": [7.9375, 15.4375, 7.875, 16], "texture": "#main"}
			}
		},
		{
			"from": [14.5, 11, 6],
			"to": [14.5, 18, 15],
			"rotation": {"angle": 22.5, "axis": "x", "origin": [0, 0, 0]},
			"faces": {
				"north": {"uv": [7.9375, 13.1875, 8, 13.625], "texture": "#main"},
				"east": {"uv": [3.5, 14.25, 5.25, 16], "texture": "#main"},
				"south": {"uv": [7.9375, 13.625, 8, 14.0625], "texture": "#main"},
				"west": {"uv": [5.25, 14.25, 3.5, 16], "texture": "#main"},
				"up": {"uv": [7.9375, 15.4375, 7.875, 14.875], "texture": "#main"},
				"down": {"uv": [7.9375, 15.4375, 7.875, 16], "texture": "#main"}
			}
		},
		{
			"from": [1, -2, 11],
			"to": [3, 7, 13],
			"rotation": {"angle": -45, "axis": "x", "origin": [-12, 0, 0]},
			"faces": {
				"north": {"uv": [5.5, 10.75, 7.25, 11], "rotation": 90, "texture": "#main"},
				"east": {"uv": [3.75, 11, 5.5, 11.25], "rotation": 90, "texture": "#main"},
				"south": {"uv": [3.75, 10.75, 5.5, 11], "rotation": 90, "texture": "#main"},
				"west": {"uv": [5.75, 11, 7.5, 11.25], "rotation": 90, "texture": "#main"},
				"up": {"uv": [3.5, 11, 3.75, 11.25], "rotation": 90, "texture": "#main"},
				"down": {"uv": [5.5, 11, 5.75, 11.25], "rotation": 90, "texture": "#main"}
			}
		},
		{
			"from": [1.25, 9.5, 6],
			"to": [2.5, 11, 15],
			"rotation": {"angle": 22.5, "axis": "x", "origin": [-12, 0, 0]},
			"faces": {
				"north": {"uv": [3.5, 12.375, 3.625, 12.5], "rotation": 90, "texture": "#main"},
				"east": {"uv": [3.625, 12.375, 5.375, 12.5], "texture": "#main"},
				"south": {"uv": [5.375, 12.375, 5.5, 12.5], "rotation": 90, "texture": "#main"},
				"west": {"uv": [5.5, 12.375, 7.25, 12.5], "texture": "#main"},
				"up": {"uv": [3.625, 12.25, 5.375, 12.375], "rotation": 90, "texture": "#main"},
				"down": {"uv": [5.375, 12.25, 7.125, 12.375], "rotation": 90, "texture": "#main"}
			}
		},
		{
			"from": [1.5, 12, -7],
			"to": [1.5, 19, 3],
			"rotation": {"angle": 45, "axis": "x", "origin": [-13, 0, 0]},
			"faces": {
				"north": {"uv": [7.9375, 13.1875, 8, 13.625], "texture": "#main"},
				"east": {"uv": [3.28125, 12.5, 5.25, 14.25], "texture": "#main"},
				"south": {"uv": [7.9375, 13.625, 8, 14.0625], "texture": "#main"},
				"west": {"uv": [5.25, 12.5, 3.28125, 14.25], "texture": "#main"},
				"up": {"uv": [7.9375, 15.4375, 7.875, 14.875], "texture": "#main"},
				"down": {"uv": [7.9375, 15.4375, 7.875, 16], "texture": "#main"}
			}
		},
		{
			"from": [1.5, 11, 6],
			"to": [1.5, 18, 15],
			"rotation": {"angle": 22.5, "axis": "x", "origin": [-13, 0, 0]},
			"faces": {
				"north": {"uv": [7.9375, 13.1875, 8, 13.625], "texture": "#main"},
				"east": {"uv": [3.5, 14.25, 5.25, 16], "texture": "#main"},
				"south": {"uv": [7.9375, 13.625, 8, 14.0625], "texture": "#main"},
				"west": {"uv": [5.25, 14.25, 3.5, 16], "texture": "#main"},
				"up": {"uv": [7.9375, 15.4375, 7.875, 14.875], "texture": "#main"},
				"down": {"uv": [7.9375, 15.4375, 7.875, 16], "texture": "#main"}
			}
		},
		{
			"name": "head",
			"from": [5.5, 18, -8],
			"to": [6.5, 19, -5],
			"faces": {
				"north": {"uv": [0.1875, 8.1875, 0.25, 8.3125], "texture": "#main"},
				"east": {"uv": [0, 8.1875, 0.1875, 8.3125], "texture": "#main"},
				"south": {"uv": [0.4375, 8.1875, 0.5, 8.3125], "texture": "#main"},
				"west": {"uv": [0.25, 8.1875, 0.4375, 8.3125], "texture": "#main"},
				"up": {"uv": [0.1875, 8.1875, 0.25, 8], "texture": "#main"},
				"down": {"uv": [0.25, 8, 0.3125, 8.1875], "texture": "#main"}
			}
		},
		{
			"name": "head",
			"from": [9.5, 18, -8],
			"to": [10.5, 19, -5],
			"faces": {
				"north": {"uv": [0.1875, 8.1875, 0.25, 8.3125], "texture": "#main"},
				"east": {"uv": [0, 8.1875, 0.1875, 8.3125], "texture": "#main"},
				"south": {"uv": [0.4375, 8.1875, 0.5, 8.3125], "texture": "#main"},
				"west": {"uv": [0.25, 8.1875, 0.4375, 8.3125], "texture": "#main"},
				"up": {"uv": [0.1875, 8.1875, 0.25, 8], "texture": "#main"},
				"down": {"uv": [0.25, 8, 0.3125, 8.1875], "texture": "#main"}
			}
		},
		{
			"name": "neck",
			"from": [7.75, 13, -9.5],
			"to": [8.42, 14, -7.5],
			"rotation": {"angle": 22.5, "axis": "x", "origin": [0, 0, 0]},
			"faces": {
				"north": {"uv": [0.1875, 8.1875, 0.25, 8.3125], "texture": "#main"},
				"east": {"uv": [0, 8.1875, 0.1875, 8.3125], "texture": "#main"},
				"south": {"uv": [0.4375, 8.1875, 0.5, 8.3125], "texture": "#main"},
				"west": {"uv": [0.25, 8.1875, 0.4375, 8.3125], "texture": "#main"},
				"up": {"uv": [0.1875, 8.1875, 0.25, 8], "texture": "#main"},
				"down": {"uv": [0.25, 8, 0.3125, 8.1875], "texture": "#main"}
			}
		},
		{
			"name": "neck",
			"from": [7.75, 13.25, -5.8],
			"to": [8.42, 14.25, -3.8],
			"rotation": {"angle": 22.5, "axis": "x", "origin": [0, 0, 0]},
			"faces": {
				"north": {"uv": [0.1875, 8.1875, 0.25, 8.3125], "texture": "#main"},
				"east": {"uv": [0, 8.1875, 0.1875, 8.3125], "texture": "#main"},
				"south": {"uv": [0.4375, 8.1875, 0.5, 8.3125], "texture": "#main"},
				"west": {"uv": [0.25, 8.1875, 0.4375, 8.3125], "texture": "#main"},
				"up": {"uv": [0.1875, 8.1875, 0.25, 8], "texture": "#main"},
				"down": {"uv": [0.25, 8, 0.3125, 8.1875], "texture": "#main"}
			}
		},
		{
			"name": "body",
			"from": [7.5, 14, 4],
			"to": [8.5, 15, 7],
			"faces": {
				"north": {"uv": [0.1875, 8.1875, 0.25, 8.3125], "texture": "#main"},
				"east": {"uv": [0, 8.1875, 0.1875, 8.3125], "texture": "#main"},
				"south": {"uv": [0.4375, 8.1875, 0.5, 8.3125], "texture": "#main"},
				"west": {"uv": [0.25, 8.1875, 0.4375, 8.3125], "texture": "#main"},
				"up": {"uv": [0.1875, 8.1875, 0.25, 8], "texture": "#main"},
				"down": {"uv": [0.25, 8, 0.3125, 8.1875], "texture": "#main"}
			}
		},
		{
			"name": "body",
			"from": [7.5, 14, 9],
			"to": [8.5, 15.25, 12],
			"faces": {
				"north": {"uv": [0.1875, 8.1875, 0.25, 8.3125], "texture": "#main"},
				"east": {"uv": [0, 8.1875, 0.1875, 8.3125], "texture": "#main"},
				"south": {"uv": [0.4375, 8.1875, 0.5, 8.3125], "texture": "#main"},
				"west": {"uv": [0.25, 8.1875, 0.4375, 8.3125], "texture": "#main"},
				"up": {"uv": [0.1875, 8.1875, 0.25, 8], "texture": "#main"},
				"down": {"uv": [0.25, 8, 0.3125, 8.1875], "texture": "#main"}
			}
		},
		{
			"name": "body",
			"from": [7.5, 14, 14],
			"to": [8.5, 15, 17],
			"faces": {
				"north": {"uv": [0.1875, 8.1875, 0.25, 8.3125], "texture": "#main"},
				"east": {"uv": [0, 8.1875, 0.1875, 8.3125], "texture": "#main"},
				"south": {"uv": [0.4375, 8.1875, 0.5, 8.3125], "texture": "#main"},
				"west": {"uv": [0.25, 8.1875, 0.4375, 8.3125], "texture": "#main"},
				"up": {"uv": [0.1875, 8.1875, 0.25, 8], "texture": "#main"},
				"down": {"uv": [0.25, 8, 0.3125, 8.1875], "texture": "#main"}
			}
		},
		{
			"name": "tail",
			"from": [7.75, 19.25, 12.5],
			"to": [8.42, 20.25, 14],
			"rotation": {"angle": 22.5, "axis": "x", "origin": [0, 0, 0]},
			"faces": {
				"north": {"uv": [0.1875, 8.1875, 0.25, 8.3125], "texture": "#main"},
				"east": {"uv": [0, 8.1875, 0.1875, 8.3125], "texture": "#main"},
				"south": {"uv": [0.4375, 8.1875, 0.5, 8.3125], "texture": "#main"},
				"west": {"uv": [0.25, 8.1875, 0.4375, 8.3125], "texture": "#main"},
				"up": {"uv": [0.1875, 8.1875, 0.25, 8], "texture": "#main"},
				"down": {"uv": [0.25, 8, 0.3125, 8.1875], "texture": "#main"}
			}
		},
		{
			"name": "tail",
			"from": [7.75, 23.25, 7.25],
			"to": [8.42, 24.25, 8.75],
			"rotation": {"angle": 45, "axis": "x", "origin": [0, 0, 0]},
			"faces": {
				"north": {"uv": [0.1875, 8.1875, 0.25, 8.3125], "texture": "#main"},
				"east": {"uv": [0, 8.1875, 0.1875, 8.3125], "texture": "#main"},
				"south": {"uv": [0.4375, 8.1875, 0.5, 8.3125], "texture": "#main"},
				"west": {"uv": [0.25, 8.1875, 0.4375, 8.3125], "texture": "#main"},
				"up": {"uv": [0.1875, 8.1875, 0.25, 8], "texture": "#main"},
				"down": {"uv": [0.25, 8, 0.3125, 8.1875], "texture": "#main"}
			}
		},
		{
			"name": "tail",
			"from": [7.75, -2.5, 25],
			"to": [8.42, -1, 26],
			"rotation": {"angle": -22.5, "axis": "x", "origin": [0, 0, 0]},
			"faces": {
				"north": {"uv": [0.1875, 8.1875, 0.25, 8.3125], "texture": "#main"},
				"east": {"uv": [0, 8.1875, 0.1875, 8.3125], "texture": "#main"},
				"south": {"uv": [0.4375, 8.1875, 0.5, 8.3125], "texture": "#main"},
				"west": {"uv": [0.25, 8.1875, 0.4375, 8.3125], "texture": "#main"},
				"up": {"uv": [0.1875, 8.1875, 0.25, 8], "texture": "#main"},
				"down": {"uv": [0.25, 8, 0.3125, 8.1875], "texture": "#main"}
			}
		},
		{
			"name": "tail",
			"from": [7.75, -5.5, 24.75],
			"to": [8.42, -4, 25.75],
			"rotation": {"angle": -22.5, "axis": "x", "origin": [0, 0, 0]},
			"faces": {
				"north": {"uv": [0.1875, 8.1875, 0.25, 8.3125], "texture": "#main"},
				"east": {"uv": [0, 8.1875, 0.1875, 8.3125], "texture": "#main"},
				"south": {"uv": [0.4375, 8.1875, 0.5, 8.3125], "texture": "#main"},
				"west": {"uv": [0.25, 8.1875, 0.4375, 8.3125], "texture": "#main"},
				"up": {"uv": [0.1875, 8.1875, 0.25, 8], "texture": "#main"},
				"down": {"uv": [0.25, 8, 0.3125, 8.1875], "texture": "#main"}
			}
		},
		{
			"name": "tail",
			"from": [7.75, 20.25, 15.75],
			"to": [8.42, 21.05, 17.25],
			"rotation": {"angle": 45, "axis": "x", "origin": [0, 0, 0]},
			"faces": {
				"north": {"uv": [0.1875, 8.1875, 0.25, 8.3125], "texture": "#main"},
				"east": {"uv": [0, 8.1875, 0.1875, 8.3125], "texture": "#main"},
				"south": {"uv": [0.4375, 8.1875, 0.5, 8.3125], "texture": "#main"},
				"west": {"uv": [0.25, 8.1875, 0.4375, 8.3125], "texture": "#main"},
				"up": {"uv": [0.1875, 8.1875, 0.25, 8], "texture": "#main"},
				"down": {"uv": [0.25, 8, 0.3125, 8.1875], "texture": "#main"}
			}
		},
		{
			"name": "body",
			"from": [3, 7, 2],
			"to": [13, 14, 18],
			"rotation": {"angle": 0, "axis": "y", "origin": [0, 0, 1]},
			"faces": {
				"north": {"uv": [2, 2, 2.75, 2.75], "texture": "#main"},
				"east": {"uv": [0, 2, 2, 2.75], "texture": "#main"},
				"south": {"uv": [4.71875, 2, 5.5, 2.75], "texture": "#main"},
				"west": {"uv": [2.75, 2, 4.71875, 2.75], "texture": "#main"},
				"up": {"uv": [2.75, 2, 2, 0], "texture": "#main"},
				"down": {"uv": [3.5, 2, 2.75, 0], "texture": "#main"}
			}
		},
		{
			"from": [5.25, 8.75, -6],
			"to": [10.75, 13.25, -1],
			"rotation": {"angle": 22.5, "axis": "x", "origin": [0, 0, 0]},
			"faces": {
				"north": {"uv": [6.3125, 3.5625, 6.625, 3.875], "texture": "#main"},
				"east": {"uv": [6, 3.5625, 6.3125, 3.875], "texture": "#main"},
				"south": {"uv": [6.9375, 3.5625, 7.25, 3.875], "texture": "#main"},
				"west": {"uv": [6.625, 3.5625, 6.9375, 3.875], "texture": "#main"},
				"up": {"uv": [6.3125, 3.25, 6.625, 3.5625], "texture": "#main"},
				"down": {"uv": [6.625, 3.25, 6.9375, 3.5625], "texture": "#main"}
			}
		},
		{
			"from": [5.5, 9, -10],
			"to": [10.5, 13, -5],
			"rotation": {"angle": 22.5, "axis": "x", "origin": [0, 0, 0]},
			"faces": {
				"north": {"uv": [6.3125, 3.5625, 6.625, 3.875], "texture": "#main"},
				"east": {"uv": [6, 3.5625, 6.3125, 3.875], "texture": "#main"},
				"south": {"uv": [6.9375, 3.5625, 7.25, 3.875], "texture": "#main"},
				"west": {"uv": [6.625, 3.5625, 6.9375, 3.875], "texture": "#main"},
				"up": {"uv": [6.3125, 3.25, 6.625, 3.5625], "texture": "#main"},
				"down": {"uv": [6.625, 3.25, 6.9375, 3.5625], "texture": "#main"}
			}
		},
		{
			"name": "skull",
			"from": [4, 11, -10],
			"to": [12, 18, -4],
			"faces": {
				"north": {"uv": [4, 1.4375, 4.5, 1.90625], "texture": "#main"},
				"east": {"uv": [3.5, 1.4375, 4, 1.90625], "texture": "#main"},
				"south": {"uv": [5, 1.4375, 5.5, 1.90625], "texture": "#main"},
				"west": {"uv": [4.5, 1.4375, 5, 1.90625], "texture": "#main"},
				"up": {"uv": [4, 0.96875, 4.5, 1.4375], "texture": "#main"},
				"down": {"uv": [4.5, 0.96875, 5, 1.4375], "texture": "#main"}
			}
		},
		{
			"name": "upper_jaw",
			"from": [5, 12.65, -15],
			"to": [11, 14.75, -8],
			"faces": {
				"north": {"uv": [6.375, 2.03125, 6, 1.875], "texture": "#main"},
				"east": {"uv": [6, 2.03125, 5.5, 1.875], "texture": "#main"},
				"south": {"uv": [7.25, 2.03125, 6.875, 1.875], "texture": "#main"},
				"west": {"uv": [6.875, 2.03125, 6.375, 1.875], "texture": "#main"},
				"up": {"uv": [6.375, 1.875, 6, 1.375], "texture": "#main"},
				"down": {"uv": [6.75, 1.875, 6.375, 1.375], "texture": "#main"}
			}
		},
		{
			"name": "bottom_jaw",
			"from": [5, 11.1, -15],
			"to": [11, 12.65, -8],
			"faces": {
				"north": {"uv": [6.375, 2.65625, 6, 2.53125], "texture": "#main"},
				"east": {"uv": [6, 2.65625, 5.5, 2.53125], "texture": "#main"},
				"south": {"uv": [7.25, 2.65625, 6.875, 2.53125], "texture": "#main"},
				"west": {"uv": [6.875, 2.65625, 6.375, 2.53125], "texture": "#main"},
				"up": {"uv": [6.375, 2.53125, 6, 2.03125], "texture": "#main"},
				"down": {"uv": [6.75, 2.53125, 6.375, 2.03125], "texture": "#main"}
			}
		},
		{
			"name": "nostrils",
			"from": [9, 13.5, -14.5],
			"to": [10, 15.17, -13.5],
			"faces": {
				"north": {"uv": [3.78125, 0.3125, 3.84375, 0.4375], "texture": "#main"},
				"east": {"uv": [3.90625, 0.3125, 3.96875, 0.4375], "texture": "#main"},
				"south": {"uv": [3.84375, 0.3125, 3.90625, 0.4375], "texture": "#main"},
				"west": {"uv": [3.71875, 0.3125, 3.78125, 0.4375], "texture": "#main"},
				"up": {"uv": [3.71875, 0.4375, 3.65625, 0.375], "texture": "#main"},
				"down": {"uv": [3.71875, 0.3125, 3.65625, 0.375], "texture": "#main"}
			}
		},
		{
			"name": "nostrils",
			"from": [6, 13.5, -14.5],
			"to": [7, 15.17, -13.5],
			"faces": {
				"north": {"uv": [3.78125, 0.3125, 3.84375, 0.4375], "texture": "#main"},
				"east": {"uv": [3.90625, 0.3125, 3.96875, 0.4375], "texture": "#main"},
				"south": {"uv": [3.84375, 0.3125, 3.90625, 0.4375], "texture": "#main"},
				"west": {"uv": [3.71875, 0.3125, 3.78125, 0.4375], "texture": "#main"},
				"up": {"uv": [3.71875, 0.4375, 3.65625, 0.375], "texture": "#main"},
				"down": {"uv": [3.71875, 0.3125, 3.65625, 0.375], "texture": "#main"}
			}
		},
		{
			"from": [6, 15, 11],
			"to": [10, 19, 15],
			"rotation": {"angle": 22.5, "axis": "x", "origin": [0, 0, 1]},
			"faces": {
				"north": {"uv": [6.3125, 3.5625, 6.625, 3.875], "texture": "#main"},
				"east": {"uv": [6, 3.5625, 6.3125, 3.875], "texture": "#main"},
				"south": {"uv": [6.9375, 3.5625, 7.25, 3.875], "texture": "#main"},
				"west": {"uv": [6.625, 3.5625, 6.9375, 3.875], "texture": "#main"},
				"up": {"uv": [6.3125, 3.25, 6.625, 3.5625], "texture": "#main"},
				"down": {"uv": [6.625, 3.25, 6.9375, 3.5625], "texture": "#main"}
			}
		},
		{
			"from": [6.25, 19.25, 6.5],
			"to": [9.75, 22.75, 10],
			"rotation": {"angle": 45, "axis": "x", "origin": [0, 0, 1]},
			"faces": {
				"north": {"uv": [6.3125, 3.5625, 6.625, 3.875], "texture": "#main"},
				"east": {"uv": [6, 3.5625, 6.3125, 3.875], "texture": "#main"},
				"south": {"uv": [6.9375, 3.5625, 7.25, 3.875], "texture": "#main"},
				"west": {"uv": [6.625, 3.5625, 6.9375, 3.875], "texture": "#main"},
				"up": {"uv": [6.3125, 3.25, 6.625, 3.5625], "texture": "#main"},
				"down": {"uv": [6.625, 3.25, 6.9375, 3.5625], "texture": "#main"}
			}
		},
		{
			"from": [6.5, -3, 22.5],
			"to": [9.5, 0.5, 25.25],
			"rotation": {"angle": -22.5, "axis": "x", "origin": [0, 0, 1]},
			"faces": {
				"north": {"uv": [6.625, 3.25, 6.9375, 3.5625], "texture": "#main"},
				"east": {"uv": [6, 3.5625, 6.3125, 3.875], "texture": "#main"},
				"south": {"uv": [6.3125, 3.25, 6.625, 3.5625], "texture": "#main"},
				"west": {"uv": [6.625, 3.5625, 6.9375, 3.875], "texture": "#main"},
				"up": {"uv": [6.9375, 3.5625, 7.25, 3.875], "texture": "#main"},
				"down": {"uv": [6.3125, 3.5625, 6.625, 3.875], "texture": "#main"}
			}
		},
		{
			"from": [6.75, -6, 22.75],
			"to": [9.25, -2, 25],
			"rotation": {"angle": -22.5, "axis": "x", "origin": [0, 0, 1]},
			"faces": {
				"north": {"uv": [6.625, 3.25, 6.9375, 3.5625], "texture": "#main"},
				"east": {"uv": [6, 3.5625, 6.3125, 3.875], "texture": "#main"},
				"south": {"uv": [6.3125, 3.25, 6.625, 3.5625], "texture": "#main"},
				"west": {"uv": [6.625, 3.5625, 6.9375, 3.875], "texture": "#main"},
				"up": {"uv": [6.9375, 3.5625, 7.25, 3.875], "texture": "#main"},
				"down": {"uv": [6.3125, 3.5625, 6.625, 3.875], "texture": "#main"}
			}
		},
		{
			"from": [7, 0.35876, 23.15775],
			"to": [9, 3.45876, 25.15775],
			"rotation": {"angle": -45, "axis": "x", "origin": [8.25, 3.35876, 24.15775]},
			"faces": {
				"north": {"uv": [6.625, 3.25, 6.9375, 3.5625], "texture": "#main"},
				"east": {"uv": [6, 3.5625, 6.3125, 3.875], "texture": "#main"},
				"south": {"uv": [6.3125, 3.25, 6.625, 3.5625], "texture": "#main"},
				"west": {"uv": [6.625, 3.5625, 6.9375, 3.875], "texture": "#main"},
				"up": {"uv": [6.9375, 3.5625, 7.25, 3.875], "texture": "#main"},
				"down": {"uv": [6.3125, 3.5625, 6.625, 3.875], "texture": "#main"}
			}
		},
		{
			"from": [9, 1, 3.25],
			"to": [12, 7, 5.75],
			"rotation": {"angle": 0, "axis": "y", "origin": [0, 0, 1]},
			"faces": {
				"north": {"uv": [7.25, 4.5, 7.4375, 5.25], "texture": "#main"},
				"east": {"uv": [7.0625, 4.5, 7.25, 5.25], "texture": "#main"},
				"south": {"uv": [7.625, 4.5, 7.8125, 5.25], "texture": "#main"},
				"west": {"uv": [7.4375, 4.5, 7.625, 5.25], "texture": "#main"},
				"up": {"uv": [7.25, 4.3125, 7.4375, 4.5], "texture": "#main"},
				"down": {"uv": [7.4375, 4.3125, 7.625, 4.5], "texture": "#main"}
			}
		},
		{
			"from": [8.9, 0, 2],
			"to": [12.1, 1, 6],
			"rotation": {"angle": 0, "axis": "x", "origin": [0, 0, 1]},
			"faces": {
				"north": {"uv": [5, 3.75, 5.25, 3.875], "texture": "#main"},
				"east": {"uv": [4.5, 3.75, 5, 3.875], "texture": "#main"},
				"south": {"uv": [5.75, 3.75, 6, 3.875], "texture": "#main"},
				"west": {"uv": [5.25, 3.75, 5.75, 3.875], "texture": "#main"},
				"up": {"uv": [5, 3.25, 5.25, 3.75], "texture": "#main"},
				"down": {"uv": [5.25, 3.25, 5.5, 3.75], "texture": "#main"}
			}
		},
		{
			"from": [4, 1, 3.25],
			"to": [7, 7, 5.75],
			"rotation": {"angle": 0, "axis": "y", "origin": [0, 0, 1]},
			"faces": {
				"north": {"uv": [7.25, 4.5, 7.4375, 5.25], "texture": "#main"},
				"east": {"uv": [7.0625, 4.5, 7.25, 5.25], "texture": "#main"},
				"south": {"uv": [7.625, 4.5, 7.8125, 5.25], "texture": "#main"},
				"west": {"uv": [7.4375, 4.5, 7.625, 5.25], "texture": "#main"},
				"up": {"uv": [7.25, 4.3125, 7.4375, 4.5], "texture": "#main"},
				"down": {"uv": [7.4375, 4.3125, 7.625, 4.5], "texture": "#main"}
			}
		},
		{
			"from": [3.9, 0, 2],
			"to": [7.1, 1, 6],
			"rotation": {"angle": 0, "axis": "y", "origin": [0, 0, 1]},
			"faces": {
				"north": {"uv": [5, 3.75, 5.25, 3.875], "texture": "#main"},
				"east": {"uv": [4.5, 3.75, 5, 3.875], "texture": "#main"},
				"south": {"uv": [5.75, 3.75, 6, 3.875], "texture": "#main"},
				"west": {"uv": [5.25, 3.75, 5.75, 3.875], "texture": "#main"},
				"up": {"uv": [5, 3.25, 5.25, 3.75], "texture": "#main"},
				"down": {"uv": [5.25, 3.25, 5.5, 3.75], "texture": "#main"}
			}
		},
		{
			"from": [2.75, 1, 13.25],
			"to": [6, 10, 16.75],
			"rotation": {"angle": 0, "axis": "y", "origin": [0, 0, 1]},
			"faces": {
				"north": {"uv": [3.75, 3.5, 4, 4.25], "texture": "#main"},
				"east": {"uv": [3.5, 3.5, 3.75, 4.25], "texture": "#main"},
				"south": {"uv": [4.25, 3.5, 4.5, 4.25], "texture": "#main"},
				"west": {"uv": [4, 3.5, 4.25, 4.25], "texture": "#main"},
				"up": {"uv": [3.75, 3.25, 4, 3.5], "texture": "#main"},
				"down": {"uv": [4, 3.25, 4.25, 3.5], "texture": "#main"}
			}
		},
		{
			"from": [2.65, 0, 12],
			"to": [6.1, 1, 17],
			"rotation": {"angle": 0, "axis": "y", "origin": [0, 0, 1]},
			"faces": {
				"north": {"uv": [5, 3.75, 5.25, 3.875], "texture": "#main"},
				"east": {"uv": [4.5, 3.75, 5, 3.875], "texture": "#main"},
				"south": {"uv": [5.75, 3.75, 6, 3.875], "texture": "#main"},
				"west": {"uv": [5.25, 3.75, 5.75, 3.875], "texture": "#main"},
				"up": {"uv": [5, 3.25, 5.25, 3.75], "texture": "#main"},
				"down": {"uv": [5.25, 3.25, 5.5, 3.75], "texture": "#main"}
			}
		},
		{
			"from": [10, 1, 13.25],
			"to": [13.25, 10, 16.75],
			"rotation": {"angle": 0, "axis": "y", "origin": [0, 0, 1]},
			"faces": {
				"north": {"uv": [3.75, 3.5, 4, 4.25], "texture": "#main"},
				"east": {"uv": [3.5, 3.5, 3.75, 4.25], "texture": "#main"},
				"south": {"uv": [4.25, 3.5, 4.5, 4.25], "texture": "#main"},
				"west": {"uv": [4, 3.5, 4.25, 4.25], "texture": "#main"},
				"up": {"uv": [3.75, 3.25, 4, 3.5], "texture": "#main"},
				"down": {"uv": [4, 3.25, 4.25, 3.5], "texture": "#main"}
			}
		},
		{
			"from": [9.9, 0, 12],
			"to": [13.35, 1, 17],
			"rotation": {"angle": 0, "axis": "y", "origin": [0, 0, 1]},
			"faces": {
				"north": {"uv": [5, 3.75, 5.25, 3.875], "texture": "#main"},
				"east": {"uv": [4.5, 3.75, 5, 3.875], "texture": "#main"},
				"south": {"uv": [5.75, 3.75, 6, 3.875], "texture": "#main"},
				"west": {"uv": [5.25, 3.75, 5.75, 3.875], "texture": "#main"},
				"up": {"uv": [5, 3.25, 5.25, 3.75], "texture": "#main"},
				"down": {"uv": [5.25, 3.25, 5.5, 3.75], "texture": "#main"}
			}
		},
		{
			"from": [13, -2, 11],
			"to": [15, 7, 13],
			"rotation": {"angle": -45, "axis": "x", "origin": [0, 0, 0]},
			"faces": {
				"north": {"uv": [5.5, 2.75, 7.25, 3], "rotation": 90, "texture": "#main"},
				"east": {"uv": [3.75, 3, 5.5, 3.25], "rotation": 90, "texture": "#main"},
				"south": {"uv": [3.75, 2.75, 5.5, 3], "rotation": 90, "texture": "#main"},
				"west": {"uv": [5.75, 3, 7.5, 3.25], "rotation": 90, "texture": "#main"},
				"up": {"uv": [3.5, 3, 3.75, 3.25], "rotation": 90, "texture": "#main"},
				"down": {"uv": [5.5, 3, 5.75, 3.25], "rotation": 90, "texture": "#main"}
			}
		},
		{
			"from": [13.5, 9.5, 6],
			"to": [14.75, 11, 15],
			"rotation": {"angle": 22.5, "axis": "x", "origin": [0, 0, 0]},
			"faces": {
				"north": {"uv": [3.5, 4.375, 3.625, 4.5], "rotation": 90, "texture": "#main"},
				"east": {"uv": [3.625, 4.375, 5.375, 4.5], "texture": "#main"},
				"south": {"uv": [5.375, 4.375, 5.5, 4.5], "rotation": 90, "texture": "#main"},
				"west": {"uv": [5.5, 4.375, 7.25, 4.5], "texture": "#main"},
				"up": {"uv": [3.625, 4.25, 5.375, 4.375], "rotation": 90, "texture": "#main"},
				"down": {"uv": [5.375, 4.25, 7.125, 4.375], "rotation": 90, "texture": "#main"}
			}
		},
		{
			"from": [14.5, 12, -7],
			"to": [14.5, 19, 3],
			"rotation": {"angle": 45, "axis": "x", "origin": [0, 0, 0]},
			"faces": {
				"north": {"uv": [7.9375, 5.1875, 8, 5.625], "texture": "#main"},
				"east": {"uv": [3.28125, 4.5, 5.25, 6.25], "texture": "#main"},
				"south": {"uv": [7.9375, 5.625, 8, 6.0625], "texture": "#main"},
				"west": {"uv": [5.25, 4.5, 3.28125, 6.25], "texture": "#main"},
				"up": {"uv": [7.9375, 7.4375, 7.875, 6.875], "texture": "#main"},
				"down": {"uv": [7.9375, 7.4375, 7.875, 8], "texture": "#main"}
			}
		},
		{
			"from": [14.5, 11, 6],
			"to": [14.5, 18, 15],
			"rotation": {"angle": 22.5, "axis": "x", "origin": [0, 0, 0]},
			"faces": {
				"north": {"uv": [7.9375, 5.1875, 8, 5.625], "texture": "#main"},
				"east": {"uv": [3.5, 6.25, 5.25, 8], "texture": "#main"},
				"south": {"uv": [7.9375, 5.625, 8, 6.0625], "texture": "#main"},
				"west": {"uv": [5.25, 6.25, 3.5, 8], "texture": "#main"},
				"up": {"uv": [7.9375, 7.4375, 7.875, 6.875], "texture": "#main"},
				"down": {"uv": [7.9375, 7.4375, 7.875, 8], "texture": "#main"}
			}
		},
		{
			"from": [1, -2, 11],
			"to": [3, 7, 13],
			"rotation": {"angle": -45, "axis": "x", "origin": [-12, 0, 0]},
			"faces": {
				"north": {"uv": [5.5, 2.75, 7.25, 3], "rotation": 90, "texture": "#main"},
				"east": {"uv": [3.75, 3, 5.5, 3.25], "rotation": 90, "texture": "#main"},
				"south": {"uv": [3.75, 2.75, 5.5, 3], "rotation": 90, "texture": "#main"},
				"west": {"uv": [5.75, 3, 7.5, 3.25], "rotation": 90, "texture": "#main"},
				"up": {"uv": [3.5, 3, 3.75, 3.25], "rotation": 90, "texture": "#main"},
				"down": {"uv": [5.5, 3, 5.75, 3.25], "rotation": 90, "texture": "#main"}
			}
		},
		{
			"from": [1.25, 9.5, 6],
			"to": [2.5, 11, 15],
			"rotation": {"angle": 22.5, "axis": "x", "origin": [-12, 0, 0]},
			"faces": {
				"north": {"uv": [3.5, 4.375, 3.625, 4.5], "rotation": 90, "texture": "#main"},
				"east": {"uv": [3.625, 4.375, 5.375, 4.5], "texture": "#main"},
				"south": {"uv": [5.375, 4.375, 5.5, 4.5], "rotation": 90, "texture": "#main"},
				"west": {"uv": [5.5, 4.375, 7.25, 4.5], "texture": "#main"},
				"up": {"uv": [3.625, 4.25, 5.375, 4.375], "rotation": 90, "texture": "#main"},
				"down": {"uv": [5.375, 4.25, 7.125, 4.375], "rotation": 90, "texture": "#main"}
			}
		},
		{
			"from": [1.5, 12, -7],
			"to": [1.5, 19, 3],
			"rotation": {"angle": 45, "axis": "x", "origin": [-13, 0, 0]},
			"faces": {
				"north": {"uv": [7.9375, 5.1875, 8, 5.625], "texture": "#main"},
				"east": {"uv": [3.28125, 4.5, 5.25, 6.25], "texture": "#main"},
				"south": {"uv": [7.9375, 5.625, 8, 6.0625], "texture": "#main"},
				"west": {"uv": [5.25, 4.5, 3.28125, 6.25], "texture": "#main"},
				"up": {"uv": [7.9375, 7.4375, 7.875, 6.875], "texture": "#main"},
				"down": {"uv": [7.9375, 7.4375, 7.875, 8], "texture": "#main"}
			}
		},
		{
			"from": [1.5, 11, 6],
			"to": [1.5, 18, 15],
			"rotation": {"angle": 22.5, "axis": "x", "origin": [-13, 0, 0]},
			"faces": {
				"north": {"uv": [7.9375, 5.1875, 8, 5.625], "texture": "#main"},
				"east": {"uv": [3.5, 6.25, 5.25, 8], "texture": "#main"},
				"south": {"uv": [7.9375, 5.625, 8, 6.0625], "texture": "#main"},
				"west": {"uv": [5.25, 6.25, 3.5, 8], "texture": "#main"},
				"up": {"uv": [7.9375, 7.4375, 7.875, 6.875], "texture": "#main"},
				"down": {"uv": [7.9375, 7.4375, 7.875, 8], "texture": "#main"}
			}
		},
		{
			"name": "head",
			"from": [5.5, 18, -8],
			"to": [6.5, 19, -5],
			"faces": {
				"north": {"uv": [0.1875, 0.1875, 0.25, 0.3125], "texture": "#main"},
				"east": {"uv": [0, 0.1875, 0.1875, 0.3125], "texture": "#main"},
				"south": {"uv": [0.4375, 0.1875, 0.5, 0.3125], "texture": "#main"},
				"west": {"uv": [0.25, 0.1875, 0.4375, 0.3125], "texture": "#main"},
				"up": {"uv": [0.1875, 0.1875, 0.25, 0], "texture": "#main"},
				"down": {"uv": [0.25, 0, 0.3125, 0.1875], "texture": "#main"}
			}
		},
		{
			"name": "head",
			"from": [9.5, 18, -8],
			"to": [10.5, 19, -5],
			"faces": {
				"north": {"uv": [0.1875, 0.1875, 0.25, 0.3125], "texture": "#main"},
				"east": {"uv": [0, 0.1875, 0.1875, 0.3125], "texture": "#main"},
				"south": {"uv": [0.4375, 0.1875, 0.5, 0.3125], "texture": "#main"},
				"west": {"uv": [0.25, 0.1875, 0.4375, 0.3125], "texture": "#main"},
				"up": {"uv": [0.1875, 0.1875, 0.25, 0], "texture": "#main"},
				"down": {"uv": [0.25, 0, 0.3125, 0.1875], "texture": "#main"}
			}
		},
		{
			"name": "neck",
			"from": [7.75, 13, -9.5],
			"to": [8.42, 14, -7.5],
			"rotation": {"angle": 22.5, "axis": "x", "origin": [0, 0, 0]},
			"faces": {
				"north": {"uv": [0.1875, 0.1875, 0.25, 0.3125], "texture": "#main"},
				"east": {"uv": [0, 0.1875, 0.1875, 0.3125], "texture": "#main"},
				"south": {"uv": [0.4375, 0.1875, 0.5, 0.3125], "texture": "#main"},
				"west": {"uv": [0.25, 0.1875, 0.4375, 0.3125], "texture": "#main"},
				"up": {"uv": [0.1875, 0.1875, 0.25, 0], "texture": "#main"},
				"down": {"uv": [0.25, 0, 0.3125, 0.1875], "texture": "#main"}
			}
		},
		{
			"name": "neck",
			"from": [7.75, 13.25, -5.8],
			"to": [8.42, 14.25, -3.8],
			"rotation": {"angle": 22.5, "axis": "x", "origin": [0, 0, 0]},
			"faces": {
				"north": {"uv": [0.1875, 0.1875, 0.25, 0.3125], "texture": "#main"},
				"east": {"uv": [0, 0.1875, 0.1875, 0.3125], "texture": "#main"},
				"south": {"uv": [0.4375, 0.1875, 0.5, 0.3125], "texture": "#main"},
				"west": {"uv": [0.25, 0.1875, 0.4375, 0.3125], "texture": "#main"},
				"up": {"uv": [0.1875, 0.1875, 0.25, 0], "texture": "#main"},
				"down": {"uv": [0.25, 0, 0.3125, 0.1875], "texture": "#main"}
			}
		},
		{
			"name": "body",
			"from": [7.5, 14, 4],
			"to": [8.5, 15, 7],
			"faces": {
				"north": {"uv": [0.1875, 0.1875, 0.25, 0.3125], "texture": "#main"},
				"east": {"uv": [0, 0.1875, 0.1875, 0.3125], "texture": "#main"},
				"south": {"uv": [0.4375, 0.1875, 0.5, 0.3125], "texture": "#main"},
				"west": {"uv": [0.25, 0.1875, 0.4375, 0.3125], "texture": "#main"},
				"up": {"uv": [0.1875, 0.1875, 0.25, 0], "texture": "#main"},
				"down": {"uv": [0.25, 0, 0.3125, 0.1875], "texture": "#main"}
			}
		},
		{
			"name": "body",
			"from": [7.5, 14, 9],
			"to": [8.5, 15.25, 12],
			"faces": {
				"north": {"uv": [0.1875, 0.1875, 0.25, 0.3125], "texture": "#main"},
				"east": {"uv": [0, 0.1875, 0.1875, 0.3125], "texture": "#main"},
				"south": {"uv": [0.4375, 0.1875, 0.5, 0.3125], "texture": "#main"},
				"west": {"uv": [0.25, 0.1875, 0.4375, 0.3125], "texture": "#main"},
				"up": {"uv": [0.1875, 0.1875, 0.25, 0], "texture": "#main"},
				"down": {"uv": [0.25, 0, 0.3125, 0.1875], "texture": "#main"}
			}
		},
		{
			"name": "body",
			"from": [7.5, 14, 14],
			"to": [8.5, 15, 17],
			"faces": {
				"north": {"uv": [0.1875, 0.1875, 0.25, 0.3125], "texture": "#main"},
				"east": {"uv": [0, 0.1875, 0.1875, 0.3125], "texture": "#main"},
				"south": {"uv": [0.4375, 0.1875, 0.5, 0.3125], "texture": "#main"},
				"west": {"uv": [0.25, 0.1875, 0.4375, 0.3125], "texture": "#main"},
				"up": {"uv": [0.1875, 0.1875, 0.25, 0], "texture": "#main"},
				"down": {"uv": [0.25, 0, 0.3125, 0.1875], "texture": "#main"}
			}
		},
		{
			"name": "tail",
			"from": [7.75, 19.25, 12.5],
			"to": [8.42, 20.25, 14],
			"rotation": {"angle": 22.5, "axis": "x", "origin": [0, 0, 0]},
			"faces": {
				"north": {"uv": [0.1875, 0.1875, 0.25, 0.3125], "texture": "#main"},
				"east": {"uv": [0, 0.1875, 0.1875, 0.3125], "texture": "#main"},
				"south": {"uv": [0.4375, 0.1875, 0.5, 0.3125], "texture": "#main"},
				"west": {"uv": [0.25, 0.1875, 0.4375, 0.3125], "texture": "#main"},
				"up": {"uv": [0.1875, 0.1875, 0.25, 0], "texture": "#main"},
				"down": {"uv": [0.25, 0, 0.3125, 0.1875], "texture": "#main"}
			}
		},
		{
			"name": "tail",
			"from": [7.75, 23.25, 7.25],
			"to": [8.42, 24.25, 8.75],
			"rotation": {"angle": 45, "axis": "x", "origin": [0, 0, 0]},
			"faces": {
				"north": {"uv": [0.1875, 0.1875, 0.25, 0.3125], "texture": "#main"},
				"east": {"uv": [0, 0.1875, 0.1875, 0.3125], "texture": "#main"},
				"south": {"uv": [0.4375, 0.1875, 0.5, 0.3125], "texture": "#main"},
				"west": {"uv": [0.25, 0.1875, 0.4375, 0.3125], "texture": "#main"},
				"up": {"uv": [0.1875, 0.1875, 0.25, 0], "texture": "#main"},
				"down": {"uv": [0.25, 0, 0.3125, 0.1875], "texture": "#main"}
			}
		},
		{
			"name": "tail",
			"from": [7.75, -2.5, 25],
			"to": [8.42, -1, 26],
			"rotation": {"angle": -22.5, "axis": "x", "origin": [0, 0, 0]},
			"faces": {
				"north": {"uv": [0.1875, 0.1875, 0.25, 0.3125], "texture": "#main"},
				"east": {"uv": [0, 0.1875, 0.1875, 0.3125], "texture": "#main"},
				"south": {"uv": [0.4375, 0.1875, 0.5, 0.3125], "texture": "#main"},
				"west": {"uv": [0.25, 0.1875, 0.4375, 0.3125], "texture": "#main"},
				"up": {"uv": [0.1875, 0.1875, 0.25, 0], "texture": "#main"},
				"down": {"uv": [0.25, 0, 0.3125, 0.1875], "texture": "#main"}
			}
		},
		{
			"name": "tail",
			"from": [7.75, -5.5, 24.75],
			"to": [8.42, -4, 25.75],
			"rotation": {"angle": -22.5, "axis": "x", "origin": [0, 0, 0]},
			"faces": {
				"north": {"uv": [0.1875, 0.1875, 0.25, 0.3125], "texture": "#main"},
				"east": {"uv": [0, 0.1875, 0.1875, 0.3125], "texture": "#main"},
				"south": {"uv": [0.4375, 0.1875, 0.5, 0.3125], "texture": "#main"},
				"west": {"uv": [0.25, 0.1875, 0.4375, 0.3125], "texture": "#main"},
				"up": {"uv": [0.1875, 0.1875, 0.25, 0], "texture": "#main"},
				"down": {"uv": [0.25, 0, 0.3125, 0.1875], "texture": "#main"}
			}
		},
		{
			"name": "tail",
			"from": [7.75, 20.25, 15.75],
			"to": [8.42, 21.05, 17.25],
			"rotation": {"angle": 45, "axis": "x", "origin": [0, 0, 0]},
			"faces": {
				"north": {"uv": [0.1875, 0.1875, 0.25, 0.3125], "texture": "#main"},
				"east": {"uv": [0, 0.1875, 0.1875, 0.3125], "texture": "#main"},
				"south": {"uv": [0.4375, 0.1875, 0.5, 0.3125], "texture": "#main"},
				"west": {"uv": [0.25, 0.1875, 0.4375, 0.3125], "texture": "#main"},
				"up": {"uv": [0.1875, 0.1875, 0.25, 0], "texture": "#main"},
				"down": {"uv": [0.25, 0, 0.3125, 0.1875], "texture": "#main"}
			}
		}
	],
	"display": {
		"thirdperson_righthand": {
			"rotation": [90, 0, 0],
			"scale": [0.33, 0.33, 0.33]
		},
		"thirdperson_lefthand": {
			"rotation": [90, 0, 0],
			"scale": [0.33, 0.33, 0.33]
		},
		"firstperson_righthand": {
			"translation": [2.75, 0, 0],
			"scale": [0.5, 0.5, 0.5]
		},
		"firstperson_lefthand": {
			"translation": [2.75, 0, 0],
			"scale": [0.5, 0.5, 0.5]
		},
		"ground": {
			"translation": [0, 2, 0],
			"scale": [0.33, 0.33, 0.33]
		},
		"gui": {
			"rotation": [0, 165, 0],
			"translation": [0, -1, 0],
			"scale": [0.75, 0.75, 0.75]
		},
		"head": {
			"translation": [0, -31.25, 0],
			"scale": [1.5, 1.5, 1.5]
		},
		"fixed": {
			"translation": [0, -1.25, 0],
			"scale": [0.8, 0.8, 0.04]
		}
	},
	"groups": [
		0,
		1,
		2,
		3,
		4,
		5,
		6,
		7,
		8,
		9,
		10,
		11,
		12,
		13,
		14,
		15,
		16,
		17,
		18,
		19,
		20,
		21,
		22,
		23,
		24,
		25,
		26,
		27,
		28,
		29,
		30,
		31,
		32,
		33,
		34,
		35,
		36,
		37,
		38,
		39,
		40,
		41,
		42,
		43,
		44,
		45,
		46,
		47,
		48,
		49,
		50,
		51,
		52,
		53,
		54,
		55,
		56,
		57,
		58,
		59,
		60,
		61,
		62,
		63,
		64,
		65,
		66,
		67,
		68,
		69,
		70,
		71,
		72,
		73,
		74,
		75,
		76,
		77,
		78,
		79,
		80,
		81,
		{
			"name": "body",
			"origin": [0, 0, 0],
			"color": 0,
			"children": [82]
		},
		{
			"name": "neck",
			"origin": [0, 0, 0],
			"color": 0,
			"children": [83, 84]
		},
		{
			"name": "head",
			"origin": [0, 0, 0],
			"color": 0,
			"children": [85, 86, 87, 88, 89]
		},
		{
			"name": "tail",
			"origin": [8, 8, 8],
			"color": 0,
			"children": [90, 91, 92, 93, 94]
		},
		{
			"name": "legs",
			"origin": [8, 8, 8],
			"color": 0,
			"children": [
				{
					"name": "front",
					"origin": [8, 8, 8],
					"color": 0,
					"children": [
						{
							"name": "right",
							"origin": [0, 0, 0],
							"color": 0,
							"children": [95, 96]
						},
						{
							"name": "left",
							"origin": [8, 8, 8],
							"color": 0,
							"children": [97, 98]
						}
					]
				},
				{
					"name": "back",
					"origin": [8, 8, 8],
					"color": 0,
					"children": [
						{
							"name": "left",
							"origin": [8, 8, 8],
							"color": 0,
							"children": [99, 100]
						},
						{
							"name": "right",
							"origin": [0, 0, 0],
							"color": 0,
							"children": [101, 102]
						}
					]
				}
			]
		},
		{
			"name": "wings",
			"origin": [0, 0, 0],
			"color": 0,
			"children": [
				{
					"name": "right",
					"origin": [0, 0, 0],
					"color": 0,
					"children": [
						{
							"name": "bone",
							"origin": [0, 0, 1],
							"color": 0,
							"children": [103, 104]
						},
						{
							"name": "wing",
							"origin": [0, 0, 0],
							"color": 0,
							"children": [105, 106]
						}
					]
				},
				{
					"name": "left",
					"origin": [0, 0, 0],
					"color": 0,
					"children": [
						{
							"name": "bone",
							"origin": [0, 0, 0],
							"color": 0,
							"children": [107, 108]
						},
						{
							"name": "wing",
							"origin": [0, 0, 0],
							"color": 0,
							"children": [109, 110]
						}
					]
				}
			]
		},
		{
			"name": "spine_spikes",
			"origin": [8, 8, 8],
			"color": 0,
			"children": [111, 112, 113, 114, 115, 116, 117, 118, 119, 120, 121, 122]
		}
	]
}