{
	"credit": "Made with Blockbench",
	"texture_size": [128, 128],
	"textures": {
		"1": "item/dragon_pet/idle"
	},
	"elements": [
		{
			"name": "body",
			"from": [3, 7, 2],
			"to": [13, 14, 18],
			"rotation": {"angle": 0, "axis": "y", "origin": [0, 0, 1]},
			"faces": {
				"north": {"uv": [4, 4, 5.5, 5.5], "texture": "#1"},
				"east": {"uv": [0, 4, 4, 5.5], "texture": "#1"},
				"south": {"uv": [9.4375, 4, 11, 5.5], "texture": "#1"},
				"west": {"uv": [5.5, 4, 9.4375, 5.5], "texture": "#1"},
				"up": {"uv": [5.5, 4, 4, 0], "texture": "#1"},
				"down": {"uv": [7, 4, 5.5, 0], "texture": "#1"}
			}
		},
		{
			"from": [5.25, 8.75, -6],
			"to": [10.75, 13.25, -1],
			"rotation": {"angle": 22.5, "axis": "x", "origin": [0, 0, 0]},
			"faces": {
				"north": {"uv": [12.625, 7.125, 13.25, 7.75], "texture": "#1"},
				"east": {"uv": [12, 7.125, 12.625, 7.75], "texture": "#1"},
				"south": {"uv": [13.875, 7.125, 14.5, 7.75], "texture": "#1"},
				"west": {"uv": [13.25, 7.125, 13.875, 7.75], "texture": "#1"},
				"up": {"uv": [12.625, 6.5, 13.25, 7.125], "texture": "#1"},
				"down": {"uv": [13.25, 6.5, 13.875, 7.125], "texture": "#1"}
			}
		},
		{
			"from": [5.5, 9, -10],
			"to": [10.5, 13, -5],
			"rotation": {"angle": 22.5, "axis": "x", "origin": [0, 0, 0]},
			"faces": {
				"north": {"uv": [12.625, 7.125, 13.25, 7.75], "texture": "#1"},
				"east": {"uv": [12, 7.125, 12.625, 7.75], "texture": "#1"},
				"south": {"uv": [13.875, 7.125, 14.5, 7.75], "texture": "#1"},
				"west": {"uv": [13.25, 7.125, 13.875, 7.75], "texture": "#1"},
				"up": {"uv": [12.625, 6.5, 13.25, 7.125], "texture": "#1"},
				"down": {"uv": [13.25, 6.5, 13.875, 7.125], "texture": "#1"}
			}
		},
		{
			"name": "skull",
			"from": [4, 11, -10],
			"to": [12, 18, -4],
			"faces": {
				"north": {"uv": [8, 2.875, 9, 3.8125], "texture": "#1"},
				"east": {"uv": [7, 2.875, 8, 3.8125], "texture": "#1"},
				"south": {"uv": [10, 2.875, 11, 3.8125], "texture": "#1"},
				"west": {"uv": [9, 2.875, 10, 3.8125], "texture": "#1"},
				"up": {"uv": [8, 1.9375, 9, 2.875], "texture": "#1"},
				"down": {"uv": [9, 1.9375, 10, 2.875], "texture": "#1"}
			}
		},
		{
			"name": "upper_jaw",
			"from": [5, 12.65, -15],
			"to": [11, 14.75, -8],
			"faces": {
				"north": {"uv": [12.75, 4.0625, 12, 3.75], "texture": "#1"},
				"east": {"uv": [12, 4.0625, 11, 3.75], "texture": "#1"},
				"south": {"uv": [14.5, 4.0625, 13.75, 3.75], "texture": "#1"},
				"west": {"uv": [13.75, 4.0625, 12.75, 3.75], "texture": "#1"},
				"up": {"uv": [12.75, 3.75, 12, 2.75], "texture": "#1"},
				"down": {"uv": [13.5, 3.75, 12.75, 2.75], "texture": "#1"}
			}
		},
		{
			"name": "bottom_jaw",
			"from": [5, 11.1, -15],
			"to": [11, 12.65, -8],
			"faces": {
				"north": {"uv": [12.75, 5.3125, 12, 5.0625], "texture": "#1"},
				"east": {"uv": [12, 5.3125, 11, 5.0625], "texture": "#1"},
				"south": {"uv": [14.5, 5.3125, 13.75, 5.0625], "texture": "#1"},
				"west": {"uv": [13.75, 5.3125, 12.75, 5.0625], "texture": "#1"},
				"up": {"uv": [12.75, 5.0625, 12, 4.0625], "texture": "#1"},
				"down": {"uv": [13.5, 5.0625, 12.75, 4.0625], "texture": "#1"}
			}
		},
		{
			"name": "nostrils",
			"from": [9, 13.5, -14.5],
			"to": [10, 15.17, -13.5],
			"faces": {
				"north": {"uv": [7.5625, 0.625, 7.6875, 0.875], "texture": "#1"},
				"east": {"uv": [7.8125, 0.625, 7.9375, 0.875], "texture": "#1"},
				"south": {"uv": [7.6875, 0.625, 7.8125, 0.875], "texture": "#1"},
				"west": {"uv": [7.4375, 0.625, 7.5625, 0.875], "texture": "#1"},
				"up": {"uv": [7.4375, 0.875, 7.3125, 0.75], "texture": "#1"},
				"down": {"uv": [7.4375, 0.625, 7.3125, 0.75], "texture": "#1"}
			}
		},
		{
			"name": "nostrils",
			"from": [6, 13.5, -14.5],
			"to": [7, 15.17, -13.5],
			"faces": {
				"north": {"uv": [7.5625, 0.625, 7.6875, 0.875], "texture": "#1"},
				"east": {"uv": [7.8125, 0.625, 7.9375, 0.875], "texture": "#1"},
				"south": {"uv": [7.6875, 0.625, 7.8125, 0.875], "texture": "#1"},
				"west": {"uv": [7.4375, 0.625, 7.5625, 0.875], "texture": "#1"},
				"up": {"uv": [7.4375, 0.875, 7.3125, 0.75], "texture": "#1"},
				"down": {"uv": [7.4375, 0.625, 7.3125, 0.75], "texture": "#1"}
			}
		},
		{
			"from": [6, 15, 11],
			"to": [10, 19, 15],
			"rotation": {"angle": 22.5, "axis": "x", "origin": [0, 0, 1]},
			"faces": {
				"north": {"uv": [12.625, 7.125, 13.25, 7.75], "texture": "#1"},
				"east": {"uv": [12, 7.125, 12.625, 7.75], "texture": "#1"},
				"south": {"uv": [13.875, 7.125, 14.5, 7.75], "texture": "#1"},
				"west": {"uv": [13.25, 7.125, 13.875, 7.75], "texture": "#1"},
				"up": {"uv": [12.625, 6.5, 13.25, 7.125], "texture": "#1"},
				"down": {"uv": [13.25, 6.5, 13.875, 7.125], "texture": "#1"}
			}
		},
		{
			"from": [6.25, 19.25, 6.5],
			"to": [9.75, 22.75, 10],
			"rotation": {"angle": 45, "axis": "x", "origin": [0, 0, 1]},
			"faces": {
				"north": {"uv": [12.625, 7.125, 13.25, 7.75], "texture": "#1"},
				"east": {"uv": [12, 7.125, 12.625, 7.75], "texture": "#1"},
				"south": {"uv": [13.875, 7.125, 14.5, 7.75], "texture": "#1"},
				"west": {"uv": [13.25, 7.125, 13.875, 7.75], "texture": "#1"},
				"up": {"uv": [12.625, 6.5, 13.25, 7.125], "texture": "#1"},
				"down": {"uv": [13.25, 6.5, 13.875, 7.125], "texture": "#1"}
			}
		},
		{
			"from": [6.5, -3, 22.5],
			"to": [9.5, 0.5, 25.25],
			"rotation": {"angle": -22.5, "axis": "x", "origin": [0, 0, 1]},
			"faces": {
				"north": {"uv": [13.25, 6.5, 13.875, 7.125], "texture": "#1"},
				"east": {"uv": [12, 7.125, 12.625, 7.75], "texture": "#1"},
				"south": {"uv": [12.625, 6.5, 13.25, 7.125], "texture": "#1"},
				"west": {"uv": [13.25, 7.125, 13.875, 7.75], "texture": "#1"},
				"up": {"uv": [13.875, 7.125, 14.5, 7.75], "texture": "#1"},
				"down": {"uv": [12.625, 7.125, 13.25, 7.75], "texture": "#1"}
			}
		},
		{
			"from": [6.75, -6, 22.75],
			"to": [9.25, -2, 25],
			"rotation": {"angle": -22.5, "axis": "x", "origin": [0, 0, 1]},
			"faces": {
				"north": {"uv": [13.25, 6.5, 13.875, 7.125], "texture": "#1"},
				"east": {"uv": [12, 7.125, 12.625, 7.75], "texture": "#1"},
				"south": {"uv": [12.625, 6.5, 13.25, 7.125], "texture": "#1"},
				"west": {"uv": [13.25, 7.125, 13.875, 7.75], "texture": "#1"},
				"up": {"uv": [13.875, 7.125, 14.5, 7.75], "texture": "#1"},
				"down": {"uv": [12.625, 7.125, 13.25, 7.75], "texture": "#1"}
			}
		},
		{
			"from": [7, 0.35876, 23.15775],
			"to": [9, 3.45876, 25.15775],
			"rotation": {"angle": -45, "axis": "x", "origin": [8.25, 3.35876, 24.15775]},
			"faces": {
				"north": {"uv": [13.25, 6.5, 13.875, 7.125], "texture": "#1"},
				"east": {"uv": [12, 7.125, 12.625, 7.75], "texture": "#1"},
				"south": {"uv": [12.625, 6.5, 13.25, 7.125], "texture": "#1"},
				"west": {"uv": [13.25, 7.125, 13.875, 7.75], "texture": "#1"},
				"up": {"uv": [13.875, 7.125, 14.5, 7.75], "texture": "#1"},
				"down": {"uv": [12.625, 7.125, 13.25, 7.75], "texture": "#1"}
			}
		},
		{
			"from": [9, 1, 3.25],
			"to": [12, 7, 5.75],
			"rotation": {"angle": 0, "axis": "y", "origin": [0, 0, 1]},
			"faces": {
				"north": {"uv": [14.5, 9, 14.875, 10.5], "texture": "#1"},
				"east": {"uv": [14.125, 9, 14.5, 10.5], "texture": "#1"},
				"south": {"uv": [15.25, 9, 15.625, 10.5], "texture": "#1"},
				"west": {"uv": [14.875, 9, 15.25, 10.5], "texture": "#1"},
				"up": {"uv": [14.5, 8.625, 14.875, 9], "texture": "#1"},
				"down": {"uv": [14.875, 8.625, 15.25, 9], "texture": "#1"}
			}
		},
		{
			"from": [8.9, 0, 2],
			"to": [12.1, 1, 6],
			"rotation": {"angle": 0, "axis": "x", "origin": [0, 0, 1]},
			"faces": {
				"north": {"uv": [10, 7.5, 10.5, 7.75], "texture": "#1"},
				"east": {"uv": [9, 7.5, 10, 7.75], "texture": "#1"},
				"south": {"uv": [11.5, 7.5, 12, 7.75], "texture": "#1"},
				"west": {"uv": [10.5, 7.5, 11.5, 7.75], "texture": "#1"},
				"up": {"uv": [10, 6.5, 10.5, 7.5], "texture": "#1"},
				"down": {"uv": [10.5, 6.5, 11, 7.5], "texture": "#1"}
			}
		},
		{
			"from": [4, 1, 3.25],
			"to": [7, 7, 5.75],
			"rotation": {"angle": 0, "axis": "y", "origin": [0, 0, 1]},
			"faces": {
				"north": {"uv": [14.5, 9, 14.875, 10.5], "texture": "#1"},
				"east": {"uv": [14.125, 9, 14.5, 10.5], "texture": "#1"},
				"south": {"uv": [15.25, 9, 15.625, 10.5], "texture": "#1"},
				"west": {"uv": [14.875, 9, 15.25, 10.5], "texture": "#1"},
				"up": {"uv": [14.5, 8.625, 14.875, 9], "texture": "#1"},
				"down": {"uv": [14.875, 8.625, 15.25, 9], "texture": "#1"}
			}
		},
		{
			"from": [3.9, 0, 2],
			"to": [7.1, 1, 6],
			"rotation": {"angle": 0, "axis": "y", "origin": [0, 0, 1]},
			"faces": {
				"north": {"uv": [10, 7.5, 10.5, 7.75], "texture": "#1"},
				"east": {"uv": [9, 7.5, 10, 7.75], "texture": "#1"},
				"south": {"uv": [11.5, 7.5, 12, 7.75], "texture": "#1"},
				"west": {"uv": [10.5, 7.5, 11.5, 7.75], "texture": "#1"},
				"up": {"uv": [10, 6.5, 10.5, 7.5], "texture": "#1"},
				"down": {"uv": [10.5, 6.5, 11, 7.5], "texture": "#1"}
			}
		},
		{
			"from": [2.75, 1, 13.25],
			"to": [6, 10, 16.75],
			"rotation": {"angle": 0, "axis": "y", "origin": [0, 0, 1]},
			"faces": {
				"north": {"uv": [7.5, 7, 8, 8.5], "texture": "#1"},
				"east": {"uv": [7, 7, 7.5, 8.5], "texture": "#1"},
				"south": {"uv": [8.5, 7, 9, 8.5], "texture": "#1"},
				"west": {"uv": [8, 7, 8.5, 8.5], "texture": "#1"},
				"up": {"uv": [7.5, 6.5, 8, 7], "texture": "#1"},
				"down": {"uv": [8, 6.5, 8.5, 7], "texture": "#1"}
			}
		},
		{
			"from": [2.65, 0, 12],
			"to": [6.1, 1, 17],
			"rotation": {"angle": 0, "axis": "y", "origin": [0, 0, 1]},
			"faces": {
				"north": {"uv": [10, 7.5, 10.5, 7.75], "texture": "#1"},
				"east": {"uv": [9, 7.5, 10, 7.75], "texture": "#1"},
				"south": {"uv": [11.5, 7.5, 12, 7.75], "texture": "#1"},
				"west": {"uv": [10.5, 7.5, 11.5, 7.75], "texture": "#1"},
				"up": {"uv": [10, 6.5, 10.5, 7.5], "texture": "#1"},
				"down": {"uv": [10.5, 6.5, 11, 7.5], "texture": "#1"}
			}
		},
		{
			"from": [10, 1, 13.25],
			"to": [13.25, 10, 16.75],
			"rotation": {"angle": 0, "axis": "y", "origin": [0, 0, 1]},
			"faces": {
				"north": {"uv": [7.5, 7, 8, 8.5], "texture": "#1"},
				"east": {"uv": [7, 7, 7.5, 8.5], "texture": "#1"},
				"south": {"uv": [8.5, 7, 9, 8.5], "texture": "#1"},
				"west": {"uv": [8, 7, 8.5, 8.5], "texture": "#1"},
				"up": {"uv": [7.5, 6.5, 8, 7], "texture": "#1"},
				"down": {"uv": [8, 6.5, 8.5, 7], "texture": "#1"}
			}
		},
		{
			"from": [9.9, 0, 12],
			"to": [13.35, 1, 17],
			"rotation": {"angle": 0, "axis": "y", "origin": [0, 0, 1]},
			"faces": {
				"north": {"uv": [10, 7.5, 10.5, 7.75], "texture": "#1"},
				"east": {"uv": [9, 7.5, 10, 7.75], "texture": "#1"},
				"south": {"uv": [11.5, 7.5, 12, 7.75], "texture": "#1"},
				"west": {"uv": [10.5, 7.5, 11.5, 7.75], "texture": "#1"},
				"up": {"uv": [10, 6.5, 10.5, 7.5], "texture": "#1"},
				"down": {"uv": [10.5, 6.5, 11, 7.5], "texture": "#1"}
			}
		},
		{
			"from": [13, -2, 11],
			"to": [15, 7, 13],
			"rotation": {"angle": -45, "axis": "x", "origin": [0, 0, 0]},
			"faces": {
				"north": {"uv": [11, 5.5, 14.5, 6], "rotation": 90, "texture": "#1"},
				"east": {"uv": [7.5, 6, 11, 6.5], "rotation": 90, "texture": "#1"},
				"south": {"uv": [7.5, 5.5, 11, 6], "rotation": 90, "texture": "#1"},
				"west": {"uv": [11.5, 6, 15, 6.5], "rotation": 90, "texture": "#1"},
				"up": {"uv": [7, 6, 7.5, 6.5], "rotation": 90, "texture": "#1"},
				"down": {"uv": [11, 6, 11.5, 6.5], "rotation": 90, "texture": "#1"}
			}
		},
		{
			"from": [13.5, 9.5, 6],
			"to": [14.75, 11, 15],
			"rotation": {"angle": 22.5, "axis": "x", "origin": [0, 0, 0]},
			"faces": {
				"north": {"uv": [7, 8.75, 7.25, 9], "rotation": 90, "texture": "#1"},
				"east": {"uv": [7.25, 8.75, 10.75, 9], "texture": "#1"},
				"south": {"uv": [10.75, 8.75, 11, 9], "rotation": 90, "texture": "#1"},
				"west": {"uv": [11, 8.75, 14.5, 9], "texture": "#1"},
				"up": {"uv": [7.25, 8.5, 10.75, 8.75], "rotation": 90, "texture": "#1"},
				"down": {"uv": [10.75, 8.5, 14.25, 8.75], "rotation": 90, "texture": "#1"}
			}
		},
		{
			"from": [14.5, 12, -7],
			"to": [14.5, 19, 3],
			"rotation": {"angle": 45, "axis": "x", "origin": [0, 0, 0]},
			"faces": {
				"north": {"uv": [15.875, 10.375, 16, 11.25], "texture": "#1"},
				"east": {"uv": [6.5625, 9, 10.5, 12.5], "texture": "#1"},
				"south": {"uv": [15.875, 11.25, 16, 12.125], "texture": "#1"},
				"west": {"uv": [10.5, 9, 6.5625, 12.5], "texture": "#1"},
				"up": {"uv": [15.875, 14.875, 15.75, 13.75], "texture": "#1"},
				"down": {"uv": [15.875, 14.875, 15.75, 16], "texture": "#1"}
			}
		},
		{
			"from": [14.5, 11, 6],
			"to": [14.5, 18, 15],
			"rotation": {"angle": 22.5, "axis": "x", "origin": [0, 0, 0]},
			"faces": {
				"north": {"uv": [15.875, 10.375, 16, 11.25], "texture": "#1"},
				"east": {"uv": [7, 12.5, 10.5, 16], "texture": "#1"},
				"south": {"uv": [15.875, 11.25, 16, 12.125], "texture": "#1"},
				"west": {"uv": [10.5, 12.5, 7, 16], "texture": "#1"},
				"up": {"uv": [15.875, 14.875, 15.75, 13.75], "texture": "#1"},
				"down": {"uv": [15.875, 14.875, 15.75, 16], "texture": "#1"}
			}
		},
		{
			"from": [1, -2, 11],
			"to": [3, 7, 13],
			"rotation": {"angle": -45, "axis": "x", "origin": [-12, 0, 0]},
			"faces": {
				"north": {"uv": [11, 5.5, 14.5, 6], "rotation": 90, "texture": "#1"},
				"east": {"uv": [7.5, 6, 11, 6.5], "rotation": 90, "texture": "#1"},
				"south": {"uv": [7.5, 5.5, 11, 6], "rotation": 90, "texture": "#1"},
				"west": {"uv": [11.5, 6, 15, 6.5], "rotation": 90, "texture": "#1"},
				"up": {"uv": [7, 6, 7.5, 6.5], "rotation": 90, "texture": "#1"},
				"down": {"uv": [11, 6, 11.5, 6.5], "rotation": 90, "texture": "#1"}
			}
		},
		{
			"from": [1.25, 9.5, 6],
			"to": [2.5, 11, 15],
			"rotation": {"angle": 22.5, "axis": "x", "origin": [-12, 0, 0]},
			"faces": {
				"north": {"uv": [7, 8.75, 7.25, 9], "rotation": 90, "texture": "#1"},
				"east": {"uv": [7.25, 8.75, 10.75, 9], "texture": "#1"},
				"south": {"uv": [10.75, 8.75, 11, 9], "rotation": 90, "texture": "#1"},
				"west": {"uv": [11, 8.75, 14.5, 9], "texture": "#1"},
				"up": {"uv": [7.25, 8.5, 10.75, 8.75], "rotation": 90, "texture": "#1"},
				"down": {"uv": [10.75, 8.5, 14.25, 8.75], "rotation": 90, "texture": "#1"}
			}
		},
		{
			"from": [1.5, 12, -7],
			"to": [1.5, 19, 3],
			"rotation": {"angle": 45, "axis": "x", "origin": [-13, 0, 0]},
			"faces": {
				"north": {"uv": [15.875, 10.375, 16, 11.25], "texture": "#1"},
				"east": {"uv": [6.5625, 9, 10.5, 12.5], "texture": "#1"},
				"south": {"uv": [15.875, 11.25, 16, 12.125], "texture": "#1"},
				"west": {"uv": [10.5, 9, 6.5625, 12.5], "texture": "#1"},
				"up": {"uv": [15.875, 14.875, 15.75, 13.75], "texture": "#1"},
				"down": {"uv": [15.875, 14.875, 15.75, 16], "texture": "#1"}
			}
		},
		{
			"from": [1.5, 11, 6],
			"to": [1.5, 18, 15],
			"rotation": {"angle": 22.5, "axis": "x", "origin": [-13, 0, 0]},
			"faces": {
				"north": {"uv": [15.875, 10.375, 16, 11.25], "texture": "#1"},
				"east": {"uv": [7, 12.5, 10.5, 16], "texture": "#1"},
				"south": {"uv": [15.875, 11.25, 16, 12.125], "texture": "#1"},
				"west": {"uv": [10.5, 12.5, 7, 16], "texture": "#1"},
				"up": {"uv": [15.875, 14.875, 15.75, 13.75], "texture": "#1"},
				"down": {"uv": [15.875, 14.875, 15.75, 16], "texture": "#1"}
			}
		},
		{
			"name": "head",
			"from": [5.5, 18, -8],
			"to": [6.5, 19, -5],
			"faces": {
				"north": {"uv": [0.375, 0.375, 0.5, 0.625], "texture": "#1"},
				"east": {"uv": [0, 0.375, 0.375, 0.625], "texture": "#1"},
				"south": {"uv": [0.875, 0.375, 1, 0.625], "texture": "#1"},
				"west": {"uv": [0.5, 0.375, 0.875, 0.625], "texture": "#1"},
				"up": {"uv": [0.375, 0.375, 0.5, 0], "texture": "#1"},
				"down": {"uv": [0.5, 0, 0.625, 0.375], "texture": "#1"}
			}
		},
		{
			"name": "head",
			"from": [9.5, 18, -8],
			"to": [10.5, 19, -5],
			"faces": {
				"north": {"uv": [0.375, 0.375, 0.5, 0.625], "texture": "#1"},
				"east": {"uv": [0, 0.375, 0.375, 0.625], "texture": "#1"},
				"south": {"uv": [0.875, 0.375, 1, 0.625], "texture": "#1"},
				"west": {"uv": [0.5, 0.375, 0.875, 0.625], "texture": "#1"},
				"up": {"uv": [0.375, 0.375, 0.5, 0], "texture": "#1"},
				"down": {"uv": [0.5, 0, 0.625, 0.375], "texture": "#1"}
			}
		},
		{
			"name": "neck",
			"from": [7.75, 13, -9.5],
			"to": [8.42, 14, -7.5],
			"rotation": {"angle": 22.5, "axis": "x", "origin": [0, 0, 0]},
			"faces": {
				"north": {"uv": [0.375, 0.375, 0.5, 0.625], "texture": "#1"},
				"east": {"uv": [0, 0.375, 0.375, 0.625], "texture": "#1"},
				"south": {"uv": [0.875, 0.375, 1, 0.625], "texture": "#1"},
				"west": {"uv": [0.5, 0.375, 0.875, 0.625], "texture": "#1"},
				"up": {"uv": [0.375, 0.375, 0.5, 0], "texture": "#1"},
				"down": {"uv": [0.5, 0, 0.625, 0.375], "texture": "#1"}
			}
		},
		{
			"name": "neck",
			"from": [7.75, 13.25, -5.8],
			"to": [8.42, 14.25, -3.8],
			"rotation": {"angle": 22.5, "axis": "x", "origin": [0, 0, 0]},
			"faces": {
				"north": {"uv": [0.375, 0.375, 0.5, 0.625], "texture": "#1"},
				"east": {"uv": [0, 0.375, 0.375, 0.625], "texture": "#1"},
				"south": {"uv": [0.875, 0.375, 1, 0.625], "texture": "#1"},
				"west": {"uv": [0.5, 0.375, 0.875, 0.625], "texture": "#1"},
				"up": {"uv": [0.375, 0.375, 0.5, 0], "texture": "#1"},
				"down": {"uv": [0.5, 0, 0.625, 0.375], "texture": "#1"}
			}
		},
		{
			"name": "body",
			"from": [7.5, 14, 4],
			"to": [8.5, 15, 7],
			"faces": {
				"north": {"uv": [0.375, 0.375, 0.5, 0.625], "texture": "#1"},
				"east": {"uv": [0, 0.375, 0.375, 0.625], "texture": "#1"},
				"south": {"uv": [0.875, 0.375, 1, 0.625], "texture": "#1"},
				"west": {"uv": [0.5, 0.375, 0.875, 0.625], "texture": "#1"},
				"up": {"uv": [0.375, 0.375, 0.5, 0], "texture": "#1"},
				"down": {"uv": [0.5, 0, 0.625, 0.375], "texture": "#1"}
			}
		},
		{
			"name": "body",
			"from": [7.5, 14, 9],
			"to": [8.5, 15.25, 12],
			"faces": {
				"north": {"uv": [0.375, 0.375, 0.5, 0.625], "texture": "#1"},
				"east": {"uv": [0, 0.375, 0.375, 0.625], "texture": "#1"},
				"south": {"uv": [0.875, 0.375, 1, 0.625], "texture": "#1"},
				"west": {"uv": [0.5, 0.375, 0.875, 0.625], "texture": "#1"},
				"up": {"uv": [0.375, 0.375, 0.5, 0], "texture": "#1"},
				"down": {"uv": [0.5, 0, 0.625, 0.375], "texture": "#1"}
			}
		},
		{
			"name": "body",
			"from": [7.5, 14, 14],
			"to": [8.5, 15, 17],
			"faces": {
				"north": {"uv": [0.375, 0.375, 0.5, 0.625], "texture": "#1"},
				"east": {"uv": [0, 0.375, 0.375, 0.625], "texture": "#1"},
				"south": {"uv": [0.875, 0.375, 1, 0.625], "texture": "#1"},
				"west": {"uv": [0.5, 0.375, 0.875, 0.625], "texture": "#1"},
				"up": {"uv": [0.375, 0.375, 0.5, 0], "texture": "#1"},
				"down": {"uv": [0.5, 0, 0.625, 0.375], "texture": "#1"}
			}
		},
		{
			"name": "tail",
			"from": [7.75, 19.25, 12.5],
			"to": [8.42, 20.25, 14],
			"rotation": {"angle": 22.5, "axis": "x", "origin": [0, 0, 0]},
			"faces": {
				"north": {"uv": [0.375, 0.375, 0.5, 0.625], "texture": "#1"},
				"east": {"uv": [0, 0.375, 0.375, 0.625], "texture": "#1"},
				"south": {"uv": [0.875, 0.375, 1, 0.625], "texture": "#1"},
				"west": {"uv": [0.5, 0.375, 0.875, 0.625], "texture": "#1"},
				"up": {"uv": [0.375, 0.375, 0.5, 0], "texture": "#1"},
				"down": {"uv": [0.5, 0, 0.625, 0.375], "texture": "#1"}
			}
		},
		{
			"name": "tail",
			"from": [7.75, 23.25, 7.25],
			"to": [8.42, 24.25, 8.75],
			"rotation": {"angle": 45, "axis": "x", "origin": [0, 0, 0]},
			"faces": {
				"north": {"uv": [0.375, 0.375, 0.5, 0.625], "texture": "#1"},
				"east": {"uv": [0, 0.375, 0.375, 0.625], "texture": "#1"},
				"south": {"uv": [0.875, 0.375, 1, 0.625], "texture": "#1"},
				"west": {"uv": [0.5, 0.375, 0.875, 0.625], "texture": "#1"},
				"up": {"uv": [0.375, 0.375, 0.5, 0], "texture": "#1"},
				"down": {"uv": [0.5, 0, 0.625, 0.375], "texture": "#1"}
			}
		},
		{
			"name": "tail",
			"from": [7.75, -2.5, 25],
			"to": [8.42, -1, 26],
			"rotation": {"angle": -22.5, "axis": "x", "origin": [0, 0, 0]},
			"faces": {
				"north": {"uv": [0.375, 0.375, 0.5, 0.625], "texture": "#1"},
				"east": {"uv": [0, 0.375, 0.375, 0.625], "texture": "#1"},
				"south": {"uv": [0.875, 0.375, 1, 0.625], "texture": "#1"},
				"west": {"uv": [0.5, 0.375, 0.875, 0.625], "texture": "#1"},
				"up": {"uv": [0.375, 0.375, 0.5, 0], "texture": "#1"},
				"down": {"uv": [0.5, 0, 0.625, 0.375], "texture": "#1"}
			}
		},
		{
			"name": "tail",
			"from": [7.75, -5.5, 24.75],
			"to": [8.42, -4, 25.75],
			"rotation": {"angle": -22.5, "axis": "x", "origin": [0, 0, 0]},
			"faces": {
				"north": {"uv": [0.375, 0.375, 0.5, 0.625], "texture": "#1"},
				"east": {"uv": [0, 0.375, 0.375, 0.625], "texture": "#1"},
				"south": {"uv": [0.875, 0.375, 1, 0.625], "texture": "#1"},
				"west": {"uv": [0.5, 0.375, 0.875, 0.625], "texture": "#1"},
				"up": {"uv": [0.375, 0.375, 0.5, 0], "texture": "#1"},
				"down": {"uv": [0.5, 0, 0.625, 0.375], "texture": "#1"}
			}
		},
		{
			"name": "tail",
			"from": [7.75, 20.25, 15.75],
			"to": [8.42, 21.05, 17.25],
			"rotation": {"angle": 45, "axis": "x", "origin": [0, 0, 0]},
			"faces": {
				"north": {"uv": [0.375, 0.375, 0.5, 0.625], "texture": "#1"},
				"east": {"uv": [0, 0.375, 0.375, 0.625], "texture": "#1"},
				"south": {"uv": [0.875, 0.375, 1, 0.625], "texture": "#1"},
				"west": {"uv": [0.5, 0.375, 0.875, 0.625], "texture": "#1"},
				"up": {"uv": [0.375, 0.375, 0.5, 0], "texture": "#1"},
				"down": {"uv": [0.5, 0, 0.625, 0.375], "texture": "#1"}
			}
		}
	],
	"display": {
		"thirdperson_righthand": {
			"rotation": [90, 0, 0],
			"scale": [0.33, 0.33, 0.33]
		},
		"thirdperson_lefthand": {
			"rotation": [90, 0, 0],
			"scale": [0.33, 0.33, 0.33]
		},
		"firstperson_righthand": {
			"translation": [2.75, 0, 0],
			"scale": [0.5, 0.5, 0.5]
		},
		"firstperson_lefthand": {
			"translation": [2.75, 0, 0],
			"scale": [0.5, 0.5, 0.5]
		},
		"ground": {
			"translation": [0, 2, 0],
			"scale": [0.33, 0.33, 0.33]
		},
		"gui": {
			"rotation": [0, 165, 0],
			"translation": [0, -1, 0],
			"scale": [0.75, 0.75, 0.75]
		},
		"head": {
			"translation": [0, -31.25, 0],
			"scale": [1.5, 1.5, 1.5]
		},
		"fixed": {
			"translation": [0, -1.25, 0],
			"scale": [0.8, 0.8, 0.04]
		}
	},
	"groups": [
		{
			"name": "body",
			"origin": [0, 0, 0],
			"color": 0,
			"children": [0]
		},
		{
			"name": "neck",
			"origin": [0, 0, 0],
			"color": 0,
			"children": [1, 2]
		},
		{
			"name": "head",
			"origin": [0, 0, 0],
			"color": 0,
			"children": [3, 4, 5, 6, 7]
		},
		{
			"name": "tail",
			"origin": [8, 8, 8],
			"color": 0,
			"children": [8, 9, 10, 11, 12]
		},
		{
			"name": "legs",
			"origin": [8, 8, 8],
			"color": 0,
			"children": [
				{
					"name": "front",
					"origin": [8, 8, 8],
					"color": 0,
					"children": [
						{
							"name": "right",
							"origin": [0, 0, 0],
							"color": 0,
							"children": [13, 14]
						},
						{
							"name": "left",
							"origin": [8, 8, 8],
							"color": 0,
							"children": [15, 16]
						}
					]
				},
				{
					"name": "back",
					"origin": [8, 8, 8],
					"color": 0,
					"children": [
						{
							"name": "left",
							"origin": [8, 8, 8],
							"color": 0,
							"children": [17, 18]
						},
						{
							"name": "right",
							"origin": [0, 0, 0],
							"color": 0,
							"children": [19, 20]
						}
					]
				}
			]
		},
		{
			"name": "wings",
			"origin": [0, 0, 0],
			"color": 0,
			"children": [
				{
					"name": "right",
					"origin": [0, 0, 0],
					"color": 0,
					"children": [
						{
							"name": "bone",
							"origin": [0, 0, 1],
							"color": 0,
							"children": [21, 22]
						},
						{
							"name": "wing",
							"origin": [0, 0, 0],
							"color": 0,
							"children": [23, 24]
						}
					]
				},
				{
					"name": "left",
					"origin": [0, 0, 0],
					"color": 0,
					"children": [
						{
							"name": "bone",
							"origin": [0, 0, 0],
							"color": 0,
							"children": [25, 26]
						},
						{
							"name": "wing",
							"origin": [0, 0, 0],
							"color": 0,
							"children": [27, 28]
						}
					]
				}
			]
		},
		{
			"name": "spine_spikes",
			"origin": [8, 8, 8],
			"color": 0,
			"children": [29, 30, 31, 32, 33, 34, 35, 36, 37, 38, 39, 40]
		}
	]
}