{
	"credit": "Made with Blockbench",
	"textures": {
		"particle": "item/duck/duck1",
		"layer0": "item/duck/duck1"
	},
	"elements": [
		{
			"name": "head",
			"from": [6, 3, 7],
			"to": [10, 7, 10],
			"rotation": {"angle": -22.5, "axis": "x", "origin": [0, 0, 0]},
			"faces": {
				"north": {"uv": [4.75, 5, 5.75, 7], "texture": "#layer0"},
				"east": {"uv": [0, 1.5, 0.75, 3.5], "texture": "#layer0"},
				"south": {"uv": [2.5, 1.5, 3.5, 3.5], "texture": "#layer0"},
				"west": {"uv": [1.75, 1.5, 2.5, 3.5], "texture": "#layer0"},
				"up": {"uv": [1.75, 1.5, 0.75, 0], "texture": "#layer0"},
				"down": {"uv": [1.75, 0, 2.75, 1.5], "texture": "#layer0"}
			}
		},
		{
			"name": "beak",
			"from": [6, 3, 5],
			"to": [10, 5, 7],
			"rotation": {"angle": -22.5, "axis": "x", "origin": [0, 0, 0]},
			"faces": {
				"north": {"uv": [4, 1, 5, 2], "texture": "#layer0"},
				"east": {"uv": [3.5, 1, 4.25, 2], "texture": "#layer0"},
				"south": {"uv": [5.5, 1, 6.5, 2], "texture": "#layer0"},
				"west": {"uv": [4.75, 1, 5.5, 2], "texture": "#layer0"},
				"up": {"uv": [4, 1, 5, 0], "texture": "#layer0"},
				"down": {"uv": [5, 0, 6, 1], "texture": "#layer0"}
			}
		},
		{
			"name": "nech",
			"from": [7, 2, 9],
			"to": [9, 3, 10],
			"rotation": {"angle": -22.5, "axis": "x", "origin": [0, 0, 0]},
			"faces": {
				"north": {"uv": [0.25, 3, 0.75, 3.5], "texture": "#layer0"},
				"east": {"uv": [0.5, 3.5, 0.75, 4], "texture": "#layer0"},
				"south": {"uv": [4.5, 3.5, 4.75, 4], "texture": "#layer0"},
				"west": {"uv": [0.5, 3.5, 0.75, 4], "texture": "#layer0"},
				"up": {"uv": [4, 3, 4.25, 3.5], "texture": "#layer0"},
				"down": {"uv": [0.25, 3, 0.75, 3.5], "texture": "#layer0"}
			}
		},
		{
			"name": "torso",
			"from": [5, 0, 4],
			"to": [11, 6, 12],
			"faces": {
				"north": {"uv": [1.5, 4.5, 3, 7.5], "texture": "#layer0"},
				"east": {"uv": [2.5, 7.5, 4.5, 10.5], "texture": "#layer0"},
				"south": {"uv": [3, 4.5, 4.5, 7.5], "texture": "#layer0"},
				"west": {"uv": [0, 7.5, 2, 10.5], "texture": "#layer0"},
				"up": {"uv": [4.5, 7.5, 6, 11.5], "texture": "#layer0"},
				"down": {"uv": [1.5, 7.5, 3, 11.5], "texture": "#layer0"}
			}
		},
		{
			"name": "left_wing",
			"from": [4, 2, 5],
			"to": [5, 6, 11],
			"faces": {
				"north": {"uv": [7.5, 9.5, 7.75, 11.5], "texture": "#layer0"},
				"east": {"uv": [6, 9.5, 7.75, 11.5], "texture": "#layer0"},
				"south": {"uv": [6, 9.5, 6.25, 11.5], "texture": "#layer0"},
				"west": {"uv": [7.75, 9.5, 9.5, 11.5], "texture": "#layer0"},
				"up": {"uv": [7.5, 9.25, 7.75, 6.5], "texture": "#layer0"},
				"down": {"uv": [7.75, 6.5, 8, 9.5], "texture": "#layer0"}
			}
		},
		{
			"name": "right_wing",
			"from": [11, 2, 5],
			"to": [12, 6, 11],
			"faces": {
				"north": {"uv": [7.5, 9.5, 7.75, 11.5], "texture": "#layer0"},
				"east": {"uv": [6, 9.5, 7.75, 11.5], "texture": "#layer0"},
				"south": {"uv": [6, 9.5, 6.25, 11.5], "texture": "#layer0"},
				"west": {"uv": [7.75, 9.5, 9.5, 11.5], "texture": "#layer0"},
				"up": {"uv": [7.5, 9.5, 7.75, 6.5], "texture": "#layer0"},
				"down": {"uv": [7.75, 6.5, 8, 9.5], "texture": "#layer0"}
			}
		},
		{
			"name": "foot",
			"from": [5, 0, 6],
			"to": [8, 0, 8],
			"faces": {
				"north": {"uv": [0, 0, 3, 0], "texture": "#layer0"},
				"east": {"uv": [0, 0, 2, 0], "texture": "#layer0"},
				"south": {"uv": [0, 0, 3, 0], "texture": "#layer0"},
				"west": {"uv": [0, 0, 2, 0], "texture": "#layer0"},
				"up": {"uv": [8, 0.5, 8.75, 1.5], "texture": "#layer0"},
				"down": {"uv": [8, 0.5, 8.75, 1.5], "texture": "#layer0"}
			}
		},
		{
			"name": "foot1",
			"from": [6, 0, 8],
			"to": [7, 0, 9],
			"faces": {
				"north": {"uv": [0, 0, 1, 0], "texture": "#layer0"},
				"east": {"uv": [0, 0, 1, 0], "texture": "#layer0"},
				"south": {"uv": [0, 0, 1, 0], "texture": "#layer0"},
				"west": {"uv": [0, 0, 1, 0], "texture": "#layer0"},
				"up": {"uv": [8.25, 0, 8.5, 0.5], "texture": "#layer0"},
				"down": {"uv": [8.25, 0, 8.5, 0.5], "texture": "#layer0"}
			}
		},
		{
			"name": "leg",
			"from": [6, 0, 9],
			"to": [7, 5, 9],
			"faces": {
				"north": {"uv": [9, 1.5, 9.25, 4], "texture": "#layer0"},
				"east": {"uv": [0, 0, 0, 5], "texture": "#layer0"},
				"south": {"uv": [9, 1.5, 9.25, 4], "texture": "#layer0"},
				"west": {"uv": [0, 0, 0, 5], "texture": "#layer0"},
				"up": {"uv": [9, 4, 9.25, 1.5], "texture": "#layer0"},
				"down": {"uv": [9, 1.5, 9.25, 4], "texture": "#layer0"}
			}
		},
		{
			"name": "foot",
			"from": [8, 0, 6],
			"to": [11, 0, 8],
			"faces": {
				"north": {"uv": [0, 0, 3, 0], "texture": "#layer0"},
				"east": {"uv": [0, 0, 2, 0], "texture": "#layer0"},
				"south": {"uv": [0, 0, 3, 0], "texture": "#layer0"},
				"west": {"uv": [0, 0, 2, 0], "texture": "#layer0"},
				"up": {"uv": [8, 0.5, 8.75, 1.5], "texture": "#layer0"},
				"down": {"uv": [8, 0.5, 8.75, 1.5], "texture": "#layer0"}
			}
		},
		{
			"name": "foot1",
			"from": [9, 0, 8],
			"to": [10, 0, 9],
			"faces": {
				"north": {"uv": [0, 0, 1, 0], "texture": "#layer0"},
				"east": {"uv": [0, 0, 1, 0], "texture": "#layer0"},
				"south": {"uv": [0, 0, 1, 0], "texture": "#layer0"},
				"west": {"uv": [0, 0, 1, 0], "texture": "#layer0"},
				"up": {"uv": [8.25, 0, 8.5, 0.5], "texture": "#layer0"},
				"down": {"uv": [8.25, 0, 8.5, 0.5], "texture": "#layer0"}
			}
		},
		{
			"name": "leg",
			"from": [9, 0, 9],
			"to": [10, 5, 9],
			"faces": {
				"north": {"uv": [9, 1.5, 9.25, 4], "texture": "#layer0"},
				"east": {"uv": [0, 0, 0, 5], "texture": "#layer0"},
				"south": {"uv": [9, 1.5, 9.25, 4], "texture": "#layer0"},
				"west": {"uv": [0, 0, 0, 5], "texture": "#layer0"},
				"up": {"uv": [9, 1.5, 9.25, 4], "texture": "#layer0"},
				"down": {"uv": [9, 1.5, 9.25, 4], "texture": "#layer0"}
			}
		}
	],
	"display": {
		"thirdperson_righthand": {
			"rotation": [70, 0, 0],
			"translation": [0.5, -3, 1]
		},
		"thirdperson_lefthand": {
			"rotation": [66, 0, 0],
			"translation": [0, -3.5, 1]
		},
		"firstperson_righthand": {
			"translation": [0.25, 0, 2.5]
		},
		"firstperson_lefthand": {
			"translation": [0.25, 0, 2.5]
		},
		"ground": {
			"translation": [0, 4.25, 0]
		},
		"gui": {
			"rotation": [0, 69.75, 0]
		},
		"head": {
			"translation": [0, -26.5, 0],
			"scale": [1.5, 1.5, 1.5]
		},
		"fixed": {
			"translation": [0, 0, 2]
		}
	},
	"groups": [
		{
			"name": "duck",
			"origin": [8, 8, 8],
			"color": 0,
			"children": [
				{
					"name": "head",
					"origin": [8, 8, 8],
					"color": 0,
					"children": [0, 1, 2]
				},
				{
					"name": "body",
					"origin": [0, 0, 0],
					"color": 0,
					"children": [3, 4, 5]
				},
				{
					"name": "legs",
					"origin": [0, 0, 0],
					"color": 0,
					"children": [
						{
							"name": "left",
							"origin": [0, 0, 0],
							"color": 0,
							"children": [6, 7, 8]
						},
						{
							"name": "right",
							"origin": [0, 0, 0],
							"color": 0,
							"children": [9, 10, 11]
						}
					]
				}
			]
		}
	]
}