{
    "credit": "Made with Blockbench", 
    "textures": {
        "main": "item/duck/duck_walk"
    }, 
    "elements": [
        {
            "name": "head", 
            "from": [ 6, 10, 2 ], 
            "to":   [ 10, 14, 5 ], 
            "faces": {
                "north": { "uv": [ 0.375, 0.375, 0.875, 0.875 ], "texture": "#main" }, 
                "east":  { "uv": [ 0, 0.375, 0.375, 0.875 ], "texture": "#main" }, 
                "south": { "uv": [ 1.25, 0.375, 1.75, 0.875 ], "texture": "#main" }, 
                "west":  { "uv": [ 0.875, 0.375, 1.25, 0.875 ], "texture": "#main" }, 
                "up":    { "uv": [ 0.875, 0.375, 0.375, 0 ], "texture": "#main" }, 
                "down":  { "uv": [ 0.875, 0, 1.375, 0.375 ], "texture": "#main" }
            }
        }, 
        {
            "name": "beak", 
            "from": [ 6, 10, 0 ], 
            "to":   [ 10, 12, 2 ], 
            "faces": {
                "north": { "uv": [ 2, 0.25, 2.5, 0.5 ], "texture": "#main" }, 
                "east":  { "uv": [ 1.75, 0.25, 2.125, 0.5 ], "texture": "#main" }, 
                "south": { "uv": [ 2.75, 0.25, 3.25, 0.5 ], "texture": "#main" }, 
                "west":  { "uv": [ 2.375, 0.25, 2.75, 0.5 ], "texture": "#main" }, 
                "up":    { "uv": [ 2, 0.25, 2.5, 0 ], "texture": "#main" }, 
                "down":  { "uv": [ 2.5, 0, 3, 0.25 ], "texture": "#main" }
            }
        }, 
        {
            "name": "nech", 
            "from": [ 7, 9, 3 ], 
            "to":   [ 9, 10, 4 ], 
            "faces": {
                "north": { "uv": [ 0.125, 0.75, 0.375, 0.875 ], "texture": "#main" }, 
                "east":  { "uv": [ 0.25, 0.875, 0.375, 1 ], "texture": "#main" }, 
                "south": { "uv": [ 2.25, 0.875, 2.375, 1 ], "texture": "#main" }, 
                "west":  { "uv": [ 0.25, 0.875, 0.375, 1 ], "texture": "#main" }, 
                "up":    { "uv": [ 2, 0.75, 2.125, 0.875 ], "texture": "#main" }, 
                "down":  { "uv": [ 0.125, 0.75, 0.375, 0.875 ], "texture": "#main" }
            }
        }, 
        {
            "name": "torso", 
            "from": [ 5, 4, 4 ], 
            "to":   [ 11, 10, 12 ], 
            "faces": {
                "north": { "uv": [ 0.75, 1.125, 1.5, 1.875 ], "texture": "#main" }, 
                "east":  { "uv": [ 1.25, 1.875, 2.25, 2.625 ], "texture": "#main" }, 
                "south": { "uv": [ 1.5, 1.125, 2.25, 1.875 ], "texture": "#main" }, 
                "west":  { "uv": [ 0, 1.875, 1, 2.625 ], "texture": "#main" }, 
                "up":    { "uv": [ 2.25, 1.875, 3, 2.875 ], "texture": "#main" }, 
                "down":  { "uv": [ 0.75, 1.875, 1.5, 2.875 ], "texture": "#main" }
            }
        }, 
        {
            "name": "left_wing", 
            "from": [ 4, 6, 5 ], 
            "to":   [ 5, 10, 11 ], 
            "faces": {
                "north": { "uv": [ 3.75, 2.375, 3.875, 2.875 ], "texture": "#main" }, 
                "east":  { "uv": [ 3, 2.375, 3.875, 2.875 ], "texture": "#main" }, 
                "south": { "uv": [ 3, 2.375, 3.125, 2.875 ], "texture": "#main" }, 
                "west":  { "uv": [ 3.875, 2.375, 4.75, 2.875 ], "texture": "#main" }, 
                "up":    { "uv": [ 3.75, 2.3125, 3.875, 1.625 ], "texture": "#main" }, 
                "down":  { "uv": [ 3.875, 1.625, 4, 2.375 ], "texture": "#main" }
            }
        }, 
        {
            "name": "right_wing", 
            "from": [ 11, 6, 5 ], 
            "to":   [ 12, 10, 11 ], 
            "faces": {
                "north": { "uv": [ 3.75, 2.375, 3.875, 2.875 ], "texture": "#main" }, 
                "east":  { "uv": [ 3, 2.375, 3.875, 2.875 ], "texture": "#main" }, 
                "south": { "uv": [ 3, 2.375, 3.125, 2.875 ], "texture": "#main" }, 
                "west":  { "uv": [ 3.875, 2.375, 4.75, 2.875 ], "texture": "#main" }, 
                "up":    { "uv": [ 3.75, 2.375, 3.875, 1.625 ], "texture": "#main" }, 
                "down":  { "uv": [ 3.875, 1.625, 4, 2.375 ], "texture": "#main" }
            }
        }, 
        {
            "name": "foot", 
            "from": [ 5, 3, 3 ], 
            "to":   [ 8, 3, 5 ], 
            "rotation": { "angle": 22.5, "axis": "x", "origin": [0, 0, 0] }, 
            "faces": {
                "north": { "uv": [ 0, 0, 1.5, 0 ], "texture": "#main" }, 
                "east":  { "uv": [ 0, 0, 1, 0 ], "texture": "#main" }, 
                "south": { "uv": [ 0, 0, 1.5, 0 ], "texture": "#main" }, 
                "west":  { "uv": [ 0, 0, 1, 0 ], "texture": "#main" }, 
                "up":    { "uv": [ 4, 0.125, 4.375, 0.375 ], "texture": "#main" }, 
                "down":  { "uv": [ 4, 0.125, 4.375, 0.375 ], "texture": "#main" }
            }
        }, 
        {
            "name": "foot1", 
            "from": [ 6, 3, 5 ], 
            "to":   [ 7, 3, 6 ], 
            "rotation": { "angle": 22.5, "axis": "x", "origin": [0, 0, 0] }, 
            "faces": {
                "north": { "uv": [ 0, 0, 0.5, 0 ], "texture": "#main" }, 
                "east":  { "uv": [ 0, 0, 0.5, 0 ], "texture": "#main" }, 
                "south": { "uv": [ 0, 0, 0.5, 0 ], "texture": "#main" }, 
                "west":  { "uv": [ 0, 0, 0.5, 0 ], "texture": "#main" }, 
                "up":    { "uv": [ 4.125, 0, 4.25, 0.125 ], "texture": "#main" }, 
                "down":  { "uv": [ 4.125, 0, 4.25, 0.125 ], "texture": "#main" }
            }
        }, 
        {
            "name": "leg", 
            "from": [ 6, 3, 6 ], 
            "to":   [ 7, 8, 6 ], 
            "rotation": { "angle": 22.5, "axis": "x", "origin": [0, 0, 0] }, 
            "faces": {
                "north": { "uv": [ 4.5, 0.375, 4.625, 1 ], "texture": "#main" }, 
                "east":  { "uv": [ 0, 0, 0, 1.25 ], "texture": "#main" }, 
                "south": { "uv": [ 4.5, 0.375, 4.625, 1 ], "texture": "#main" }, 
                "west":  { "uv": [ 0, 0, 0, 1.25 ], "texture": "#main" }, 
                "up":    { "uv": [ 4.5, 1, 4.625, 0.375 ], "texture": "#main" }, 
                "down":  { "uv": [ 4.5, 0.375, 4.625, 1 ], "texture": "#main" }
            }
        }, 
        {
            "name": "foot", 
            "from": [ 8, -3, 7 ], 
            "to":   [ 11, -3, 9 ], 
            "rotation": { "angle": -22.5, "axis": "x", "origin": [0, 0, 0] }, 
            "faces": {
                "north": { "uv": [ 0, 0, 1.5, 0 ], "texture": "#main" }, 
                "east":  { "uv": [ 0, 0, 1, 0 ], "texture": "#main" }, 
                "south": { "uv": [ 0, 0, 1.5, 0 ], "texture": "#main" }, 
                "west":  { "uv": [ 0, 0, 1, 0 ], "texture": "#main" }, 
                "up":    { "uv": [ 4, 0.125, 4.375, 0.375 ], "texture": "#main" }, 
                "down":  { "uv": [ 4, 0.125, 4.375, 0.375 ], "texture": "#main" }
            }
        }, 
        {
            "name": "foot1", 
            "from": [ 9, -3, 9 ], 
            "to":   [ 10, -3, 10 ], 
            "rotation": { "angle": -22.5, "axis": "x", "origin": [0, 0, 0] }, 
            "faces": {
                "north": { "uv": [ 0, 0, 0.5, 0 ], "texture": "#main" }, 
                "east":  { "uv": [ 0, 0, 0.5, 0 ], "texture": "#main" }, 
                "south": { "uv": [ 0, 0, 0.5, 0 ], "texture": "#main" }, 
                "west":  { "uv": [ 0, 0, 0.5, 0 ], "texture": "#main" }, 
                "up":    { "uv": [ 4.125, 0, 4.25, 0.125 ], "texture": "#main" }, 
                "down":  { "uv": [ 4.125, 0, 4.25, 0.125 ], "texture": "#main" }
            }
        }, 
        {
            "name": "leg", 
            "from": [ 9, -3, 10 ], 
            "to":   [ 10, 2, 10 ], 
            "rotation": { "angle": -22.5, "axis": "x", "origin": [0, 0, 0] }, 
            "faces": {
                "north": { "uv": [ 4.5, 0.375, 4.625, 1 ], "texture": "#main" }, 
                "east":  { "uv": [ 0, 0, 0, 1.25 ], "texture": "#main" }, 
                "south": { "uv": [ 4.5, 0.375, 4.625, 1 ], "texture": "#main" }, 
                "west":  { "uv": [ 0, 0, 0, 1.25 ], "texture": "#main" }, 
                "up":    { "uv": [ 4.5, 0.375, 4.625, 1 ], "texture": "#main" }, 
                "down":  { "uv": [ 4.5, 0.375, 4.625, 1 ], "texture": "#main" }
            }
        }, 
        {
            "name": "head", 
            "from": [ 6, 10, 2 ], 
            "to":   [ 10, 14, 5 ], 
            "faces": {
                "north": { "uv": [ 8.375, 0.375, 8.875, 0.875 ], "texture": "#main" }, 
                "east":  { "uv": [ 8, 0.375, 8.375, 0.875 ], "texture": "#main" }, 
                "south": { "uv": [ 9.25, 0.375, 9.75, 0.875 ], "texture": "#main" }, 
                "west":  { "uv": [ 8.875, 0.375, 9.25, 0.875 ], "texture": "#main" }, 
                "up":    { "uv": [ 8.875, 0.375, 8.375, 0 ], "texture": "#main" }, 
                "down":  { "uv": [ 8.875, 0, 9.375, 0.375 ], "texture": "#main" }
            }
        }, 
        {
            "name": "beak", 
            "from": [ 6, 10, 0 ], 
            "to":   [ 10, 12, 2 ], 
            "faces": {
                "north": { "uv": [ 10, 0.25, 10.5, 0.5 ], "texture": "#main" }, 
                "east":  { "uv": [ 9.75, 0.25, 10.125, 0.5 ], "texture": "#main" }, 
                "south": { "uv": [ 10.75, 0.25, 11.25, 0.5 ], "texture": "#main" }, 
                "west":  { "uv": [ 10.375, 0.25, 10.75, 0.5 ], "texture": "#main" }, 
                "up":    { "uv": [ 10, 0.25, 10.5, 0 ], "texture": "#main" }, 
                "down":  { "uv": [ 10.5, 0, 11, 0.25 ], "texture": "#main" }
            }
        }, 
        {
            "name": "nech", 
            "from": [ 7, 9, 3 ], 
            "to":   [ 9, 10, 4 ], 
            "faces": {
                "north": { "uv": [ 8.125, 0.75, 8.375, 0.875 ], "texture": "#main" }, 
                "east":  { "uv": [ 8.25, 0.875, 8.375, 1 ], "texture": "#main" }, 
                "south": { "uv": [ 10.25, 0.875, 10.375, 1 ], "texture": "#main" }, 
                "west":  { "uv": [ 8.25, 0.875, 8.375, 1 ], "texture": "#main" }, 
                "up":    { "uv": [ 10, 0.75, 10.125, 0.875 ], "texture": "#main" }, 
                "down":  { "uv": [ 8.125, 0.75, 8.375, 0.875 ], "texture": "#main" }
            }
        }, 
        {
            "name": "torso", 
            "from": [ 5, 4, 4 ], 
            "to":   [ 11, 10, 12 ], 
            "faces": {
                "north": { "uv": [ 8.75, 1.125, 9.5, 1.875 ], "texture": "#main" }, 
                "east":  { "uv": [ 9.25, 1.875, 10.25, 2.625 ], "texture": "#main" }, 
                "south": { "uv": [ 9.5, 1.125, 10.25, 1.875 ], "texture": "#main" }, 
                "west":  { "uv": [ 8, 1.875, 9, 2.625 ], "texture": "#main" }, 
                "up":    { "uv": [ 10.25, 1.875, 11, 2.875 ], "texture": "#main" }, 
                "down":  { "uv": [ 8.75, 1.875, 9.5, 2.875 ], "texture": "#main" }
            }
        }, 
        {
            "name": "left_wing", 
            "from": [ 4, 6, 5 ], 
            "to":   [ 5, 10, 11 ], 
            "faces": {
                "north": { "uv": [ 11.75, 2.375, 11.875, 2.875 ], "texture": "#main" }, 
                "east":  { "uv": [ 11, 2.375, 11.875, 2.875 ], "texture": "#main" }, 
                "south": { "uv": [ 11, 2.375, 11.125, 2.875 ], "texture": "#main" }, 
                "west":  { "uv": [ 11.875, 2.375, 12.75, 2.875 ], "texture": "#main" }, 
                "up":    { "uv": [ 11.75, 2.3125, 11.875, 1.625 ], "texture": "#main" }, 
                "down":  { "uv": [ 11.875, 1.625, 12, 2.375 ], "texture": "#main" }
            }
        }, 
        {
            "name": "right_wing", 
            "from": [ 11, 6, 5 ], 
            "to":   [ 12, 10, 11 ], 
            "faces": {
                "north": { "uv": [ 11.75, 2.375, 11.875, 2.875 ], "texture": "#main" }, 
                "east":  { "uv": [ 11, 2.375, 11.875, 2.875 ], "texture": "#main" }, 
                "south": { "uv": [ 11, 2.375, 11.125, 2.875 ], "texture": "#main" }, 
                "west":  { "uv": [ 11.875, 2.375, 12.75, 2.875 ], "texture": "#main" }, 
                "up":    { "uv": [ 11.75, 2.375, 11.875, 1.625 ], "texture": "#main" }, 
                "down":  { "uv": [ 11.875, 1.625, 12, 2.375 ], "texture": "#main" }
            }
        }, 
        {
            "name": "foot", 
            "from": [ 5, 0, 6 ], 
            "to":   [ 8, 0, 8 ], 
            "faces": {
                "north": { "uv": [ 8, 0, 9.5, 0 ], "texture": "#main" }, 
                "east":  { "uv": [ 8, 0, 9, 0 ], "texture": "#main" }, 
                "south": { "uv": [ 8, 0, 9.5, 0 ], "texture": "#main" }, 
                "west":  { "uv": [ 8, 0, 9, 0 ], "texture": "#main" }, 
                "up":    { "uv": [ 12, 0.125, 12.375, 0.375 ], "texture": "#main" }, 
                "down":  { "uv": [ 12, 0.125, 12.375, 0.375 ], "texture": "#main" }
            }
        }, 
        {
            "name": "foot1", 
            "from": [ 6, 0, 8 ], 
            "to":   [ 7, 0, 9 ], 
            "faces": {
                "north": { "uv": [ 8, 0, 8.5, 0 ], "texture": "#main" }, 
                "east":  { "uv": [ 8, 0, 8.5, 0 ], "texture": "#main" }, 
                "south": { "uv": [ 8, 0, 8.5, 0 ], "texture": "#main" }, 
                "west":  { "uv": [ 8, 0, 8.5, 0 ], "texture": "#main" }, 
                "up":    { "uv": [ 12.125, 0, 12.25, 0.125 ], "texture": "#main" }, 
                "down":  { "uv": [ 12.125, 0, 12.25, 0.125 ], "texture": "#main" }
            }
        }, 
        {
            "name": "leg", 
            "from": [ 6, 0, 9 ], 
            "to":   [ 7, 5, 9 ], 
            "faces": {
                "north": { "uv": [ 12.5, 0.375, 12.625, 1 ], "texture": "#main" }, 
                "east":  { "uv": [ 8, 0, 8, 1.25 ], "texture": "#main" }, 
                "south": { "uv": [ 12.5, 0.375, 12.625, 1 ], "texture": "#main" }, 
                "west":  { "uv": [ 8, 0, 8, 1.25 ], "texture": "#main" }, 
                "up":    { "uv": [ 12.5, 1, 12.625, 0.375 ], "texture": "#main" }, 
                "down":  { "uv": [ 12.5, 0.375, 12.625, 1 ], "texture": "#main" }
            }
        }, 
        {
            "name": "foot", 
            "from": [ 8, -3, 7 ], 
            "to":   [ 11, -3, 9 ], 
            "rotation": { "angle": -22.5, "axis": "x", "origin": [0, 0, 0] }, 
            "faces": {
                "north": { "uv": [ 8, 0, 9.5, 0 ], "texture": "#main" }, 
                "east":  { "uv": [ 8, 0, 9, 0 ], "texture": "#main" }, 
                "south": { "uv": [ 8, 0, 9.5, 0 ], "texture": "#main" }, 
                "west":  { "uv": [ 8, 0, 9, 0 ], "texture": "#main" }, 
                "up":    { "uv": [ 12, 0.125, 12.375, 0.375 ], "texture": "#main" }, 
                "down":  { "uv": [ 12, 0.125, 12.375, 0.375 ], "texture": "#main" }
            }
        }, 
        {
            "name": "foot1", 
            "from": [ 9, -3, 9 ], 
            "to":   [ 10, -3, 10 ], 
            "rotation": { "angle": -22.5, "axis": "x", "origin": [0, 0, 0] }, 
            "faces": {
                "north": { "uv": [ 8, 0, 8.5, 0 ], "texture": "#main" }, 
                "east":  { "uv": [ 8, 0, 8.5, 0 ], "texture": "#main" }, 
                "south": { "uv": [ 8, 0, 8.5, 0 ], "texture": "#main" }, 
                "west":  { "uv": [ 8, 0, 8.5, 0 ], "texture": "#main" }, 
                "up":    { "uv": [ 12.125, 0, 12.25, 0.125 ], "texture": "#main" }, 
                "down":  { "uv": [ 12.125, 0, 12.25, 0.125 ], "texture": "#main" }
            }
        }, 
        {
            "name": "leg", 
            "from": [ 9, -3, 10 ], 
            "to":   [ 10, 2, 10 ], 
            "rotation": { "angle": -22.5, "axis": "x", "origin": [0, 0, 0] }, 
            "faces": {
                "north": { "uv": [ 12.5, 0.375, 12.625, 1 ], "texture": "#main" }, 
                "east":  { "uv": [ 8, 0, 8, 1.25 ], "texture": "#main" }, 
                "south": { "uv": [ 12.5, 0.375, 12.625, 1 ], "texture": "#main" }, 
                "west":  { "uv": [ 8, 0, 8, 1.25 ], "texture": "#main" }, 
                "up":    { "uv": [ 12.5, 0.375, 12.625, 1 ], "texture": "#main" }, 
                "down":  { "uv": [ 12.5, 0.375, 12.625, 1 ], "texture": "#main" }
            }
        }, 
        {
            "name": "head", 
            "from": [ 6, 10, 2 ], 
            "to":   [ 10, 14, 5 ], 
            "faces": {
                "north": { "uv": [ 0.375, 8.375, 0.875, 8.875 ], "texture": "#main" }, 
                "east":  { "uv": [ 0, 8.375, 0.375, 8.875 ], "texture": "#main" }, 
                "south": { "uv": [ 1.25, 8.375, 1.75, 8.875 ], "texture": "#main" }, 
                "west":  { "uv": [ 0.875, 8.375, 1.25, 8.875 ], "texture": "#main" }, 
                "up":    { "uv": [ 0.875, 8.375, 0.375, 8 ], "texture": "#main" }, 
                "down":  { "uv": [ 0.875, 8, 1.375, 8.375 ], "texture": "#main" }
            }
        }, 
        {
            "name": "beak", 
            "from": [ 6, 10, 0 ], 
            "to":   [ 10, 12, 2 ], 
            "faces": {
                "north": { "uv": [ 2, 8.25, 2.5, 8.5 ], "texture": "#main" }, 
                "east":  { "uv": [ 1.75, 8.25, 2.125, 8.5 ], "texture": "#main" }, 
                "south": { "uv": [ 2.75, 8.25, 3.25, 8.5 ], "texture": "#main" }, 
                "west":  { "uv": [ 2.375, 8.25, 2.75, 8.5 ], "texture": "#main" }, 
                "up":    { "uv": [ 2, 8.25, 2.5, 8 ], "texture": "#main" }, 
                "down":  { "uv": [ 2.5, 8, 3, 8.25 ], "texture": "#main" }
            }
        }, 
        {
            "name": "nech", 
            "from": [ 7, 9, 3 ], 
            "to":   [ 9, 10, 4 ], 
            "faces": {
                "north": { "uv": [ 0.125, 8.75, 0.375, 8.875 ], "texture": "#main" }, 
                "east":  { "uv": [ 0.25, 8.875, 0.375, 9 ], "texture": "#main" }, 
                "south": { "uv": [ 2.25, 8.875, 2.375, 9 ], "texture": "#main" }, 
                "west":  { "uv": [ 0.25, 8.875, 0.375, 9 ], "texture": "#main" }, 
                "up":    { "uv": [ 2, 8.75, 2.125, 8.875 ], "texture": "#main" }, 
                "down":  { "uv": [ 0.125, 8.75, 0.375, 8.875 ], "texture": "#main" }
            }
        }, 
        {
            "name": "torso", 
            "from": [ 5, 4, 4 ], 
            "to":   [ 11, 10, 12 ], 
            "faces": {
                "north": { "uv": [ 0.75, 9.125, 1.5, 9.875 ], "texture": "#main" }, 
                "east":  { "uv": [ 1.25, 9.875, 2.25, 10.625 ], "texture": "#main" }, 
                "south": { "uv": [ 1.5, 9.125, 2.25, 9.875 ], "texture": "#main" }, 
                "west":  { "uv": [ 0, 9.875, 1, 10.625 ], "texture": "#main" }, 
                "up":    { "uv": [ 2.25, 9.875, 3, 10.875 ], "texture": "#main" }, 
                "down":  { "uv": [ 0.75, 9.875, 1.5, 10.875 ], "texture": "#main" }
            }
        }, 
        {
            "name": "left_wing", 
            "from": [ 4, 6, 5 ], 
            "to":   [ 5, 10, 11 ], 
            "faces": {
                "north": { "uv": [ 3.75, 10.375, 3.875, 10.875 ], "texture": "#main" }, 
                "east":  { "uv": [ 3, 10.375, 3.875, 10.875 ], "texture": "#main" }, 
                "south": { "uv": [ 3, 10.375, 3.125, 10.875 ], "texture": "#main" }, 
                "west":  { "uv": [ 3.875, 10.375, 4.75, 10.875 ], "texture": "#main" }, 
                "up":    { "uv": [ 3.75, 10.3125, 3.875, 9.625 ], "texture": "#main" }, 
                "down":  { "uv": [ 3.875, 9.625, 4, 10.375 ], "texture": "#main" }
            }
        }, 
        {
            "name": "right_wing", 
            "from": [ 11, 6, 5 ], 
            "to":   [ 12, 10, 11 ], 
            "faces": {
                "north": { "uv": [ 3.75, 10.375, 3.875, 10.875 ], "texture": "#main" }, 
                "east":  { "uv": [ 3, 10.375, 3.875, 10.875 ], "texture": "#main" }, 
                "south": { "uv": [ 3, 10.375, 3.125, 10.875 ], "texture": "#main" }, 
                "west":  { "uv": [ 3.875, 10.375, 4.75, 10.875 ], "texture": "#main" }, 
                "up":    { "uv": [ 3.75, 10.375, 3.875, 9.625 ], "texture": "#main" }, 
                "down":  { "uv": [ 3.875, 9.625, 4, 10.375 ], "texture": "#main" }
            }
        }, 
        {
            "name": "foot", 
            "from": [ 5, -3, 7 ], 
            "to":   [ 8, -3, 9 ], 
            "rotation": { "angle": -22.5, "axis": "x", "origin": [0, 0, 0] }, 
            "faces": {
                "north": { "uv": [ 0, 8, 1.5, 8 ], "texture": "#main" }, 
                "east":  { "uv": [ 0, 8, 1, 8 ], "texture": "#main" }, 
                "south": { "uv": [ 0, 8, 1.5, 8 ], "texture": "#main" }, 
                "west":  { "uv": [ 0, 8, 1, 8 ], "texture": "#main" }, 
                "up":    { "uv": [ 4, 8.125, 4.375, 8.375 ], "texture": "#main" }, 
                "down":  { "uv": [ 4, 8.125, 4.375, 8.375 ], "texture": "#main" }
            }
        }, 
        {
            "name": "foot1", 
            "from": [ 6, -3, 9 ], 
            "to":   [ 7, -3, 10 ], 
            "rotation": { "angle": -22.5, "axis": "x", "origin": [0, 0, 0] }, 
            "faces": {
                "north": { "uv": [ 0, 8, 0.5, 8 ], "texture": "#main" }, 
                "east":  { "uv": [ 0, 8, 0.5, 8 ], "texture": "#main" }, 
                "south": { "uv": [ 0, 8, 0.5, 8 ], "texture": "#main" }, 
                "west":  { "uv": [ 0, 8, 0.5, 8 ], "texture": "#main" }, 
                "up":    { "uv": [ 4.125, 8, 4.25, 8.125 ], "texture": "#main" }, 
                "down":  { "uv": [ 4.125, 8, 4.25, 8.125 ], "texture": "#main" }
            }
        }, 
        {
            "name": "leg", 
            "from": [ 6, -3, 10 ], 
            "to":   [ 7, 2, 10 ], 
            "rotation": { "angle": -22.5, "axis": "x", "origin": [0, 0, 0] }, 
            "faces": {
                "north": { "uv": [ 4.5, 8.375, 4.625, 9 ], "texture": "#main" }, 
                "east":  { "uv": [ 0, 8, 0, 9.25 ], "texture": "#main" }, 
                "south": { "uv": [ 4.5, 8.375, 4.625, 9 ], "texture": "#main" }, 
                "west":  { "uv": [ 0, 8, 0, 9.25 ], "texture": "#main" }, 
                "up":    { "uv": [ 4.5, 9, 4.625, 8.375 ], "texture": "#main" }, 
                "down":  { "uv": [ 4.5, 8.375, 4.625, 9 ], "texture": "#main" }
            }
        }, 
        {
            "name": "foot", 
            "from": [ 8, 3, 3 ], 
            "to":   [ 11, 3, 5 ], 
            "rotation": { "angle": 22.5, "axis": "x", "origin": [0, 0, 0] }, 
            "faces": {
                "north": { "uv": [ 0, 8, 1.5, 8 ], "texture": "#main" }, 
                "east":  { "uv": [ 0, 8, 1, 8 ], "texture": "#main" }, 
                "south": { "uv": [ 0, 8, 1.5, 8 ], "texture": "#main" }, 
                "west":  { "uv": [ 0, 8, 1, 8 ], "texture": "#main" }, 
                "up":    { "uv": [ 4, 8.125, 4.375, 8.375 ], "texture": "#main" }, 
                "down":  { "uv": [ 4, 8.125, 4.375, 8.375 ], "texture": "#main" }
            }
        }, 
        {
            "name": "foot1", 
            "from": [ 9, 3, 5 ], 
            "to":   [ 10, 3, 6 ], 
            "rotation": { "angle": 22.5, "axis": "x", "origin": [0, 0, 0] }, 
            "faces": {
                "north": { "uv": [ 0, 8, 0.5, 8 ], "texture": "#main" }, 
                "east":  { "uv": [ 0, 8, 0.5, 8 ], "texture": "#main" }, 
                "south": { "uv": [ 0, 8, 0.5, 8 ], "texture": "#main" }, 
                "west":  { "uv": [ 0, 8, 0.5, 8 ], "texture": "#main" }, 
                "up":    { "uv": [ 4.125, 8, 4.25, 8.125 ], "texture": "#main" }, 
                "down":  { "uv": [ 4.125, 8, 4.25, 8.125 ], "texture": "#main" }
            }
        }, 
        {
            "name": "leg", 
            "from": [ 9, 3, 6 ], 
            "to":   [ 10, 8, 6 ], 
            "rotation": { "angle": 22.5, "axis": "x", "origin": [0, 0, 0] }, 
            "faces": {
                "north": { "uv": [ 4.5, 8.375, 4.625, 9 ], "texture": "#main" }, 
                "east":  { "uv": [ 0, 8, 0, 9.25 ], "texture": "#main" }, 
                "south": { "uv": [ 4.5, 8.375, 4.625, 9 ], "texture": "#main" }, 
                "west":  { "uv": [ 0, 8, 0, 9.25 ], "texture": "#main" }, 
                "up":    { "uv": [ 4.5, 8.375, 4.625, 9 ], "texture": "#main" }, 
                "down":  { "uv": [ 4.5, 8.375, 4.625, 9 ], "texture": "#main" }
            }
        }, 
        {
            "name": "head", 
            "from": [ 6, 10, 2 ], 
            "to":   [ 10, 14, 5 ], 
            "faces": {
                "north": { "uv": [ 8.375, 8.375, 8.875, 8.875 ], "texture": "#main" }, 
                "east":  { "uv": [ 8, 8.375, 8.375, 8.875 ], "texture": "#main" }, 
                "south": { "uv": [ 9.25, 8.375, 9.75, 8.875 ], "texture": "#main" }, 
                "west":  { "uv": [ 8.875, 8.375, 9.25, 8.875 ], "texture": "#main" }, 
                "up":    { "uv": [ 8.875, 8.375, 8.375, 8 ], "texture": "#main" }, 
                "down":  { "uv": [ 8.875, 8, 9.375, 8.375 ], "texture": "#main" }
            }
        }, 
        {
            "name": "beak", 
            "from": [ 6, 10, 0 ], 
            "to":   [ 10, 12, 2 ], 
            "faces": {
                "north": { "uv": [ 10, 8.25, 10.5, 8.5 ], "texture": "#main" }, 
                "east":  { "uv": [ 9.75, 8.25, 10.125, 8.5 ], "texture": "#main" }, 
                "south": { "uv": [ 10.75, 8.25, 11.25, 8.5 ], "texture": "#main" }, 
                "west":  { "uv": [ 10.375, 8.25, 10.75, 8.5 ], "texture": "#main" }, 
                "up":    { "uv": [ 10, 8.25, 10.5, 8 ], "texture": "#main" }, 
                "down":  { "uv": [ 10.5, 8, 11, 8.25 ], "texture": "#main" }
            }
        }, 
        {
            "name": "nech", 
            "from": [ 7, 9, 3 ], 
            "to":   [ 9, 10, 4 ], 
            "faces": {
                "north": { "uv": [ 8.125, 8.75, 8.375, 8.875 ], "texture": "#main" }, 
                "east":  { "uv": [ 8.25, 8.875, 8.375, 9 ], "texture": "#main" }, 
                "south": { "uv": [ 10.25, 8.875, 10.375, 9 ], "texture": "#main" }, 
                "west":  { "uv": [ 8.25, 8.875, 8.375, 9 ], "texture": "#main" }, 
                "up":    { "uv": [ 10, 8.75, 10.125, 8.875 ], "texture": "#main" }, 
                "down":  { "uv": [ 8.125, 8.75, 8.375, 8.875 ], "texture": "#main" }
            }
        }, 
        {
            "name": "torso", 
            "from": [ 5, 4, 4 ], 
            "to":   [ 11, 10, 12 ], 
            "faces": {
                "north": { "uv": [ 8.75, 9.125, 9.5, 9.875 ], "texture": "#main" }, 
                "east":  { "uv": [ 9.25, 9.875, 10.25, 10.625 ], "texture": "#main" }, 
                "south": { "uv": [ 9.5, 9.125, 10.25, 9.875 ], "texture": "#main" }, 
                "west":  { "uv": [ 8, 9.875, 9, 10.625 ], "texture": "#main" }, 
                "up":    { "uv": [ 10.25, 9.875, 11, 10.875 ], "texture": "#main" }, 
                "down":  { "uv": [ 8.75, 9.875, 9.5, 10.875 ], "texture": "#main" }
            }
        }, 
        {
            "name": "left_wing", 
            "from": [ 4, 6, 5 ], 
            "to":   [ 5, 10, 11 ], 
            "faces": {
                "north": { "uv": [ 11.75, 10.375, 11.875, 10.875 ], "texture": "#main" }, 
                "east":  { "uv": [ 11, 10.375, 11.875, 10.875 ], "texture": "#main" }, 
                "south": { "uv": [ 11, 10.375, 11.125, 10.875 ], "texture": "#main" }, 
                "west":  { "uv": [ 11.875, 10.375, 12.75, 10.875 ], "texture": "#main" }, 
                "up":    { "uv": [ 11.75, 10.3125, 11.875, 9.625 ], "texture": "#main" }, 
                "down":  { "uv": [ 11.875, 9.625, 12, 10.375 ], "texture": "#main" }
            }
        }, 
        {
            "name": "right_wing", 
            "from": [ 11, 6, 5 ], 
            "to":   [ 12, 10, 11 ], 
            "faces": {
                "north": { "uv": [ 11.75, 10.375, 11.875, 10.875 ], "texture": "#main" }, 
                "east":  { "uv": [ 11, 10.375, 11.875, 10.875 ], "texture": "#main" }, 
                "south": { "uv": [ 11, 10.375, 11.125, 10.875 ], "texture": "#main" }, 
                "west":  { "uv": [ 11.875, 10.375, 12.75, 10.875 ], "texture": "#main" }, 
                "up":    { "uv": [ 11.75, 10.375, 11.875, 9.625 ], "texture": "#main" }, 
                "down":  { "uv": [ 11.875, 9.625, 12, 10.375 ], "texture": "#main" }
            }
        }, 
        {
            "name": "foot", 
            "from": [ 5, -3, 7 ], 
            "to":   [ 8, -3, 9 ], 
            "rotation": { "angle": -22.5, "axis": "x", "origin": [0, 0, 0] }, 
            "faces": {
                "north": { "uv": [ 8, 8, 9.5, 8 ], "texture": "#main" }, 
                "east":  { "uv": [ 8, 8, 9, 8 ], "texture": "#main" }, 
                "south": { "uv": [ 8, 8, 9.5, 8 ], "texture": "#main" }, 
                "west":  { "uv": [ 8, 8, 9, 8 ], "texture": "#main" }, 
                "up":    { "uv": [ 12, 8.125, 12.375, 8.375 ], "texture": "#main" }, 
                "down":  { "uv": [ 12, 8.125, 12.375, 8.375 ], "texture": "#main" }
            }
        }, 
        {
            "name": "foot1", 
            "from": [ 6, -3, 9 ], 
            "to":   [ 7, -3, 10 ], 
            "rotation": { "angle": -22.5, "axis": "x", "origin": [0, 0, 0] }, 
            "faces": {
                "north": { "uv": [ 8, 8, 8.5, 8 ], "texture": "#main" }, 
                "east":  { "uv": [ 8, 8, 8.5, 8 ], "texture": "#main" }, 
                "south": { "uv": [ 8, 8, 8.5, 8 ], "texture": "#main" }, 
                "west":  { "uv": [ 8, 8, 8.5, 8 ], "texture": "#main" }, 
                "up":    { "uv": [ 12.125, 8, 12.25, 8.125 ], "texture": "#main" }, 
                "down":  { "uv": [ 12.125, 8, 12.25, 8.125 ], "texture": "#main" }
            }
        }, 
        {
            "name": "leg", 
            "from": [ 6, -3, 10 ], 
            "to":   [ 7, 2, 10 ], 
            "rotation": { "angle": -22.5, "axis": "x", "origin": [0, 0, 0] }, 
            "faces": {
                "north": { "uv": [ 12.5, 8.375, 12.625, 9 ], "texture": "#main" }, 
                "east":  { "uv": [ 8, 8, 8, 9.25 ], "texture": "#main" }, 
                "south": { "uv": [ 12.5, 8.375, 12.625, 9 ], "texture": "#main" }, 
                "west":  { "uv": [ 8, 8, 8, 9.25 ], "texture": "#main" }, 
                "up":    { "uv": [ 12.5, 9, 12.625, 8.375 ], "texture": "#main" }, 
                "down":  { "uv": [ 12.5, 8.375, 12.625, 9 ], "texture": "#main" }
            }
        }, 
        {
            "name": "foot", 
            "from": [ 8, 0, 6 ], 
            "to":   [ 11, 0, 8 ], 
            "faces": {
                "north": { "uv": [ 8, 8, 9.5, 8 ], "texture": "#main" }, 
                "east":  { "uv": [ 8, 8, 9, 8 ], "texture": "#main" }, 
                "south": { "uv": [ 8, 8, 9.5, 8 ], "texture": "#main" }, 
                "west":  { "uv": [ 8, 8, 9, 8 ], "texture": "#main" }, 
                "up":    { "uv": [ 12, 8.125, 12.375, 8.375 ], "texture": "#main" }, 
                "down":  { "uv": [ 12, 8.125, 12.375, 8.375 ], "texture": "#main" }
            }
        }, 
        {
            "name": "foot1", 
            "from": [ 9, 0, 8 ], 
            "to":   [ 10, 0, 9 ], 
            "faces": {
                "north": { "uv": [ 8, 8, 8.5, 8 ], "texture": "#main" }, 
                "east":  { "uv": [ 8, 8, 8.5, 8 ], "texture": "#main" }, 
                "south": { "uv": [ 8, 8, 8.5, 8 ], "texture": "#main" }, 
                "west":  { "uv": [ 8, 8, 8.5, 8 ], "texture": "#main" }, 
                "up":    { "uv": [ 12.125, 8, 12.25, 8.125 ], "texture": "#main" }, 
                "down":  { "uv": [ 12.125, 8, 12.25, 8.125 ], "texture": "#main" }
            }
        }, 
        {
            "name": "leg", 
            "from": [ 9, 0, 9 ], 
            "to":   [ 10, 5, 9 ], 
            "faces": {
                "north": { "uv": [ 12.5, 8.375, 12.625, 9 ], "texture": "#main" }, 
                "east":  { "uv": [ 8, 8, 8, 9.25 ], "texture": "#main" }, 
                "south": { "uv": [ 12.5, 8.375, 12.625, 9 ], "texture": "#main" }, 
                "west":  { "uv": [ 8, 8, 8, 9.25 ], "texture": "#main" }, 
                "up":    { "uv": [ 12.5, 8.375, 12.625, 9 ], "texture": "#main" }, 
                "down":  { "uv": [ 12.5, 8.375, 12.625, 9 ], "texture": "#main" }
            }
        }
    ], 
    "display": {
        "thirdperson_righthand": {
            "rotation": [ 70, 0, 0 ], 
            "translation": [ 0.5, -3, 1 ]
        }, 
        "thirdperson_lefthand": {
            "rotation": [ 66, 0, 0 ], 
            "translation": [ 0, -3.5, 1 ]
        }, 
        "firstperson_righthand": {
            "translation": [ 0.25, 0, 2.5 ]
        }, 
        "firstperson_lefthand": {
            "translation": [ 0.25, 0, 2.5 ]
        }, 
        "ground": {
            "translation": [ 0, 4.25, 0 ]
        }, 
        "gui": {
            "rotation": [ 0, 69.75, 0 ]
        }, 
        "head": {
            "translation": [ 0, -25, 0 ], 
            "scale": [ 2.5, 2.5, 2.5 ]
        }, 
        "fixed": {
            "translation": [ 0, 0, 2 ]
        }
    }, 
    "groups": [
        {
            "name": "duck", 
            "origin": [
                8, 
                8, 
                8
            ], 
            "color": 0, 
            "children": [
                {
                    "name": "head", 
                    "origin": [
                        8, 
                        8, 
                        8
                    ], 
                    "color": 0, 
                    "children": [
                        0, 
                        1, 
                        2
                    ]
                }, 
                {
                    "name": "body", 
                    "origin": [
                        0, 
                        0, 
                        0
                    ], 
                    "color": 0, 
                    "children": [
                        3, 
                        4, 
                        5
                    ]
                }, 
                {
                    "name": "legs", 
                    "origin": [
                        0, 
                        0, 
                        0
                    ], 
                    "color": 0, 
                    "children": [
                        {
                            "name": "left", 
                            "origin": [
                                0, 
                                0, 
                                0
                            ], 
                            "color": 0, 
                            "children": [
                                6, 
                                7, 
                                8
                            ]
                        }, 
                        {
                            "name": "right", 
                            "origin": [
                                0, 
                                0, 
                                0
                            ], 
                            "color": 0, 
                            "children": [
                                9, 
                                10, 
                                11
                            ]
                        }
                    ]
                }
            ]
        }
    ], 
    "__comment": "Model animated using Fizzy's model animator - http://fizzy81.github.io/animated-models/"
}