{
	"credit": "Made with Blockbench",
	"parent": "item",
	"textures": {
		"1": "item/duck/hurt_tint"
	},
	"elements": [
		{
			"name": "head",
			"from": [6, 1, 6],
			"to": [10, 5, 9],
			"rotation": {"angle": -45, "axis": "x", "origin": [0, 0, 0]},
			"faces": {
				"north": {"uv": [0, 9, 2, 11], "texture": "#1"},
				"east": {"uv": [8, 9, 9.5, 11], "texture": "#1"},
				"south": {"uv": [6, 9, 8, 11], "texture": "#1"},
				"west": {"uv": [9.5, 9, 11, 11], "texture": "#1"},
				"up": {"uv": [12, 1.5, 10, 0], "texture": "#1"},
				"down": {"uv": [12, 1.5, 10, 3], "texture": "#1"}
			}
		},
		{
			"name": "beak",
			"from": [6, 1, 4],
			"to": [10, 3, 6],
			"rotation": {"angle": -45, "axis": "x", "origin": [0, 0, 0]},
			"faces": {
				"north": {"uv": [2, 10, 4, 11], "texture": "#1"},
				"east": {"uv": [3, 6, 4, 7], "texture": "#1"},
				"south": {"uv": [10, 3, 12, 4], "texture": "#1"},
				"west": {"uv": [3, 7, 4, 8], "texture": "#1"},
				"up": {"uv": [6, 11, 4, 10], "texture": "#1"},
				"down": {"uv": [12, 4, 10, 5], "texture": "#1"}
			}
		},
		{
			"name": "nech",
			"from": [7, 3, 7],
			"to": [9, 4, 8],
			"rotation": {"angle": -45, "axis": "x", "origin": [0, 0, 0]},
			"faces": {
				"north": {"uv": [6, 8, 7, 8.5], "texture": "#1"},
				"east": {"uv": [11, 7.5, 11.5, 8], "texture": "#1"},
				"south": {"uv": [6, 8.5, 7, 9], "texture": "#1"},
				"west": {"uv": [9, 11, 9.5, 11.5], "texture": "#1"},
				"up": {"uv": [3, 9.5, 2, 9], "texture": "#1"},
				"down": {"uv": [3, 9.5, 2, 10], "texture": "#1"}
			}
		},
		{
			"name": "torso",
			"from": [5, 1, 4],
			"to": [11, 7, 12],
			"faces": {
				"north": {"uv": [0, 6, 3, 9], "texture": "#1"},
				"east": {"uv": [0, 0, 4, 3], "texture": "#1"},
				"south": {"uv": [7, 0, 10, 3], "texture": "#1"},
				"west": {"uv": [0, 3, 4, 6], "texture": "#1"},
				"up": {"uv": [7, 4, 4, 0], "texture": "#1"},
				"down": {"uv": [7, 4, 4, 8], "texture": "#1"}
			}
		},
		{
			"name": "left_wing",
			"from": [2, 3, 5],
			"to": [3, 7, 11],
			"rotation": {"angle": -22.5, "axis": "z", "origin": [0, 0, 0]},
			"faces": {
				"north": {"uv": [7, 11, 7.5, 13], "texture": "#1"},
				"east": {"uv": [7, 3, 10, 5], "texture": "#1"},
				"south": {"uv": [7.5, 11, 8, 13], "texture": "#1"},
				"west": {"uv": [7, 5, 10, 7], "texture": "#1"},
				"up": {"uv": [10.5, 8, 10, 5], "texture": "#1"},
				"down": {"uv": [11, 5, 10.5, 8], "texture": "#1"}
			}
		},
		{
			"name": "right_wing",
			"from": [12, -3, 5],
			"to": [13, 1, 11],
			"rotation": {"angle": 22.5, "axis": "z", "origin": [0, 0, 0]},
			"faces": {
				"north": {"uv": [8, 11, 8.5, 13], "texture": "#1"},
				"east": {"uv": [7, 7, 10, 9], "texture": "#1"},
				"south": {"uv": [8.5, 11, 9, 13], "texture": "#1"},
				"west": {"uv": [3, 8, 6, 10], "texture": "#1"},
				"up": {"uv": [0.5, 14, 0, 11], "texture": "#1"},
				"down": {"uv": [1, 11, 0.5, 14], "texture": "#1"}
			}
		},
		{
			"name": "foot",
			"from": [1, 2, 4],
			"to": [4, 4, 4],
			"rotation": {"angle": 22.5, "axis": "y", "origin": [0, 0, 0]},
			"faces": {
				"north": {"uv": [2.5, 11, 1, 12], "rotation": 180, "texture": "#1"},
				"east": {"uv": [0, 0, 1, 0], "rotation": 270, "texture": "#1"},
				"south": {"uv": [11.5, 9, 10, 8], "texture": "#1"},
				"west": {"uv": [0, 0, 1, 0], "rotation": 90, "texture": "#1"},
				"up": {"uv": [0, 0, 1.5, 0], "rotation": 180, "texture": "#1"},
				"down": {"uv": [0, 0, 1.5, 0], "texture": "#1"}
			}
		},
		{
			"name": "foot1",
			"from": [2, 1, 4],
			"to": [3, 2, 4],
			"rotation": {"angle": 22.5, "axis": "y", "origin": [0, 0, 0]},
			"faces": {
				"north": {"uv": [10, 11, 9.5, 11.5], "rotation": 180, "texture": "#1"},
				"east": {"uv": [0, 0, 0.5, 0], "rotation": 270, "texture": "#1"},
				"south": {"uv": [11.5, 9.5, 11, 9], "texture": "#1"},
				"west": {"uv": [0, 0, 0.5, 0], "rotation": 90, "texture": "#1"},
				"up": {"uv": [0, 0, 0.5, 0], "rotation": 180, "texture": "#1"},
				"down": {"uv": [0, 0, 0.5, 0], "texture": "#1"}
			}
		},
		{
			"name": "leg",
			"from": [2, 1, 4],
			"to": [3, 1, 9],
			"rotation": {"angle": 22.5, "axis": "y", "origin": [0, 0, 0]},
			"faces": {
				"north": {"uv": [0.5, 0, 0, 0], "rotation": 180, "texture": "#1"},
				"east": {"uv": [0, 0, 0, 2.5], "rotation": 270, "texture": "#1"},
				"south": {"uv": [0.5, 0, 0, 0], "texture": "#1"},
				"west": {"uv": [0, 0, 0, 2.5], "rotation": 90, "texture": "#1"},
				"up": {"uv": [11, 5, 11.5, 7.5], "rotation": 180, "texture": "#1"},
				"down": {"uv": [5.5, 11, 6, 13.5], "texture": "#1"}
			}
		},
		{
			"name": "foot",
			"from": [10, 2, -2],
			"to": [13, 4, -2],
			"rotation": {"angle": -22.5, "axis": "y", "origin": [0, 0, 0]},
			"faces": {
				"north": {"uv": [5.5, 11, 4, 12], "rotation": 180, "texture": "#1"},
				"east": {"uv": [0, 0, 1, 0], "rotation": 270, "texture": "#1"},
				"south": {"uv": [4, 12, 2.5, 11], "texture": "#1"},
				"west": {"uv": [0, 0, 1, 0], "rotation": 90, "texture": "#1"},
				"up": {"uv": [0, 0, 1.5, 0], "rotation": 180, "texture": "#1"},
				"down": {"uv": [0, 0, 1.5, 0], "texture": "#1"}
			}
		},
		{
			"name": "foot1",
			"from": [11, 1, -2],
			"to": [12, 2, -2],
			"rotation": {"angle": -22.5, "axis": "y", "origin": [0, 0, 0]},
			"faces": {
				"north": {"uv": [10.5, 11, 10, 11.5], "rotation": 180, "texture": "#1"},
				"east": {"uv": [0, 0, 0.5, 0], "rotation": 270, "texture": "#1"},
				"south": {"uv": [11.5, 10, 11, 9.5], "texture": "#1"},
				"west": {"uv": [0, 0, 0.5, 0], "rotation": 90, "texture": "#1"},
				"up": {"uv": [0, 0, 0.5, 0], "rotation": 180, "texture": "#1"},
				"down": {"uv": [0, 0, 0.5, 0], "texture": "#1"}
			}
		},
		{
			"name": "leg",
			"from": [11, 1, -2],
			"to": [12, 1, 3],
			"rotation": {"angle": -22.5, "axis": "y", "origin": [0, 0, 0]},
			"faces": {
				"north": {"uv": [0.5, 0, 0, 0], "rotation": 180, "texture": "#1"},
				"east": {"uv": [0, 0, 0, 2.5], "rotation": 270, "texture": "#1"},
				"south": {"uv": [0.5, 0, 0, 0], "texture": "#1"},
				"west": {"uv": [0, 0, 0, 2.5], "rotation": 90, "texture": "#1"},
				"up": {"uv": [6, 11, 6.5, 13.5], "rotation": 180, "texture": "#1"},
				"down": {"uv": [6.5, 11, 7, 13.5], "texture": "#1"}
			}
		}
	],
	"display": {
		"thirdperson_righthand": {
			"rotation": [70, 0, 0],
			"translation": [0.5, -3, 1]
		},
		"thirdperson_lefthand": {
			"rotation": [66, 0, 0],
			"translation": [0, -3.5, 1]
		},
		"firstperson_righthand": {
			"translation": [0.25, 0, 2.5]
		},
		"firstperson_lefthand": {
			"translation": [0.25, 0, 2.5]
		},
		"ground": {
			"translation": [0, 4.25, 0]
		},
		"gui": {
			"rotation": [0, 69.75, 0]
		},
		"head": {
			"translation": [0, -26.5, 0],
			"scale": [1.5, 1.5, 1.5]
		},
		"fixed": {
			"translation": [0, 0, 2]
		}
	},
	"groups": [
		{
			"name": "duck_baby_death",
			"origin": [8, 8, 8],
			"color": 0,
			"children": [
				{
					"name": "duck",
					"origin": [8, 8, 8],
					"color": 0,
					"children": [
						{
							"name": "head",
							"origin": [8, 8, 8],
							"color": 0,
							"children": [0, 1, 2]
						},
						{
							"name": "body",
							"origin": [0, 0, 0],
							"color": 0,
							"children": [3, 4, 5]
						},
						{
							"name": "legs",
							"origin": [0, 0, 0],
							"color": 0,
							"children": [
								{
									"name": "left",
									"origin": [0, 0, 0],
									"color": 0,
									"children": [6, 7, 8]
								},
								{
									"name": "right",
									"origin": [0, 0, 0],
									"color": 0,
									"children": [9, 10, 11]
								}
							]
						}
					]
				}
			]
		}
	]
}