{
	"credit": "Made with Blockbench",
	"textures": {
		"main": "item/duck/duck_flying"
	},
	"elements": [
		{
			"name": "head",
			"from": [6, 10, 2],
			"to": [10, 14, 5],
			"faces": {
				"north": {"uv": [4.1875, 0.1875, 4.4375, 0.4375], "texture": "#main"},
				"east": {"uv": [4, 0.1875, 4.1875, 0.4375], "texture": "#main"},
				"south": {"uv": [4.625, 0.1875, 4.875, 0.4375], "texture": "#main"},
				"west": {"uv": [4.4375, 0.1875, 4.625, 0.4375], "texture": "#main"},
				"up": {"uv": [4.4375, 0.1875, 4.1875, 0], "texture": "#main"},
				"down": {"uv": [4.4375, 0, 4.6875, 0.1875], "texture": "#main"}
			}
		},
		{
			"name": "beak",
			"from": [6, 10, 0],
			"to": [10, 12, 2],
			"faces": {
				"north": {"uv": [5, 0.125, 5.25, 0.25], "texture": "#main"},
				"east": {"uv": [4.875, 0.125, 5.0625, 0.25], "texture": "#main"},
				"south": {"uv": [5.375, 0.125, 5.625, 0.25], "texture": "#main"},
				"west": {"uv": [5.1875, 0.125, 5.375, 0.25], "texture": "#main"},
				"up": {"uv": [5, 0.125, 5.25, 0], "texture": "#main"},
				"down": {"uv": [5.25, 0, 5.5, 0.125], "texture": "#main"}
			}
		},
		{
			"name": "nech",
			"from": [7, 9, 3],
			"to": [9, 10, 4],
			"faces": {
				"north": {"uv": [4.0625, 0.375, 4.1875, 0.4375], "texture": "#main"},
				"east": {"uv": [4.125, 0.4375, 4.1875, 0.5], "texture": "#main"},
				"south": {"uv": [5.125, 0.4375, 5.1875, 0.5], "texture": "#main"},
				"west": {"uv": [4.125, 0.4375, 4.1875, 0.5], "texture": "#main"},
				"up": {"uv": [5, 0.375, 5.0625, 0.4375], "texture": "#main"},
				"down": {"uv": [4.0625, 0.375, 4.1875, 0.4375], "texture": "#main"}
			}
		},
		{
			"name": "torso",
			"from": [5, 4, 4],
			"to": [11, 10, 12],
			"faces": {
				"north": {"uv": [4.375, 0.5625, 4.75, 0.9375], "texture": "#main"},
				"east": {"uv": [4.625, 0.9375, 5.125, 1.3125], "texture": "#main"},
				"south": {"uv": [4.75, 0.5625, 5.125, 0.9375], "texture": "#main"},
				"west": {"uv": [4, 0.9375, 4.5, 1.3125], "texture": "#main"},
				"up": {"uv": [5.125, 0.9375, 5.5, 1.4375], "texture": "#main"},
				"down": {"uv": [4.375, 0.9375, 4.75, 1.4375], "texture": "#main"}
			}
		},
		{
			"name": "left_wing",
			"from": [4, 6, 5],
			"to": [8, 7, 11],
			"rotation": {"angle": 22.5, "axis": "z", "origin": [0, 0, 0]},
			"faces": {
				"north": {"uv": [5.875, 1.1875, 5.9375, 1.4375], "rotation": 270, "texture": "#main"},
				"east": {"uv": [5.875, 1.15625, 5.9375, 0.8125], "rotation": 90, "texture": "#main"},
				"south": {"uv": [5.5, 1.1875, 5.5625, 1.4375], "rotation": 90, "texture": "#main"},
				"west": {"uv": [5.9375, 0.8125, 6, 1.1875], "rotation": 90, "texture": "#main"},
				"up": {"uv": [5.9375, 1.1875, 6.375, 1.4375], "rotation": 90, "texture": "#main"},
				"down": {"uv": [5.5, 1.1875, 5.9375, 1.4375], "rotation": 90, "texture": "#main"}
			}
		},
		{
			"name": "right_wing",
			"from": [7, 12, 5],
			"to": [11, 13, 11],
			"rotation": {"angle": -22.5, "axis": "z", "origin": [0, 0, 0]},
			"faces": {
				"north": {"uv": [5.875, 1.1875, 5.9375, 1.4375], "rotation": 90, "texture": "#main"},
				"east": {"uv": [5.9375, 0.8125, 6, 1.1875], "rotation": 270, "texture": "#main"},
				"south": {"uv": [5.5, 1.1875, 5.5625, 1.4375], "rotation": 270, "texture": "#main"},
				"west": {"uv": [5.875, 1.1875, 5.9375, 0.8125], "rotation": 270, "texture": "#main"},
				"up": {"uv": [5.5, 1.1875, 5.9375, 1.4375], "rotation": 270, "texture": "#main"},
				"down": {"uv": [5.9375, 1.1875, 6.375, 1.4375], "rotation": 270, "texture": "#main"}
			}
		},
		{
			"name": "foot",
			"from": [5, 0, 6],
			"to": [8, 0, 8],
			"faces": {
				"north": {"uv": [4, 0, 4.75, 0], "texture": "#main"},
				"east": {"uv": [4, 0, 4.5, 0], "texture": "#main"},
				"south": {"uv": [4, 0, 4.75, 0], "texture": "#main"},
				"west": {"uv": [4, 0, 4.5, 0], "texture": "#main"},
				"up": {"uv": [6, 0.0625, 6.1875, 0.1875], "texture": "#main"},
				"down": {"uv": [6, 0.0625, 6.1875, 0.1875], "texture": "#main"}
			}
		},
		{
			"name": "foot1",
			"from": [6, 0, 8],
			"to": [7, 0, 9],
			"faces": {
				"north": {"uv": [4, 0, 4.25, 0], "texture": "#main"},
				"east": {"uv": [4, 0, 4.25, 0], "texture": "#main"},
				"south": {"uv": [4, 0, 4.25, 0], "texture": "#main"},
				"west": {"uv": [4, 0, 4.25, 0], "texture": "#main"},
				"up": {"uv": [6.0625, 0, 6.125, 0.0625], "texture": "#main"},
				"down": {"uv": [6.0625, 0, 6.125, 0.0625], "texture": "#main"}
			}
		},
		{
			"name": "leg",
			"from": [6, 0, 9],
			"to": [7, 5, 9],
			"faces": {
				"north": {"uv": [6.25, 0.1875, 6.3125, 0.5], "texture": "#main"},
				"east": {"uv": [4, 0, 4, 0.625], "texture": "#main"},
				"south": {"uv": [6.25, 0.1875, 6.3125, 0.5], "texture": "#main"},
				"west": {"uv": [4, 0, 4, 0.625], "texture": "#main"},
				"up": {"uv": [6.25, 0.5, 6.3125, 0.1875], "texture": "#main"},
				"down": {"uv": [6.25, 0.1875, 6.3125, 0.5], "texture": "#main"}
			}
		},
		{
			"name": "foot",
			"from": [8, 0, 6],
			"to": [11, 0, 8],
			"faces": {
				"north": {"uv": [4, 0, 4.75, 0], "texture": "#main"},
				"east": {"uv": [4, 0, 4.5, 0], "texture": "#main"},
				"south": {"uv": [4, 0, 4.75, 0], "texture": "#main"},
				"west": {"uv": [4, 0, 4.5, 0], "texture": "#main"},
				"up": {"uv": [6, 0.0625, 6.1875, 0.1875], "texture": "#main"},
				"down": {"uv": [6, 0.0625, 6.1875, 0.1875], "texture": "#main"}
			}
		},
		{
			"name": "foot1",
			"from": [9, 0, 8],
			"to": [10, 0, 9],
			"faces": {
				"north": {"uv": [4, 0, 4.25, 0], "texture": "#main"},
				"east": {"uv": [4, 0, 4.25, 0], "texture": "#main"},
				"south": {"uv": [4, 0, 4.25, 0], "texture": "#main"},
				"west": {"uv": [4, 0, 4.25, 0], "texture": "#main"},
				"up": {"uv": [6.0625, 0, 6.125, 0.0625], "texture": "#main"},
				"down": {"uv": [6.0625, 0, 6.125, 0.0625], "texture": "#main"}
			}
		},
		{
			"name": "leg",
			"from": [9, 0, 9],
			"to": [10, 5, 9],
			"faces": {
				"north": {"uv": [6.25, 0.1875, 6.3125, 0.5], "texture": "#main"},
				"east": {"uv": [4, 0, 4, 0.625], "texture": "#main"},
				"south": {"uv": [6.25, 0.1875, 6.3125, 0.5], "texture": "#main"},
				"west": {"uv": [4, 0, 4, 0.625], "texture": "#main"},
				"up": {"uv": [6.25, 0.1875, 6.3125, 0.5], "texture": "#main"},
				"down": {"uv": [6.25, 0.1875, 6.3125, 0.5], "texture": "#main"}
			}
		},
		{
			"name": "head",
			"from": [6, 10, 2],
			"to": [10, 14, 5],
			"faces": {
				"north": {"uv": [8.1875, 0.1875, 8.4375, 0.4375], "texture": "#main"},
				"east": {"uv": [8, 0.1875, 8.1875, 0.4375], "texture": "#main"},
				"south": {"uv": [8.625, 0.1875, 8.875, 0.4375], "texture": "#main"},
				"west": {"uv": [8.4375, 0.1875, 8.625, 0.4375], "texture": "#main"},
				"up": {"uv": [8.4375, 0.1875, 8.1875, 0], "texture": "#main"},
				"down": {"uv": [8.4375, 0, 8.6875, 0.1875], "texture": "#main"}
			}
		},
		{
			"name": "beak",
			"from": [6, 10, 0],
			"to": [10, 12, 2],
			"faces": {
				"north": {"uv": [9, 0.125, 9.25, 0.25], "texture": "#main"},
				"east": {"uv": [8.875, 0.125, 9.0625, 0.25], "texture": "#main"},
				"south": {"uv": [9.375, 0.125, 9.625, 0.25], "texture": "#main"},
				"west": {"uv": [9.1875, 0.125, 9.375, 0.25], "texture": "#main"},
				"up": {"uv": [9, 0.125, 9.25, 0], "texture": "#main"},
				"down": {"uv": [9.25, 0, 9.5, 0.125], "texture": "#main"}
			}
		},
		{
			"name": "nech",
			"from": [7, 9, 3],
			"to": [9, 10, 4],
			"faces": {
				"north": {"uv": [8.0625, 0.375, 8.1875, 0.4375], "texture": "#main"},
				"east": {"uv": [8.125, 0.4375, 8.1875, 0.5], "texture": "#main"},
				"south": {"uv": [9.125, 0.4375, 9.1875, 0.5], "texture": "#main"},
				"west": {"uv": [8.125, 0.4375, 8.1875, 0.5], "texture": "#main"},
				"up": {"uv": [9, 0.375, 9.0625, 0.4375], "texture": "#main"},
				"down": {"uv": [8.0625, 0.375, 8.1875, 0.4375], "texture": "#main"}
			}
		},
		{
			"name": "torso",
			"from": [5, 4, 4],
			"to": [11, 10, 12],
			"faces": {
				"north": {"uv": [8.375, 0.5625, 8.75, 0.9375], "texture": "#main"},
				"east": {"uv": [8.625, 0.9375, 9.125, 1.3125], "texture": "#main"},
				"south": {"uv": [8.75, 0.5625, 9.125, 0.9375], "texture": "#main"},
				"west": {"uv": [8, 0.9375, 8.5, 1.3125], "texture": "#main"},
				"up": {"uv": [9.125, 0.9375, 9.5, 1.4375], "texture": "#main"},
				"down": {"uv": [8.375, 0.9375, 8.75, 1.4375], "texture": "#main"}
			}
		},
		{
			"name": "left_wing",
			"from": [1, 9, 5],
			"to": [5, 10, 11],
			"faces": {
				"north": {"uv": [9.875, 1.1875, 9.9375, 1.4375], "rotation": 270, "texture": "#main"},
				"east": {"uv": [9.875, 1.15625, 9.9375, 0.8125], "rotation": 90, "texture": "#main"},
				"south": {"uv": [9.5, 1.1875, 9.5625, 1.4375], "rotation": 90, "texture": "#main"},
				"west": {"uv": [9.9375, 0.8125, 10, 1.1875], "rotation": 90, "texture": "#main"},
				"up": {"uv": [9.9375, 1.1875, 10.375, 1.4375], "rotation": 90, "texture": "#main"},
				"down": {"uv": [9.5, 1.1875, 9.9375, 1.4375], "rotation": 90, "texture": "#main"}
			}
		},
		{
			"name": "right_wing",
			"from": [11, 9, 5],
			"to": [15, 10, 11],
			"faces": {
				"north": {"uv": [9.875, 1.1875, 9.9375, 1.4375], "rotation": 90, "texture": "#main"},
				"east": {"uv": [9.9375, 0.8125, 10, 1.1875], "rotation": 270, "texture": "#main"},
				"south": {"uv": [9.5, 1.1875, 9.5625, 1.4375], "rotation": 270, "texture": "#main"},
				"west": {"uv": [9.875, 1.1875, 9.9375, 0.8125], "rotation": 270, "texture": "#main"},
				"up": {"uv": [9.5, 1.1875, 9.9375, 1.4375], "rotation": 270, "texture": "#main"},
				"down": {"uv": [9.9375, 1.1875, 10.375, 1.4375], "rotation": 270, "texture": "#main"}
			}
		},
		{
			"name": "foot",
			"from": [5, 0, 6],
			"to": [8, 0, 8],
			"faces": {
				"north": {"uv": [8, 0, 8.75, 0], "texture": "#main"},
				"east": {"uv": [8, 0, 8.5, 0], "texture": "#main"},
				"south": {"uv": [8, 0, 8.75, 0], "texture": "#main"},
				"west": {"uv": [8, 0, 8.5, 0], "texture": "#main"},
				"up": {"uv": [10, 0.0625, 10.1875, 0.1875], "texture": "#main"},
				"down": {"uv": [10, 0.0625, 10.1875, 0.1875], "texture": "#main"}
			}
		},
		{
			"name": "foot1",
			"from": [6, 0, 8],
			"to": [7, 0, 9],
			"faces": {
				"north": {"uv": [8, 0, 8.25, 0], "texture": "#main"},
				"east": {"uv": [8, 0, 8.25, 0], "texture": "#main"},
				"south": {"uv": [8, 0, 8.25, 0], "texture": "#main"},
				"west": {"uv": [8, 0, 8.25, 0], "texture": "#main"},
				"up": {"uv": [10.0625, 0, 10.125, 0.0625], "texture": "#main"},
				"down": {"uv": [10.0625, 0, 10.125, 0.0625], "texture": "#main"}
			}
		},
		{
			"name": "leg",
			"from": [6, 0, 9],
			"to": [7, 5, 9],
			"faces": {
				"north": {"uv": [10.25, 0.1875, 10.3125, 0.5], "texture": "#main"},
				"east": {"uv": [8, 0, 8, 0.625], "texture": "#main"},
				"south": {"uv": [10.25, 0.1875, 10.3125, 0.5], "texture": "#main"},
				"west": {"uv": [8, 0, 8, 0.625], "texture": "#main"},
				"up": {"uv": [10.25, 0.5, 10.3125, 0.1875], "texture": "#main"},
				"down": {"uv": [10.25, 0.1875, 10.3125, 0.5], "texture": "#main"}
			}
		},
		{
			"name": "foot",
			"from": [8, 0, 6],
			"to": [11, 0, 8],
			"faces": {
				"north": {"uv": [8, 0, 8.75, 0], "texture": "#main"},
				"east": {"uv": [8, 0, 8.5, 0], "texture": "#main"},
				"south": {"uv": [8, 0, 8.75, 0], "texture": "#main"},
				"west": {"uv": [8, 0, 8.5, 0], "texture": "#main"},
				"up": {"uv": [10, 0.0625, 10.1875, 0.1875], "texture": "#main"},
				"down": {"uv": [10, 0.0625, 10.1875, 0.1875], "texture": "#main"}
			}
		},
		{
			"name": "foot1",
			"from": [9, 0, 8],
			"to": [10, 0, 9],
			"faces": {
				"north": {"uv": [8, 0, 8.25, 0], "texture": "#main"},
				"east": {"uv": [8, 0, 8.25, 0], "texture": "#main"},
				"south": {"uv": [8, 0, 8.25, 0], "texture": "#main"},
				"west": {"uv": [8, 0, 8.25, 0], "texture": "#main"},
				"up": {"uv": [10.0625, 0, 10.125, 0.0625], "texture": "#main"},
				"down": {"uv": [10.0625, 0, 10.125, 0.0625], "texture": "#main"}
			}
		},
		{
			"name": "leg",
			"from": [9, 0, 9],
			"to": [10, 5, 9],
			"faces": {
				"north": {"uv": [10.25, 0.1875, 10.3125, 0.5], "texture": "#main"},
				"east": {"uv": [8, 0, 8, 0.625], "texture": "#main"},
				"south": {"uv": [10.25, 0.1875, 10.3125, 0.5], "texture": "#main"},
				"west": {"uv": [8, 0, 8, 0.625], "texture": "#main"},
				"up": {"uv": [10.25, 0.1875, 10.3125, 0.5], "texture": "#main"},
				"down": {"uv": [10.25, 0.1875, 10.3125, 0.5], "texture": "#main"}
			}
		},
		{
			"name": "head",
			"from": [6, 10, 2],
			"to": [10, 14, 5],
			"faces": {
				"north": {"uv": [12.1875, 0.1875, 12.4375, 0.4375], "texture": "#main"},
				"east": {"uv": [12, 0.1875, 12.1875, 0.4375], "texture": "#main"},
				"south": {"uv": [12.625, 0.1875, 12.875, 0.4375], "texture": "#main"},
				"west": {"uv": [12.4375, 0.1875, 12.625, 0.4375], "texture": "#main"},
				"up": {"uv": [12.4375, 0.1875, 12.1875, 0], "texture": "#main"},
				"down": {"uv": [12.4375, 0, 12.6875, 0.1875], "texture": "#main"}
			}
		},
		{
			"name": "beak",
			"from": [6, 10, 0],
			"to": [10, 12, 2],
			"faces": {
				"north": {"uv": [13, 0.125, 13.25, 0.25], "texture": "#main"},
				"east": {"uv": [12.875, 0.125, 13.0625, 0.25], "texture": "#main"},
				"south": {"uv": [13.375, 0.125, 13.625, 0.25], "texture": "#main"},
				"west": {"uv": [13.1875, 0.125, 13.375, 0.25], "texture": "#main"},
				"up": {"uv": [13, 0.125, 13.25, 0], "texture": "#main"},
				"down": {"uv": [13.25, 0, 13.5, 0.125], "texture": "#main"}
			}
		},
		{
			"name": "nech",
			"from": [7, 9, 3],
			"to": [9, 10, 4],
			"faces": {
				"north": {"uv": [12.0625, 0.375, 12.1875, 0.4375], "texture": "#main"},
				"east": {"uv": [12.125, 0.4375, 12.1875, 0.5], "texture": "#main"},
				"south": {"uv": [13.125, 0.4375, 13.1875, 0.5], "texture": "#main"},
				"west": {"uv": [12.125, 0.4375, 12.1875, 0.5], "texture": "#main"},
				"up": {"uv": [13, 0.375, 13.0625, 0.4375], "texture": "#main"},
				"down": {"uv": [12.0625, 0.375, 12.1875, 0.4375], "texture": "#main"}
			}
		},
		{
			"name": "torso",
			"from": [5, 4, 4],
			"to": [11, 10, 12],
			"faces": {
				"north": {"uv": [12.375, 0.5625, 12.75, 0.9375], "texture": "#main"},
				"east": {"uv": [12.625, 0.9375, 13.125, 1.3125], "texture": "#main"},
				"south": {"uv": [12.75, 0.5625, 13.125, 0.9375], "texture": "#main"},
				"west": {"uv": [12, 0.9375, 12.5, 1.3125], "texture": "#main"},
				"up": {"uv": [13.125, 0.9375, 13.5, 1.4375], "texture": "#main"},
				"down": {"uv": [12.375, 0.9375, 12.75, 1.4375], "texture": "#main"}
			}
		},
		{
			"name": "left_wing",
			"from": [-3, 10, 5],
			"to": [1, 11, 11],
			"rotation": {"angle": -22.5, "axis": "z", "origin": [0, 0, 0]},
			"faces": {
				"north": {"uv": [13.875, 1.1875, 13.9375, 1.4375], "rotation": 270, "texture": "#main"},
				"east": {"uv": [13.875, 1.15625, 13.9375, 0.8125], "rotation": 90, "texture": "#main"},
				"south": {"uv": [13.5, 1.1875, 13.5625, 1.4375], "rotation": 90, "texture": "#main"},
				"west": {"uv": [13.9375, 0.8125, 14, 1.1875], "rotation": 90, "texture": "#main"},
				"up": {"uv": [13.9375, 1.1875, 14.375, 1.4375], "rotation": 90, "texture": "#main"},
				"down": {"uv": [13.5, 1.1875, 13.9375, 1.4375], "rotation": 90, "texture": "#main"}
			}
		},
		{
			"name": "right_wing",
			"from": [14, 4, 5],
			"to": [18, 5, 11],
			"rotation": {"angle": 22.5, "axis": "z", "origin": [0, 0, 0]},
			"faces": {
				"north": {"uv": [13.875, 1.1875, 13.9375, 1.4375], "rotation": 90, "texture": "#main"},
				"east": {"uv": [13.9375, 0.8125, 14, 1.1875], "rotation": 270, "texture": "#main"},
				"south": {"uv": [13.5, 1.1875, 13.5625, 1.4375], "rotation": 270, "texture": "#main"},
				"west": {"uv": [13.875, 1.1875, 13.9375, 0.8125], "rotation": 270, "texture": "#main"},
				"up": {"uv": [13.5, 1.1875, 13.9375, 1.4375], "rotation": 270, "texture": "#main"},
				"down": {"uv": [13.9375, 1.1875, 14.375, 1.4375], "rotation": 270, "texture": "#main"}
			}
		},
		{
			"name": "foot",
			"from": [5, 0, 6],
			"to": [8, 0, 8],
			"faces": {
				"north": {"uv": [12, 0, 12.75, 0], "texture": "#main"},
				"east": {"uv": [12, 0, 12.5, 0], "texture": "#main"},
				"south": {"uv": [12, 0, 12.75, 0], "texture": "#main"},
				"west": {"uv": [12, 0, 12.5, 0], "texture": "#main"},
				"up": {"uv": [14, 0.0625, 14.1875, 0.1875], "texture": "#main"},
				"down": {"uv": [14, 0.0625, 14.1875, 0.1875], "texture": "#main"}
			}
		},
		{
			"name": "foot1",
			"from": [6, 0, 8],
			"to": [7, 0, 9],
			"faces": {
				"north": {"uv": [12, 0, 12.25, 0], "texture": "#main"},
				"east": {"uv": [12, 0, 12.25, 0], "texture": "#main"},
				"south": {"uv": [12, 0, 12.25, 0], "texture": "#main"},
				"west": {"uv": [12, 0, 12.25, 0], "texture": "#main"},
				"up": {"uv": [14.0625, 0, 14.125, 0.0625], "texture": "#main"},
				"down": {"uv": [14.0625, 0, 14.125, 0.0625], "texture": "#main"}
			}
		},
		{
			"name": "leg",
			"from": [6, 0, 9],
			"to": [7, 5, 9],
			"faces": {
				"north": {"uv": [14.25, 0.1875, 14.3125, 0.5], "texture": "#main"},
				"east": {"uv": [12, 0, 12, 0.625], "texture": "#main"},
				"south": {"uv": [14.25, 0.1875, 14.3125, 0.5], "texture": "#main"},
				"west": {"uv": [12, 0, 12, 0.625], "texture": "#main"},
				"up": {"uv": [14.25, 0.5, 14.3125, 0.1875], "texture": "#main"},
				"down": {"uv": [14.25, 0.1875, 14.3125, 0.5], "texture": "#main"}
			}
		},
		{
			"name": "foot",
			"from": [8, 0, 6],
			"to": [11, 0, 8],
			"faces": {
				"north": {"uv": [12, 0, 12.75, 0], "texture": "#main"},
				"east": {"uv": [12, 0, 12.5, 0], "texture": "#main"},
				"south": {"uv": [12, 0, 12.75, 0], "texture": "#main"},
				"west": {"uv": [12, 0, 12.5, 0], "texture": "#main"},
				"up": {"uv": [14, 0.0625, 14.1875, 0.1875], "texture": "#main"},
				"down": {"uv": [14, 0.0625, 14.1875, 0.1875], "texture": "#main"}
			}
		},
		{
			"name": "foot1",
			"from": [9, 0, 8],
			"to": [10, 0, 9],
			"faces": {
				"north": {"uv": [12, 0, 12.25, 0], "texture": "#main"},
				"east": {"uv": [12, 0, 12.25, 0], "texture": "#main"},
				"south": {"uv": [12, 0, 12.25, 0], "texture": "#main"},
				"west": {"uv": [12, 0, 12.25, 0], "texture": "#main"},
				"up": {"uv": [14.0625, 0, 14.125, 0.0625], "texture": "#main"},
				"down": {"uv": [14.0625, 0, 14.125, 0.0625], "texture": "#main"}
			}
		},
		{
			"name": "leg",
			"from": [9, 0, 9],
			"to": [10, 5, 9],
			"faces": {
				"north": {"uv": [14.25, 0.1875, 14.3125, 0.5], "texture": "#main"},
				"east": {"uv": [12, 0, 12, 0.625], "texture": "#main"},
				"south": {"uv": [14.25, 0.1875, 14.3125, 0.5], "texture": "#main"},
				"west": {"uv": [12, 0, 12, 0.625], "texture": "#main"},
				"up": {"uv": [14.25, 0.1875, 14.3125, 0.5], "texture": "#main"},
				"down": {"uv": [14.25, 0.1875, 14.3125, 0.5], "texture": "#main"}
			}
		},
		{
			"name": "head",
			"from": [6, 10, 2],
			"to": [10, 14, 5],
			"faces": {
				"north": {"uv": [0.1875, 4.1875, 0.4375, 4.4375], "texture": "#main"},
				"east": {"uv": [0, 4.1875, 0.1875, 4.4375], "texture": "#main"},
				"south": {"uv": [0.625, 4.1875, 0.875, 4.4375], "texture": "#main"},
				"west": {"uv": [0.4375, 4.1875, 0.625, 4.4375], "texture": "#main"},
				"up": {"uv": [0.4375, 4.1875, 0.1875, 4], "texture": "#main"},
				"down": {"uv": [0.4375, 4, 0.6875, 4.1875], "texture": "#main"}
			}
		},
		{
			"name": "beak",
			"from": [6, 10, 0],
			"to": [10, 12, 2],
			"faces": {
				"north": {"uv": [1, 4.125, 1.25, 4.25], "texture": "#main"},
				"east": {"uv": [0.875, 4.125, 1.0625, 4.25], "texture": "#main"},
				"south": {"uv": [1.375, 4.125, 1.625, 4.25], "texture": "#main"},
				"west": {"uv": [1.1875, 4.125, 1.375, 4.25], "texture": "#main"},
				"up": {"uv": [1, 4.125, 1.25, 4], "texture": "#main"},
				"down": {"uv": [1.25, 4, 1.5, 4.125], "texture": "#main"}
			}
		},
		{
			"name": "nech",
			"from": [7, 9, 3],
			"to": [9, 10, 4],
			"faces": {
				"north": {"uv": [0.0625, 4.375, 0.1875, 4.4375], "texture": "#main"},
				"east": {"uv": [0.125, 4.4375, 0.1875, 4.5], "texture": "#main"},
				"south": {"uv": [1.125, 4.4375, 1.1875, 4.5], "texture": "#main"},
				"west": {"uv": [0.125, 4.4375, 0.1875, 4.5], "texture": "#main"},
				"up": {"uv": [1, 4.375, 1.0625, 4.4375], "texture": "#main"},
				"down": {"uv": [0.0625, 4.375, 0.1875, 4.4375], "texture": "#main"}
			}
		},
		{
			"name": "torso",
			"from": [5, 4, 4],
			"to": [11, 10, 12],
			"faces": {
				"north": {"uv": [0.375, 4.5625, 0.75, 4.9375], "texture": "#main"},
				"east": {"uv": [0.625, 4.9375, 1.125, 5.3125], "texture": "#main"},
				"south": {"uv": [0.75, 4.5625, 1.125, 4.9375], "texture": "#main"},
				"west": {"uv": [0, 4.9375, 0.5, 5.3125], "texture": "#main"},
				"up": {"uv": [1.125, 4.9375, 1.5, 5.4375], "texture": "#main"},
				"down": {"uv": [0.375, 4.9375, 0.75, 5.4375], "texture": "#main"}
			}
		},
		{
			"name": "left_wing",
			"from": [-4, 6, 5],
			"to": [-3, 10, 11],
			"rotation": {"angle": -45, "axis": "z", "origin": [0, 0, 0]},
			"faces": {
				"north": {"uv": [1.875, 5.1875, 1.9375, 5.4375], "texture": "#main"},
				"east": {"uv": [1.5, 5.1875, 1.9375, 5.4375], "texture": "#main"},
				"south": {"uv": [1.5, 5.1875, 1.5625, 5.4375], "texture": "#main"},
				"west": {"uv": [1.9375, 5.1875, 2.375, 5.4375], "texture": "#main"},
				"up": {"uv": [1.875, 5.15625, 1.9375, 4.8125], "texture": "#main"},
				"down": {"uv": [1.9375, 4.8125, 2, 5.1875], "texture": "#main"}
			}
		},
		{
			"name": "right_wing",
			"from": [14, -5, 5],
			"to": [15, -1, 11],
			"rotation": {"angle": 45, "axis": "z", "origin": [0, 0, 0]},
			"faces": {
				"north": {"uv": [1.875, 5.1875, 1.9375, 5.4375], "texture": "#main"},
				"east": {"uv": [1.5, 5.1875, 1.9375, 5.4375], "texture": "#main"},
				"south": {"uv": [1.5, 5.1875, 1.5625, 5.4375], "texture": "#main"},
				"west": {"uv": [1.9375, 5.1875, 2.375, 5.4375], "texture": "#main"},
				"up": {"uv": [1.875, 5.1875, 1.9375, 4.8125], "texture": "#main"},
				"down": {"uv": [1.9375, 4.8125, 2, 5.1875], "texture": "#main"}
			}
		},
		{
			"name": "foot",
			"from": [5, 0, 6],
			"to": [8, 0, 8],
			"faces": {
				"north": {"uv": [0, 4, 0.75, 4], "texture": "#main"},
				"east": {"uv": [0, 4, 0.5, 4], "texture": "#main"},
				"south": {"uv": [0, 4, 0.75, 4], "texture": "#main"},
				"west": {"uv": [0, 4, 0.5, 4], "texture": "#main"},
				"up": {"uv": [2, 4.0625, 2.1875, 4.1875], "texture": "#main"},
				"down": {"uv": [2, 4.0625, 2.1875, 4.1875], "texture": "#main"}
			}
		},
		{
			"name": "foot1",
			"from": [6, 0, 8],
			"to": [7, 0, 9],
			"faces": {
				"north": {"uv": [0, 4, 0.25, 4], "texture": "#main"},
				"east": {"uv": [0, 4, 0.25, 4], "texture": "#main"},
				"south": {"uv": [0, 4, 0.25, 4], "texture": "#main"},
				"west": {"uv": [0, 4, 0.25, 4], "texture": "#main"},
				"up": {"uv": [2.0625, 4, 2.125, 4.0625], "texture": "#main"},
				"down": {"uv": [2.0625, 4, 2.125, 4.0625], "texture": "#main"}
			}
		},
		{
			"name": "leg",
			"from": [6, 0, 9],
			"to": [7, 5, 9],
			"faces": {
				"north": {"uv": [2.25, 4.1875, 2.3125, 4.5], "texture": "#main"},
				"east": {"uv": [0, 4, 0, 4.625], "texture": "#main"},
				"south": {"uv": [2.25, 4.1875, 2.3125, 4.5], "texture": "#main"},
				"west": {"uv": [0, 4, 0, 4.625], "texture": "#main"},
				"up": {"uv": [2.25, 4.5, 2.3125, 4.1875], "texture": "#main"},
				"down": {"uv": [2.25, 4.1875, 2.3125, 4.5], "texture": "#main"}
			}
		},
		{
			"name": "foot",
			"from": [8, 0, 6],
			"to": [11, 0, 8],
			"faces": {
				"north": {"uv": [0, 4, 0.75, 4], "texture": "#main"},
				"east": {"uv": [0, 4, 0.5, 4], "texture": "#main"},
				"south": {"uv": [0, 4, 0.75, 4], "texture": "#main"},
				"west": {"uv": [0, 4, 0.5, 4], "texture": "#main"},
				"up": {"uv": [2, 4.0625, 2.1875, 4.1875], "texture": "#main"},
				"down": {"uv": [2, 4.0625, 2.1875, 4.1875], "texture": "#main"}
			}
		},
		{
			"name": "foot1",
			"from": [9, 0, 8],
			"to": [10, 0, 9],
			"faces": {
				"north": {"uv": [0, 4, 0.25, 4], "texture": "#main"},
				"east": {"uv": [0, 4, 0.25, 4], "texture": "#main"},
				"south": {"uv": [0, 4, 0.25, 4], "texture": "#main"},
				"west": {"uv": [0, 4, 0.25, 4], "texture": "#main"},
				"up": {"uv": [2.0625, 4, 2.125, 4.0625], "texture": "#main"},
				"down": {"uv": [2.0625, 4, 2.125, 4.0625], "texture": "#main"}
			}
		},
		{
			"name": "leg",
			"from": [9, 0, 9],
			"to": [10, 5, 9],
			"faces": {
				"north": {"uv": [2.25, 4.1875, 2.3125, 4.5], "texture": "#main"},
				"east": {"uv": [0, 4, 0, 4.625], "texture": "#main"},
				"south": {"uv": [2.25, 4.1875, 2.3125, 4.5], "texture": "#main"},
				"west": {"uv": [0, 4, 0, 4.625], "texture": "#main"},
				"up": {"uv": [2.25, 4.1875, 2.3125, 4.5], "texture": "#main"},
				"down": {"uv": [2.25, 4.1875, 2.3125, 4.5], "texture": "#main"}
			}
		},
		{
			"name": "head",
			"from": [6, 10, 2],
			"to": [10, 14, 5],
			"faces": {
				"north": {"uv": [0.1875, 0.1875, 0.4375, 0.4375], "texture": "#main"},
				"east": {"uv": [0, 0.1875, 0.1875, 0.4375], "texture": "#main"},
				"south": {"uv": [0.625, 0.1875, 0.875, 0.4375], "texture": "#main"},
				"west": {"uv": [0.4375, 0.1875, 0.625, 0.4375], "texture": "#main"},
				"up": {"uv": [0.4375, 0.1875, 0.1875, 0], "texture": "#main"},
				"down": {"uv": [0.4375, 0, 0.6875, 0.1875], "texture": "#main"}
			}
		},
		{
			"name": "beak",
			"from": [6, 10, 0],
			"to": [10, 12, 2],
			"faces": {
				"north": {"uv": [1, 0.125, 1.25, 0.25], "texture": "#main"},
				"east": {"uv": [0.875, 0.125, 1.0625, 0.25], "texture": "#main"},
				"south": {"uv": [1.375, 0.125, 1.625, 0.25], "texture": "#main"},
				"west": {"uv": [1.1875, 0.125, 1.375, 0.25], "texture": "#main"},
				"up": {"uv": [1, 0.125, 1.25, 0], "texture": "#main"},
				"down": {"uv": [1.25, 0, 1.5, 0.125], "texture": "#main"}
			}
		},
		{
			"name": "nech",
			"from": [7, 9, 3],
			"to": [9, 10, 4],
			"faces": {
				"north": {"uv": [0.0625, 0.375, 0.1875, 0.4375], "texture": "#main"},
				"east": {"uv": [0.125, 0.4375, 0.1875, 0.5], "texture": "#main"},
				"south": {"uv": [1.125, 0.4375, 1.1875, 0.5], "texture": "#main"},
				"west": {"uv": [0.125, 0.4375, 0.1875, 0.5], "texture": "#main"},
				"up": {"uv": [1, 0.375, 1.0625, 0.4375], "texture": "#main"},
				"down": {"uv": [0.0625, 0.375, 0.1875, 0.4375], "texture": "#main"}
			}
		},
		{
			"name": "torso",
			"from": [5, 4, 4],
			"to": [11, 10, 12],
			"faces": {
				"north": {"uv": [0.375, 0.5625, 0.75, 0.9375], "texture": "#main"},
				"east": {"uv": [0.625, 0.9375, 1.125, 1.3125], "texture": "#main"},
				"south": {"uv": [0.75, 0.5625, 1.125, 0.9375], "texture": "#main"},
				"west": {"uv": [0, 0.9375, 0.5, 1.3125], "texture": "#main"},
				"up": {"uv": [1.125, 0.9375, 1.5, 1.4375], "texture": "#main"},
				"down": {"uv": [0.375, 0.9375, 0.75, 1.4375], "texture": "#main"}
			}
		},
		{
			"name": "left_wing",
			"from": [1, 7, 5],
			"to": [2, 11, 11],
			"rotation": {"angle": -22.5, "axis": "z", "origin": [0, 0, 0]},
			"faces": {
				"north": {"uv": [1.875, 1.1875, 1.9375, 1.4375], "texture": "#main"},
				"east": {"uv": [1.5, 1.1875, 1.9375, 1.4375], "texture": "#main"},
				"south": {"uv": [1.5, 1.1875, 1.5625, 1.4375], "texture": "#main"},
				"west": {"uv": [1.9375, 1.1875, 2.375, 1.4375], "texture": "#main"},
				"up": {"uv": [1.875, 1.15625, 1.9375, 0.8125], "texture": "#main"},
				"down": {"uv": [1.9375, 0.8125, 2, 1.1875], "texture": "#main"}
			}
		},
		{
			"name": "right_wing",
			"from": [13, 1, 5],
			"to": [14, 5, 11],
			"rotation": {"angle": 22.5, "axis": "z", "origin": [0, 0, 0]},
			"faces": {
				"north": {"uv": [1.875, 1.1875, 1.9375, 1.4375], "texture": "#main"},
				"east": {"uv": [1.5, 1.1875, 1.9375, 1.4375], "texture": "#main"},
				"south": {"uv": [1.5, 1.1875, 1.5625, 1.4375], "texture": "#main"},
				"west": {"uv": [1.9375, 1.1875, 2.375, 1.4375], "texture": "#main"},
				"up": {"uv": [1.875, 1.1875, 1.9375, 0.8125], "texture": "#main"},
				"down": {"uv": [1.9375, 0.8125, 2, 1.1875], "texture": "#main"}
			}
		},
		{
			"name": "foot",
			"from": [5, 0, 6],
			"to": [8, 0, 8],
			"faces": {
				"north": {"uv": [0, 0, 0.75, 0], "texture": "#main"},
				"east": {"uv": [0, 0, 0.5, 0], "texture": "#main"},
				"south": {"uv": [0, 0, 0.75, 0], "texture": "#main"},
				"west": {"uv": [0, 0, 0.5, 0], "texture": "#main"},
				"up": {"uv": [2, 0.0625, 2.1875, 0.1875], "texture": "#main"},
				"down": {"uv": [2, 0.0625, 2.1875, 0.1875], "texture": "#main"}
			}
		},
		{
			"name": "foot1",
			"from": [6, 0, 8],
			"to": [7, 0, 9],
			"faces": {
				"north": {"uv": [0, 0, 0.25, 0], "texture": "#main"},
				"east": {"uv": [0, 0, 0.25, 0], "texture": "#main"},
				"south": {"uv": [0, 0, 0.25, 0], "texture": "#main"},
				"west": {"uv": [0, 0, 0.25, 0], "texture": "#main"},
				"up": {"uv": [2.0625, 0, 2.125, 0.0625], "texture": "#main"},
				"down": {"uv": [2.0625, 0, 2.125, 0.0625], "texture": "#main"}
			}
		},
		{
			"name": "leg",
			"from": [6, 0, 9],
			"to": [7, 5, 9],
			"faces": {
				"north": {"uv": [2.25, 0.1875, 2.3125, 0.5], "texture": "#main"},
				"east": {"uv": [0, 0, 0, 0.625], "texture": "#main"},
				"south": {"uv": [2.25, 0.1875, 2.3125, 0.5], "texture": "#main"},
				"west": {"uv": [0, 0, 0, 0.625], "texture": "#main"},
				"up": {"uv": [2.25, 0.5, 2.3125, 0.1875], "texture": "#main"},
				"down": {"uv": [2.25, 0.1875, 2.3125, 0.5], "texture": "#main"}
			}
		},
		{
			"name": "foot",
			"from": [8, 0, 6],
			"to": [11, 0, 8],
			"faces": {
				"north": {"uv": [0, 0, 0.75, 0], "texture": "#main"},
				"east": {"uv": [0, 0, 0.5, 0], "texture": "#main"},
				"south": {"uv": [0, 0, 0.75, 0], "texture": "#main"},
				"west": {"uv": [0, 0, 0.5, 0], "texture": "#main"},
				"up": {"uv": [2, 0.0625, 2.1875, 0.1875], "texture": "#main"},
				"down": {"uv": [2, 0.0625, 2.1875, 0.1875], "texture": "#main"}
			}
		},
		{
			"name": "foot1",
			"from": [9, 0, 8],
			"to": [10, 0, 9],
			"faces": {
				"north": {"uv": [0, 0, 0.25, 0], "texture": "#main"},
				"east": {"uv": [0, 0, 0.25, 0], "texture": "#main"},
				"south": {"uv": [0, 0, 0.25, 0], "texture": "#main"},
				"west": {"uv": [0, 0, 0.25, 0], "texture": "#main"},
				"up": {"uv": [2.0625, 0, 2.125, 0.0625], "texture": "#main"},
				"down": {"uv": [2.0625, 0, 2.125, 0.0625], "texture": "#main"}
			}
		},
		{
			"name": "leg",
			"from": [9, 0, 9],
			"to": [10, 5, 9],
			"faces": {
				"north": {"uv": [2.25, 0.1875, 2.3125, 0.5], "texture": "#main"},
				"east": {"uv": [0, 0, 0, 0.625], "texture": "#main"},
				"south": {"uv": [2.25, 0.1875, 2.3125, 0.5], "texture": "#main"},
				"west": {"uv": [0, 0, 0, 0.625], "texture": "#main"},
				"up": {"uv": [2.25, 0.1875, 2.3125, 0.5], "texture": "#main"},
				"down": {"uv": [2.25, 0.1875, 2.3125, 0.5], "texture": "#main"}
			}
		}
	],
	"display": {
		"thirdperson_righthand": {
			"rotation": [70, 0, 0],
			"translation": [0.5, -3, 1]
		},
		"thirdperson_lefthand": {
			"rotation": [66, 0, 0],
			"translation": [0, -3.5, 1]
		},
		"firstperson_righthand": {
			"translation": [0.25, 0, 2.5]
		},
		"firstperson_lefthand": {
			"translation": [0.25, 0, 2.5]
		},
		"ground": {
			"translation": [0, 4.25, 0]
		},
		"gui": {
			"rotation": [0, 69.75, 0]
		},
		"head": {
			"translation": [0, -26.5, 0],
			"scale": [1.5, 1.5, 1.5]
		},
		"fixed": {
			"translation": [0, 0, 2]
		}
	},
	"groups": [
		0,
		1,
		2,
		3,
		4,
		5,
		6,
		7,
		8,
		9,
		10,
		11,
		12,
		13,
		14,
		15,
		16,
		17,
		18,
		19,
		20,
		21,
		22,
		23,
		24,
		25,
		26,
		27,
		28,
		29,
		30,
		31,
		32,
		33,
		34,
		35,
		36,
		37,
		38,
		39,
		40,
		41,
		42,
		43,
		44,
		45,
		46,
		47,
		{
			"name": "duck",
			"origin": [8, 8, 8],
			"color": 0,
			"children": [
				{
					"name": "head",
					"origin": [8, 8, 8],
					"color": 0,
					"children": [48, 49, 50]
				},
				{
					"name": "body",
					"origin": [0, 0, 0],
					"color": 0,
					"children": [51, 52, 53]
				},
				{
					"name": "legs",
					"origin": [0, 0, 0],
					"color": 0,
					"children": [
						{
							"name": "left",
							"origin": [0, 0, 0],
							"color": 0,
							"children": [54, 55, 56]
						},
						{
							"name": "right",
							"origin": [0, 0, 0],
							"color": 0,
							"children": [57, 58, 59]
						}
					]
				}
			]
		}
	]
}