{
	"credit": "Made with Blockbench",
	"parent": "item",
	"texture_size": [32, 32],
	"textures": {
		"main": "item/duck/duck_hurt"
	},
	"elements": [
		{
			"name": "head",
			"from": [6, 10, 2],
			"to": [10, 14, 5],
			"faces": {
				"north": {"uv": [8, 4.5, 9, 5.5], "texture": "#main"},
				"east": {"uv": [12, 4.5, 12.75, 5.5], "texture": "#main"},
				"south": {"uv": [11, 4.5, 12, 5.5], "texture": "#main"},
				"west": {"uv": [12.75, 4.5, 13.5, 5.5], "texture": "#main"},
				"up": {"uv": [14, 0.75, 13, 0], "texture": "#main"},
				"down": {"uv": [14, 0.75, 13, 1.5], "texture": "#main"}
			}
		},
		{
			"name": "beak",
			"from": [6, 10, 0],
			"to": [10, 12, 2],
			"faces": {
				"north": {"uv": [9, 5, 10, 5.5], "texture": "#main"},
				"east": {"uv": [9.5, 3, 10, 3.5], "texture": "#main"},
				"south": {"uv": [13, 1.5, 14, 2], "texture": "#main"},
				"west": {"uv": [9.5, 3.5, 10, 4], "texture": "#main"},
				"up": {"uv": [11, 5.5, 10, 5], "texture": "#main"},
				"down": {"uv": [14, 2, 13, 2.5], "texture": "#main"}
			}
		},
		{
			"name": "nech",
			"from": [7, 9, 3],
			"to": [9, 10, 4],
			"faces": {
				"north": {"uv": [11, 4, 11.5, 4.25], "texture": "#main"},
				"east": {"uv": [13.5, 3.75, 13.75, 4], "texture": "#main"},
				"south": {"uv": [11, 4.25, 11.5, 4.5], "texture": "#main"},
				"west": {"uv": [12.5, 5.5, 12.75, 5.75], "texture": "#main"},
				"up": {"uv": [9.5, 4.75, 9, 4.5], "texture": "#main"},
				"down": {"uv": [9.5, 4.75, 9, 5], "texture": "#main"}
			}
		},
		{
			"name": "torso",
			"from": [5, 4, 4],
			"to": [11, 10, 12],
			"faces": {
				"north": {"uv": [8, 3, 9.5, 4.5], "texture": "#main"},
				"east": {"uv": [8, 0, 10, 1.5], "texture": "#main"},
				"south": {"uv": [11.5, 0, 13, 1.5], "texture": "#main"},
				"west": {"uv": [8, 1.5, 10, 3], "texture": "#main"},
				"up": {"uv": [11.5, 2, 10, 0], "texture": "#main"},
				"down": {"uv": [11.5, 2, 10, 4], "texture": "#main"}
			}
		},
		{
			"name": "left_wing",
			"from": [-4, 7, 5],
			"to": [-3, 11, 11],
			"rotation": {"angle": -45, "axis": "z", "origin": [0, 0, 0]},
			"faces": {
				"north": {"uv": [11.5, 5.5, 11.75, 6.5], "texture": "#main"},
				"east": {"uv": [11.5, 1.5, 13, 2.5], "texture": "#main"},
				"south": {"uv": [11.75, 5.5, 12, 6.5], "texture": "#main"},
				"west": {"uv": [11.5, 2.5, 13, 3.5], "texture": "#main"},
				"up": {"uv": [13.25, 4, 13, 2.5], "texture": "#main"},
				"down": {"uv": [13.5, 2.5, 13.25, 4], "texture": "#main"}
			}
		},
		{
			"name": "right_wing",
			"from": [14, -4, 5],
			"to": [15, 0, 11],
			"rotation": {"angle": 45, "axis": "z", "origin": [0, 0, 0]},
			"faces": {
				"north": {"uv": [12, 5.5, 12.25, 6.5], "texture": "#main"},
				"east": {"uv": [11.5, 3.5, 13, 4.5], "texture": "#main"},
				"south": {"uv": [12.25, 5.5, 12.5, 6.5], "texture": "#main"},
				"west": {"uv": [9.5, 4, 11, 5], "texture": "#main"},
				"up": {"uv": [8.25, 7, 8, 5.5], "texture": "#main"},
				"down": {"uv": [8.5, 5.5, 8.25, 7], "texture": "#main"}
			}
		},
		{
			"name": "foot",
			"from": [5, 0, 6],
			"to": [8, 0, 8],
			"faces": {
				"north": {"uv": [8, 0, 8.75, 0], "texture": "#main"},
				"east": {"uv": [8, 0, 8.5, 0], "texture": "#main"},
				"south": {"uv": [8, 0, 8.75, 0], "texture": "#main"},
				"west": {"uv": [8, 0, 8.5, 0], "texture": "#main"},
				"up": {"uv": [13.75, 4.5, 13, 4], "texture": "#main"},
				"down": {"uv": [9.25, 5.5, 8.5, 6], "texture": "#main"}
			}
		},
		{
			"name": "foot1",
			"from": [6, 0, 8],
			"to": [7, 0, 9],
			"faces": {
				"north": {"uv": [8, 0, 8.25, 0], "texture": "#main"},
				"east": {"uv": [8, 0, 8.25, 0], "texture": "#main"},
				"south": {"uv": [8, 0, 8.25, 0], "texture": "#main"},
				"west": {"uv": [8, 0, 8.25, 0], "texture": "#main"},
				"up": {"uv": [13.75, 4.75, 13.5, 4.5], "texture": "#main"},
				"down": {"uv": [13, 5.5, 12.75, 5.75], "texture": "#main"}
			}
		},
		{
			"name": "leg",
			"from": [6, 0, 9],
			"to": [7, 5, 9],
			"faces": {
				"north": {"uv": [13.5, 2.5, 13.75, 3.75], "texture": "#main"},
				"east": {"uv": [8, 0, 8, 1.25], "texture": "#main"},
				"south": {"uv": [10.75, 5.5, 11, 6.75], "texture": "#main"},
				"west": {"uv": [8, 0, 8, 1.25], "texture": "#main"},
				"up": {"uv": [8.25, 0, 8, 0], "texture": "#main"},
				"down": {"uv": [8.25, 0, 8, 0], "texture": "#main"}
			}
		},
		{
			"name": "foot",
			"from": [8, 0, 6],
			"to": [11, 0, 8],
			"faces": {
				"north": {"uv": [8, 0, 8.75, 0], "texture": "#main"},
				"east": {"uv": [8, 0, 8.5, 0], "texture": "#main"},
				"south": {"uv": [8, 0, 8.75, 0], "texture": "#main"},
				"west": {"uv": [8, 0, 8.5, 0], "texture": "#main"},
				"up": {"uv": [10, 6, 9.25, 5.5], "texture": "#main"},
				"down": {"uv": [10.75, 5.5, 10, 6], "texture": "#main"}
			}
		},
		{
			"name": "foot1",
			"from": [9, 0, 8],
			"to": [10, 0, 9],
			"faces": {
				"north": {"uv": [8, 0, 8.25, 0], "texture": "#main"},
				"east": {"uv": [8, 0, 8.25, 0], "texture": "#main"},
				"south": {"uv": [8, 0, 8.25, 0], "texture": "#main"},
				"west": {"uv": [8, 0, 8.25, 0], "texture": "#main"},
				"up": {"uv": [13.75, 5, 13.5, 4.75], "texture": "#main"},
				"down": {"uv": [13.25, 5.5, 13, 5.75], "texture": "#main"}
			}
		},
		{
			"name": "leg",
			"from": [9, 0, 9],
			"to": [10, 5, 9],
			"faces": {
				"north": {"uv": [11, 5.5, 11.25, 6.75], "texture": "#main"},
				"east": {"uv": [8, 0, 8, 1.25], "texture": "#main"},
				"south": {"uv": [11.25, 5.5, 11.5, 6.75], "texture": "#main"},
				"west": {"uv": [8, 0, 8, 1.25], "texture": "#main"},
				"up": {"uv": [8.25, 0, 8, 0], "texture": "#main"},
				"down": {"uv": [8.25, 0, 8, 0], "texture": "#main"}
			}
		},
		{
			"name": "head",
			"from": [6, 10, 2],
			"to": [10, 14, 5],
			"faces": {
				"north": {"uv": [0, 12.5, 1, 13.5], "texture": "#main"},
				"east": {"uv": [4, 12.5, 4.75, 13.5], "texture": "#main"},
				"south": {"uv": [3, 12.5, 4, 13.5], "texture": "#main"},
				"west": {"uv": [4.75, 12.5, 5.5, 13.5], "texture": "#main"},
				"up": {"uv": [6, 8.75, 5, 8], "texture": "#main"},
				"down": {"uv": [6, 8.75, 5, 9.5], "texture": "#main"}
			}
		},
		{
			"name": "beak",
			"from": [6, 10, 0],
			"to": [10, 12, 2],
			"faces": {
				"north": {"uv": [1, 13, 2, 13.5], "texture": "#main"},
				"east": {"uv": [1.5, 11, 2, 11.5], "texture": "#main"},
				"south": {"uv": [5, 9.5, 6, 10], "texture": "#main"},
				"west": {"uv": [1.5, 11.5, 2, 12], "texture": "#main"},
				"up": {"uv": [3, 13.5, 2, 13], "texture": "#main"},
				"down": {"uv": [6, 10, 5, 10.5], "texture": "#main"}
			}
		},
		{
			"name": "nech",
			"from": [7, 9, 3],
			"to": [9, 10, 4],
			"faces": {
				"north": {"uv": [3, 12, 3.5, 12.25], "texture": "#main"},
				"east": {"uv": [5.5, 11.75, 5.75, 12], "texture": "#main"},
				"south": {"uv": [3, 12.25, 3.5, 12.5], "texture": "#main"},
				"west": {"uv": [4.5, 13.5, 4.75, 13.75], "texture": "#main"},
				"up": {"uv": [1.5, 12.75, 1, 12.5], "texture": "#main"},
				"down": {"uv": [1.5, 12.75, 1, 13], "texture": "#main"}
			}
		},
		{
			"name": "torso",
			"from": [5, 4, 4],
			"to": [11, 10, 12],
			"faces": {
				"north": {"uv": [0, 11, 1.5, 12.5], "texture": "#main"},
				"east": {"uv": [0, 8, 2, 9.5], "texture": "#main"},
				"south": {"uv": [3.5, 8, 5, 9.5], "texture": "#main"},
				"west": {"uv": [0, 9.5, 2, 11], "texture": "#main"},
				"up": {"uv": [3.5, 10, 2, 8], "texture": "#main"},
				"down": {"uv": [3.5, 10, 2, 12], "texture": "#main"}
			}
		},
		{
			"name": "left_wing",
			"from": [5, 7, 5],
			"to": [9, 8, 11],
			"rotation": {"angle": 22.5, "axis": "z", "origin": [0, 0, 0]},
			"faces": {
				"north": {"uv": [3.5, 13.5, 3.75, 14.5], "rotation": 270, "texture": "#main"},
				"east": {"uv": [5.25, 12, 5, 10.5], "rotation": 90, "texture": "#main"},
				"south": {"uv": [3.75, 13.5, 4, 14.5], "rotation": 90, "texture": "#main"},
				"west": {"uv": [5.5, 10.5, 5.25, 12], "rotation": 90, "texture": "#main"},
				"up": {"uv": [3.5, 10.5, 5, 11.5], "rotation": 90, "texture": "#main"},
				"down": {"uv": [3.5, 9.5, 5, 10.5], "rotation": 90, "texture": "#main"}
			}
		},
		{
			"name": "right_wing",
			"from": [6, 13, 5],
			"to": [10, 14, 11],
			"rotation": {"angle": -22.5, "axis": "z", "origin": [0, 0, 0]},
			"faces": {
				"north": {"uv": [4, 13.5, 4.25, 14.5], "rotation": 90, "texture": "#main"},
				"east": {"uv": [0.5, 13.5, 0.25, 15], "rotation": 270, "texture": "#main"},
				"south": {"uv": [4.25, 13.5, 4.5, 14.5], "rotation": 270, "texture": "#main"},
				"west": {"uv": [0.25, 15, 0, 13.5], "rotation": 270, "texture": "#main"},
				"up": {"uv": [3.5, 11.5, 5, 12.5], "rotation": 270, "texture": "#main"},
				"down": {"uv": [1.5, 12, 3, 13], "rotation": 270, "texture": "#main"}
			}
		},
		{
			"name": "foot",
			"from": [5, 0, 6],
			"to": [8, 0, 8],
			"faces": {
				"north": {"uv": [0, 8, 0.75, 8], "texture": "#main"},
				"east": {"uv": [0, 8, 0.5, 8], "texture": "#main"},
				"south": {"uv": [0, 8, 0.75, 8], "texture": "#main"},
				"west": {"uv": [0, 8, 0.5, 8], "texture": "#main"},
				"up": {"uv": [5.75, 12.5, 5, 12], "texture": "#main"},
				"down": {"uv": [1.25, 13.5, 0.5, 14], "texture": "#main"}
			}
		},
		{
			"name": "foot1",
			"from": [6, 0, 8],
			"to": [7, 0, 9],
			"faces": {
				"north": {"uv": [0, 8, 0.25, 8], "texture": "#main"},
				"east": {"uv": [0, 8, 0.25, 8], "texture": "#main"},
				"south": {"uv": [0, 8, 0.25, 8], "texture": "#main"},
				"west": {"uv": [0, 8, 0.25, 8], "texture": "#main"},
				"up": {"uv": [5.75, 12.75, 5.5, 12.5], "texture": "#main"},
				"down": {"uv": [5, 13.5, 4.75, 13.75], "texture": "#main"}
			}
		},
		{
			"name": "leg",
			"from": [6, 0, 9],
			"to": [7, 5, 9],
			"faces": {
				"north": {"uv": [5.5, 10.5, 5.75, 11.75], "texture": "#main"},
				"east": {"uv": [0, 8, 0, 9.25], "texture": "#main"},
				"south": {"uv": [2.75, 13.5, 3, 14.75], "texture": "#main"},
				"west": {"uv": [0, 8, 0, 9.25], "texture": "#main"},
				"up": {"uv": [0.25, 8, 0, 8], "texture": "#main"},
				"down": {"uv": [0.25, 8, 0, 8], "texture": "#main"}
			}
		},
		{
			"name": "foot",
			"from": [8, 0, 6],
			"to": [11, 0, 8],
			"faces": {
				"north": {"uv": [0, 8, 0.75, 8], "texture": "#main"},
				"east": {"uv": [0, 8, 0.5, 8], "texture": "#main"},
				"south": {"uv": [0, 8, 0.75, 8], "texture": "#main"},
				"west": {"uv": [0, 8, 0.5, 8], "texture": "#main"},
				"up": {"uv": [2, 14, 1.25, 13.5], "texture": "#main"},
				"down": {"uv": [2.75, 13.5, 2, 14], "texture": "#main"}
			}
		},
		{
			"name": "foot1",
			"from": [9, 0, 8],
			"to": [10, 0, 9],
			"faces": {
				"north": {"uv": [0, 8, 0.25, 8], "texture": "#main"},
				"east": {"uv": [0, 8, 0.25, 8], "texture": "#main"},
				"south": {"uv": [0, 8, 0.25, 8], "texture": "#main"},
				"west": {"uv": [0, 8, 0.25, 8], "texture": "#main"},
				"up": {"uv": [5.75, 13, 5.5, 12.75], "texture": "#main"},
				"down": {"uv": [5.25, 13.5, 5, 13.75], "texture": "#main"}
			}
		},
		{
			"name": "leg",
			"from": [9, 0, 9],
			"to": [10, 5, 9],
			"faces": {
				"north": {"uv": [3, 13.5, 3.25, 14.75], "texture": "#main"},
				"east": {"uv": [0, 8, 0, 9.25], "texture": "#main"},
				"south": {"uv": [3.25, 13.5, 3.5, 14.75], "texture": "#main"},
				"west": {"uv": [0, 8, 0, 9.25], "texture": "#main"},
				"up": {"uv": [0.25, 8, 0, 8], "texture": "#main"},
				"down": {"uv": [0.25, 8, 0, 8], "texture": "#main"}
			}
		},
		{
			"name": "head",
			"from": [6, 10, 2],
			"to": [10, 14, 5],
			"faces": {
				"north": {"uv": [8, 12.5, 9, 13.5], "texture": "#main"},
				"east": {"uv": [12, 12.5, 12.75, 13.5], "texture": "#main"},
				"south": {"uv": [11, 12.5, 12, 13.5], "texture": "#main"},
				"west": {"uv": [12.75, 12.5, 13.5, 13.5], "texture": "#main"},
				"up": {"uv": [14, 8.75, 13, 8], "texture": "#main"},
				"down": {"uv": [14, 8.75, 13, 9.5], "texture": "#main"}
			}
		},
		{
			"name": "beak",
			"from": [6, 10, 0],
			"to": [10, 12, 2],
			"faces": {
				"north": {"uv": [9, 13, 10, 13.5], "texture": "#main"},
				"east": {"uv": [9.5, 11, 10, 11.5], "texture": "#main"},
				"south": {"uv": [13, 9.5, 14, 10], "texture": "#main"},
				"west": {"uv": [9.5, 11.5, 10, 12], "texture": "#main"},
				"up": {"uv": [11, 13.5, 10, 13], "texture": "#main"},
				"down": {"uv": [14, 10, 13, 10.5], "texture": "#main"}
			}
		},
		{
			"name": "nech",
			"from": [7, 9, 3],
			"to": [9, 10, 4],
			"faces": {
				"north": {"uv": [11, 12, 11.5, 12.25], "texture": "#main"},
				"east": {"uv": [13.5, 11.75, 13.75, 12], "texture": "#main"},
				"south": {"uv": [11, 12.25, 11.5, 12.5], "texture": "#main"},
				"west": {"uv": [12.5, 13.5, 12.75, 13.75], "texture": "#main"},
				"up": {"uv": [9.5, 12.75, 9, 12.5], "texture": "#main"},
				"down": {"uv": [9.5, 12.75, 9, 13], "texture": "#main"}
			}
		},
		{
			"name": "torso",
			"from": [5, 4, 4],
			"to": [11, 10, 12],
			"faces": {
				"north": {"uv": [8, 11, 9.5, 12.5], "texture": "#main"},
				"east": {"uv": [8, 8, 10, 9.5], "texture": "#main"},
				"south": {"uv": [11.5, 8, 13, 9.5], "texture": "#main"},
				"west": {"uv": [8, 9.5, 10, 11], "texture": "#main"},
				"up": {"uv": [11.5, 10, 10, 8], "texture": "#main"},
				"down": {"uv": [11.5, 10, 10, 12], "texture": "#main"}
			}
		},
		{
			"name": "left_wing",
			"from": [1, 9, 5],
			"to": [5, 10, 11],
			"faces": {
				"north": {"uv": [11.5, 13.5, 11.75, 14.5], "rotation": 270, "texture": "#main"},
				"east": {"uv": [13.25, 12, 13, 10.5], "rotation": 90, "texture": "#main"},
				"south": {"uv": [11.75, 13.5, 12, 14.5], "rotation": 90, "texture": "#main"},
				"west": {"uv": [13.5, 10.5, 13.25, 12], "rotation": 90, "texture": "#main"},
				"up": {"uv": [11.5, 10.5, 13, 11.5], "rotation": 90, "texture": "#main"},
				"down": {"uv": [11.5, 9.5, 13, 10.5], "rotation": 90, "texture": "#main"}
			}
		},
		{
			"name": "right_wing",
			"from": [11, 9, 5],
			"to": [15, 10, 11],
			"faces": {
				"north": {"uv": [12, 13.5, 12.25, 14.5], "rotation": 90, "texture": "#main"},
				"east": {"uv": [8.5, 13.5, 8.25, 15], "rotation": 270, "texture": "#main"},
				"south": {"uv": [12.25, 13.5, 12.5, 14.5], "rotation": 270, "texture": "#main"},
				"west": {"uv": [8.25, 15, 8, 13.5], "rotation": 270, "texture": "#main"},
				"up": {"uv": [11.5, 11.5, 13, 12.5], "rotation": 270, "texture": "#main"},
				"down": {"uv": [9.5, 12, 11, 13], "rotation": 270, "texture": "#main"}
			}
		},
		{
			"name": "foot",
			"from": [5, 0, 6],
			"to": [8, 0, 8],
			"faces": {
				"north": {"uv": [8, 8, 8.75, 8], "texture": "#main"},
				"east": {"uv": [8, 8, 8.5, 8], "texture": "#main"},
				"south": {"uv": [8, 8, 8.75, 8], "texture": "#main"},
				"west": {"uv": [8, 8, 8.5, 8], "texture": "#main"},
				"up": {"uv": [13.75, 12.5, 13, 12], "texture": "#main"},
				"down": {"uv": [9.25, 13.5, 8.5, 14], "texture": "#main"}
			}
		},
		{
			"name": "foot1",
			"from": [6, 0, 8],
			"to": [7, 0, 9],
			"faces": {
				"north": {"uv": [8, 8, 8.25, 8], "texture": "#main"},
				"east": {"uv": [8, 8, 8.25, 8], "texture": "#main"},
				"south": {"uv": [8, 8, 8.25, 8], "texture": "#main"},
				"west": {"uv": [8, 8, 8.25, 8], "texture": "#main"},
				"up": {"uv": [13.75, 12.75, 13.5, 12.5], "texture": "#main"},
				"down": {"uv": [13, 13.5, 12.75, 13.75], "texture": "#main"}
			}
		},
		{
			"name": "leg",
			"from": [6, 0, 9],
			"to": [7, 5, 9],
			"faces": {
				"north": {"uv": [13.5, 10.5, 13.75, 11.75], "texture": "#main"},
				"east": {"uv": [8, 8, 8, 9.25], "texture": "#main"},
				"south": {"uv": [10.75, 13.5, 11, 14.75], "texture": "#main"},
				"west": {"uv": [8, 8, 8, 9.25], "texture": "#main"},
				"up": {"uv": [8.25, 8, 8, 8], "texture": "#main"},
				"down": {"uv": [8.25, 8, 8, 8], "texture": "#main"}
			}
		},
		{
			"name": "foot",
			"from": [8, 0, 6],
			"to": [11, 0, 8],
			"faces": {
				"north": {"uv": [8, 8, 8.75, 8], "texture": "#main"},
				"east": {"uv": [8, 8, 8.5, 8], "texture": "#main"},
				"south": {"uv": [8, 8, 8.75, 8], "texture": "#main"},
				"west": {"uv": [8, 8, 8.5, 8], "texture": "#main"},
				"up": {"uv": [10, 14, 9.25, 13.5], "texture": "#main"},
				"down": {"uv": [10.75, 13.5, 10, 14], "texture": "#main"}
			}
		},
		{
			"name": "foot1",
			"from": [9, 0, 8],
			"to": [10, 0, 9],
			"faces": {
				"north": {"uv": [8, 8, 8.25, 8], "texture": "#main"},
				"east": {"uv": [8, 8, 8.25, 8], "texture": "#main"},
				"south": {"uv": [8, 8, 8.25, 8], "texture": "#main"},
				"west": {"uv": [8, 8, 8.25, 8], "texture": "#main"},
				"up": {"uv": [13.75, 13, 13.5, 12.75], "texture": "#main"},
				"down": {"uv": [13.25, 13.5, 13, 13.75], "texture": "#main"}
			}
		},
		{
			"name": "leg",
			"from": [9, 0, 9],
			"to": [10, 5, 9],
			"faces": {
				"north": {"uv": [11, 13.5, 11.25, 14.75], "texture": "#main"},
				"east": {"uv": [8, 8, 8, 9.25], "texture": "#main"},
				"south": {"uv": [11.25, 13.5, 11.5, 14.75], "texture": "#main"},
				"west": {"uv": [8, 8, 8, 9.25], "texture": "#main"},
				"up": {"uv": [8.25, 8, 8, 8], "texture": "#main"},
				"down": {"uv": [8.25, 8, 8, 8], "texture": "#main"}
			}
		},
		{
			"name": "head",
			"from": [6, 10, 2],
			"to": [10, 14, 5],
			"faces": {
				"north": {"uv": [0, 4.5, 1, 5.5], "texture": "#main"},
				"east": {"uv": [4, 4.5, 4.75, 5.5], "texture": "#main"},
				"south": {"uv": [3, 4.5, 4, 5.5], "texture": "#main"},
				"west": {"uv": [4.75, 4.5, 5.5, 5.5], "texture": "#main"},
				"up": {"uv": [6, 0.75, 5, 0], "texture": "#main"},
				"down": {"uv": [6, 0.75, 5, 1.5], "texture": "#main"}
			}
		},
		{
			"name": "beak",
			"from": [6, 10, 0],
			"to": [10, 12, 2],
			"faces": {
				"north": {"uv": [1, 5, 2, 5.5], "texture": "#main"},
				"east": {"uv": [1.5, 3, 2, 3.5], "texture": "#main"},
				"south": {"uv": [5, 1.5, 6, 2], "texture": "#main"},
				"west": {"uv": [1.5, 3.5, 2, 4], "texture": "#main"},
				"up": {"uv": [3, 5.5, 2, 5], "texture": "#main"},
				"down": {"uv": [6, 2, 5, 2.5], "texture": "#main"}
			}
		},
		{
			"name": "nech",
			"from": [7, 9, 3],
			"to": [9, 10, 4],
			"faces": {
				"north": {"uv": [3, 4, 3.5, 4.25], "texture": "#main"},
				"east": {"uv": [5.5, 3.75, 5.75, 4], "texture": "#main"},
				"south": {"uv": [3, 4.25, 3.5, 4.5], "texture": "#main"},
				"west": {"uv": [4.5, 5.5, 4.75, 5.75], "texture": "#main"},
				"up": {"uv": [1.5, 4.75, 1, 4.5], "texture": "#main"},
				"down": {"uv": [1.5, 4.75, 1, 5], "texture": "#main"}
			}
		},
		{
			"name": "torso",
			"from": [5, 4, 4],
			"to": [11, 10, 12],
			"faces": {
				"north": {"uv": [0, 3, 1.5, 4.5], "texture": "#main"},
				"east": {"uv": [0, 0, 2, 1.5], "texture": "#main"},
				"south": {"uv": [3.5, 0, 5, 1.5], "texture": "#main"},
				"west": {"uv": [0, 1.5, 2, 3], "texture": "#main"},
				"up": {"uv": [3.5, 2, 2, 0], "texture": "#main"},
				"down": {"uv": [3.5, 2, 2, 4], "texture": "#main"}
			}
		},
		{
			"name": "left_wing",
			"from": [0, 7, 5],
			"to": [1, 11, 11],
			"rotation": {"angle": -22.5, "axis": "z", "origin": [0, 0, 0]},
			"faces": {
				"north": {"uv": [3.5, 5.5, 3.75, 6.5], "texture": "#main"},
				"east": {"uv": [3.5, 1.5, 5, 2.5], "texture": "#main"},
				"south": {"uv": [3.75, 5.5, 4, 6.5], "texture": "#main"},
				"west": {"uv": [3.5, 2.5, 5, 3.5], "texture": "#main"},
				"up": {"uv": [5.25, 4, 5, 2.5], "texture": "#main"},
				"down": {"uv": [5.5, 2.5, 5.25, 4], "texture": "#main"}
			}
		},
		{
			"name": "right_wing",
			"from": [14, 1, 5],
			"to": [15, 5, 11],
			"rotation": {"angle": 22.5, "axis": "z", "origin": [0, 0, 0]},
			"faces": {
				"north": {"uv": [4, 5.5, 4.25, 6.5], "texture": "#main"},
				"east": {"uv": [3.5, 3.5, 5, 4.5], "texture": "#main"},
				"south": {"uv": [4.25, 5.5, 4.5, 6.5], "texture": "#main"},
				"west": {"uv": [1.5, 4, 3, 5], "texture": "#main"},
				"up": {"uv": [0.25, 7, 0, 5.5], "texture": "#main"},
				"down": {"uv": [0.5, 5.5, 0.25, 7], "texture": "#main"}
			}
		},
		{
			"name": "foot",
			"from": [5, 0, 6],
			"to": [8, 0, 8],
			"faces": {
				"north": {"uv": [0, 0, 0.75, 0], "texture": "#main"},
				"east": {"uv": [0, 0, 0.5, 0], "texture": "#main"},
				"south": {"uv": [0, 0, 0.75, 0], "texture": "#main"},
				"west": {"uv": [0, 0, 0.5, 0], "texture": "#main"},
				"up": {"uv": [5.75, 4.5, 5, 4], "texture": "#main"},
				"down": {"uv": [1.25, 5.5, 0.5, 6], "texture": "#main"}
			}
		},
		{
			"name": "foot1",
			"from": [6, 0, 8],
			"to": [7, 0, 9],
			"faces": {
				"north": {"uv": [0, 0, 0.25, 0], "texture": "#main"},
				"east": {"uv": [0, 0, 0.25, 0], "texture": "#main"},
				"south": {"uv": [0, 0, 0.25, 0], "texture": "#main"},
				"west": {"uv": [0, 0, 0.25, 0], "texture": "#main"},
				"up": {"uv": [5.75, 4.75, 5.5, 4.5], "texture": "#main"},
				"down": {"uv": [5, 5.5, 4.75, 5.75], "texture": "#main"}
			}
		},
		{
			"name": "leg",
			"from": [6, 0, 9],
			"to": [7, 5, 9],
			"faces": {
				"north": {"uv": [5.5, 2.5, 5.75, 3.75], "texture": "#main"},
				"east": {"uv": [0, 0, 0, 1.25], "texture": "#main"},
				"south": {"uv": [2.75, 5.5, 3, 6.75], "texture": "#main"},
				"west": {"uv": [0, 0, 0, 1.25], "texture": "#main"},
				"up": {"uv": [0.25, 0, 0, 0], "texture": "#main"},
				"down": {"uv": [0.25, 0, 0, 0], "texture": "#main"}
			}
		},
		{
			"name": "foot",
			"from": [8, 0, 6],
			"to": [11, 0, 8],
			"faces": {
				"north": {"uv": [0, 0, 0.75, 0], "texture": "#main"},
				"east": {"uv": [0, 0, 0.5, 0], "texture": "#main"},
				"south": {"uv": [0, 0, 0.75, 0], "texture": "#main"},
				"west": {"uv": [0, 0, 0.5, 0], "texture": "#main"},
				"up": {"uv": [2, 6, 1.25, 5.5], "texture": "#main"},
				"down": {"uv": [2.75, 5.5, 2, 6], "texture": "#main"}
			}
		},
		{
			"name": "foot1",
			"from": [9, 0, 8],
			"to": [10, 0, 9],
			"faces": {
				"north": {"uv": [0, 0, 0.25, 0], "texture": "#main"},
				"east": {"uv": [0, 0, 0.25, 0], "texture": "#main"},
				"south": {"uv": [0, 0, 0.25, 0], "texture": "#main"},
				"west": {"uv": [0, 0, 0.25, 0], "texture": "#main"},
				"up": {"uv": [5.75, 5, 5.5, 4.75], "texture": "#main"},
				"down": {"uv": [5.25, 5.5, 5, 5.75], "texture": "#main"}
			}
		},
		{
			"name": "leg",
			"from": [9, 0, 9],
			"to": [10, 5, 9],
			"faces": {
				"north": {"uv": [3, 5.5, 3.25, 6.75], "texture": "#main"},
				"east": {"uv": [0, 0, 0, 1.25], "texture": "#main"},
				"south": {"uv": [3.25, 5.5, 3.5, 6.75], "texture": "#main"},
				"west": {"uv": [0, 0, 0, 1.25], "texture": "#main"},
				"up": {"uv": [0.25, 0, 0, 0], "texture": "#main"},
				"down": {"uv": [0.25, 0, 0, 0], "texture": "#main"}
			}
		}
	],
	"display": {
		"thirdperson_righthand": {
			"rotation": [70, 0, 0],
			"translation": [0.5, -3, 1]
		},
		"thirdperson_lefthand": {
			"rotation": [66, 0, 0],
			"translation": [0, -3.5, 1]
		},
		"firstperson_righthand": {
			"translation": [0.25, 0, 2.5]
		},
		"firstperson_lefthand": {
			"translation": [0.25, 0, 2.5]
		},
		"ground": {
			"translation": [0, 4.25, 0]
		},
		"gui": {
			"rotation": [0, 69.75, 0]
		},
		"head": {
			"translation": [0, -25, 0],
			"scale": [2.5, 2.5, 2.5]
		},
		"fixed": {
			"translation": [0, 0, 2]
		}
	},
	"groups": [
		0,
		1,
		2,
		3,
		4,
		5,
		6,
		7,
		8,
		9,
		10,
		11,
		12,
		13,
		14,
		15,
		16,
		17,
		18,
		19,
		20,
		21,
		22,
		23,
		24,
		25,
		26,
		27,
		28,
		29,
		30,
		31,
		32,
		33,
		34,
		35,
		{
			"name": "duck",
			"origin": [8, 8, 8],
			"color": 0,
			"children": [
				{
					"name": "head",
					"origin": [8, 8, 8],
					"color": 0,
					"children": [36, 37, 38]
				},
				{
					"name": "body",
					"origin": [0, 0, 0],
					"color": 0,
					"children": [39, 40, 41]
				},
				{
					"name": "legs",
					"origin": [0, 0, 0],
					"color": 0,
					"children": [
						{
							"name": "left",
							"origin": [0, 0, 0],
							"color": 0,
							"children": [42, 43, 44]
						},
						{
							"name": "right",
							"origin": [0, 0, 0],
							"color": 0,
							"children": [45, 46, 47]
						}
					]
				}
			]
		}
	]
}