{
	"credit": "Made with Blockbench",
	"texture_size": [64, 64],
	"textures": {
		"main": "item/hammerhead/hammerhead_swim_anim"
	},
	"elements": [
		{
			"name": "eye",
			"from": [0, 4, 1],
			"to": [1, 5, 2],
			"faces": {
				"north": {"uv": [5.1875, 0.75, 5.25, 0.8125], "texture": "#main"},
				"east": {"uv": [4.4375, 1.3125, 4.5, 1.375], "texture": "#main"},
				"south": {"uv": [5.625, 0.0625, 5.6875, 0.125], "texture": "#main"},
				"west": {"uv": [4.125, 1.625, 4.1875, 1.6875], "texture": "#main"},
				"up": {"uv": [5.6875, 0.1875, 5.625, 0.125], "texture": "#main"},
				"down": {"uv": [4.25, 1.625, 4.1875, 1.6875], "texture": "#main"}
			}
		},
		{
			"name": "eye",
			"from": [15, 4, 1],
			"to": [16, 5, 2],
			"faces": {
				"north": {"uv": [5.625, 0.1875, 5.6875, 0.25], "texture": "#main"},
				"east": {"uv": [4.375, 1.625, 4.4375, 1.6875], "texture": "#main"},
				"south": {"uv": [4.4375, 1.625, 4.5, 1.6875], "texture": "#main"},
				"west": {"uv": [4.5, 1.625, 4.5625, 1.6875], "texture": "#main"},
				"up": {"uv": [4.625, 1.6875, 4.5625, 1.625], "texture": "#main"},
				"down": {"uv": [5.6875, 0.5625, 5.625, 0.625], "texture": "#main"}
			}
		},
		{
			"name": "forehead",
			"from": [1, 4, 1],
			"to": [15, 5, 3],
			"faces": {
				"north": {"uv": [5.375, 0.25, 6.25, 0.3125], "texture": "#main"},
				"east": {"uv": [4, 1.625, 4.125, 1.6875], "texture": "#main"},
				"south": {"uv": [4.9375, 1.375, 5.8125, 1.4375], "texture": "#main"},
				"west": {"uv": [5.625, 0, 5.75, 0.0625], "texture": "#main"},
				"up": {"uv": [6.0625, 0.4375, 5.1875, 0.3125], "texture": "#main"},
				"down": {"uv": [6.0625, 0.4375, 5.1875, 0.5625], "texture": "#main"}
			}
		},
		{
			"name": "head",
			"from": [5, 2, 2],
			"to": [11, 4, 3],
			"faces": {
				"north": {"uv": [4.9375, 1.4375, 5.3125, 1.5625], "texture": "#main"},
				"east": {"uv": [4.4375, 1.1875, 4.5, 1.3125], "texture": "#main"},
				"south": {"uv": [5.3125, 1.4375, 5.6875, 1.5625], "texture": "#main"},
				"west": {"uv": [4.375, 1.5, 4.4375, 1.625], "texture": "#main"},
				"up": {"uv": [5.25, 0.875, 4.875, 0.8125], "texture": "#main"},
				"down": {"uv": [5.9375, 1.5625, 5.5625, 1.625], "texture": "#main"}
			}
		},
		{
			"name": "torso",
			"from": [4, 0, 3],
			"to": [12, 5, 10],
			"faces": {
				"north": {"uv": [4, 0.875, 4.5, 1.1875], "texture": "#main"},
				"east": {"uv": [4.8125, 0.875, 5.25, 1.1875], "texture": "#main"},
				"south": {"uv": [4.875, 0, 5.375, 0.3125], "texture": "#main"},
				"west": {"uv": [4, 1.1875, 4.4375, 1.5], "texture": "#main"},
				"up": {"uv": [4.5, 0.4375, 4, 0], "texture": "#main"},
				"down": {"uv": [4.5, 0.4375, 4, 0.875], "texture": "#main"}
			}
		},
		{
			"name": "belly",
			"from": [5, 1, 10],
			"to": [11, 4, 17],
			"faces": {
				"north": {"uv": [5.25, 0.75, 5.625, 0.9375], "texture": "#main"},
				"east": {"uv": [5.1875, 0.5625, 5.625, 0.75], "texture": "#main"},
				"south": {"uv": [5.25, 0.9375, 5.625, 1.125], "texture": "#main"},
				"west": {"uv": [4.8125, 1.1875, 5.25, 1.375], "texture": "#main"},
				"up": {"uv": [4.875, 0.4375, 4.5, 0], "texture": "#main"},
				"down": {"uv": [4.875, 0.4375, 4.5, 0.875], "texture": "#main"}
			}
		},
		{
			"name": "left_fin",
			"from": [6, 5, 4],
			"to": [6, 7, 10],
			"faces": {
				"north": {"uv": [4, 0, 4, 0.125], "texture": "#main"},
				"east": {"uv": [6.75, 0.125, 6.3125, 0.25], "texture": "#main"},
				"south": {"uv": [4, 0, 4, 0.125], "texture": "#main"},
				"west": {"uv": [6.3125, 0.125, 6.75, 0.25], "texture": "#main"},
				"up": {"uv": [4, 0, 4, 0.4375], "texture": "#main"},
				"down": {"uv": [4, 0, 4, 0.4375], "texture": "#main"}
			}
		},
		{
			"name": "middle_fin",
			"from": [8, 5, 3],
			"to": [8, 8, 11],
			"faces": {
				"north": {"uv": [4, 0, 4, 0.125], "texture": "#main"},
				"east": {"uv": [7.1875, 0, 6.75, 0.1875], "texture": "#main"},
				"south": {"uv": [4, 0, 4, 0.125], "texture": "#main"},
				"west": {"uv": [6.75, 0, 7.1875, 0.1875], "texture": "#main"},
				"up": {"uv": [4, 0, 4, 0.4375], "texture": "#main"},
				"down": {"uv": [4, 0, 4, 0.4375], "texture": "#main"}
			}
		},
		{
			"name": "right_fin",
			"from": [10, 5, 4],
			"to": [10, 7, 10],
			"faces": {
				"north": {"uv": [4, 0, 4, 0.125], "texture": "#main"},
				"east": {"uv": [6.75, 0.125, 6.3125, 0.25], "texture": "#main"},
				"south": {"uv": [4, 0, 4, 0.125], "texture": "#main"},
				"west": {"uv": [6.3125, 0.125, 6.75, 0.25], "texture": "#main"},
				"up": {"uv": [4, 0, 4, 0.4375], "texture": "#main"},
				"down": {"uv": [4, 0, 4, 0.4375], "texture": "#main"}
			}
		},
		{
			"name": "back_fin",
			"from": [8, 4, 10],
			"to": [8, 6, 17],
			"faces": {
				"north": {"uv": [4, 0, 4, 0.125], "texture": "#main"},
				"east": {"uv": [6.75, 0.25, 6.3125, 0.375], "texture": "#main"},
				"south": {"uv": [4, 0, 4, 0.125], "texture": "#main"},
				"west": {"uv": [6.3125, 0.25, 6.75, 0.375], "texture": "#main"},
				"up": {"uv": [4, 0, 4, 0.4375], "texture": "#main"},
				"down": {"uv": [4, 0, 4, 0.4375], "texture": "#main"}
			}
		},
		{
			"name": "tail",
			"from": [6, 1, 17],
			"to": [10, 3, 21],
			"faces": {
				"north": {"uv": [4, 1.5, 4.25, 1.625], "texture": "#main"},
				"east": {"uv": [5.5, 1.125, 5.75, 1.25], "texture": "#main"},
				"south": {"uv": [5.5, 1.25, 5.75, 1.375], "texture": "#main"},
				"west": {"uv": [4.9375, 1.5625, 5.1875, 1.6875], "texture": "#main"},
				"up": {"uv": [5.5, 1.375, 5.25, 1.125], "texture": "#main"},
				"down": {"uv": [5.625, 0, 5.375, 0.25], "texture": "#main"}
			}
		},
		{
			"name": "mid_tail",
			"from": [7, 0, 20],
			"to": [9, 4, 24],
			"faces": {
				"north": {"uv": [4.25, 1.5, 4.375, 1.75], "texture": "#main"},
				"east": {"uv": [4.4375, 1.375, 4.6875, 1.625], "texture": "#main"},
				"south": {"uv": [5.1875, 1.5625, 5.3125, 1.8125], "texture": "#main"},
				"west": {"uv": [4.6875, 1.375, 4.9375, 1.625], "texture": "#main"},
				"up": {"uv": [5.4375, 1.8125, 5.3125, 1.5625], "texture": "#main"},
				"down": {"uv": [5.5625, 1.5625, 5.4375, 1.8125], "texture": "#main"}
			}
		},
		{
			"name": "tail end",
			"from": [-1, -3, 23],
			"to": [-1, 7, 29],
			"rotation": {"angle": 22.5, "axis": "y", "origin": [0, 0, 0]},
			"faces": {
				"north": {"uv": [4, 0, 4, 0.5], "texture": "#main"},
				"east": {"uv": [6.1875, 0.5625, 5.8125, 1.1875], "texture": "#main"},
				"south": {"uv": [4, 0, 4, 0.5], "texture": "#main"},
				"west": {"uv": [5.8125, 0.5625, 6.1875, 1.1875], "texture": "#main"},
				"up": {"uv": [4, 0.3125, 4, 0], "texture": "#main"},
				"down": {"uv": [4, 0, 4, 0.3125], "texture": "#main"}
			}
		},
		{
			"name": "eye",
			"from": [0, 4, 1],
			"to": [1, 5, 2],
			"faces": {
				"north": {"uv": [9.1875, 0.75, 9.25, 0.8125], "texture": "#main"},
				"east": {"uv": [8.4375, 1.3125, 8.5, 1.375], "texture": "#main"},
				"south": {"uv": [9.625, 0.0625, 9.6875, 0.125], "texture": "#main"},
				"west": {"uv": [8.125, 1.625, 8.1875, 1.6875], "texture": "#main"},
				"up": {"uv": [9.6875, 0.1875, 9.625, 0.125], "texture": "#main"},
				"down": {"uv": [8.25, 1.625, 8.1875, 1.6875], "texture": "#main"}
			}
		},
		{
			"name": "eye",
			"from": [15, 4, 1],
			"to": [16, 5, 2],
			"faces": {
				"north": {"uv": [9.625, 0.1875, 9.6875, 0.25], "texture": "#main"},
				"east": {"uv": [8.375, 1.625, 8.4375, 1.6875], "texture": "#main"},
				"south": {"uv": [8.4375, 1.625, 8.5, 1.6875], "texture": "#main"},
				"west": {"uv": [8.5, 1.625, 8.5625, 1.6875], "texture": "#main"},
				"up": {"uv": [8.625, 1.6875, 8.5625, 1.625], "texture": "#main"},
				"down": {"uv": [9.6875, 0.5625, 9.625, 0.625], "texture": "#main"}
			}
		},
		{
			"name": "forehead",
			"from": [1, 4, 1],
			"to": [15, 5, 3],
			"faces": {
				"north": {"uv": [9.375, 0.25, 10.25, 0.3125], "texture": "#main"},
				"east": {"uv": [8, 1.625, 8.125, 1.6875], "texture": "#main"},
				"south": {"uv": [8.9375, 1.375, 9.8125, 1.4375], "texture": "#main"},
				"west": {"uv": [9.625, 0, 9.75, 0.0625], "texture": "#main"},
				"up": {"uv": [10.0625, 0.4375, 9.1875, 0.3125], "texture": "#main"},
				"down": {"uv": [10.0625, 0.4375, 9.1875, 0.5625], "texture": "#main"}
			}
		},
		{
			"name": "head",
			"from": [5, 2, 2],
			"to": [11, 4, 3],
			"faces": {
				"north": {"uv": [8.9375, 1.4375, 9.3125, 1.5625], "texture": "#main"},
				"east": {"uv": [8.4375, 1.1875, 8.5, 1.3125], "texture": "#main"},
				"south": {"uv": [9.3125, 1.4375, 9.6875, 1.5625], "texture": "#main"},
				"west": {"uv": [8.375, 1.5, 8.4375, 1.625], "texture": "#main"},
				"up": {"uv": [9.25, 0.875, 8.875, 0.8125], "texture": "#main"},
				"down": {"uv": [9.9375, 1.5625, 9.5625, 1.625], "texture": "#main"}
			}
		},
		{
			"name": "torso",
			"from": [4, 0, 3],
			"to": [12, 5, 10],
			"faces": {
				"north": {"uv": [8, 0.875, 8.5, 1.1875], "texture": "#main"},
				"east": {"uv": [8.8125, 0.875, 9.25, 1.1875], "texture": "#main"},
				"south": {"uv": [8.875, 0, 9.375, 0.3125], "texture": "#main"},
				"west": {"uv": [8, 1.1875, 8.4375, 1.5], "texture": "#main"},
				"up": {"uv": [8.5, 0.4375, 8, 0], "texture": "#main"},
				"down": {"uv": [8.5, 0.4375, 8, 0.875], "texture": "#main"}
			}
		},
		{
			"name": "belly",
			"from": [5, 1, 10],
			"to": [11, 4, 17],
			"faces": {
				"north": {"uv": [9.25, 0.75, 9.625, 0.9375], "texture": "#main"},
				"east": {"uv": [9.1875, 0.5625, 9.625, 0.75], "texture": "#main"},
				"south": {"uv": [9.25, 0.9375, 9.625, 1.125], "texture": "#main"},
				"west": {"uv": [8.8125, 1.1875, 9.25, 1.375], "texture": "#main"},
				"up": {"uv": [8.875, 0.4375, 8.5, 0], "texture": "#main"},
				"down": {"uv": [8.875, 0.4375, 8.5, 0.875], "texture": "#main"}
			}
		},
		{
			"name": "left_fin",
			"from": [6, 5, 4],
			"to": [6, 7, 10],
			"faces": {
				"north": {"uv": [8, 0, 8, 0.125], "texture": "#main"},
				"east": {"uv": [10.75, 0.125, 10.3125, 0.25], "texture": "#main"},
				"south": {"uv": [8, 0, 8, 0.125], "texture": "#main"},
				"west": {"uv": [10.3125, 0.125, 10.75, 0.25], "texture": "#main"},
				"up": {"uv": [8, 0, 8, 0.4375], "texture": "#main"},
				"down": {"uv": [8, 0, 8, 0.4375], "texture": "#main"}
			}
		},
		{
			"name": "middle_fin",
			"from": [8, 5, 3],
			"to": [8, 8, 11],
			"faces": {
				"north": {"uv": [8, 0, 8, 0.125], "texture": "#main"},
				"east": {"uv": [11.1875, 0, 10.75, 0.1875], "texture": "#main"},
				"south": {"uv": [8, 0, 8, 0.125], "texture": "#main"},
				"west": {"uv": [10.75, 0, 11.1875, 0.1875], "texture": "#main"},
				"up": {"uv": [8, 0, 8, 0.4375], "texture": "#main"},
				"down": {"uv": [8, 0, 8, 0.4375], "texture": "#main"}
			}
		},
		{
			"name": "right_fin",
			"from": [10, 5, 4],
			"to": [10, 7, 10],
			"faces": {
				"north": {"uv": [8, 0, 8, 0.125], "texture": "#main"},
				"east": {"uv": [10.75, 0.125, 10.3125, 0.25], "texture": "#main"},
				"south": {"uv": [8, 0, 8, 0.125], "texture": "#main"},
				"west": {"uv": [10.3125, 0.125, 10.75, 0.25], "texture": "#main"},
				"up": {"uv": [8, 0, 8, 0.4375], "texture": "#main"},
				"down": {"uv": [8, 0, 8, 0.4375], "texture": "#main"}
			}
		},
		{
			"name": "back_fin",
			"from": [8, 4, 10],
			"to": [8, 6, 17],
			"faces": {
				"north": {"uv": [8, 0, 8, 0.125], "texture": "#main"},
				"east": {"uv": [10.75, 0.25, 10.3125, 0.375], "texture": "#main"},
				"south": {"uv": [8, 0, 8, 0.125], "texture": "#main"},
				"west": {"uv": [10.3125, 0.25, 10.75, 0.375], "texture": "#main"},
				"up": {"uv": [8, 0, 8, 0.4375], "texture": "#main"},
				"down": {"uv": [8, 0, 8, 0.4375], "texture": "#main"}
			}
		},
		{
			"name": "tail",
			"from": [6, 1, 17],
			"to": [10, 3, 21],
			"faces": {
				"north": {"uv": [8, 1.5, 8.25, 1.625], "texture": "#main"},
				"east": {"uv": [9.5, 1.125, 9.75, 1.25], "texture": "#main"},
				"south": {"uv": [9.5, 1.25, 9.75, 1.375], "texture": "#main"},
				"west": {"uv": [8.9375, 1.5625, 9.1875, 1.6875], "texture": "#main"},
				"up": {"uv": [9.5, 1.375, 9.25, 1.125], "texture": "#main"},
				"down": {"uv": [9.625, 0, 9.375, 0.25], "texture": "#main"}
			}
		},
		{
			"name": "mid_tail",
			"from": [-1, 0, 21],
			"to": [1, 4, 25],
			"rotation": {"angle": 22.5, "axis": "y", "origin": [0, 0, 0]},
			"faces": {
				"north": {"uv": [8.25, 1.5, 8.375, 1.75], "texture": "#main"},
				"east": {"uv": [8.4375, 1.375, 8.6875, 1.625], "texture": "#main"},
				"south": {"uv": [9.1875, 1.5625, 9.3125, 1.8125], "texture": "#main"},
				"west": {"uv": [8.6875, 1.375, 8.9375, 1.625], "texture": "#main"},
				"up": {"uv": [9.4375, 1.8125, 9.3125, 1.5625], "texture": "#main"},
				"down": {"uv": [9.5625, 1.5625, 9.4375, 1.8125], "texture": "#main"}
			}
		},
		{
			"name": "tail end",
			"from": [0, -3, 23],
			"to": [0, 7, 29],
			"rotation": {"angle": 22.5, "axis": "y", "origin": [0, 0, 0]},
			"faces": {
				"north": {"uv": [8, 0, 8, 0.5], "texture": "#main"},
				"east": {"uv": [10.1875, 0.5625, 9.8125, 1.1875], "texture": "#main"},
				"south": {"uv": [8, 0, 8, 0.5], "texture": "#main"},
				"west": {"uv": [9.8125, 0.5625, 10.1875, 1.1875], "texture": "#main"},
				"up": {"uv": [8, 0.3125, 8, 0], "texture": "#main"},
				"down": {"uv": [8, 0, 8, 0.3125], "texture": "#main"}
			}
		},
		{
			"name": "eye",
			"from": [0, 4, 1],
			"to": [1, 5, 2],
			"faces": {
				"north": {"uv": [13.1875, 0.75, 13.25, 0.8125], "texture": "#main"},
				"east": {"uv": [12.4375, 1.3125, 12.5, 1.375], "texture": "#main"},
				"south": {"uv": [13.625, 0.0625, 13.6875, 0.125], "texture": "#main"},
				"west": {"uv": [12.125, 1.625, 12.1875, 1.6875], "texture": "#main"},
				"up": {"uv": [13.6875, 0.1875, 13.625, 0.125], "texture": "#main"},
				"down": {"uv": [12.25, 1.625, 12.1875, 1.6875], "texture": "#main"}
			}
		},
		{
			"name": "eye",
			"from": [15, 4, 1],
			"to": [16, 5, 2],
			"faces": {
				"north": {"uv": [13.625, 0.1875, 13.6875, 0.25], "texture": "#main"},
				"east": {"uv": [12.375, 1.625, 12.4375, 1.6875], "texture": "#main"},
				"south": {"uv": [12.4375, 1.625, 12.5, 1.6875], "texture": "#main"},
				"west": {"uv": [12.5, 1.625, 12.5625, 1.6875], "texture": "#main"},
				"up": {"uv": [12.625, 1.6875, 12.5625, 1.625], "texture": "#main"},
				"down": {"uv": [13.6875, 0.5625, 13.625, 0.625], "texture": "#main"}
			}
		},
		{
			"name": "forehead",
			"from": [1, 4, 1],
			"to": [15, 5, 3],
			"faces": {
				"north": {"uv": [13.375, 0.25, 14.25, 0.3125], "texture": "#main"},
				"east": {"uv": [12, 1.625, 12.125, 1.6875], "texture": "#main"},
				"south": {"uv": [12.9375, 1.375, 13.8125, 1.4375], "texture": "#main"},
				"west": {"uv": [13.625, 0, 13.75, 0.0625], "texture": "#main"},
				"up": {"uv": [14.0625, 0.4375, 13.1875, 0.3125], "texture": "#main"},
				"down": {"uv": [14.0625, 0.4375, 13.1875, 0.5625], "texture": "#main"}
			}
		},
		{
			"name": "head",
			"from": [5, 2, 2],
			"to": [11, 4, 3],
			"faces": {
				"north": {"uv": [12.9375, 1.4375, 13.3125, 1.5625], "texture": "#main"},
				"east": {"uv": [12.4375, 1.1875, 12.5, 1.3125], "texture": "#main"},
				"south": {"uv": [13.3125, 1.4375, 13.6875, 1.5625], "texture": "#main"},
				"west": {"uv": [12.375, 1.5, 12.4375, 1.625], "texture": "#main"},
				"up": {"uv": [13.25, 0.875, 12.875, 0.8125], "texture": "#main"},
				"down": {"uv": [13.9375, 1.5625, 13.5625, 1.625], "texture": "#main"}
			}
		},
		{
			"name": "torso",
			"from": [4, 0, 3],
			"to": [12, 5, 10],
			"faces": {
				"north": {"uv": [12, 0.875, 12.5, 1.1875], "texture": "#main"},
				"east": {"uv": [12.8125, 0.875, 13.25, 1.1875], "texture": "#main"},
				"south": {"uv": [12.875, 0, 13.375, 0.3125], "texture": "#main"},
				"west": {"uv": [12, 1.1875, 12.4375, 1.5], "texture": "#main"},
				"up": {"uv": [12.5, 0.4375, 12, 0], "texture": "#main"},
				"down": {"uv": [12.5, 0.4375, 12, 0.875], "texture": "#main"}
			}
		},
		{
			"name": "belly",
			"from": [5, 1, 10],
			"to": [11, 4, 17],
			"faces": {
				"north": {"uv": [13.25, 0.75, 13.625, 0.9375], "texture": "#main"},
				"east": {"uv": [13.1875, 0.5625, 13.625, 0.75], "texture": "#main"},
				"south": {"uv": [13.25, 0.9375, 13.625, 1.125], "texture": "#main"},
				"west": {"uv": [12.8125, 1.1875, 13.25, 1.375], "texture": "#main"},
				"up": {"uv": [12.875, 0.4375, 12.5, 0], "texture": "#main"},
				"down": {"uv": [12.875, 0.4375, 12.5, 0.875], "texture": "#main"}
			}
		},
		{
			"name": "left_fin",
			"from": [6, 5, 4],
			"to": [6, 7, 10],
			"faces": {
				"north": {"uv": [12, 0, 12, 0.125], "texture": "#main"},
				"east": {"uv": [14.75, 0.125, 14.3125, 0.25], "texture": "#main"},
				"south": {"uv": [12, 0, 12, 0.125], "texture": "#main"},
				"west": {"uv": [14.3125, 0.125, 14.75, 0.25], "texture": "#main"},
				"up": {"uv": [12, 0, 12, 0.4375], "texture": "#main"},
				"down": {"uv": [12, 0, 12, 0.4375], "texture": "#main"}
			}
		},
		{
			"name": "middle_fin",
			"from": [8, 5, 3],
			"to": [8, 8, 11],
			"faces": {
				"north": {"uv": [12, 0, 12, 0.125], "texture": "#main"},
				"east": {"uv": [15.1875, 0, 14.75, 0.1875], "texture": "#main"},
				"south": {"uv": [12, 0, 12, 0.125], "texture": "#main"},
				"west": {"uv": [14.75, 0, 15.1875, 0.1875], "texture": "#main"},
				"up": {"uv": [12, 0, 12, 0.4375], "texture": "#main"},
				"down": {"uv": [12, 0, 12, 0.4375], "texture": "#main"}
			}
		},
		{
			"name": "right_fin",
			"from": [10, 5, 4],
			"to": [10, 7, 10],
			"faces": {
				"north": {"uv": [12, 0, 12, 0.125], "texture": "#main"},
				"east": {"uv": [14.75, 0.125, 14.3125, 0.25], "texture": "#main"},
				"south": {"uv": [12, 0, 12, 0.125], "texture": "#main"},
				"west": {"uv": [14.3125, 0.125, 14.75, 0.25], "texture": "#main"},
				"up": {"uv": [12, 0, 12, 0.4375], "texture": "#main"},
				"down": {"uv": [12, 0, 12, 0.4375], "texture": "#main"}
			}
		},
		{
			"name": "back_fin",
			"from": [8, 4, 10],
			"to": [8, 6, 17],
			"faces": {
				"north": {"uv": [12, 0, 12, 0.125], "texture": "#main"},
				"east": {"uv": [14.75, 0.25, 14.3125, 0.375], "texture": "#main"},
				"south": {"uv": [12, 0, 12, 0.125], "texture": "#main"},
				"west": {"uv": [14.3125, 0.25, 14.75, 0.375], "texture": "#main"},
				"up": {"uv": [12, 0, 12, 0.4375], "texture": "#main"},
				"down": {"uv": [12, 0, 12, 0.4375], "texture": "#main"}
			}
		},
		{
			"name": "tail",
			"from": [-1, 1, 18],
			"to": [3, 3, 22],
			"rotation": {"angle": 22.5, "axis": "y", "origin": [0, 0, 0]},
			"faces": {
				"north": {"uv": [12, 1.5, 12.25, 1.625], "texture": "#main"},
				"east": {"uv": [13.5, 1.125, 13.75, 1.25], "texture": "#main"},
				"south": {"uv": [13.5, 1.25, 13.75, 1.375], "texture": "#main"},
				"west": {"uv": [12.9375, 1.5625, 13.1875, 1.6875], "texture": "#main"},
				"up": {"uv": [13.5, 1.375, 13.25, 1.125], "texture": "#main"},
				"down": {"uv": [13.625, 0, 13.375, 0.25], "texture": "#main"}
			}
		},
		{
			"name": "mid_tail",
			"from": [0, 0, 21],
			"to": [2, 4, 25],
			"rotation": {"angle": 22.5, "axis": "y", "origin": [0, 0, 0]},
			"faces": {
				"north": {"uv": [12.25, 1.5, 12.375, 1.75], "texture": "#main"},
				"east": {"uv": [12.4375, 1.375, 12.6875, 1.625], "texture": "#main"},
				"south": {"uv": [13.1875, 1.5625, 13.3125, 1.8125], "texture": "#main"},
				"west": {"uv": [12.6875, 1.375, 12.9375, 1.625], "texture": "#main"},
				"up": {"uv": [13.4375, 1.8125, 13.3125, 1.5625], "texture": "#main"},
				"down": {"uv": [13.5625, 1.5625, 13.4375, 1.8125], "texture": "#main"}
			}
		},
		{
			"name": "tail end",
			"from": [-8, -3, 21],
			"to": [-8, 7, 27],
			"rotation": {"angle": 45, "axis": "y", "origin": [0, 0, 0]},
			"faces": {
				"north": {"uv": [12, 0, 12, 0.5], "texture": "#main"},
				"east": {"uv": [14.1875, 0.5625, 13.8125, 1.1875], "texture": "#main"},
				"south": {"uv": [12, 0, 12, 0.5], "texture": "#main"},
				"west": {"uv": [13.8125, 0.5625, 14.1875, 1.1875], "texture": "#main"},
				"up": {"uv": [12, 0.3125, 12, 0], "texture": "#main"},
				"down": {"uv": [12, 0, 12, 0.3125], "texture": "#main"}
			}
		},
		{
			"name": "eye",
			"from": [0, 4, 1],
			"to": [1, 5, 2],
			"faces": {
				"north": {"uv": [1.1875, 4.75, 1.25, 4.8125], "texture": "#main"},
				"east": {"uv": [0.4375, 5.3125, 0.5, 5.375], "texture": "#main"},
				"south": {"uv": [1.625, 4.0625, 1.6875, 4.125], "texture": "#main"},
				"west": {"uv": [0.125, 5.625, 0.1875, 5.6875], "texture": "#main"},
				"up": {"uv": [1.6875, 4.1875, 1.625, 4.125], "texture": "#main"},
				"down": {"uv": [0.25, 5.625, 0.1875, 5.6875], "texture": "#main"}
			}
		},
		{
			"name": "eye",
			"from": [15, 4, 1],
			"to": [16, 5, 2],
			"faces": {
				"north": {"uv": [1.625, 4.1875, 1.6875, 4.25], "texture": "#main"},
				"east": {"uv": [0.375, 5.625, 0.4375, 5.6875], "texture": "#main"},
				"south": {"uv": [0.4375, 5.625, 0.5, 5.6875], "texture": "#main"},
				"west": {"uv": [0.5, 5.625, 0.5625, 5.6875], "texture": "#main"},
				"up": {"uv": [0.625, 5.6875, 0.5625, 5.625], "texture": "#main"},
				"down": {"uv": [1.6875, 4.5625, 1.625, 4.625], "texture": "#main"}
			}
		},
		{
			"name": "forehead",
			"from": [1, 4, 1],
			"to": [15, 5, 3],
			"faces": {
				"north": {"uv": [1.375, 4.25, 2.25, 4.3125], "texture": "#main"},
				"east": {"uv": [0, 5.625, 0.125, 5.6875], "texture": "#main"},
				"south": {"uv": [0.9375, 5.375, 1.8125, 5.4375], "texture": "#main"},
				"west": {"uv": [1.625, 4, 1.75, 4.0625], "texture": "#main"},
				"up": {"uv": [2.0625, 4.4375, 1.1875, 4.3125], "texture": "#main"},
				"down": {"uv": [2.0625, 4.4375, 1.1875, 4.5625], "texture": "#main"}
			}
		},
		{
			"name": "head",
			"from": [5, 2, 2],
			"to": [11, 4, 3],
			"faces": {
				"north": {"uv": [0.9375, 5.4375, 1.3125, 5.5625], "texture": "#main"},
				"east": {"uv": [0.4375, 5.1875, 0.5, 5.3125], "texture": "#main"},
				"south": {"uv": [1.3125, 5.4375, 1.6875, 5.5625], "texture": "#main"},
				"west": {"uv": [0.375, 5.5, 0.4375, 5.625], "texture": "#main"},
				"up": {"uv": [1.25, 4.875, 0.875, 4.8125], "texture": "#main"},
				"down": {"uv": [1.9375, 5.5625, 1.5625, 5.625], "texture": "#main"}
			}
		},
		{
			"name": "torso",
			"from": [4, 0, 3],
			"to": [12, 5, 10],
			"faces": {
				"north": {"uv": [0, 4.875, 0.5, 5.1875], "texture": "#main"},
				"east": {"uv": [0.8125, 4.875, 1.25, 5.1875], "texture": "#main"},
				"south": {"uv": [0.875, 4, 1.375, 4.3125], "texture": "#main"},
				"west": {"uv": [0, 5.1875, 0.4375, 5.5], "texture": "#main"},
				"up": {"uv": [0.5, 4.4375, 0, 4], "texture": "#main"},
				"down": {"uv": [0.5, 4.4375, 0, 4.875], "texture": "#main"}
			}
		},
		{
			"name": "belly",
			"from": [5, 1, 10],
			"to": [11, 4, 17],
			"faces": {
				"north": {"uv": [1.25, 4.75, 1.625, 4.9375], "texture": "#main"},
				"east": {"uv": [1.1875, 4.5625, 1.625, 4.75], "texture": "#main"},
				"south": {"uv": [1.25, 4.9375, 1.625, 5.125], "texture": "#main"},
				"west": {"uv": [0.8125, 5.1875, 1.25, 5.375], "texture": "#main"},
				"up": {"uv": [0.875, 4.4375, 0.5, 4], "texture": "#main"},
				"down": {"uv": [0.875, 4.4375, 0.5, 4.875], "texture": "#main"}
			}
		},
		{
			"name": "left_fin",
			"from": [6, 5, 4],
			"to": [6, 7, 10],
			"faces": {
				"north": {"uv": [0, 4, 0, 4.125], "texture": "#main"},
				"east": {"uv": [2.75, 4.125, 2.3125, 4.25], "texture": "#main"},
				"south": {"uv": [0, 4, 0, 4.125], "texture": "#main"},
				"west": {"uv": [2.3125, 4.125, 2.75, 4.25], "texture": "#main"},
				"up": {"uv": [0, 4, 0, 4.4375], "texture": "#main"},
				"down": {"uv": [0, 4, 0, 4.4375], "texture": "#main"}
			}
		},
		{
			"name": "middle_fin",
			"from": [8, 5, 3],
			"to": [8, 8, 11],
			"faces": {
				"north": {"uv": [0, 4, 0, 4.125], "texture": "#main"},
				"east": {"uv": [3.1875, 4, 2.75, 4.1875], "texture": "#main"},
				"south": {"uv": [0, 4, 0, 4.125], "texture": "#main"},
				"west": {"uv": [2.75, 4, 3.1875, 4.1875], "texture": "#main"},
				"up": {"uv": [0, 4, 0, 4.4375], "texture": "#main"},
				"down": {"uv": [0, 4, 0, 4.4375], "texture": "#main"}
			}
		},
		{
			"name": "right_fin",
			"from": [10, 5, 4],
			"to": [10, 7, 10],
			"faces": {
				"north": {"uv": [0, 4, 0, 4.125], "texture": "#main"},
				"east": {"uv": [2.75, 4.125, 2.3125, 4.25], "texture": "#main"},
				"south": {"uv": [0, 4, 0, 4.125], "texture": "#main"},
				"west": {"uv": [2.3125, 4.125, 2.75, 4.25], "texture": "#main"},
				"up": {"uv": [0, 4, 0, 4.4375], "texture": "#main"},
				"down": {"uv": [0, 4, 0, 4.4375], "texture": "#main"}
			}
		},
		{
			"name": "back_fin",
			"from": [8, 4, 10],
			"to": [8, 6, 17],
			"faces": {
				"north": {"uv": [0, 4, 0, 4.125], "texture": "#main"},
				"east": {"uv": [2.75, 4.25, 2.3125, 4.375], "texture": "#main"},
				"south": {"uv": [0, 4, 0, 4.125], "texture": "#main"},
				"west": {"uv": [2.3125, 4.25, 2.75, 4.375], "texture": "#main"},
				"up": {"uv": [0, 4, 0, 4.4375], "texture": "#main"},
				"down": {"uv": [0, 4, 0, 4.4375], "texture": "#main"}
			}
		},
		{
			"name": "tail",
			"from": [-1, 1, 19],
			"to": [3, 3, 23],
			"rotation": {"angle": 22.5, "axis": "y", "origin": [-3, 0, 1]},
			"faces": {
				"north": {"uv": [0, 5.5, 0.25, 5.625], "texture": "#main"},
				"east": {"uv": [1.5, 5.125, 1.75, 5.25], "texture": "#main"},
				"south": {"uv": [1.5, 5.25, 1.75, 5.375], "texture": "#main"},
				"west": {"uv": [0.9375, 5.5625, 1.1875, 5.6875], "texture": "#main"},
				"up": {"uv": [1.5, 5.375, 1.25, 5.125], "texture": "#main"},
				"down": {"uv": [1.625, 4, 1.375, 4.25], "texture": "#main"}
			}
		},
		{
			"name": "mid_tail",
			"from": [-8, 0, 22],
			"to": [-6, 4, 26],
			"rotation": {"angle": 45, "axis": "y", "origin": [-3, 0, 1]},
			"faces": {
				"north": {"uv": [0.25, 5.5, 0.375, 5.75], "texture": "#main"},
				"east": {"uv": [0.4375, 5.375, 0.6875, 5.625], "texture": "#main"},
				"south": {"uv": [1.1875, 5.5625, 1.3125, 5.8125], "texture": "#main"},
				"west": {"uv": [0.6875, 5.375, 0.9375, 5.625], "texture": "#main"},
				"up": {"uv": [1.4375, 5.8125, 1.3125, 5.5625], "texture": "#main"},
				"down": {"uv": [1.5625, 5.5625, 1.4375, 5.8125], "texture": "#main"}
			}
		},
		{
			"name": "tail end",
			"from": [16, -3, 14],
			"to": [22, 7, 14],
			"rotation": {"angle": -22.5, "axis": "y", "origin": [-3, 0, 1]},
			"faces": {
				"north": {"uv": [2.1875, 4.5625, 1.8125, 5.1875], "texture": "#main"},
				"east": {"uv": [0, 4, 0, 4.5], "texture": "#main"},
				"south": {"uv": [1.8125, 4.5625, 2.1875, 5.1875], "texture": "#main"},
				"west": {"uv": [0, 4, 0, 4.5], "texture": "#main"},
				"up": {"uv": [0, 4.3125, 0, 4], "rotation": 270, "texture": "#main"},
				"down": {"uv": [0, 4, 0, 4.3125], "rotation": 90, "texture": "#main"}
			}
		},
		{
			"name": "eye",
			"from": [0, 4, 1],
			"to": [1, 5, 2],
			"faces": {
				"north": {"uv": [5.1875, 4.75, 5.25, 4.8125], "texture": "#main"},
				"east": {"uv": [4.4375, 5.3125, 4.5, 5.375], "texture": "#main"},
				"south": {"uv": [5.625, 4.0625, 5.6875, 4.125], "texture": "#main"},
				"west": {"uv": [4.125, 5.625, 4.1875, 5.6875], "texture": "#main"},
				"up": {"uv": [5.6875, 4.1875, 5.625, 4.125], "texture": "#main"},
				"down": {"uv": [4.25, 5.625, 4.1875, 5.6875], "texture": "#main"}
			}
		},
		{
			"name": "eye",
			"from": [15, 4, 1],
			"to": [16, 5, 2],
			"faces": {
				"north": {"uv": [5.625, 4.1875, 5.6875, 4.25], "texture": "#main"},
				"east": {"uv": [4.375, 5.625, 4.4375, 5.6875], "texture": "#main"},
				"south": {"uv": [4.4375, 5.625, 4.5, 5.6875], "texture": "#main"},
				"west": {"uv": [4.5, 5.625, 4.5625, 5.6875], "texture": "#main"},
				"up": {"uv": [4.625, 5.6875, 4.5625, 5.625], "texture": "#main"},
				"down": {"uv": [5.6875, 4.5625, 5.625, 4.625], "texture": "#main"}
			}
		},
		{
			"name": "forehead",
			"from": [1, 4, 1],
			"to": [15, 5, 3],
			"faces": {
				"north": {"uv": [5.375, 4.25, 6.25, 4.3125], "texture": "#main"},
				"east": {"uv": [4, 5.625, 4.125, 5.6875], "texture": "#main"},
				"south": {"uv": [4.9375, 5.375, 5.8125, 5.4375], "texture": "#main"},
				"west": {"uv": [5.625, 4, 5.75, 4.0625], "texture": "#main"},
				"up": {"uv": [6.0625, 4.4375, 5.1875, 4.3125], "texture": "#main"},
				"down": {"uv": [6.0625, 4.4375, 5.1875, 4.5625], "texture": "#main"}
			}
		},
		{
			"name": "head",
			"from": [5, 2, 2],
			"to": [11, 4, 3],
			"faces": {
				"north": {"uv": [4.9375, 5.4375, 5.3125, 5.5625], "texture": "#main"},
				"east": {"uv": [4.4375, 5.1875, 4.5, 5.3125], "texture": "#main"},
				"south": {"uv": [5.3125, 5.4375, 5.6875, 5.5625], "texture": "#main"},
				"west": {"uv": [4.375, 5.5, 4.4375, 5.625], "texture": "#main"},
				"up": {"uv": [5.25, 4.875, 4.875, 4.8125], "texture": "#main"},
				"down": {"uv": [5.9375, 5.5625, 5.5625, 5.625], "texture": "#main"}
			}
		},
		{
			"name": "torso",
			"from": [4, 0, 3],
			"to": [12, 5, 10],
			"faces": {
				"north": {"uv": [4, 4.875, 4.5, 5.1875], "texture": "#main"},
				"east": {"uv": [4.8125, 4.875, 5.25, 5.1875], "texture": "#main"},
				"south": {"uv": [4.875, 4, 5.375, 4.3125], "texture": "#main"},
				"west": {"uv": [4, 5.1875, 4.4375, 5.5], "texture": "#main"},
				"up": {"uv": [4.5, 4.4375, 4, 4], "texture": "#main"},
				"down": {"uv": [4.5, 4.4375, 4, 4.875], "texture": "#main"}
			}
		},
		{
			"name": "belly",
			"from": [5, 1, 10],
			"to": [11, 4, 17],
			"faces": {
				"north": {"uv": [5.25, 4.75, 5.625, 4.9375], "texture": "#main"},
				"east": {"uv": [5.1875, 4.5625, 5.625, 4.75], "texture": "#main"},
				"south": {"uv": [5.25, 4.9375, 5.625, 5.125], "texture": "#main"},
				"west": {"uv": [4.8125, 5.1875, 5.25, 5.375], "texture": "#main"},
				"up": {"uv": [4.875, 4.4375, 4.5, 4], "texture": "#main"},
				"down": {"uv": [4.875, 4.4375, 4.5, 4.875], "texture": "#main"}
			}
		},
		{
			"name": "left_fin",
			"from": [6, 5, 4],
			"to": [6, 7, 10],
			"faces": {
				"north": {"uv": [4, 4, 4, 4.125], "texture": "#main"},
				"east": {"uv": [6.75, 4.125, 6.3125, 4.25], "texture": "#main"},
				"south": {"uv": [4, 4, 4, 4.125], "texture": "#main"},
				"west": {"uv": [6.3125, 4.125, 6.75, 4.25], "texture": "#main"},
				"up": {"uv": [4, 4, 4, 4.4375], "texture": "#main"},
				"down": {"uv": [4, 4, 4, 4.4375], "texture": "#main"}
			}
		},
		{
			"name": "middle_fin",
			"from": [8, 5, 3],
			"to": [8, 8, 11],
			"faces": {
				"north": {"uv": [4, 4, 4, 4.125], "texture": "#main"},
				"east": {"uv": [7.1875, 4, 6.75, 4.1875], "texture": "#main"},
				"south": {"uv": [4, 4, 4, 4.125], "texture": "#main"},
				"west": {"uv": [6.75, 4, 7.1875, 4.1875], "texture": "#main"},
				"up": {"uv": [4, 4, 4, 4.4375], "texture": "#main"},
				"down": {"uv": [4, 4, 4, 4.4375], "texture": "#main"}
			}
		},
		{
			"name": "right_fin",
			"from": [10, 5, 4],
			"to": [10, 7, 10],
			"faces": {
				"north": {"uv": [4, 4, 4, 4.125], "texture": "#main"},
				"east": {"uv": [6.75, 4.125, 6.3125, 4.25], "texture": "#main"},
				"south": {"uv": [4, 4, 4, 4.125], "texture": "#main"},
				"west": {"uv": [6.3125, 4.125, 6.75, 4.25], "texture": "#main"},
				"up": {"uv": [4, 4, 4, 4.4375], "texture": "#main"},
				"down": {"uv": [4, 4, 4, 4.4375], "texture": "#main"}
			}
		},
		{
			"name": "back_fin",
			"from": [8, 4, 10],
			"to": [8, 6, 17],
			"faces": {
				"north": {"uv": [4, 4, 4, 4.125], "texture": "#main"},
				"east": {"uv": [6.75, 4.25, 6.3125, 4.375], "texture": "#main"},
				"south": {"uv": [4, 4, 4, 4.125], "texture": "#main"},
				"west": {"uv": [6.3125, 4.25, 6.75, 4.375], "texture": "#main"},
				"up": {"uv": [4, 4, 4, 4.4375], "texture": "#main"},
				"down": {"uv": [4, 4, 4, 4.4375], "texture": "#main"}
			}
		},
		{
			"name": "tail",
			"from": [6, 1, 17],
			"to": [10, 3, 21],
			"faces": {
				"north": {"uv": [4, 5.5, 4.25, 5.625], "texture": "#main"},
				"east": {"uv": [5.5, 5.125, 5.75, 5.25], "texture": "#main"},
				"south": {"uv": [5.5, 5.25, 5.75, 5.375], "texture": "#main"},
				"west": {"uv": [4.9375, 5.5625, 5.1875, 5.6875], "texture": "#main"},
				"up": {"uv": [5.5, 5.375, 5.25, 5.125], "texture": "#main"},
				"down": {"uv": [5.625, 4, 5.375, 4.25], "texture": "#main"}
			}
		},
		{
			"name": "mid_tail",
			"from": [7, 0, 20],
			"to": [9, 4, 24],
			"faces": {
				"north": {"uv": [4.25, 5.5, 4.375, 5.75], "texture": "#main"},
				"east": {"uv": [4.4375, 5.375, 4.6875, 5.625], "texture": "#main"},
				"south": {"uv": [5.1875, 5.5625, 5.3125, 5.8125], "texture": "#main"},
				"west": {"uv": [4.6875, 5.375, 4.9375, 5.625], "texture": "#main"},
				"up": {"uv": [5.4375, 5.8125, 5.3125, 5.5625], "texture": "#main"},
				"down": {"uv": [5.5625, 5.5625, 5.4375, 5.8125], "texture": "#main"}
			}
		},
		{
			"name": "tail end",
			"from": [16, -3, 17],
			"to": [16, 7, 23],
			"rotation": {"angle": -22.5, "axis": "y", "origin": [0, 0, 0]},
			"faces": {
				"north": {"uv": [4, 4, 4, 4.5], "texture": "#main"},
				"east": {"uv": [6.1875, 4.5625, 5.8125, 5.1875], "texture": "#main"},
				"south": {"uv": [4, 4, 4, 4.5], "texture": "#main"},
				"west": {"uv": [5.8125, 4.5625, 6.1875, 5.1875], "texture": "#main"},
				"up": {"uv": [4, 4.3125, 4, 4], "texture": "#main"},
				"down": {"uv": [4, 4, 4, 4.3125], "texture": "#main"}
			}
		},
		{
			"name": "eye",
			"from": [0, 4, 1],
			"to": [1, 5, 2],
			"faces": {
				"north": {"uv": [9.1875, 4.75, 9.25, 4.8125], "texture": "#main"},
				"east": {"uv": [8.4375, 5.3125, 8.5, 5.375], "texture": "#main"},
				"south": {"uv": [9.625, 4.0625, 9.6875, 4.125], "texture": "#main"},
				"west": {"uv": [8.125, 5.625, 8.1875, 5.6875], "texture": "#main"},
				"up": {"uv": [9.6875, 4.1875, 9.625, 4.125], "texture": "#main"},
				"down": {"uv": [8.25, 5.625, 8.1875, 5.6875], "texture": "#main"}
			}
		},
		{
			"name": "eye",
			"from": [15, 4, 1],
			"to": [16, 5, 2],
			"faces": {
				"north": {"uv": [9.625, 4.1875, 9.6875, 4.25], "texture": "#main"},
				"east": {"uv": [8.375, 5.625, 8.4375, 5.6875], "texture": "#main"},
				"south": {"uv": [8.4375, 5.625, 8.5, 5.6875], "texture": "#main"},
				"west": {"uv": [8.5, 5.625, 8.5625, 5.6875], "texture": "#main"},
				"up": {"uv": [8.625, 5.6875, 8.5625, 5.625], "texture": "#main"},
				"down": {"uv": [9.6875, 4.5625, 9.625, 4.625], "texture": "#main"}
			}
		},
		{
			"name": "forehead",
			"from": [1, 4, 1],
			"to": [15, 5, 3],
			"faces": {
				"north": {"uv": [9.375, 4.25, 10.25, 4.3125], "texture": "#main"},
				"east": {"uv": [8, 5.625, 8.125, 5.6875], "texture": "#main"},
				"south": {"uv": [8.9375, 5.375, 9.8125, 5.4375], "texture": "#main"},
				"west": {"uv": [9.625, 4, 9.75, 4.0625], "texture": "#main"},
				"up": {"uv": [10.0625, 4.4375, 9.1875, 4.3125], "texture": "#main"},
				"down": {"uv": [10.0625, 4.4375, 9.1875, 4.5625], "texture": "#main"}
			}
		},
		{
			"name": "head",
			"from": [5, 2, 2],
			"to": [11, 4, 3],
			"faces": {
				"north": {"uv": [8.9375, 5.4375, 9.3125, 5.5625], "texture": "#main"},
				"east": {"uv": [8.4375, 5.1875, 8.5, 5.3125], "texture": "#main"},
				"south": {"uv": [9.3125, 5.4375, 9.6875, 5.5625], "texture": "#main"},
				"west": {"uv": [8.375, 5.5, 8.4375, 5.625], "texture": "#main"},
				"up": {"uv": [9.25, 4.875, 8.875, 4.8125], "texture": "#main"},
				"down": {"uv": [9.9375, 5.5625, 9.5625, 5.625], "texture": "#main"}
			}
		},
		{
			"name": "torso",
			"from": [4, 0, 3],
			"to": [12, 5, 10],
			"faces": {
				"north": {"uv": [8, 4.875, 8.5, 5.1875], "texture": "#main"},
				"east": {"uv": [8.8125, 4.875, 9.25, 5.1875], "texture": "#main"},
				"south": {"uv": [8.875, 4, 9.375, 4.3125], "texture": "#main"},
				"west": {"uv": [8, 5.1875, 8.4375, 5.5], "texture": "#main"},
				"up": {"uv": [8.5, 4.4375, 8, 4], "texture": "#main"},
				"down": {"uv": [8.5, 4.4375, 8, 4.875], "texture": "#main"}
			}
		},
		{
			"name": "belly",
			"from": [5, 1, 10],
			"to": [11, 4, 17],
			"faces": {
				"north": {"uv": [9.25, 4.75, 9.625, 4.9375], "texture": "#main"},
				"east": {"uv": [9.1875, 4.5625, 9.625, 4.75], "texture": "#main"},
				"south": {"uv": [9.25, 4.9375, 9.625, 5.125], "texture": "#main"},
				"west": {"uv": [8.8125, 5.1875, 9.25, 5.375], "texture": "#main"},
				"up": {"uv": [8.875, 4.4375, 8.5, 4], "texture": "#main"},
				"down": {"uv": [8.875, 4.4375, 8.5, 4.875], "texture": "#main"}
			}
		},
		{
			"name": "left_fin",
			"from": [6, 5, 4],
			"to": [6, 7, 10],
			"faces": {
				"north": {"uv": [8, 4, 8, 4.125], "texture": "#main"},
				"east": {"uv": [10.75, 4.125, 10.3125, 4.25], "texture": "#main"},
				"south": {"uv": [8, 4, 8, 4.125], "texture": "#main"},
				"west": {"uv": [10.3125, 4.125, 10.75, 4.25], "texture": "#main"},
				"up": {"uv": [8, 4, 8, 4.4375], "texture": "#main"},
				"down": {"uv": [8, 4, 8, 4.4375], "texture": "#main"}
			}
		},
		{
			"name": "middle_fin",
			"from": [8, 5, 3],
			"to": [8, 8, 11],
			"faces": {
				"north": {"uv": [8, 4, 8, 4.125], "texture": "#main"},
				"east": {"uv": [11.1875, 4, 10.75, 4.1875], "texture": "#main"},
				"south": {"uv": [8, 4, 8, 4.125], "texture": "#main"},
				"west": {"uv": [10.75, 4, 11.1875, 4.1875], "texture": "#main"},
				"up": {"uv": [8, 4, 8, 4.4375], "texture": "#main"},
				"down": {"uv": [8, 4, 8, 4.4375], "texture": "#main"}
			}
		},
		{
			"name": "right_fin",
			"from": [10, 5, 4],
			"to": [10, 7, 10],
			"faces": {
				"north": {"uv": [8, 4, 8, 4.125], "texture": "#main"},
				"east": {"uv": [10.75, 4.125, 10.3125, 4.25], "texture": "#main"},
				"south": {"uv": [8, 4, 8, 4.125], "texture": "#main"},
				"west": {"uv": [10.3125, 4.125, 10.75, 4.25], "texture": "#main"},
				"up": {"uv": [8, 4, 8, 4.4375], "texture": "#main"},
				"down": {"uv": [8, 4, 8, 4.4375], "texture": "#main"}
			}
		},
		{
			"name": "back_fin",
			"from": [8, 4, 10],
			"to": [8, 6, 17],
			"faces": {
				"north": {"uv": [8, 4, 8, 4.125], "texture": "#main"},
				"east": {"uv": [10.75, 4.25, 10.3125, 4.375], "texture": "#main"},
				"south": {"uv": [8, 4, 8, 4.125], "texture": "#main"},
				"west": {"uv": [10.3125, 4.25, 10.75, 4.375], "texture": "#main"},
				"up": {"uv": [8, 4, 8, 4.4375], "texture": "#main"},
				"down": {"uv": [8, 4, 8, 4.4375], "texture": "#main"}
			}
		},
		{
			"name": "tail",
			"from": [6, 1, 17],
			"to": [10, 3, 21],
			"faces": {
				"north": {"uv": [8, 5.5, 8.25, 5.625], "texture": "#main"},
				"east": {"uv": [9.5, 5.125, 9.75, 5.25], "texture": "#main"},
				"south": {"uv": [9.5, 5.25, 9.75, 5.375], "texture": "#main"},
				"west": {"uv": [8.9375, 5.5625, 9.1875, 5.6875], "texture": "#main"},
				"up": {"uv": [9.5, 5.375, 9.25, 5.125], "texture": "#main"},
				"down": {"uv": [9.625, 4, 9.375, 4.25], "texture": "#main"}
			}
		},
		{
			"name": "mid_tail",
			"from": [14, 0, 15],
			"to": [16, 4, 19],
			"rotation": {"angle": -22.5, "axis": "y", "origin": [0, 0, 0]},
			"faces": {
				"north": {"uv": [8.25, 5.5, 8.375, 5.75], "texture": "#main"},
				"east": {"uv": [8.4375, 5.375, 8.6875, 5.625], "texture": "#main"},
				"south": {"uv": [9.1875, 5.5625, 9.3125, 5.8125], "texture": "#main"},
				"west": {"uv": [8.6875, 5.375, 8.9375, 5.625], "texture": "#main"},
				"up": {"uv": [9.4375, 5.8125, 9.3125, 5.5625], "texture": "#main"},
				"down": {"uv": [9.5625, 5.5625, 9.4375, 5.8125], "texture": "#main"}
			}
		},
		{
			"name": "tail end",
			"from": [15, -3, 17],
			"to": [15, 7, 23],
			"rotation": {"angle": -22.5, "axis": "y", "origin": [0, 0, 0]},
			"faces": {
				"north": {"uv": [8, 4, 8, 4.5], "texture": "#main"},
				"east": {"uv": [10.1875, 4.5625, 9.8125, 5.1875], "texture": "#main"},
				"south": {"uv": [8, 4, 8, 4.5], "texture": "#main"},
				"west": {"uv": [9.8125, 4.5625, 10.1875, 5.1875], "texture": "#main"},
				"up": {"uv": [8, 4.3125, 8, 4], "texture": "#main"},
				"down": {"uv": [8, 4, 8, 4.3125], "texture": "#main"}
			}
		},
		{
			"name": "eye",
			"from": [0, 4, 1],
			"to": [1, 5, 2],
			"faces": {
				"north": {"uv": [13.1875, 4.75, 13.25, 4.8125], "texture": "#main"},
				"east": {"uv": [12.4375, 5.3125, 12.5, 5.375], "texture": "#main"},
				"south": {"uv": [13.625, 4.0625, 13.6875, 4.125], "texture": "#main"},
				"west": {"uv": [12.125, 5.625, 12.1875, 5.6875], "texture": "#main"},
				"up": {"uv": [13.6875, 4.1875, 13.625, 4.125], "texture": "#main"},
				"down": {"uv": [12.25, 5.625, 12.1875, 5.6875], "texture": "#main"}
			}
		},
		{
			"name": "eye",
			"from": [15, 4, 1],
			"to": [16, 5, 2],
			"faces": {
				"north": {"uv": [13.625, 4.1875, 13.6875, 4.25], "texture": "#main"},
				"east": {"uv": [12.375, 5.625, 12.4375, 5.6875], "texture": "#main"},
				"south": {"uv": [12.4375, 5.625, 12.5, 5.6875], "texture": "#main"},
				"west": {"uv": [12.5, 5.625, 12.5625, 5.6875], "texture": "#main"},
				"up": {"uv": [12.625, 5.6875, 12.5625, 5.625], "texture": "#main"},
				"down": {"uv": [13.6875, 4.5625, 13.625, 4.625], "texture": "#main"}
			}
		},
		{
			"name": "forehead",
			"from": [1, 4, 1],
			"to": [15, 5, 3],
			"faces": {
				"north": {"uv": [13.375, 4.25, 14.25, 4.3125], "texture": "#main"},
				"east": {"uv": [12, 5.625, 12.125, 5.6875], "texture": "#main"},
				"south": {"uv": [12.9375, 5.375, 13.8125, 5.4375], "texture": "#main"},
				"west": {"uv": [13.625, 4, 13.75, 4.0625], "texture": "#main"},
				"up": {"uv": [14.0625, 4.4375, 13.1875, 4.3125], "texture": "#main"},
				"down": {"uv": [14.0625, 4.4375, 13.1875, 4.5625], "texture": "#main"}
			}
		},
		{
			"name": "head",
			"from": [5, 2, 2],
			"to": [11, 4, 3],
			"faces": {
				"north": {"uv": [12.9375, 5.4375, 13.3125, 5.5625], "texture": "#main"},
				"east": {"uv": [12.4375, 5.1875, 12.5, 5.3125], "texture": "#main"},
				"south": {"uv": [13.3125, 5.4375, 13.6875, 5.5625], "texture": "#main"},
				"west": {"uv": [12.375, 5.5, 12.4375, 5.625], "texture": "#main"},
				"up": {"uv": [13.25, 4.875, 12.875, 4.8125], "texture": "#main"},
				"down": {"uv": [13.9375, 5.5625, 13.5625, 5.625], "texture": "#main"}
			}
		},
		{
			"name": "torso",
			"from": [4, 0, 3],
			"to": [12, 5, 10],
			"faces": {
				"north": {"uv": [12, 4.875, 12.5, 5.1875], "texture": "#main"},
				"east": {"uv": [12.8125, 4.875, 13.25, 5.1875], "texture": "#main"},
				"south": {"uv": [12.875, 4, 13.375, 4.3125], "texture": "#main"},
				"west": {"uv": [12, 5.1875, 12.4375, 5.5], "texture": "#main"},
				"up": {"uv": [12.5, 4.4375, 12, 4], "texture": "#main"},
				"down": {"uv": [12.5, 4.4375, 12, 4.875], "texture": "#main"}
			}
		},
		{
			"name": "belly",
			"from": [5, 1, 10],
			"to": [11, 4, 17],
			"faces": {
				"north": {"uv": [13.25, 4.75, 13.625, 4.9375], "texture": "#main"},
				"east": {"uv": [13.1875, 4.5625, 13.625, 4.75], "texture": "#main"},
				"south": {"uv": [13.25, 4.9375, 13.625, 5.125], "texture": "#main"},
				"west": {"uv": [12.8125, 5.1875, 13.25, 5.375], "texture": "#main"},
				"up": {"uv": [12.875, 4.4375, 12.5, 4], "texture": "#main"},
				"down": {"uv": [12.875, 4.4375, 12.5, 4.875], "texture": "#main"}
			}
		},
		{
			"name": "left_fin",
			"from": [6, 5, 4],
			"to": [6, 7, 10],
			"faces": {
				"north": {"uv": [12, 4, 12, 4.125], "texture": "#main"},
				"east": {"uv": [14.75, 4.125, 14.3125, 4.25], "texture": "#main"},
				"south": {"uv": [12, 4, 12, 4.125], "texture": "#main"},
				"west": {"uv": [14.3125, 4.125, 14.75, 4.25], "texture": "#main"},
				"up": {"uv": [12, 4, 12, 4.4375], "texture": "#main"},
				"down": {"uv": [12, 4, 12, 4.4375], "texture": "#main"}
			}
		},
		{
			"name": "middle_fin",
			"from": [8, 5, 3],
			"to": [8, 8, 11],
			"faces": {
				"north": {"uv": [12, 4, 12, 4.125], "texture": "#main"},
				"east": {"uv": [15.1875, 4, 14.75, 4.1875], "texture": "#main"},
				"south": {"uv": [12, 4, 12, 4.125], "texture": "#main"},
				"west": {"uv": [14.75, 4, 15.1875, 4.1875], "texture": "#main"},
				"up": {"uv": [12, 4, 12, 4.4375], "texture": "#main"},
				"down": {"uv": [12, 4, 12, 4.4375], "texture": "#main"}
			}
		},
		{
			"name": "right_fin",
			"from": [10, 5, 4],
			"to": [10, 7, 10],
			"faces": {
				"north": {"uv": [12, 4, 12, 4.125], "texture": "#main"},
				"east": {"uv": [14.75, 4.125, 14.3125, 4.25], "texture": "#main"},
				"south": {"uv": [12, 4, 12, 4.125], "texture": "#main"},
				"west": {"uv": [14.3125, 4.125, 14.75, 4.25], "texture": "#main"},
				"up": {"uv": [12, 4, 12, 4.4375], "texture": "#main"},
				"down": {"uv": [12, 4, 12, 4.4375], "texture": "#main"}
			}
		},
		{
			"name": "back_fin",
			"from": [8, 4, 10],
			"to": [8, 6, 17],
			"faces": {
				"north": {"uv": [12, 4, 12, 4.125], "texture": "#main"},
				"east": {"uv": [14.75, 4.25, 14.3125, 4.375], "texture": "#main"},
				"south": {"uv": [12, 4, 12, 4.125], "texture": "#main"},
				"west": {"uv": [14.3125, 4.25, 14.75, 4.375], "texture": "#main"},
				"up": {"uv": [12, 4, 12, 4.4375], "texture": "#main"},
				"down": {"uv": [12, 4, 12, 4.4375], "texture": "#main"}
			}
		},
		{
			"name": "tail",
			"from": [13, 1, 17],
			"to": [17, 3, 21],
			"rotation": {"angle": -22.5, "axis": "y", "origin": [14, 0, -1]},
			"faces": {
				"north": {"uv": [12, 5.5, 12.25, 5.625], "texture": "#main"},
				"east": {"uv": [13.5, 5.125, 13.75, 5.25], "texture": "#main"},
				"south": {"uv": [13.5, 5.25, 13.75, 5.375], "texture": "#main"},
				"west": {"uv": [12.9375, 5.5625, 13.1875, 5.6875], "texture": "#main"},
				"up": {"uv": [13.5, 5.375, 13.25, 5.125], "texture": "#main"},
				"down": {"uv": [13.625, 4, 13.375, 4.25], "texture": "#main"}
			}
		},
		{
			"name": "mid_tail",
			"from": [14, 0, 20],
			"to": [16, 4, 24],
			"rotation": {"angle": -22.5, "axis": "y", "origin": [14, 0, -1]},
			"faces": {
				"north": {"uv": [12.25, 5.5, 12.375, 5.75], "texture": "#main"},
				"east": {"uv": [12.4375, 5.375, 12.6875, 5.625], "texture": "#main"},
				"south": {"uv": [13.1875, 5.5625, 13.3125, 5.8125], "texture": "#main"},
				"west": {"uv": [12.6875, 5.375, 12.9375, 5.625], "texture": "#main"},
				"up": {"uv": [13.4375, 5.8125, 13.3125, 5.5625], "texture": "#main"},
				"down": {"uv": [13.5625, 5.5625, 13.4375, 5.8125], "texture": "#main"}
			}
		},
		{
			"name": "tail end",
			"from": [24, -3, 19],
			"to": [24, 7, 25],
			"rotation": {"angle": -45, "axis": "y", "origin": [14, 0, -1]},
			"faces": {
				"north": {"uv": [12, 4, 12, 4.5], "texture": "#main"},
				"east": {"uv": [14.1875, 4.5625, 13.8125, 5.1875], "texture": "#main"},
				"south": {"uv": [12, 4, 12, 4.5], "texture": "#main"},
				"west": {"uv": [13.8125, 4.5625, 14.1875, 5.1875], "texture": "#main"},
				"up": {"uv": [12, 4.3125, 12, 4], "texture": "#main"},
				"down": {"uv": [12, 4, 12, 4.3125], "texture": "#main"}
			}
		},
		{
			"name": "eye",
			"from": [0, 4, 1],
			"to": [1, 5, 2],
			"faces": {
				"north": {"uv": [1.1875, 8.75, 1.25, 8.8125], "texture": "#main"},
				"east": {"uv": [0.4375, 9.3125, 0.5, 9.375], "texture": "#main"},
				"south": {"uv": [1.625, 8.0625, 1.6875, 8.125], "texture": "#main"},
				"west": {"uv": [0.125, 9.625, 0.1875, 9.6875], "texture": "#main"},
				"up": {"uv": [1.6875, 8.1875, 1.625, 8.125], "texture": "#main"},
				"down": {"uv": [0.25, 9.625, 0.1875, 9.6875], "texture": "#main"}
			}
		},
		{
			"name": "eye",
			"from": [15, 4, 1],
			"to": [16, 5, 2],
			"faces": {
				"north": {"uv": [1.625, 8.1875, 1.6875, 8.25], "texture": "#main"},
				"east": {"uv": [0.375, 9.625, 0.4375, 9.6875], "texture": "#main"},
				"south": {"uv": [0.4375, 9.625, 0.5, 9.6875], "texture": "#main"},
				"west": {"uv": [0.5, 9.625, 0.5625, 9.6875], "texture": "#main"},
				"up": {"uv": [0.625, 9.6875, 0.5625, 9.625], "texture": "#main"},
				"down": {"uv": [1.6875, 8.5625, 1.625, 8.625], "texture": "#main"}
			}
		},
		{
			"name": "forehead",
			"from": [1, 4, 1],
			"to": [15, 5, 3],
			"faces": {
				"north": {"uv": [1.375, 8.25, 2.25, 8.3125], "texture": "#main"},
				"east": {"uv": [0, 9.625, 0.125, 9.6875], "texture": "#main"},
				"south": {"uv": [0.9375, 9.375, 1.8125, 9.4375], "texture": "#main"},
				"west": {"uv": [1.625, 8, 1.75, 8.0625], "texture": "#main"},
				"up": {"uv": [2.0625, 8.4375, 1.1875, 8.3125], "texture": "#main"},
				"down": {"uv": [2.0625, 8.4375, 1.1875, 8.5625], "texture": "#main"}
			}
		},
		{
			"name": "head",
			"from": [5, 2, 2],
			"to": [11, 4, 3],
			"faces": {
				"north": {"uv": [0.9375, 9.4375, 1.3125, 9.5625], "texture": "#main"},
				"east": {"uv": [0.4375, 9.1875, 0.5, 9.3125], "texture": "#main"},
				"south": {"uv": [1.3125, 9.4375, 1.6875, 9.5625], "texture": "#main"},
				"west": {"uv": [0.375, 9.5, 0.4375, 9.625], "texture": "#main"},
				"up": {"uv": [1.25, 8.875, 0.875, 8.8125], "texture": "#main"},
				"down": {"uv": [1.9375, 9.5625, 1.5625, 9.625], "texture": "#main"}
			}
		},
		{
			"name": "torso",
			"from": [4, 0, 3],
			"to": [12, 5, 10],
			"faces": {
				"north": {"uv": [0, 8.875, 0.5, 9.1875], "texture": "#main"},
				"east": {"uv": [0.8125, 8.875, 1.25, 9.1875], "texture": "#main"},
				"south": {"uv": [0.875, 8, 1.375, 8.3125], "texture": "#main"},
				"west": {"uv": [0, 9.1875, 0.4375, 9.5], "texture": "#main"},
				"up": {"uv": [0.5, 8.4375, 0, 8], "texture": "#main"},
				"down": {"uv": [0.5, 8.4375, 0, 8.875], "texture": "#main"}
			}
		},
		{
			"name": "belly",
			"from": [5, 1, 10],
			"to": [11, 4, 17],
			"faces": {
				"north": {"uv": [1.25, 8.75, 1.625, 8.9375], "texture": "#main"},
				"east": {"uv": [1.1875, 8.5625, 1.625, 8.75], "texture": "#main"},
				"south": {"uv": [1.25, 8.9375, 1.625, 9.125], "texture": "#main"},
				"west": {"uv": [0.8125, 9.1875, 1.25, 9.375], "texture": "#main"},
				"up": {"uv": [0.875, 8.4375, 0.5, 8], "texture": "#main"},
				"down": {"uv": [0.875, 8.4375, 0.5, 8.875], "texture": "#main"}
			}
		},
		{
			"name": "left_fin",
			"from": [6, 5, 4],
			"to": [6, 7, 10],
			"faces": {
				"north": {"uv": [0, 8, 0, 8.125], "texture": "#main"},
				"east": {"uv": [2.75, 8.125, 2.3125, 8.25], "texture": "#main"},
				"south": {"uv": [0, 8, 0, 8.125], "texture": "#main"},
				"west": {"uv": [2.3125, 8.125, 2.75, 8.25], "texture": "#main"},
				"up": {"uv": [0, 8, 0, 8.4375], "texture": "#main"},
				"down": {"uv": [0, 8, 0, 8.4375], "texture": "#main"}
			}
		},
		{
			"name": "middle_fin",
			"from": [8, 5, 3],
			"to": [8, 8, 11],
			"faces": {
				"north": {"uv": [0, 8, 0, 8.125], "texture": "#main"},
				"east": {"uv": [3.1875, 8, 2.75, 8.1875], "texture": "#main"},
				"south": {"uv": [0, 8, 0, 8.125], "texture": "#main"},
				"west": {"uv": [2.75, 8, 3.1875, 8.1875], "texture": "#main"},
				"up": {"uv": [0, 8, 0, 8.4375], "texture": "#main"},
				"down": {"uv": [0, 8, 0, 8.4375], "texture": "#main"}
			}
		},
		{
			"name": "right_fin",
			"from": [10, 5, 4],
			"to": [10, 7, 10],
			"faces": {
				"north": {"uv": [0, 8, 0, 8.125], "texture": "#main"},
				"east": {"uv": [2.75, 8.125, 2.3125, 8.25], "texture": "#main"},
				"south": {"uv": [0, 8, 0, 8.125], "texture": "#main"},
				"west": {"uv": [2.3125, 8.125, 2.75, 8.25], "texture": "#main"},
				"up": {"uv": [0, 8, 0, 8.4375], "texture": "#main"},
				"down": {"uv": [0, 8, 0, 8.4375], "texture": "#main"}
			}
		},
		{
			"name": "back_fin",
			"from": [8, 4, 10],
			"to": [8, 6, 17],
			"faces": {
				"north": {"uv": [0, 8, 0, 8.125], "texture": "#main"},
				"east": {"uv": [2.75, 8.25, 2.3125, 8.375], "texture": "#main"},
				"south": {"uv": [0, 8, 0, 8.125], "texture": "#main"},
				"west": {"uv": [2.3125, 8.25, 2.75, 8.375], "texture": "#main"},
				"up": {"uv": [0, 8, 0, 8.4375], "texture": "#main"},
				"down": {"uv": [0, 8, 0, 8.4375], "texture": "#main"}
			}
		},
		{
			"name": "tail",
			"from": [12, 1, 12],
			"to": [16, 3, 16],
			"rotation": {"angle": -22.5, "axis": "y", "origin": [3, 0, 0]},
			"faces": {
				"north": {"uv": [0, 9.5, 0.25, 9.625], "texture": "#main"},
				"east": {"uv": [1.5, 9.125, 1.75, 9.25], "texture": "#main"},
				"south": {"uv": [1.5, 9.25, 1.75, 9.375], "texture": "#main"},
				"west": {"uv": [0.9375, 9.5625, 1.1875, 9.6875], "texture": "#main"},
				"up": {"uv": [1.5, 9.375, 1.25, 9.125], "texture": "#main"},
				"down": {"uv": [1.625, 8, 1.375, 8.25], "texture": "#main"}
			}
		},
		{
			"name": "mid_tail",
			"from": [18, 0, 10],
			"to": [20, 4, 14],
			"rotation": {"angle": -45, "axis": "y", "origin": [3, 0, 0]},
			"faces": {
				"north": {"uv": [0.25, 9.5, 0.375, 9.75], "texture": "#main"},
				"east": {"uv": [0.4375, 9.375, 0.6875, 9.625], "texture": "#main"},
				"south": {"uv": [1.1875, 9.5625, 1.3125, 9.8125], "texture": "#main"},
				"west": {"uv": [0.6875, 9.375, 0.9375, 9.625], "texture": "#main"},
				"up": {"uv": [1.4375, 9.8125, 1.3125, 9.5625], "texture": "#main"},
				"down": {"uv": [1.5625, 9.5625, 1.4375, 9.8125], "texture": "#main"}
			}
		},
		{
			"name": "tail end",
			"from": [-7, -3, 20],
			"to": [-1, 7, 20],
			"rotation": {"angle": 22.5, "axis": "y", "origin": [3, 0, 0]},
			"faces": {
				"north": {"uv": [1.8125, 8.5625, 2.1875, 9.1875], "texture": "#main"},
				"east": {"uv": [0, 8, 0, 8.5], "texture": "#main"},
				"south": {"uv": [2.1875, 8.5625, 1.8125, 9.1875], "texture": "#main"},
				"west": {"uv": [0, 8, 0, 8.5], "texture": "#main"},
				"up": {"uv": [0, 8.3125, 0, 8], "rotation": 90, "texture": "#main"},
				"down": {"uv": [0, 8, 0, 8.3125], "rotation": 270, "texture": "#main"}
			}
		},
		{
			"name": "eye",
			"from": [0, 4, 1],
			"to": [1, 5, 2],
			"faces": {
				"north": {"uv": [1.1875, 0.75, 1.25, 0.8125], "texture": "#main"},
				"east": {"uv": [0.4375, 1.3125, 0.5, 1.375], "texture": "#main"},
				"south": {"uv": [1.625, 0.0625, 1.6875, 0.125], "texture": "#main"},
				"west": {"uv": [0.125, 1.625, 0.1875, 1.6875], "texture": "#main"},
				"up": {"uv": [1.6875, 0.1875, 1.625, 0.125], "texture": "#main"},
				"down": {"uv": [0.25, 1.625, 0.1875, 1.6875], "texture": "#main"}
			}
		},
		{
			"name": "eye",
			"from": [15, 4, 1],
			"to": [16, 5, 2],
			"faces": {
				"north": {"uv": [1.625, 0.1875, 1.6875, 0.25], "texture": "#main"},
				"east": {"uv": [0.375, 1.625, 0.4375, 1.6875], "texture": "#main"},
				"south": {"uv": [0.4375, 1.625, 0.5, 1.6875], "texture": "#main"},
				"west": {"uv": [0.5, 1.625, 0.5625, 1.6875], "texture": "#main"},
				"up": {"uv": [0.625, 1.6875, 0.5625, 1.625], "texture": "#main"},
				"down": {"uv": [1.6875, 0.5625, 1.625, 0.625], "texture": "#main"}
			}
		},
		{
			"name": "forehead",
			"from": [1, 4, 1],
			"to": [15, 5, 3],
			"faces": {
				"north": {"uv": [1.375, 0.25, 2.25, 0.3125], "texture": "#main"},
				"east": {"uv": [0, 1.625, 0.125, 1.6875], "texture": "#main"},
				"south": {"uv": [0.9375, 1.375, 1.8125, 1.4375], "texture": "#main"},
				"west": {"uv": [1.625, 0, 1.75, 0.0625], "texture": "#main"},
				"up": {"uv": [2.0625, 0.4375, 1.1875, 0.3125], "texture": "#main"},
				"down": {"uv": [2.0625, 0.4375, 1.1875, 0.5625], "texture": "#main"}
			}
		},
		{
			"name": "head",
			"from": [5, 2, 2],
			"to": [11, 4, 3],
			"faces": {
				"north": {"uv": [0.9375, 1.4375, 1.3125, 1.5625], "texture": "#main"},
				"east": {"uv": [0.4375, 1.1875, 0.5, 1.3125], "texture": "#main"},
				"south": {"uv": [1.3125, 1.4375, 1.6875, 1.5625], "texture": "#main"},
				"west": {"uv": [0.375, 1.5, 0.4375, 1.625], "texture": "#main"},
				"up": {"uv": [1.25, 0.875, 0.875, 0.8125], "texture": "#main"},
				"down": {"uv": [1.9375, 1.5625, 1.5625, 1.625], "texture": "#main"}
			}
		},
		{
			"name": "torso",
			"from": [4, 0, 3],
			"to": [12, 5, 10],
			"faces": {
				"north": {"uv": [0, 0.875, 0.5, 1.1875], "texture": "#main"},
				"east": {"uv": [0.8125, 0.875, 1.25, 1.1875], "texture": "#main"},
				"south": {"uv": [0.875, 0, 1.375, 0.3125], "texture": "#main"},
				"west": {"uv": [0, 1.1875, 0.4375, 1.5], "texture": "#main"},
				"up": {"uv": [0.5, 0.4375, 0, 0], "texture": "#main"},
				"down": {"uv": [0.5, 0.4375, 0, 0.875], "texture": "#main"}
			}
		},
		{
			"name": "belly",
			"from": [5, 1, 10],
			"to": [11, 4, 17],
			"faces": {
				"north": {"uv": [1.25, 0.75, 1.625, 0.9375], "texture": "#main"},
				"east": {"uv": [1.1875, 0.5625, 1.625, 0.75], "texture": "#main"},
				"south": {"uv": [1.25, 0.9375, 1.625, 1.125], "texture": "#main"},
				"west": {"uv": [0.8125, 1.1875, 1.25, 1.375], "texture": "#main"},
				"up": {"uv": [0.875, 0.4375, 0.5, 0], "texture": "#main"},
				"down": {"uv": [0.875, 0.4375, 0.5, 0.875], "texture": "#main"}
			}
		},
		{
			"name": "left_fin",
			"from": [6, 5, 4],
			"to": [6, 7, 10],
			"faces": {
				"north": {"uv": [0, 0, 0, 0.125], "texture": "#main"},
				"east": {"uv": [2.75, 0.125, 2.3125, 0.25], "texture": "#main"},
				"south": {"uv": [0, 0, 0, 0.125], "texture": "#main"},
				"west": {"uv": [2.3125, 0.125, 2.75, 0.25], "texture": "#main"},
				"up": {"uv": [0, 0, 0, 0.4375], "texture": "#main"},
				"down": {"uv": [0, 0, 0, 0.4375], "texture": "#main"}
			}
		},
		{
			"name": "middle_fin",
			"from": [8, 5, 3],
			"to": [8, 8, 11],
			"faces": {
				"north": {"uv": [0, 0, 0, 0.125], "texture": "#main"},
				"east": {"uv": [3.1875, 0, 2.75, 0.1875], "texture": "#main"},
				"south": {"uv": [0, 0, 0, 0.125], "texture": "#main"},
				"west": {"uv": [2.75, 0, 3.1875, 0.1875], "texture": "#main"},
				"up": {"uv": [0, 0, 0, 0.4375], "texture": "#main"},
				"down": {"uv": [0, 0, 0, 0.4375], "texture": "#main"}
			}
		},
		{
			"name": "right_fin",
			"from": [10, 5, 4],
			"to": [10, 7, 10],
			"faces": {
				"north": {"uv": [0, 0, 0, 0.125], "texture": "#main"},
				"east": {"uv": [2.75, 0.125, 2.3125, 0.25], "texture": "#main"},
				"south": {"uv": [0, 0, 0, 0.125], "texture": "#main"},
				"west": {"uv": [2.3125, 0.125, 2.75, 0.25], "texture": "#main"},
				"up": {"uv": [0, 0, 0, 0.4375], "texture": "#main"},
				"down": {"uv": [0, 0, 0, 0.4375], "texture": "#main"}
			}
		},
		{
			"name": "back_fin",
			"from": [8, 4, 10],
			"to": [8, 6, 17],
			"faces": {
				"north": {"uv": [0, 0, 0, 0.125], "texture": "#main"},
				"east": {"uv": [2.75, 0.25, 2.3125, 0.375], "texture": "#main"},
				"south": {"uv": [0, 0, 0, 0.125], "texture": "#main"},
				"west": {"uv": [2.3125, 0.25, 2.75, 0.375], "texture": "#main"},
				"up": {"uv": [0, 0, 0, 0.4375], "texture": "#main"},
				"down": {"uv": [0, 0, 0, 0.4375], "texture": "#main"}
			}
		},
		{
			"name": "tail",
			"from": [6, 1, 17],
			"to": [10, 3, 21],
			"faces": {
				"north": {"uv": [0, 1.5, 0.25, 1.625], "texture": "#main"},
				"east": {"uv": [1.5, 1.125, 1.75, 1.25], "texture": "#main"},
				"south": {"uv": [1.5, 1.25, 1.75, 1.375], "texture": "#main"},
				"west": {"uv": [0.9375, 1.5625, 1.1875, 1.6875], "texture": "#main"},
				"up": {"uv": [1.5, 1.375, 1.25, 1.125], "texture": "#main"},
				"down": {"uv": [1.625, 0, 1.375, 0.25], "texture": "#main"}
			}
		},
		{
			"name": "mid_tail",
			"from": [7, 0, 20],
			"to": [9, 4, 24],
			"faces": {
				"north": {"uv": [0.25, 1.5, 0.375, 1.75], "texture": "#main"},
				"east": {"uv": [0.4375, 1.375, 0.6875, 1.625], "texture": "#main"},
				"south": {"uv": [1.1875, 1.5625, 1.3125, 1.8125], "texture": "#main"},
				"west": {"uv": [0.6875, 1.375, 0.9375, 1.625], "texture": "#main"},
				"up": {"uv": [1.4375, 1.8125, 1.3125, 1.5625], "texture": "#main"},
				"down": {"uv": [1.5625, 1.5625, 1.4375, 1.8125], "texture": "#main"}
			}
		},
		{
			"name": "tail end",
			"from": [8, -3, 22],
			"to": [8, 7, 28],
			"faces": {
				"north": {"uv": [0, 0, 0, 0.5], "texture": "#main"},
				"east": {"uv": [2.1875, 0.5625, 1.8125, 1.1875], "texture": "#main"},
				"south": {"uv": [0, 0, 0, 0.5], "texture": "#main"},
				"west": {"uv": [1.8125, 0.5625, 2.1875, 1.1875], "texture": "#main"},
				"up": {"uv": [0, 0.3125, 0, 0], "texture": "#main"},
				"down": {"uv": [0, 0, 0, 0.3125], "texture": "#main"}
			}
		}
	],
	"display": {
		"thirdperson_righthand": {
			"rotation": [90, 0, 0],
			"translation": [0, 2, 3]
		},
		"thirdperson_lefthand": {
			"rotation": [90, 0, 0],
			"translation": [0, 2, 3]
		},
		"firstperson_righthand": {
			"translation": [3, 3, 0]
		},
		"firstperson_lefthand": {
			"translation": [3, 3, 0]
		},
		"ground": {
			"translation": [0, 5, 0]
		},
		"gui": {
			"rotation": [70, 120, -35],
			"translation": [-3.25, 0, 0],
			"scale": [0.5, 0.5, 0.5]
		},
		"head": {
			"scale": [3, 3, 3]
		},
		"fixed": {
			"rotation": [-90, -180, 0],
			"translation": [0, 4, -5.25],
			"scale": [0.66, 0.66, 0.66]
		}
	},
	"groups": [
		0,
		1,
		2,
		3,
		4,
		5,
		6,
		7,
		8,
		9,
		10,
		11,
		12,
		13,
		14,
		15,
		16,
		17,
		18,
		19,
		20,
		21,
		22,
		23,
		24,
		25,
		26,
		27,
		28,
		29,
		30,
		31,
		32,
		33,
		34,
		35,
		36,
		37,
		38,
		39,
		40,
		41,
		42,
		43,
		44,
		45,
		46,
		47,
		48,
		49,
		50,
		51,
		52,
		53,
		54,
		55,
		56,
		57,
		58,
		59,
		60,
		61,
		62,
		63,
		64,
		65,
		66,
		67,
		68,
		69,
		70,
		71,
		72,
		73,
		74,
		75,
		76,
		77,
		78,
		79,
		80,
		81,
		82,
		83,
		84,
		85,
		86,
		87,
		88,
		89,
		90,
		91,
		92,
		93,
		94,
		95,
		96,
		97,
		98,
		99,
		100,
		101,
		102,
		103,
		{
			"name": "Hammerhead",
			"origin": [0, 0, 0],
			"color": 0,
			"children": [
				{
					"name": "head",
					"origin": [0, 0, 0],
					"color": 0,
					"children": [104, 105, 106, 107]
				},
				{
					"name": "body",
					"origin": [8, 8, 8],
					"color": 0,
					"children": [108, 109]
				},
				{
					"name": "back_fins",
					"origin": [8, 8, 8],
					"color": 0,
					"children": [110, 111, 112, 113]
				},
				{
					"name": "tail",
					"origin": [8, 8, 8],
					"color": 0,
					"children": [114, 115, 116]
				}
			]
		}
	]
}