{
	"credit": "Made with Blockbench",
	"textures": {
		"1": "item/hammerhead/hammerhead_hurt"
	},
	"elements": [
		{
			"name": "eye",
			"from": [0, 4, 1],
			"to": [1, 5, 2],
			"faces": {
				"north": {"uv": [4.75, 3, 5, 3.25], "texture": "#1"},
				"east": {"uv": [1.75, 5.25, 2, 5.5], "texture": "#1"},
				"south": {"uv": [6.5, 0.25, 6.75, 0.5], "texture": "#1"},
				"west": {"uv": [0.5, 6.5, 0.75, 6.75], "texture": "#1"},
				"up": {"uv": [6.75, 0.75, 6.5, 0.5], "texture": "#1"},
				"down": {"uv": [1, 6.5, 0.75, 6.75], "texture": "#1"}
			}
		},
		{
			"name": "eye",
			"from": [15, 4, 1],
			"to": [16, 5, 2],
			"faces": {
				"north": {"uv": [6.5, 0.75, 6.75, 1], "texture": "#1"},
				"east": {"uv": [1.5, 6.5, 1.75, 6.75], "texture": "#1"},
				"south": {"uv": [1.75, 6.5, 2, 6.75], "texture": "#1"},
				"west": {"uv": [2, 6.5, 2.25, 6.75], "texture": "#1"},
				"up": {"uv": [2.5, 6.75, 2.25, 6.5], "texture": "#1"},
				"down": {"uv": [6.75, 2.25, 6.5, 2.5], "texture": "#1"}
			}
		},
		{
			"name": "forehead",
			"from": [1, 4, 1],
			"to": [15, 5, 3],
			"faces": {
				"north": {"uv": [5.5, 1, 9, 1.25], "texture": "#1"},
				"east": {"uv": [0, 6.5, 0.5, 6.75], "texture": "#1"},
				"south": {"uv": [3.75, 5.5, 7.25, 5.75], "texture": "#1"},
				"west": {"uv": [6.5, 0, 7, 0.25], "texture": "#1"},
				"up": {"uv": [8.25, 1.75, 4.75, 1.25], "texture": "#1"},
				"down": {"uv": [8.25, 1.75, 4.75, 2.25], "texture": "#1"}
			}
		},
		{
			"name": "head",
			"from": [5, 2, 2],
			"to": [11, 4, 3],
			"faces": {
				"north": {"uv": [3.75, 5.75, 5.25, 6.25], "texture": "#1"},
				"east": {"uv": [1.75, 4.75, 2, 5.25], "texture": "#1"},
				"south": {"uv": [5.25, 5.75, 6.75, 6.25], "texture": "#1"},
				"west": {"uv": [1.5, 6, 1.75, 6.5], "texture": "#1"},
				"up": {"uv": [5, 3.5, 3.5, 3.25], "texture": "#1"},
				"down": {"uv": [7.75, 6.25, 6.25, 6.5], "texture": "#1"}
			}
		},
		{
			"name": "torso",
			"from": [4, 0, 3],
			"to": [12, 5, 10],
			"faces": {
				"north": {"uv": [0, 3.5, 2, 4.75], "texture": "#1"},
				"east": {"uv": [3.25, 3.5, 5, 4.75], "texture": "#1"},
				"south": {"uv": [3.5, 0, 5.5, 1.25], "texture": "#1"},
				"west": {"uv": [0, 4.75, 1.75, 6], "texture": "#1"},
				"up": {"uv": [2, 1.75, 0, 0], "texture": "#1"},
				"down": {"uv": [2, 1.75, 0, 3.5], "texture": "#1"}
			}
		},
		{
			"name": "belly",
			"from": [5, 1, 10],
			"to": [11, 4, 17],
			"faces": {
				"north": {"uv": [5, 3, 6.5, 3.75], "texture": "#1"},
				"east": {"uv": [4.75, 2.25, 6.5, 3], "texture": "#1"},
				"south": {"uv": [5, 3.75, 6.5, 4.5], "texture": "#1"},
				"west": {"uv": [3.25, 4.75, 5, 5.5], "texture": "#1"},
				"up": {"uv": [3.5, 1.75, 2, 0], "texture": "#1"},
				"down": {"uv": [3.5, 1.75, 2, 3.5], "texture": "#1"}
			}
		},
		{
			"name": "left_fin",
			"from": [6, 5, 4],
			"to": [6, 7, 10],
			"faces": {
				"north": {"uv": [0, 0, 0, 0.5], "texture": "#1"},
				"east": {"uv": [11, 0.5, 9.25, 1], "texture": "#1"},
				"south": {"uv": [0, 0, 0, 0.5], "texture": "#1"},
				"west": {"uv": [9.25, 0.5, 11, 1], "texture": "#1"},
				"up": {"uv": [0, 0, 0, 1.75], "texture": "#1"},
				"down": {"uv": [0, 0, 0, 1.75], "texture": "#1"}
			}
		},
		{
			"name": "middle_fin",
			"from": [8, 5, 3],
			"to": [8, 8, 11],
			"faces": {
				"north": {"uv": [0, 0, 0, 0.5], "texture": "#1"},
				"east": {"uv": [12.75, 0, 11, 0.75], "texture": "#1"},
				"south": {"uv": [0, 0, 0, 0.5], "texture": "#1"},
				"west": {"uv": [11, 0, 12.75, 0.75], "texture": "#1"},
				"up": {"uv": [0, 0, 0, 1.75], "texture": "#1"},
				"down": {"uv": [0, 0, 0, 1.75], "texture": "#1"}
			}
		},
		{
			"name": "right_fin",
			"from": [10, 5, 4],
			"to": [10, 7, 10],
			"faces": {
				"north": {"uv": [0, 0, 0, 0.5], "texture": "#1"},
				"east": {"uv": [11, 0.5, 9.25, 1], "texture": "#1"},
				"south": {"uv": [0, 0, 0, 0.5], "texture": "#1"},
				"west": {"uv": [9.25, 0.5, 11, 1], "texture": "#1"},
				"up": {"uv": [0, 0, 0, 1.75], "texture": "#1"},
				"down": {"uv": [0, 0, 0, 1.75], "texture": "#1"}
			}
		},
		{
			"name": "back_fin",
			"from": [8, 4, 10],
			"to": [8, 6, 17],
			"faces": {
				"north": {"uv": [0, 0, 0, 0.5], "texture": "#1"},
				"east": {"uv": [11, 1, 9.25, 1.5], "texture": "#1"},
				"south": {"uv": [0, 0, 0, 0.5], "texture": "#1"},
				"west": {"uv": [9.25, 1, 11, 1.5], "texture": "#1"},
				"up": {"uv": [0, 0, 0, 1.75], "texture": "#1"},
				"down": {"uv": [0, 0, 0, 1.75], "texture": "#1"}
			}
		},
		{
			"name": "tail",
			"from": [6, 1, 17],
			"to": [10, 3, 21],
			"faces": {
				"north": {"uv": [0, 6, 1, 6.5], "texture": "#1"},
				"east": {"uv": [6, 4.5, 7, 5], "texture": "#1"},
				"south": {"uv": [6, 5, 7, 5.5], "texture": "#1"},
				"west": {"uv": [3.75, 6.25, 4.75, 6.75], "texture": "#1"},
				"up": {"uv": [6, 5.5, 5, 4.5], "texture": "#1"},
				"down": {"uv": [6.5, 0, 5.5, 1], "texture": "#1"}
			}
		},
		{
			"name": "mid_tail",
			"from": [7, 0, 20],
			"to": [9, 4, 24],
			"faces": {
				"north": {"uv": [1, 6, 1.5, 7], "texture": "#1"},
				"east": {"uv": [1.75, 5.5, 2.75, 6.5], "texture": "#1"},
				"south": {"uv": [4.75, 6.25, 5.25, 7.25], "texture": "#1"},
				"west": {"uv": [2.75, 5.5, 3.75, 6.5], "texture": "#1"},
				"up": {"uv": [5.75, 7.25, 5.25, 6.25], "texture": "#1"},
				"down": {"uv": [6.25, 6.25, 5.75, 7.25], "texture": "#1"}
			}
		},
		{
			"name": "tail end",
			"from": [8, -3, 22],
			"to": [8, 7, 28],
			"faces": {
				"north": {"uv": [0, 0, 0, 2], "texture": "#1"},
				"east": {"uv": [8.75, 2.25, 7.25, 4.75], "texture": "#1"},
				"south": {"uv": [0, 0, 0, 2], "texture": "#1"},
				"west": {"uv": [7.25, 2.25, 8.75, 4.75], "texture": "#1"},
				"up": {"uv": [0, 1.25, 0, 0], "texture": "#1"},
				"down": {"uv": [0, 0, 0, 1.25], "texture": "#1"}
			}
		}
	],
	"display": {
		"thirdperson_righthand": {
			"rotation": [90, 0, 0],
			"translation": [0, 2, 3]
		},
		"thirdperson_lefthand": {
			"rotation": [90, 0, 0],
			"translation": [0, 2, 3]
		},
		"firstperson_righthand": {
			"translation": [3, 3, 0]
		},
		"firstperson_lefthand": {
			"translation": [3, 3, 0]
		},
		"ground": {
			"translation": [0, 5, 0]
		},
		"gui": {
			"rotation": [70, 120, -35],
			"translation": [-3.25, 0, 0],
			"scale": [0.5, 0.5, 0.5]
		},
		"head": {
			"scale": [3, 3, 3]
		},
		"fixed": {
			"rotation": [-90, -180, 0],
			"translation": [0, 4, -5.25],
			"scale": [0.66, 0.66, 0.66]
		}
	},
	"groups": [
		{
			"name": "Hammerhead",
			"origin": [0, 0, 0],
			"color": 0,
			"children": [
				{
					"name": "head",
					"origin": [0, 0, 0],
					"color": 0,
					"children": [0, 1, 2, 3]
				},
				{
					"name": "body",
					"origin": [8, 8, 8],
					"color": 0,
					"children": [4, 5]
				},
				{
					"name": "back_fins",
					"origin": [8, 8, 8],
					"color": 0,
					"children": [6, 7, 8, 9]
				},
				{
					"name": "tail",
					"origin": [8, 8, 8],
					"color": 0,
					"children": [10, 11, 12]
				}
			]
		}
	]
}