{
    "credit": "Made with Blockbench", 
    "texture_size": [
        64, 
        64
    ], 
    "textures": {
        "main": "item/atlantan/atlantan_move"
    }, 
    "elements": [
        {
            "name": "head", 
            "from": [ 4, 22, 4 ], 
            "to":   [ 12, 29, 10 ], 
            "faces": {
                "north": { "uv": [ 1.125, 0.75, 1.625, 1.1875 ], "texture": "#main" }, 
                "east":  { "uv": [ 0.5, 1.625, 0.875, 2.0625 ], "texture": "#main" }, 
                "south": { "uv": [ 1.125, 1.1875, 1.625, 1.625 ], "texture": "#main" }, 
                "west":  { "uv": [ 2, 0.75, 1.625, 1.1875 ], "texture": "#main" }, 
                "up":    { "uv": [ 0.5, 1.625, 0, 1.25 ], "texture": "#main" }, 
                "down":  { "uv": [ 1, 1.25, 0.5, 1.625 ], "texture": "#main" }
            }
        }, 
        {
            "name": "head_flint", 
            "from": [ 8, 23, 5 ], 
            "to":   [ 8, 32, 14 ], 
            "faces": {
                "north": { "uv": [ 3, 0, 3, 0.5625 ], "texture": "#main" }, 
                "east":  { "uv": [ 0, 0.6875, 0.5625, 1.25 ], "texture": "#main" }, 
                "south": { "uv": [ 3, 0, 3, 0.5625 ], "texture": "#main" }, 
                "west":  { "uv": [ 0.5625, 0.6875, 1.125, 1.25 ], "texture": "#main" }, 
                "up":    { "uv": [ 3, 0.5625, 3, 0 ], "texture": "#main" }, 
                "down":  { "uv": [ 3, 0, 3, 0.5625 ], "texture": "#main" }
            }
        }, 
        {
            "name": "ear_flint", 
            "from": [ 2, 23, 7 ], 
            "to":   [ 14, 27, 7 ], 
            "faces": {
                "north": { "uv": [ 0, 2.5625, 1, 2.875 ], "texture": "#main" }, 
                "east":  { "uv": [ 0, 2.5625, 0, 2.875 ], "texture": "#main" }, 
                "south": { "uv": [ 1, 2.5625, 0, 2.875 ], "texture": "#main" }, 
                "west":  { "uv": [ 0, 2.5625, 0, 2.875 ], "texture": "#main" }, 
                "up":    { "uv": [ 0, 2.875, 0.875, 2.875 ], "texture": "#main" }, 
                "down":  { "uv": [ 0, 2.875, 0.875, 2.875 ], "texture": "#main" }
            }
        }, 
        {
            "name": "left_arm", 
            "from": [ 1, 11, 6 ], 
            "to":   [ 4, 22, 9 ], 
            "faces": {
                "north": { "uv": [ 0.875, 1.625, 1.0625, 2.375 ], "texture": "#main" }, 
                "east":  { "uv": [ 1.0625, 1.625, 1.25, 2.375 ], "texture": "#main" }, 
                "south": { "uv": [ 1.625, 1.1875, 1.8125, 1.9375 ], "texture": "#main" }, 
                "west":  { "uv": [ 1.25, 1.625, 1.4375, 2.375 ], "texture": "#main" }, 
                "up":    { "uv": [ 1.3125, 2.5625, 1.125, 2.375 ], "texture": "#main" }, 
                "down":  { "uv": [ 1.5, 2.375, 1.3125, 2.5625 ], "texture": "#main" }
            }
        }, 
        {
            "name": "right_arm", 
            "from": [ 12, 11, 6 ], 
            "to":   [ 15, 22, 9 ], 
            "faces": {
                "north": { "uv": [ 1.4375, 1.625, 1.625, 2.375 ], "texture": "#main" }, 
                "east":  { "uv": [ 1.75, 0, 1.9375, 0.75 ], "texture": "#main" }, 
                "south": { "uv": [ 1.8125, 1.1875, 2, 1.9375 ], "texture": "#main" }, 
                "west":  { "uv": [ 1.9375, 0, 2.125, 0.75 ], "texture": "#main" }, 
                "up":    { "uv": [ 2.5625, 1.9375, 2.375, 1.75 ], "texture": "#main" }, 
                "down":  { "uv": [ 2.3125, 2.375, 2.125, 2.5625 ], "texture": "#main" }
            }
        }, 
        {
            "name": "body", 
            "from": [ 4, 11, 5 ], 
            "to":   [ 12, 22, 9 ], 
            "rotation": { "angle": 0, "axis": "y", "origin": [0, 7, 0] }, 
            "faces": {
                "north": { "uv": [ 0, 0, 0.5, 0.6875 ], "texture": "#main" }, 
                "east":  { "uv": [ 0, 1.625, 0.25, 2.3125 ], "texture": "#main" }, 
                "south": { "uv": [ 0.5, 0, 1, 0.6875 ], "texture": "#main" }, 
                "west":  { "uv": [ 0.25, 1.625, 0.5, 2.3125 ], "texture": "#main" }, 
                "up":    { "uv": [ 2.5, 1, 2, 0.75 ], "texture": "#main" }, 
                "down":  { "uv": [ 2.5, 1, 2, 1.25 ], "texture": "#main" }
            }
        }, 
        {
            "name": "back_flint", 
            "from": [ 8, 11, 9 ], 
            "to":   [ 8, 20, 13 ], 
            "faces": {
                "north": { "uv": [ 3, 0, 3, 0.5625 ], "texture": "#main" }, 
                "east":  { "uv": [ 1.625, 1.9375, 1.875, 2.5 ], "texture": "#main" }, 
                "south": { "uv": [ 3, 0, 3, 0.5625 ], "texture": "#main" }, 
                "west":  { "uv": [ 1.875, 1.9375, 2.125, 2.5 ], "texture": "#main" }, 
                "up":    { "uv": [ 3, 0.375, 3, 0.125 ], "texture": "#main" }, 
                "down":  { "uv": [ 3, 0, 3, 0.25 ], "texture": "#main" }
            }
        }, 
        {
            "name": "upper_part", 
            "from": [ 4, 7, 5 ], 
            "to":   [ 12, 11, 9 ], 
            "rotation": { "angle": 0, "axis": "y", "origin": [0, -3, 0] }, 
            "faces": {
                "north": { "uv": [ 2, 1.25, 2.5, 1.5 ], "texture": "#main" }, 
                "east":  { "uv": [ 2.125, 2.125, 2.375, 2.375 ], "texture": "#main" }, 
                "south": { "uv": [ 2, 1.5, 2.5, 1.75 ], "texture": "#main" }, 
                "west":  { "uv": [ 0, 2.3125, 0.25, 2.5625 ], "texture": "#main" }, 
                "up":    { "uv": [ 2.625, 0.25, 2.125, 0 ], "texture": "#main" }, 
                "down":  { "uv": [ 2.625, 0.25, 2.125, 0.5 ], "texture": "#main" }
            }
        }, 
        {
            "name": "middle_part", 
            "from": [ 5, 2, 10 ], 
            "to":   [ 11, 6, 13 ], 
            "rotation": { "angle": -22.5, "axis": "x", "origin": [0, -4, 4] }, 
            "faces": {
                "north": { "uv": [ 0.5, 2.0625, 0.875, 2.3125 ], "texture": "#main" }, 
                "east":  { "uv": [ 0.25, 2.3125, 0.4375, 2.5625 ], "texture": "#main" }, 
                "south": { "uv": [ 2.125, 0.5, 2.5, 0.75 ], "texture": "#main" }, 
                "west":  { "uv": [ 0.4375, 2.3125, 0.625, 2.5625 ], "texture": "#main" }, 
                "up":    { "uv": [ 2.375, 1.9375, 2, 1.75 ], "texture": "#main" }, 
                "down":  { "uv": [ 2.5, 1.9375, 2.125, 2.125 ], "texture": "#main" }
            }
        }, 
        {
            "name": "lower_part", 
            "from": [ 6, -4, 12 ], 
            "to":   [ 10, -1, 14 ], 
            "rotation": { "angle": -45, "axis": "x", "origin": [0, -4, 4] }, 
            "faces": {
                "north": { "uv": [ 0.625, 2.3125, 0.875, 2.5 ], "texture": "#main" }, 
                "east":  { "uv": [ 1.625, 0, 1.75, 0.1875 ], "texture": "#main" }, 
                "south": { "uv": [ 0.875, 2.375, 1.125, 2.5625 ], "texture": "#main" }, 
                "west":  { "uv": [ 1.625, 0.1875, 1.75, 0.375 ], "texture": "#main" }, 
                "up":    { "uv": [ 2.625, 2.25, 2.375, 2.125 ], "texture": "#main" }, 
                "down":  { "uv": [ 2.625, 2.25, 2.375, 2.375 ], "texture": "#main" }
            }
        }, 
        {
            "name": "tail_front", 
            "from": [ 7, 5, 7 ], 
            "to":   [ 9, 7, 11 ], 
            "rotation": { "angle": 22.5, "axis": "x", "origin": [0, -3, 0] }, 
            "faces": {
                "north": { "uv": [ 1, 1.5, 1.125, 1.625 ], "texture": "#main" }, 
                "east":  { "uv": [ 2.3125, 2.375, 2.5625, 2.5 ], "texture": "#main" }, 
                "south": { "uv": [ 1.5, 2.375, 1.625, 2.5 ], "texture": "#main" }, 
                "west":  { "uv": [ 2.5, 0.5, 2.75, 0.625 ], "texture": "#main" }, 
                "up":    { "uv": [ 1.125, 0.625, 1, 0.375 ], "texture": "#main" }, 
                "down":  { "uv": [ 1.125, 1.25, 1, 1.5 ], "texture": "#main" }
            }
        }, 
        {
            "name": "tail_end", 
            "from": [ 3, 6, 9 ], 
            "to":   [ 13, 6, 15 ], 
            "rotation": { "angle": 22.5, "axis": "x", "origin": [0, -3, 0] }, 
            "faces": {
                "north": { "uv": [ 3.0625, 0, 3.6875, 0 ], "texture": "#main" }, 
                "east":  { "uv": [ 3.0625, 0, 3.4375, 0 ], "texture": "#main" }, 
                "south": { "uv": [ 3, 0, 3.625, 0 ], "texture": "#main" }, 
                "west":  { "uv": [ 3.0625, 0, 3.4375, 0 ], "texture": "#main" }, 
                "up":    { "uv": [ 1.625, 0.375, 1, 0 ], "texture": "#main" }, 
                "down":  { "uv": [ 1.75, 0.375, 1.125, 0.75 ], "texture": "#main" }
            }
        }, 
        {
            "name": "head", 
            "from": [ 4, 22, 4 ], 
            "to":   [ 12, 29, 10 ], 
            "faces": {
                "north": { "uv": [ 5.125, 0.75, 5.625, 1.1875 ], "texture": "#main" }, 
                "east":  { "uv": [ 4.5, 1.625, 4.875, 2.0625 ], "texture": "#main" }, 
                "south": { "uv": [ 5.125, 1.1875, 5.625, 1.625 ], "texture": "#main" }, 
                "west":  { "uv": [ 6, 0.75, 5.625, 1.1875 ], "texture": "#main" }, 
                "up":    { "uv": [ 4.5, 1.625, 4, 1.25 ], "texture": "#main" }, 
                "down":  { "uv": [ 5, 1.25, 4.5, 1.625 ], "texture": "#main" }
            }
        }, 
        {
            "name": "head_flint", 
            "from": [ 8, 23, 5 ], 
            "to":   [ 8, 32, 14 ], 
            "faces": {
                "north": { "uv": [ 7, 0, 7, 0.5625 ], "texture": "#main" }, 
                "east":  { "uv": [ 4, 0.6875, 4.5625, 1.25 ], "texture": "#main" }, 
                "south": { "uv": [ 7, 0, 7, 0.5625 ], "texture": "#main" }, 
                "west":  { "uv": [ 4.5625, 0.6875, 5.125, 1.25 ], "texture": "#main" }, 
                "up":    { "uv": [ 7, 0.5625, 7, 0 ], "texture": "#main" }, 
                "down":  { "uv": [ 7, 0, 7, 0.5625 ], "texture": "#main" }
            }
        }, 
        {
            "name": "ear_flint", 
            "from": [ 2, 23, 7 ], 
            "to":   [ 14, 27, 7 ], 
            "faces": {
                "north": { "uv": [ 4, 2.5625, 5, 2.875 ], "texture": "#main" }, 
                "east":  { "uv": [ 4, 2.5625, 4, 2.875 ], "texture": "#main" }, 
                "south": { "uv": [ 5, 2.5625, 4, 2.875 ], "texture": "#main" }, 
                "west":  { "uv": [ 4, 2.5625, 4, 2.875 ], "texture": "#main" }, 
                "up":    { "uv": [ 4, 2.875, 4.875, 2.875 ], "texture": "#main" }, 
                "down":  { "uv": [ 4, 2.875, 4.875, 2.875 ], "texture": "#main" }
            }
        }, 
        {
            "name": "left_arm", 
            "from": [ 1, 11, 6 ], 
            "to":   [ 4, 22, 9 ], 
            "faces": {
                "north": { "uv": [ 4.875, 1.625, 5.0625, 2.375 ], "texture": "#main" }, 
                "east":  { "uv": [ 5.0625, 1.625, 5.25, 2.375 ], "texture": "#main" }, 
                "south": { "uv": [ 5.625, 1.1875, 5.8125, 1.9375 ], "texture": "#main" }, 
                "west":  { "uv": [ 5.25, 1.625, 5.4375, 2.375 ], "texture": "#main" }, 
                "up":    { "uv": [ 5.3125, 2.5625, 5.125, 2.375 ], "texture": "#main" }, 
                "down":  { "uv": [ 5.5, 2.375, 5.3125, 2.5625 ], "texture": "#main" }
            }
        }, 
        {
            "name": "right_arm", 
            "from": [ 12, 11, 6 ], 
            "to":   [ 15, 22, 9 ], 
            "faces": {
                "north": { "uv": [ 5.4375, 1.625, 5.625, 2.375 ], "texture": "#main" }, 
                "east":  { "uv": [ 5.75, 0, 5.9375, 0.75 ], "texture": "#main" }, 
                "south": { "uv": [ 5.8125, 1.1875, 6, 1.9375 ], "texture": "#main" }, 
                "west":  { "uv": [ 5.9375, 0, 6.125, 0.75 ], "texture": "#main" }, 
                "up":    { "uv": [ 6.5625, 1.9375, 6.375, 1.75 ], "texture": "#main" }, 
                "down":  { "uv": [ 6.3125, 2.375, 6.125, 2.5625 ], "texture": "#main" }
            }
        }, 
        {
            "name": "body", 
            "from": [ 4, 11, 5 ], 
            "to":   [ 12, 22, 9 ], 
            "rotation": { "angle": 0, "axis": "y", "origin": [0, 7, 0] }, 
            "faces": {
                "north": { "uv": [ 4, 0, 4.5, 0.6875 ], "texture": "#main" }, 
                "east":  { "uv": [ 4, 1.625, 4.25, 2.3125 ], "texture": "#main" }, 
                "south": { "uv": [ 4.5, 0, 5, 0.6875 ], "texture": "#main" }, 
                "west":  { "uv": [ 4.25, 1.625, 4.5, 2.3125 ], "texture": "#main" }, 
                "up":    { "uv": [ 6.5, 1, 6, 0.75 ], "texture": "#main" }, 
                "down":  { "uv": [ 6.5, 1, 6, 1.25 ], "texture": "#main" }
            }
        }, 
        {
            "name": "back_flint", 
            "from": [ 8, 11, 9 ], 
            "to":   [ 8, 20, 13 ], 
            "faces": {
                "north": { "uv": [ 7, 0, 7, 0.5625 ], "texture": "#main" }, 
                "east":  { "uv": [ 5.625, 1.9375, 5.875, 2.5 ], "texture": "#main" }, 
                "south": { "uv": [ 7, 0, 7, 0.5625 ], "texture": "#main" }, 
                "west":  { "uv": [ 5.875, 1.9375, 6.125, 2.5 ], "texture": "#main" }, 
                "up":    { "uv": [ 7, 0.375, 7, 0.125 ], "texture": "#main" }, 
                "down":  { "uv": [ 7, 0, 7, 0.25 ], "texture": "#main" }
            }
        }, 
        {
            "name": "upper_part", 
            "from": [ 4, 7, 5 ], 
            "to":   [ 12, 11, 9 ], 
            "rotation": { "angle": 0, "axis": "y", "origin": [0, -3, 0] }, 
            "faces": {
                "north": { "uv": [ 6, 1.25, 6.5, 1.5 ], "texture": "#main" }, 
                "east":  { "uv": [ 6.125, 2.125, 6.375, 2.375 ], "texture": "#main" }, 
                "south": { "uv": [ 6, 1.5, 6.5, 1.75 ], "texture": "#main" }, 
                "west":  { "uv": [ 4, 2.3125, 4.25, 2.5625 ], "texture": "#main" }, 
                "up":    { "uv": [ 6.625, 0.25, 6.125, 0 ], "texture": "#main" }, 
                "down":  { "uv": [ 6.625, 0.25, 6.125, 0.5 ], "texture": "#main" }
            }
        }, 
        {
            "name": "middle_part", 
            "from": [ 5, 2, 10 ], 
            "to":   [ 11, 6, 13 ], 
            "rotation": { "angle": -22.5, "axis": "x", "origin": [0, -4, 4] }, 
            "faces": {
                "north": { "uv": [ 4.5, 2.0625, 4.875, 2.3125 ], "texture": "#main" }, 
                "east":  { "uv": [ 4.25, 2.3125, 4.4375, 2.5625 ], "texture": "#main" }, 
                "south": { "uv": [ 6.125, 0.5, 6.5, 0.75 ], "texture": "#main" }, 
                "west":  { "uv": [ 4.4375, 2.3125, 4.625, 2.5625 ], "texture": "#main" }, 
                "up":    { "uv": [ 6.375, 1.9375, 6, 1.75 ], "texture": "#main" }, 
                "down":  { "uv": [ 6.5, 1.9375, 6.125, 2.125 ], "texture": "#main" }
            }
        }, 
        {
            "name": "lower_part", 
            "from": [ 6, -1, 10 ], 
            "to":   [ 10, 2, 12 ], 
            "rotation": { "angle": -22.5, "axis": "x", "origin": [0, -4, 4] }, 
            "faces": {
                "north": { "uv": [ 4.625, 2.3125, 4.875, 2.5 ], "texture": "#main" }, 
                "east":  { "uv": [ 5.625, 0, 5.75, 0.1875 ], "texture": "#main" }, 
                "south": { "uv": [ 4.875, 2.375, 5.125, 2.5625 ], "texture": "#main" }, 
                "west":  { "uv": [ 5.625, 0.1875, 5.75, 0.375 ], "texture": "#main" }, 
                "up":    { "uv": [ 6.625, 2.25, 6.375, 2.125 ], "texture": "#main" }, 
                "down":  { "uv": [ 6.625, 2.25, 6.375, 2.375 ], "texture": "#main" }
            }
        }, 
        {
            "name": "tail_front", 
            "from": [ 7, 6, 3 ], 
            "to":   [ 9, 8, 7 ], 
            "rotation": { "angle": 45, "axis": "x", "origin": [0, -3, 0] }, 
            "faces": {
                "north": { "uv": [ 5, 1.5, 5.125, 1.625 ], "texture": "#main" }, 
                "east":  { "uv": [ 6.3125, 2.375, 6.5625, 2.5 ], "texture": "#main" }, 
                "south": { "uv": [ 5.5, 2.375, 5.625, 2.5 ], "texture": "#main" }, 
                "west":  { "uv": [ 6.5, 0.5, 6.75, 0.625 ], "texture": "#main" }, 
                "up":    { "uv": [ 5.125, 0.625, 5, 0.375 ], "texture": "#main" }, 
                "down":  { "uv": [ 5.125, 1.25, 5, 1.5 ], "texture": "#main" }
            }
        }, 
        {
            "name": "tail_end", 
            "from": [ 3, 7, 5 ], 
            "to":   [ 13, 7, 11 ], 
            "rotation": { "angle": 45, "axis": "x", "origin": [0, -3, 0] }, 
            "faces": {
                "north": { "uv": [ 7.0625, 0, 7.6875, 0 ], "texture": "#main" }, 
                "east":  { "uv": [ 7.0625, 0, 7.4375, 0 ], "texture": "#main" }, 
                "south": { "uv": [ 7, 0, 7.625, 0 ], "texture": "#main" }, 
                "west":  { "uv": [ 7.0625, 0, 7.4375, 0 ], "texture": "#main" }, 
                "up":    { "uv": [ 5.625, 0.375, 5, 0 ], "texture": "#main" }, 
                "down":  { "uv": [ 5.75, 0.375, 5.125, 0.75 ], "texture": "#main" }
            }
        }, 
        {
            "name": "head", 
            "from": [ 4, 22, 4 ], 
            "to":   [ 12, 29, 10 ], 
            "faces": {
                "north": { "uv": [ 9.125, 0.75, 9.625, 1.1875 ], "texture": "#main" }, 
                "east":  { "uv": [ 8.5, 1.625, 8.875, 2.0625 ], "texture": "#main" }, 
                "south": { "uv": [ 9.125, 1.1875, 9.625, 1.625 ], "texture": "#main" }, 
                "west":  { "uv": [ 10, 0.75, 9.625, 1.1875 ], "texture": "#main" }, 
                "up":    { "uv": [ 8.5, 1.625, 8, 1.25 ], "texture": "#main" }, 
                "down":  { "uv": [ 9, 1.25, 8.5, 1.625 ], "texture": "#main" }
            }
        }, 
        {
            "name": "head_flint", 
            "from": [ 8, 23, 5 ], 
            "to":   [ 8, 32, 14 ], 
            "faces": {
                "north": { "uv": [ 11, 0, 11, 0.5625 ], "texture": "#main" }, 
                "east":  { "uv": [ 8, 0.6875, 8.5625, 1.25 ], "texture": "#main" }, 
                "south": { "uv": [ 11, 0, 11, 0.5625 ], "texture": "#main" }, 
                "west":  { "uv": [ 8.5625, 0.6875, 9.125, 1.25 ], "texture": "#main" }, 
                "up":    { "uv": [ 11, 0.5625, 11, 0 ], "texture": "#main" }, 
                "down":  { "uv": [ 11, 0, 11, 0.5625 ], "texture": "#main" }
            }
        }, 
        {
            "name": "ear_flint", 
            "from": [ 2, 23, 7 ], 
            "to":   [ 14, 27, 7 ], 
            "faces": {
                "north": { "uv": [ 8, 2.5625, 9, 2.875 ], "texture": "#main" }, 
                "east":  { "uv": [ 8, 2.5625, 8, 2.875 ], "texture": "#main" }, 
                "south": { "uv": [ 9, 2.5625, 8, 2.875 ], "texture": "#main" }, 
                "west":  { "uv": [ 8, 2.5625, 8, 2.875 ], "texture": "#main" }, 
                "up":    { "uv": [ 8, 2.875, 8.875, 2.875 ], "texture": "#main" }, 
                "down":  { "uv": [ 8, 2.875, 8.875, 2.875 ], "texture": "#main" }
            }
        }, 
        {
            "name": "left_arm", 
            "from": [ 1, 11, 6 ], 
            "to":   [ 4, 22, 9 ], 
            "faces": {
                "north": { "uv": [ 8.875, 1.625, 9.0625, 2.375 ], "texture": "#main" }, 
                "east":  { "uv": [ 9.0625, 1.625, 9.25, 2.375 ], "texture": "#main" }, 
                "south": { "uv": [ 9.625, 1.1875, 9.8125, 1.9375 ], "texture": "#main" }, 
                "west":  { "uv": [ 9.25, 1.625, 9.4375, 2.375 ], "texture": "#main" }, 
                "up":    { "uv": [ 9.3125, 2.5625, 9.125, 2.375 ], "texture": "#main" }, 
                "down":  { "uv": [ 9.5, 2.375, 9.3125, 2.5625 ], "texture": "#main" }
            }
        }, 
        {
            "name": "right_arm", 
            "from": [ 12, 11, 6 ], 
            "to":   [ 15, 22, 9 ], 
            "faces": {
                "north": { "uv": [ 9.4375, 1.625, 9.625, 2.375 ], "texture": "#main" }, 
                "east":  { "uv": [ 9.75, 0, 9.9375, 0.75 ], "texture": "#main" }, 
                "south": { "uv": [ 9.8125, 1.1875, 10, 1.9375 ], "texture": "#main" }, 
                "west":  { "uv": [ 9.9375, 0, 10.125, 0.75 ], "texture": "#main" }, 
                "up":    { "uv": [ 10.5625, 1.9375, 10.375, 1.75 ], "texture": "#main" }, 
                "down":  { "uv": [ 10.3125, 2.375, 10.125, 2.5625 ], "texture": "#main" }
            }
        }, 
        {
            "name": "body", 
            "from": [ 4, 11, 5 ], 
            "to":   [ 12, 22, 9 ], 
            "rotation": { "angle": 0, "axis": "y", "origin": [0, 7, 0] }, 
            "faces": {
                "north": { "uv": [ 8, 0, 8.5, 0.6875 ], "texture": "#main" }, 
                "east":  { "uv": [ 8, 1.625, 8.25, 2.3125 ], "texture": "#main" }, 
                "south": { "uv": [ 8.5, 0, 9, 0.6875 ], "texture": "#main" }, 
                "west":  { "uv": [ 8.25, 1.625, 8.5, 2.3125 ], "texture": "#main" }, 
                "up":    { "uv": [ 10.5, 1, 10, 0.75 ], "texture": "#main" }, 
                "down":  { "uv": [ 10.5, 1, 10, 1.25 ], "texture": "#main" }
            }
        }, 
        {
            "name": "back_flint", 
            "from": [ 8, 11, 9 ], 
            "to":   [ 8, 20, 13 ], 
            "faces": {
                "north": { "uv": [ 11, 0, 11, 0.5625 ], "texture": "#main" }, 
                "east":  { "uv": [ 9.625, 1.9375, 9.875, 2.5 ], "texture": "#main" }, 
                "south": { "uv": [ 11, 0, 11, 0.5625 ], "texture": "#main" }, 
                "west":  { "uv": [ 9.875, 1.9375, 10.125, 2.5 ], "texture": "#main" }, 
                "up":    { "uv": [ 11, 0.375, 11, 0.125 ], "texture": "#main" }, 
                "down":  { "uv": [ 11, 0, 11, 0.25 ], "texture": "#main" }
            }
        }, 
        {
            "name": "upper_part", 
            "from": [ 4, 7, 5 ], 
            "to":   [ 12, 11, 9 ], 
            "rotation": { "angle": 0, "axis": "y", "origin": [0, -3, 0] }, 
            "faces": {
                "north": { "uv": [ 10, 1.25, 10.5, 1.5 ], "texture": "#main" }, 
                "east":  { "uv": [ 10.125, 2.125, 10.375, 2.375 ], "texture": "#main" }, 
                "south": { "uv": [ 10, 1.5, 10.5, 1.75 ], "texture": "#main" }, 
                "west":  { "uv": [ 8, 2.3125, 8.25, 2.5625 ], "texture": "#main" }, 
                "up":    { "uv": [ 10.625, 0.25, 10.125, 0 ], "texture": "#main" }, 
                "down":  { "uv": [ 10.625, 0.25, 10.125, 0.5 ], "texture": "#main" }
            }
        }, 
        {
            "name": "middle_part", 
            "from": [ 5, 3, 5 ], 
            "to":   [ 11, 7, 8 ], 
            "rotation": { "angle": 0, "axis": "x", "origin": [0, -4, 4] }, 
            "faces": {
                "north": { "uv": [ 8.5, 2.0625, 8.875, 2.3125 ], "texture": "#main" }, 
                "east":  { "uv": [ 8.25, 2.3125, 8.4375, 2.5625 ], "texture": "#main" }, 
                "south": { "uv": [ 10.125, 0.5, 10.5, 0.75 ], "texture": "#main" }, 
                "west":  { "uv": [ 8.4375, 2.3125, 8.625, 2.5625 ], "texture": "#main" }, 
                "up":    { "uv": [ 10.375, 1.9375, 10, 1.75 ], "texture": "#main" }, 
                "down":  { "uv": [ 10.5, 1.9375, 10.125, 2.125 ], "texture": "#main" }
            }
        }, 
        {
            "name": "lower_part", 
            "from": [ 6, -1, 8 ], 
            "to":   [ 10, 2, 10 ], 
            "rotation": { "angle": -22.5, "axis": "x", "origin": [0, -4, 2] }, 
            "faces": {
                "north": { "uv": [ 8.625, 2.3125, 8.875, 2.5 ], "texture": "#main" }, 
                "east":  { "uv": [ 9.625, 0, 9.75, 0.1875 ], "texture": "#main" }, 
                "south": { "uv": [ 8.875, 2.375, 9.125, 2.5625 ], "texture": "#main" }, 
                "west":  { "uv": [ 9.625, 0.1875, 9.75, 0.375 ], "texture": "#main" }, 
                "up":    { "uv": [ 10.625, 2.25, 10.375, 2.125 ], "texture": "#main" }, 
                "down":  { "uv": [ 10.625, 2.25, 10.375, 2.375 ], "texture": "#main" }
            }
        }, 
        {
            "name": "tail_front", 
            "from": [ 7, 6, 1 ], 
            "to":   [ 9, 8, 5 ], 
            "rotation": { "angle": 45, "axis": "x", "origin": [0, -3, -2] }, 
            "faces": {
                "north": { "uv": [ 9, 1.5, 9.125, 1.625 ], "texture": "#main" }, 
                "east":  { "uv": [ 10.3125, 2.375, 10.5625, 2.5 ], "texture": "#main" }, 
                "south": { "uv": [ 9.5, 2.375, 9.625, 2.5 ], "texture": "#main" }, 
                "west":  { "uv": [ 10.5, 0.5, 10.75, 0.625 ], "texture": "#main" }, 
                "up":    { "uv": [ 9.125, 0.625, 9, 0.375 ], "texture": "#main" }, 
                "down":  { "uv": [ 9.125, 1.25, 9, 1.5 ], "texture": "#main" }
            }
        }, 
        {
            "name": "tail_end", 
            "from": [ 3, 7, 3 ], 
            "to":   [ 13, 7, 9 ], 
            "rotation": { "angle": 45, "axis": "x", "origin": [0, -3, -2] }, 
            "faces": {
                "north": { "uv": [ 11.0625, 0, 11.6875, 0 ], "texture": "#main" }, 
                "east":  { "uv": [ 11.0625, 0, 11.4375, 0 ], "texture": "#main" }, 
                "south": { "uv": [ 11, 0, 11.625, 0 ], "texture": "#main" }, 
                "west":  { "uv": [ 11.0625, 0, 11.4375, 0 ], "texture": "#main" }, 
                "up":    { "uv": [ 9.625, 0.375, 9, 0 ], "texture": "#main" }, 
                "down":  { "uv": [ 9.75, 0.375, 9.125, 0.75 ], "texture": "#main" }
            }
        }, 
        {
            "name": "head", 
            "from": [ 4, 22, 4 ], 
            "to":   [ 12, 29, 10 ], 
            "faces": {
                "north": { "uv": [ 13.125, 0.75, 13.625, 1.1875 ], "texture": "#main" }, 
                "east":  { "uv": [ 12.5, 1.625, 12.875, 2.0625 ], "texture": "#main" }, 
                "south": { "uv": [ 13.125, 1.1875, 13.625, 1.625 ], "texture": "#main" }, 
                "west":  { "uv": [ 14, 0.75, 13.625, 1.1875 ], "texture": "#main" }, 
                "up":    { "uv": [ 12.5, 1.625, 12, 1.25 ], "texture": "#main" }, 
                "down":  { "uv": [ 13, 1.25, 12.5, 1.625 ], "texture": "#main" }
            }
        }, 
        {
            "name": "head_flint", 
            "from": [ 8, 23, 5 ], 
            "to":   [ 8, 32, 14 ], 
            "faces": {
                "north": { "uv": [ 15, 0, 15, 0.5625 ], "texture": "#main" }, 
                "east":  { "uv": [ 12, 0.6875, 12.5625, 1.25 ], "texture": "#main" }, 
                "south": { "uv": [ 15, 0, 15, 0.5625 ], "texture": "#main" }, 
                "west":  { "uv": [ 12.5625, 0.6875, 13.125, 1.25 ], "texture": "#main" }, 
                "up":    { "uv": [ 15, 0.5625, 15, 0 ], "texture": "#main" }, 
                "down":  { "uv": [ 15, 0, 15, 0.5625 ], "texture": "#main" }
            }
        }, 
        {
            "name": "ear_flint", 
            "from": [ 2, 23, 7 ], 
            "to":   [ 14, 27, 7 ], 
            "faces": {
                "north": { "uv": [ 12, 2.5625, 13, 2.875 ], "texture": "#main" }, 
                "east":  { "uv": [ 12, 2.5625, 12, 2.875 ], "texture": "#main" }, 
                "south": { "uv": [ 13, 2.5625, 12, 2.875 ], "texture": "#main" }, 
                "west":  { "uv": [ 12, 2.5625, 12, 2.875 ], "texture": "#main" }, 
                "up":    { "uv": [ 12, 2.875, 12.875, 2.875 ], "texture": "#main" }, 
                "down":  { "uv": [ 12, 2.875, 12.875, 2.875 ], "texture": "#main" }
            }
        }, 
        {
            "name": "left_arm", 
            "from": [ 1, 11, 6 ], 
            "to":   [ 4, 22, 9 ], 
            "faces": {
                "north": { "uv": [ 12.875, 1.625, 13.0625, 2.375 ], "texture": "#main" }, 
                "east":  { "uv": [ 13.0625, 1.625, 13.25, 2.375 ], "texture": "#main" }, 
                "south": { "uv": [ 13.625, 1.1875, 13.8125, 1.9375 ], "texture": "#main" }, 
                "west":  { "uv": [ 13.25, 1.625, 13.4375, 2.375 ], "texture": "#main" }, 
                "up":    { "uv": [ 13.3125, 2.5625, 13.125, 2.375 ], "texture": "#main" }, 
                "down":  { "uv": [ 13.5, 2.375, 13.3125, 2.5625 ], "texture": "#main" }
            }
        }, 
        {
            "name": "right_arm", 
            "from": [ 12, 11, 6 ], 
            "to":   [ 15, 22, 9 ], 
            "faces": {
                "north": { "uv": [ 13.4375, 1.625, 13.625, 2.375 ], "texture": "#main" }, 
                "east":  { "uv": [ 13.75, 0, 13.9375, 0.75 ], "texture": "#main" }, 
                "south": { "uv": [ 13.8125, 1.1875, 14, 1.9375 ], "texture": "#main" }, 
                "west":  { "uv": [ 13.9375, 0, 14.125, 0.75 ], "texture": "#main" }, 
                "up":    { "uv": [ 14.5625, 1.9375, 14.375, 1.75 ], "texture": "#main" }, 
                "down":  { "uv": [ 14.3125, 2.375, 14.125, 2.5625 ], "texture": "#main" }
            }
        }, 
        {
            "name": "body", 
            "from": [ 4, 11, 5 ], 
            "to":   [ 12, 22, 9 ], 
            "rotation": { "angle": 0, "axis": "y", "origin": [0, 7, 0] }, 
            "faces": {
                "north": { "uv": [ 12, 0, 12.5, 0.6875 ], "texture": "#main" }, 
                "east":  { "uv": [ 12, 1.625, 12.25, 2.3125 ], "texture": "#main" }, 
                "south": { "uv": [ 12.5, 0, 13, 0.6875 ], "texture": "#main" }, 
                "west":  { "uv": [ 12.25, 1.625, 12.5, 2.3125 ], "texture": "#main" }, 
                "up":    { "uv": [ 14.5, 1, 14, 0.75 ], "texture": "#main" }, 
                "down":  { "uv": [ 14.5, 1, 14, 1.25 ], "texture": "#main" }
            }
        }, 
        {
            "name": "back_flint", 
            "from": [ 8, 11, 9 ], 
            "to":   [ 8, 20, 13 ], 
            "faces": {
                "north": { "uv": [ 15, 0, 15, 0.5625 ], "texture": "#main" }, 
                "east":  { "uv": [ 13.625, 1.9375, 13.875, 2.5 ], "texture": "#main" }, 
                "south": { "uv": [ 15, 0, 15, 0.5625 ], "texture": "#main" }, 
                "west":  { "uv": [ 13.875, 1.9375, 14.125, 2.5 ], "texture": "#main" }, 
                "up":    { "uv": [ 15, 0.375, 15, 0.125 ], "texture": "#main" }, 
                "down":  { "uv": [ 15, 0, 15, 0.25 ], "texture": "#main" }
            }
        }, 
        {
            "name": "upper_part", 
            "from": [ 4, 7, 5 ], 
            "to":   [ 12, 11, 9 ], 
            "rotation": { "angle": 0, "axis": "y", "origin": [0, -3, 0] }, 
            "faces": {
                "north": { "uv": [ 14, 1.25, 14.5, 1.5 ], "texture": "#main" }, 
                "east":  { "uv": [ 14.125, 2.125, 14.375, 2.375 ], "texture": "#main" }, 
                "south": { "uv": [ 14, 1.5, 14.5, 1.75 ], "texture": "#main" }, 
                "west":  { "uv": [ 12, 2.3125, 12.25, 2.5625 ], "texture": "#main" }, 
                "up":    { "uv": [ 14.625, 0.25, 14.125, 0 ], "texture": "#main" }, 
                "down":  { "uv": [ 14.625, 0.25, 14.125, 0.5 ], "texture": "#main" }
            }
        }, 
        {
            "name": "middle_part", 
            "from": [ 5, 3, 5 ], 
            "to":   [ 11, 7, 8 ], 
            "rotation": { "angle": 0, "axis": "y", "origin": [0, -4, 4] }, 
            "faces": {
                "north": { "uv": [ 12.5, 2.0625, 12.875, 2.3125 ], "texture": "#main" }, 
                "east":  { "uv": [ 12.25, 2.3125, 12.4375, 2.5625 ], "texture": "#main" }, 
                "south": { "uv": [ 14.125, 0.5, 14.5, 0.75 ], "texture": "#main" }, 
                "west":  { "uv": [ 12.4375, 2.3125, 12.625, 2.5625 ], "texture": "#main" }, 
                "up":    { "uv": [ 14.375, 1.9375, 14, 1.75 ], "texture": "#main" }, 
                "down":  { "uv": [ 14.5, 1.9375, 14.125, 2.125 ], "texture": "#main" }
            }
        }, 
        {
            "name": "lower_part", 
            "from": [ 6, -1, 8 ], 
            "to":   [ 10, 2, 10 ], 
            "rotation": { "angle": -22.5, "axis": "x", "origin": [0, -4, 2] }, 
            "faces": {
                "north": { "uv": [ 12.625, 2.3125, 12.875, 2.5 ], "texture": "#main" }, 
                "east":  { "uv": [ 13.625, 0, 13.75, 0.1875 ], "texture": "#main" }, 
                "south": { "uv": [ 12.875, 2.375, 13.125, 2.5625 ], "texture": "#main" }, 
                "west":  { "uv": [ 13.625, 0.1875, 13.75, 0.375 ], "texture": "#main" }, 
                "up":    { "uv": [ 14.625, 2.25, 14.375, 2.125 ], "texture": "#main" }, 
                "down":  { "uv": [ 14.625, 2.25, 14.375, 2.375 ], "texture": "#main" }
            }
        }, 
        {
            "name": "tail_front", 
            "from": [ 7, -6, 8 ], 
            "to":   [ 9, -2, 10 ], 
            "rotation": { "angle": -22.5, "axis": "x", "origin": [0, -3, -2] }, 
            "faces": {
                "north": { "uv": [ 13.125, 1.25, 13, 1.5 ], "rotation":180, "texture": "#main" }, 
                "east":  { "uv": [ 14.3125, 2.375, 14.5625, 2.5 ], "rotation":270, "texture": "#main" }, 
                "south": { "uv": [ 13.125, 0.625, 13, 0.375 ], "texture": "#main" }, 
                "west":  { "uv": [ 14.5, 0.5, 14.75, 0.625 ], "rotation":90, "texture": "#main" }, 
                "up":    { "uv": [ 13, 1.5, 13.125, 1.625 ], "rotation":180, "texture": "#main" }, 
                "down":  { "uv": [ 13.5, 2.375, 13.625, 2.5 ], "texture": "#main" }
            }
        }, 
        {
            "name": "tail_end", 
            "from": [ 3, -10, 9 ], 
            "to":   [ 13, -4, 9 ], 
            "rotation": { "angle": -22.5, "axis": "x", "origin": [0, -3, -2] }, 
            "faces": {
                "north": { "uv": [ 13.75, 0.375, 13.125, 0.75 ], "rotation":180, "texture": "#main" }, 
                "east":  { "uv": [ 15.0625, 0, 15.4375, 0 ], "rotation":270, "texture": "#main" }, 
                "south": { "uv": [ 13.625, 0.375, 13, 0 ], "texture": "#main" }, 
                "west":  { "uv": [ 15.0625, 0, 15.4375, 0 ], "rotation":90, "texture": "#main" }, 
                "up":    { "uv": [ 15.0625, 0, 15.6875, 0 ], "rotation":180, "texture": "#main" }, 
                "down":  { "uv": [ 15, 0, 15.625, 0 ], "texture": "#main" }
            }
        }, 
        {
            "name": "head", 
            "from": [ 4, 22, 4 ], 
            "to":   [ 12, 29, 10 ], 
            "faces": {
                "north": { "uv": [ 1.125, 4.75, 1.625, 5.1875 ], "texture": "#main" }, 
                "east":  { "uv": [ 0.5, 5.625, 0.875, 6.0625 ], "texture": "#main" }, 
                "south": { "uv": [ 1.125, 5.1875, 1.625, 5.625 ], "texture": "#main" }, 
                "west":  { "uv": [ 2, 4.75, 1.625, 5.1875 ], "texture": "#main" }, 
                "up":    { "uv": [ 0.5, 5.625, 0, 5.25 ], "texture": "#main" }, 
                "down":  { "uv": [ 1, 5.25, 0.5, 5.625 ], "texture": "#main" }
            }
        }, 
        {
            "name": "head_flint", 
            "from": [ 8, 23, 5 ], 
            "to":   [ 8, 32, 14 ], 
            "faces": {
                "north": { "uv": [ 3, 4, 3, 4.5625 ], "texture": "#main" }, 
                "east":  { "uv": [ 0, 4.6875, 0.5625, 5.25 ], "texture": "#main" }, 
                "south": { "uv": [ 3, 4, 3, 4.5625 ], "texture": "#main" }, 
                "west":  { "uv": [ 0.5625, 4.6875, 1.125, 5.25 ], "texture": "#main" }, 
                "up":    { "uv": [ 3, 4.5625, 3, 4 ], "texture": "#main" }, 
                "down":  { "uv": [ 3, 4, 3, 4.5625 ], "texture": "#main" }
            }
        }, 
        {
            "name": "ear_flint", 
            "from": [ 2, 23, 7 ], 
            "to":   [ 14, 27, 7 ], 
            "faces": {
                "north": { "uv": [ 0, 6.5625, 1, 6.875 ], "texture": "#main" }, 
                "east":  { "uv": [ 0, 6.5625, 0, 6.875 ], "texture": "#main" }, 
                "south": { "uv": [ 1, 6.5625, 0, 6.875 ], "texture": "#main" }, 
                "west":  { "uv": [ 0, 6.5625, 0, 6.875 ], "texture": "#main" }, 
                "up":    { "uv": [ 0, 6.875, 0.875, 6.875 ], "texture": "#main" }, 
                "down":  { "uv": [ 0, 6.875, 0.875, 6.875 ], "texture": "#main" }
            }
        }, 
        {
            "name": "left_arm", 
            "from": [ 1, 11, 6 ], 
            "to":   [ 4, 22, 9 ], 
            "faces": {
                "north": { "uv": [ 0.875, 5.625, 1.0625, 6.375 ], "texture": "#main" }, 
                "east":  { "uv": [ 1.0625, 5.625, 1.25, 6.375 ], "texture": "#main" }, 
                "south": { "uv": [ 1.625, 5.1875, 1.8125, 5.9375 ], "texture": "#main" }, 
                "west":  { "uv": [ 1.25, 5.625, 1.4375, 6.375 ], "texture": "#main" }, 
                "up":    { "uv": [ 1.3125, 6.5625, 1.125, 6.375 ], "texture": "#main" }, 
                "down":  { "uv": [ 1.5, 6.375, 1.3125, 6.5625 ], "texture": "#main" }
            }
        }, 
        {
            "name": "right_arm", 
            "from": [ 12, 11, 6 ], 
            "to":   [ 15, 22, 9 ], 
            "faces": {
                "north": { "uv": [ 1.4375, 5.625, 1.625, 6.375 ], "texture": "#main" }, 
                "east":  { "uv": [ 1.75, 4, 1.9375, 4.75 ], "texture": "#main" }, 
                "south": { "uv": [ 1.8125, 5.1875, 2, 5.9375 ], "texture": "#main" }, 
                "west":  { "uv": [ 1.9375, 4, 2.125, 4.75 ], "texture": "#main" }, 
                "up":    { "uv": [ 2.5625, 5.9375, 2.375, 5.75 ], "texture": "#main" }, 
                "down":  { "uv": [ 2.3125, 6.375, 2.125, 6.5625 ], "texture": "#main" }
            }
        }, 
        {
            "name": "body", 
            "from": [ 4, 11, 5 ], 
            "to":   [ 12, 22, 9 ], 
            "rotation": { "angle": 0, "axis": "y", "origin": [0, 7, 0] }, 
            "faces": {
                "north": { "uv": [ 0, 4, 0.5, 4.6875 ], "texture": "#main" }, 
                "east":  { "uv": [ 0, 5.625, 0.25, 6.3125 ], "texture": "#main" }, 
                "south": { "uv": [ 0.5, 4, 1, 4.6875 ], "texture": "#main" }, 
                "west":  { "uv": [ 0.25, 5.625, 0.5, 6.3125 ], "texture": "#main" }, 
                "up":    { "uv": [ 2.5, 5, 2, 4.75 ], "texture": "#main" }, 
                "down":  { "uv": [ 2.5, 5, 2, 5.25 ], "texture": "#main" }
            }
        }, 
        {
            "name": "back_flint", 
            "from": [ 8, 11, 9 ], 
            "to":   [ 8, 20, 13 ], 
            "faces": {
                "north": { "uv": [ 3, 4, 3, 4.5625 ], "texture": "#main" }, 
                "east":  { "uv": [ 1.625, 5.9375, 1.875, 6.5 ], "texture": "#main" }, 
                "south": { "uv": [ 3, 4, 3, 4.5625 ], "texture": "#main" }, 
                "west":  { "uv": [ 1.875, 5.9375, 2.125, 6.5 ], "texture": "#main" }, 
                "up":    { "uv": [ 3, 4.375, 3, 4.125 ], "texture": "#main" }, 
                "down":  { "uv": [ 3, 4, 3, 4.25 ], "texture": "#main" }
            }
        }, 
        {
            "name": "upper_part", 
            "from": [ 4, 7, 5 ], 
            "to":   [ 12, 11, 9 ], 
            "rotation": { "angle": 0, "axis": "y", "origin": [0, -3, 0] }, 
            "faces": {
                "north": { "uv": [ 2, 5.25, 2.5, 5.5 ], "texture": "#main" }, 
                "east":  { "uv": [ 2.125, 6.125, 2.375, 6.375 ], "texture": "#main" }, 
                "south": { "uv": [ 2, 5.5, 2.5, 5.75 ], "texture": "#main" }, 
                "west":  { "uv": [ 0, 6.3125, 0.25, 6.5625 ], "texture": "#main" }, 
                "up":    { "uv": [ 2.625, 4.25, 2.125, 4 ], "texture": "#main" }, 
                "down":  { "uv": [ 2.625, 4.25, 2.125, 4.5 ], "texture": "#main" }
            }
        }, 
        {
            "name": "middle_part", 
            "from": [ 5, 3, 5 ], 
            "to":   [ 11, 7, 8 ], 
            "rotation": { "angle": 0, "axis": "y", "origin": [0, -4, 4] }, 
            "faces": {
                "north": { "uv": [ 0.5, 6.0625, 0.875, 6.3125 ], "texture": "#main" }, 
                "east":  { "uv": [ 0.25, 6.3125, 0.4375, 6.5625 ], "texture": "#main" }, 
                "south": { "uv": [ 2.125, 4.5, 2.5, 4.75 ], "texture": "#main" }, 
                "west":  { "uv": [ 0.4375, 6.3125, 0.625, 6.5625 ], "texture": "#main" }, 
                "up":    { "uv": [ 2.375, 5.9375, 2, 5.75 ], "texture": "#main" }, 
                "down":  { "uv": [ 2.5, 5.9375, 2.125, 6.125 ], "texture": "#main" }
            }
        }, 
        {
            "name": "lower_part", 
            "from": [ 6, 0, 5 ], 
            "to":   [ 10, 3, 7 ], 
            "rotation": { "angle": 0, "axis": "x", "origin": [0, -4, 2] }, 
            "faces": {
                "north": { "uv": [ 0.625, 6.3125, 0.875, 6.5 ], "texture": "#main" }, 
                "east":  { "uv": [ 1.625, 4, 1.75, 4.1875 ], "texture": "#main" }, 
                "south": { "uv": [ 0.875, 6.375, 1.125, 6.5625 ], "texture": "#main" }, 
                "west":  { "uv": [ 1.625, 4.1875, 1.75, 4.375 ], "texture": "#main" }, 
                "up":    { "uv": [ 2.625, 6.25, 2.375, 6.125 ], "texture": "#main" }, 
                "down":  { "uv": [ 2.625, 6.25, 2.375, 6.375 ], "texture": "#main" }
            }
        }, 
        {
            "name": "tail_front", 
            "from": [ 7, -4, 5 ], 
            "to":   [ 9, 0, 7 ], 
            "rotation": { "angle": 0, "axis": "x", "origin": [0, -3, -2] }, 
            "faces": {
                "north": { "uv": [ 1.125, 5.25, 1, 5.5 ], "rotation":180, "texture": "#main" }, 
                "east":  { "uv": [ 2.3125, 6.375, 2.5625, 6.5 ], "rotation":270, "texture": "#main" }, 
                "south": { "uv": [ 1.125, 4.625, 1, 4.375 ], "texture": "#main" }, 
                "west":  { "uv": [ 2.5, 4.5, 2.75, 4.625 ], "rotation":90, "texture": "#main" }, 
                "up":    { "uv": [ 1, 5.5, 1.125, 5.625 ], "rotation":180, "texture": "#main" }, 
                "down":  { "uv": [ 1.5, 6.375, 1.625, 6.5 ], "texture": "#main" }
            }
        }, 
        {
            "name": "tail_end", 
            "from": [ 3, -8, 6 ], 
            "to":   [ 13, -2, 6 ], 
            "rotation": { "angle": 0, "axis": "x", "origin": [0, -3, -2] }, 
            "faces": {
                "north": { "uv": [ 1.75, 4.375, 1.125, 4.75 ], "rotation":180, "texture": "#main" }, 
                "east":  { "uv": [ 3.0625, 4, 3.4375, 4 ], "rotation":270, "texture": "#main" }, 
                "south": { "uv": [ 1.625, 4.375, 1, 4 ], "texture": "#main" }, 
                "west":  { "uv": [ 3.0625, 4, 3.4375, 4 ], "rotation":90, "texture": "#main" }, 
                "up":    { "uv": [ 3.0625, 4, 3.6875, 4 ], "rotation":180, "texture": "#main" }, 
                "down":  { "uv": [ 3, 4, 3.625, 4 ], "texture": "#main" }
            }
        }, 
        {
            "name": "head", 
            "from": [ 4, 22, 4 ], 
            "to":   [ 12, 29, 10 ], 
            "faces": {
                "north": { "uv": [ 5.125, 4.75, 5.625, 5.1875 ], "texture": "#main" }, 
                "east":  { "uv": [ 4.5, 5.625, 4.875, 6.0625 ], "texture": "#main" }, 
                "south": { "uv": [ 5.125, 5.1875, 5.625, 5.625 ], "texture": "#main" }, 
                "west":  { "uv": [ 6, 4.75, 5.625, 5.1875 ], "texture": "#main" }, 
                "up":    { "uv": [ 4.5, 5.625, 4, 5.25 ], "texture": "#main" }, 
                "down":  { "uv": [ 5, 5.25, 4.5, 5.625 ], "texture": "#main" }
            }
        }, 
        {
            "name": "head_flint", 
            "from": [ 8, 23, 5 ], 
            "to":   [ 8, 32, 14 ], 
            "faces": {
                "north": { "uv": [ 7, 4, 7, 4.5625 ], "texture": "#main" }, 
                "east":  { "uv": [ 4, 4.6875, 4.5625, 5.25 ], "texture": "#main" }, 
                "south": { "uv": [ 7, 4, 7, 4.5625 ], "texture": "#main" }, 
                "west":  { "uv": [ 4.5625, 4.6875, 5.125, 5.25 ], "texture": "#main" }, 
                "up":    { "uv": [ 7, 4.5625, 7, 4 ], "texture": "#main" }, 
                "down":  { "uv": [ 7, 4, 7, 4.5625 ], "texture": "#main" }
            }
        }, 
        {
            "name": "ear_flint", 
            "from": [ 2, 23, 7 ], 
            "to":   [ 14, 27, 7 ], 
            "faces": {
                "north": { "uv": [ 4, 6.5625, 5, 6.875 ], "texture": "#main" }, 
                "east":  { "uv": [ 4, 6.5625, 4, 6.875 ], "texture": "#main" }, 
                "south": { "uv": [ 5, 6.5625, 4, 6.875 ], "texture": "#main" }, 
                "west":  { "uv": [ 4, 6.5625, 4, 6.875 ], "texture": "#main" }, 
                "up":    { "uv": [ 4, 6.875, 4.875, 6.875 ], "texture": "#main" }, 
                "down":  { "uv": [ 4, 6.875, 4.875, 6.875 ], "texture": "#main" }
            }
        }, 
        {
            "name": "left_arm", 
            "from": [ 1, 11, 6 ], 
            "to":   [ 4, 22, 9 ], 
            "faces": {
                "north": { "uv": [ 4.875, 5.625, 5.0625, 6.375 ], "texture": "#main" }, 
                "east":  { "uv": [ 5.0625, 5.625, 5.25, 6.375 ], "texture": "#main" }, 
                "south": { "uv": [ 5.625, 5.1875, 5.8125, 5.9375 ], "texture": "#main" }, 
                "west":  { "uv": [ 5.25, 5.625, 5.4375, 6.375 ], "texture": "#main" }, 
                "up":    { "uv": [ 5.3125, 6.5625, 5.125, 6.375 ], "texture": "#main" }, 
                "down":  { "uv": [ 5.5, 6.375, 5.3125, 6.5625 ], "texture": "#main" }
            }
        }, 
        {
            "name": "right_arm", 
            "from": [ 12, 11, 6 ], 
            "to":   [ 15, 22, 9 ], 
            "faces": {
                "north": { "uv": [ 5.4375, 5.625, 5.625, 6.375 ], "texture": "#main" }, 
                "east":  { "uv": [ 5.75, 4, 5.9375, 4.75 ], "texture": "#main" }, 
                "south": { "uv": [ 5.8125, 5.1875, 6, 5.9375 ], "texture": "#main" }, 
                "west":  { "uv": [ 5.9375, 4, 6.125, 4.75 ], "texture": "#main" }, 
                "up":    { "uv": [ 6.5625, 5.9375, 6.375, 5.75 ], "texture": "#main" }, 
                "down":  { "uv": [ 6.3125, 6.375, 6.125, 6.5625 ], "texture": "#main" }
            }
        }, 
        {
            "name": "body", 
            "from": [ 4, 11, 5 ], 
            "to":   [ 12, 22, 9 ], 
            "rotation": { "angle": 0, "axis": "y", "origin": [0, 7, 0] }, 
            "faces": {
                "north": { "uv": [ 4, 4, 4.5, 4.6875 ], "texture": "#main" }, 
                "east":  { "uv": [ 4, 5.625, 4.25, 6.3125 ], "texture": "#main" }, 
                "south": { "uv": [ 4.5, 4, 5, 4.6875 ], "texture": "#main" }, 
                "west":  { "uv": [ 4.25, 5.625, 4.5, 6.3125 ], "texture": "#main" }, 
                "up":    { "uv": [ 6.5, 5, 6, 4.75 ], "texture": "#main" }, 
                "down":  { "uv": [ 6.5, 5, 6, 5.25 ], "texture": "#main" }
            }
        }, 
        {
            "name": "back_flint", 
            "from": [ 8, 11, 9 ], 
            "to":   [ 8, 20, 13 ], 
            "faces": {
                "north": { "uv": [ 7, 4, 7, 4.5625 ], "texture": "#main" }, 
                "east":  { "uv": [ 5.625, 5.9375, 5.875, 6.5 ], "texture": "#main" }, 
                "south": { "uv": [ 7, 4, 7, 4.5625 ], "texture": "#main" }, 
                "west":  { "uv": [ 5.875, 5.9375, 6.125, 6.5 ], "texture": "#main" }, 
                "up":    { "uv": [ 7, 4.375, 7, 4.125 ], "texture": "#main" }, 
                "down":  { "uv": [ 7, 4, 7, 4.25 ], "texture": "#main" }
            }
        }, 
        {
            "name": "upper_part", 
            "from": [ 4, 7, 5 ], 
            "to":   [ 12, 11, 9 ], 
            "rotation": { "angle": 0, "axis": "y", "origin": [0, -3, 0] }, 
            "faces": {
                "north": { "uv": [ 6, 5.25, 6.5, 5.5 ], "texture": "#main" }, 
                "east":  { "uv": [ 6.125, 6.125, 6.375, 6.375 ], "texture": "#main" }, 
                "south": { "uv": [ 6, 5.5, 6.5, 5.75 ], "texture": "#main" }, 
                "west":  { "uv": [ 4, 6.3125, 4.25, 6.5625 ], "texture": "#main" }, 
                "up":    { "uv": [ 6.625, 4.25, 6.125, 4 ], "texture": "#main" }, 
                "down":  { "uv": [ 6.625, 4.25, 6.125, 4.5 ], "texture": "#main" }
            }
        }, 
        {
            "name": "middle_part", 
            "from": [ 5, 3, 5 ], 
            "to":   [ 11, 7, 8 ], 
            "rotation": { "angle": 0, "axis": "y", "origin": [0, -4, 4] }, 
            "faces": {
                "north": { "uv": [ 4.5, 6.0625, 4.875, 6.3125 ], "texture": "#main" }, 
                "east":  { "uv": [ 4.25, 6.3125, 4.4375, 6.5625 ], "texture": "#main" }, 
                "south": { "uv": [ 6.125, 4.5, 6.5, 4.75 ], "texture": "#main" }, 
                "west":  { "uv": [ 4.4375, 6.3125, 4.625, 6.5625 ], "texture": "#main" }, 
                "up":    { "uv": [ 6.375, 5.9375, 6, 5.75 ], "texture": "#main" }, 
                "down":  { "uv": [ 6.5, 5.9375, 6.125, 6.125 ], "texture": "#main" }
            }
        }, 
        {
            "name": "lower_part", 
            "from": [ 6, 0, 5 ], 
            "to":   [ 10, 3, 7 ], 
            "rotation": { "angle": 0, "axis": "y", "origin": [0, -4, 2] }, 
            "faces": {
                "north": { "uv": [ 4.625, 6.3125, 4.875, 6.5 ], "texture": "#main" }, 
                "east":  { "uv": [ 5.625, 4, 5.75, 4.1875 ], "texture": "#main" }, 
                "south": { "uv": [ 4.875, 6.375, 5.125, 6.5625 ], "texture": "#main" }, 
                "west":  { "uv": [ 5.625, 4.1875, 5.75, 4.375 ], "texture": "#main" }, 
                "up":    { "uv": [ 6.625, 6.25, 6.375, 6.125 ], "texture": "#main" }, 
                "down":  { "uv": [ 6.625, 6.25, 6.375, 6.375 ], "texture": "#main" }
            }
        }, 
        {
            "name": "tail_front", 
            "from": [ 7, -1, 3 ], 
            "to":   [ 9, 3, 5 ], 
            "rotation": { "angle": 22.5, "axis": "x", "origin": [0, -3, -2] }, 
            "faces": {
                "north": { "uv": [ 5.125, 5.25, 5, 5.5 ], "rotation":180, "texture": "#main" }, 
                "east":  { "uv": [ 6.3125, 6.375, 6.5625, 6.5 ], "rotation":270, "texture": "#main" }, 
                "south": { "uv": [ 5.125, 4.625, 5, 4.375 ], "texture": "#main" }, 
                "west":  { "uv": [ 6.5, 4.5, 6.75, 4.625 ], "rotation":90, "texture": "#main" }, 
                "up":    { "uv": [ 5, 5.5, 5.125, 5.625 ], "rotation":180, "texture": "#main" }, 
                "down":  { "uv": [ 5.5, 6.375, 5.625, 6.5 ], "texture": "#main" }
            }
        }, 
        {
            "name": "tail_end", 
            "from": [ 3, -6, 4 ], 
            "to":   [ 13, 0, 4 ], 
            "rotation": { "angle": 22.5, "axis": "x", "origin": [0, -3, -2] }, 
            "faces": {
                "north": { "uv": [ 5.75, 4.375, 5.125, 4.75 ], "rotation":180, "texture": "#main" }, 
                "east":  { "uv": [ 7.0625, 4, 7.4375, 4 ], "rotation":270, "texture": "#main" }, 
                "south": { "uv": [ 5.625, 4.375, 5, 4 ], "texture": "#main" }, 
                "west":  { "uv": [ 7.0625, 4, 7.4375, 4 ], "rotation":90, "texture": "#main" }, 
                "up":    { "uv": [ 7.0625, 4, 7.6875, 4 ], "rotation":180, "texture": "#main" }, 
                "down":  { "uv": [ 7, 4, 7.625, 4 ], "texture": "#main" }
            }
        }, 
        {
            "name": "head", 
            "from": [ 4, 22, 4 ], 
            "to":   [ 12, 29, 10 ], 
            "faces": {
                "north": { "uv": [ 9.125, 4.75, 9.625, 5.1875 ], "texture": "#main" }, 
                "east":  { "uv": [ 8.5, 5.625, 8.875, 6.0625 ], "texture": "#main" }, 
                "south": { "uv": [ 9.125, 5.1875, 9.625, 5.625 ], "texture": "#main" }, 
                "west":  { "uv": [ 10, 4.75, 9.625, 5.1875 ], "texture": "#main" }, 
                "up":    { "uv": [ 8.5, 5.625, 8, 5.25 ], "texture": "#main" }, 
                "down":  { "uv": [ 9, 5.25, 8.5, 5.625 ], "texture": "#main" }
            }
        }, 
        {
            "name": "head_flint", 
            "from": [ 8, 23, 5 ], 
            "to":   [ 8, 32, 14 ], 
            "faces": {
                "north": { "uv": [ 11, 4, 11, 4.5625 ], "texture": "#main" }, 
                "east":  { "uv": [ 8, 4.6875, 8.5625, 5.25 ], "texture": "#main" }, 
                "south": { "uv": [ 11, 4, 11, 4.5625 ], "texture": "#main" }, 
                "west":  { "uv": [ 8.5625, 4.6875, 9.125, 5.25 ], "texture": "#main" }, 
                "up":    { "uv": [ 11, 4.5625, 11, 4 ], "texture": "#main" }, 
                "down":  { "uv": [ 11, 4, 11, 4.5625 ], "texture": "#main" }
            }
        }, 
        {
            "name": "ear_flint", 
            "from": [ 2, 23, 7 ], 
            "to":   [ 14, 27, 7 ], 
            "faces": {
                "north": { "uv": [ 8, 6.5625, 9, 6.875 ], "texture": "#main" }, 
                "east":  { "uv": [ 8, 6.5625, 8, 6.875 ], "texture": "#main" }, 
                "south": { "uv": [ 9, 6.5625, 8, 6.875 ], "texture": "#main" }, 
                "west":  { "uv": [ 8, 6.5625, 8, 6.875 ], "texture": "#main" }, 
                "up":    { "uv": [ 8, 6.875, 8.875, 6.875 ], "texture": "#main" }, 
                "down":  { "uv": [ 8, 6.875, 8.875, 6.875 ], "texture": "#main" }
            }
        }, 
        {
            "name": "left_arm", 
            "from": [ 1, 11, 6 ], 
            "to":   [ 4, 22, 9 ], 
            "faces": {
                "north": { "uv": [ 8.875, 5.625, 9.0625, 6.375 ], "texture": "#main" }, 
                "east":  { "uv": [ 9.0625, 5.625, 9.25, 6.375 ], "texture": "#main" }, 
                "south": { "uv": [ 9.625, 5.1875, 9.8125, 5.9375 ], "texture": "#main" }, 
                "west":  { "uv": [ 9.25, 5.625, 9.4375, 6.375 ], "texture": "#main" }, 
                "up":    { "uv": [ 9.3125, 6.5625, 9.125, 6.375 ], "texture": "#main" }, 
                "down":  { "uv": [ 9.5, 6.375, 9.3125, 6.5625 ], "texture": "#main" }
            }
        }, 
        {
            "name": "right_arm", 
            "from": [ 12, 11, 6 ], 
            "to":   [ 15, 22, 9 ], 
            "faces": {
                "north": { "uv": [ 9.4375, 5.625, 9.625, 6.375 ], "texture": "#main" }, 
                "east":  { "uv": [ 9.75, 4, 9.9375, 4.75 ], "texture": "#main" }, 
                "south": { "uv": [ 9.8125, 5.1875, 10, 5.9375 ], "texture": "#main" }, 
                "west":  { "uv": [ 9.9375, 4, 10.125, 4.75 ], "texture": "#main" }, 
                "up":    { "uv": [ 10.5625, 5.9375, 10.375, 5.75 ], "texture": "#main" }, 
                "down":  { "uv": [ 10.3125, 6.375, 10.125, 6.5625 ], "texture": "#main" }
            }
        }, 
        {
            "name": "body", 
            "from": [ 4, 11, 5 ], 
            "to":   [ 12, 22, 9 ], 
            "rotation": { "angle": 0, "axis": "y", "origin": [0, 7, 0] }, 
            "faces": {
                "north": { "uv": [ 8, 4, 8.5, 4.6875 ], "texture": "#main" }, 
                "east":  { "uv": [ 8, 5.625, 8.25, 6.3125 ], "texture": "#main" }, 
                "south": { "uv": [ 8.5, 4, 9, 4.6875 ], "texture": "#main" }, 
                "west":  { "uv": [ 8.25, 5.625, 8.5, 6.3125 ], "texture": "#main" }, 
                "up":    { "uv": [ 10.5, 5, 10, 4.75 ], "texture": "#main" }, 
                "down":  { "uv": [ 10.5, 5, 10, 5.25 ], "texture": "#main" }
            }
        }, 
        {
            "name": "back_flint", 
            "from": [ 8, 11, 9 ], 
            "to":   [ 8, 20, 13 ], 
            "faces": {
                "north": { "uv": [ 11, 4, 11, 4.5625 ], "texture": "#main" }, 
                "east":  { "uv": [ 9.625, 5.9375, 9.875, 6.5 ], "texture": "#main" }, 
                "south": { "uv": [ 11, 4, 11, 4.5625 ], "texture": "#main" }, 
                "west":  { "uv": [ 9.875, 5.9375, 10.125, 6.5 ], "texture": "#main" }, 
                "up":    { "uv": [ 11, 4.375, 11, 4.125 ], "texture": "#main" }, 
                "down":  { "uv": [ 11, 4, 11, 4.25 ], "texture": "#main" }
            }
        }, 
        {
            "name": "upper_part", 
            "from": [ 4, 7, 5 ], 
            "to":   [ 12, 11, 9 ], 
            "rotation": { "angle": 0, "axis": "y", "origin": [0, -3, 0] }, 
            "faces": {
                "north": { "uv": [ 10, 5.25, 10.5, 5.5 ], "texture": "#main" }, 
                "east":  { "uv": [ 10.125, 6.125, 10.375, 6.375 ], "texture": "#main" }, 
                "south": { "uv": [ 10, 5.5, 10.5, 5.75 ], "texture": "#main" }, 
                "west":  { "uv": [ 8, 6.3125, 8.25, 6.5625 ], "texture": "#main" }, 
                "up":    { "uv": [ 10.625, 4.25, 10.125, 4 ], "texture": "#main" }, 
                "down":  { "uv": [ 10.625, 4.25, 10.125, 4.5 ], "texture": "#main" }
            }
        }, 
        {
            "name": "middle_part", 
            "from": [ 5, 3, 5 ], 
            "to":   [ 11, 7, 8 ], 
            "rotation": { "angle": 0, "axis": "x", "origin": [0, -4, 4] }, 
            "faces": {
                "north": { "uv": [ 8.5, 6.0625, 8.875, 6.3125 ], "texture": "#main" }, 
                "east":  { "uv": [ 8.25, 6.3125, 8.4375, 6.5625 ], "texture": "#main" }, 
                "south": { "uv": [ 10.125, 4.5, 10.5, 4.75 ], "texture": "#main" }, 
                "west":  { "uv": [ 8.4375, 6.3125, 8.625, 6.5625 ], "texture": "#main" }, 
                "up":    { "uv": [ 10.375, 5.9375, 10, 5.75 ], "texture": "#main" }, 
                "down":  { "uv": [ 10.5, 5.9375, 10.125, 6.125 ], "texture": "#main" }
            }
        }, 
        {
            "name": "lower_part", 
            "from": [ 6, 2, 2 ], 
            "to":   [ 10, 5, 4 ], 
            "rotation": { "angle": 22.5, "axis": "x", "origin": [0, -4, 2] }, 
            "faces": {
                "north": { "uv": [ 8.625, 6.3125, 8.875, 6.5 ], "texture": "#main" }, 
                "east":  { "uv": [ 9.625, 4, 9.75, 4.1875 ], "texture": "#main" }, 
                "south": { "uv": [ 8.875, 6.375, 9.125, 6.5625 ], "texture": "#main" }, 
                "west":  { "uv": [ 9.625, 4.1875, 9.75, 4.375 ], "texture": "#main" }, 
                "up":    { "uv": [ 10.625, 6.25, 10.375, 6.125 ], "texture": "#main" }, 
                "down":  { "uv": [ 10.625, 6.25, 10.375, 6.375 ], "texture": "#main" }
            }
        }, 
        {
            "name": "tail_front", 
            "from": [ 7, 0, 2 ], 
            "to":   [ 9, 4, 4 ], 
            "rotation": { "angle": 22.5, "axis": "x", "origin": [0, -3, -2] }, 
            "faces": {
                "north": { "uv": [ 9.125, 5.25, 9, 5.5 ], "rotation":180, "texture": "#main" }, 
                "east":  { "uv": [ 10.3125, 6.375, 10.5625, 6.5 ], "rotation":270, "texture": "#main" }, 
                "south": { "uv": [ 9.125, 4.625, 9, 4.375 ], "texture": "#main" }, 
                "west":  { "uv": [ 10.5, 4.5, 10.75, 4.625 ], "rotation":90, "texture": "#main" }, 
                "up":    { "uv": [ 9, 5.5, 9.125, 5.625 ], "rotation":180, "texture": "#main" }, 
                "down":  { "uv": [ 9.5, 6.375, 9.625, 6.5 ], "texture": "#main" }
            }
        }, 
        {
            "name": "tail_end", 
            "from": [ 3, -5, 3 ], 
            "to":   [ 13, 1, 3 ], 
            "rotation": { "angle": 22.5, "axis": "x", "origin": [0, -3, -2] }, 
            "faces": {
                "north": { "uv": [ 9.75, 4.375, 9.125, 4.75 ], "rotation":180, "texture": "#main" }, 
                "east":  { "uv": [ 11.0625, 4, 11.4375, 4 ], "rotation":270, "texture": "#main" }, 
                "south": { "uv": [ 9.625, 4.375, 9, 4 ], "texture": "#main" }, 
                "west":  { "uv": [ 11.0625, 4, 11.4375, 4 ], "rotation":90, "texture": "#main" }, 
                "up":    { "uv": [ 11.0625, 4, 11.6875, 4 ], "rotation":180, "texture": "#main" }, 
                "down":  { "uv": [ 11, 4, 11.625, 4 ], "texture": "#main" }
            }
        }, 
        {
            "name": "head", 
            "from": [ 4, 22, 4 ], 
            "to":   [ 12, 29, 10 ], 
            "faces": {
                "north": { "uv": [ 13.125, 4.75, 13.625, 5.1875 ], "texture": "#main" }, 
                "east":  { "uv": [ 12.5, 5.625, 12.875, 6.0625 ], "texture": "#main" }, 
                "south": { "uv": [ 13.125, 5.1875, 13.625, 5.625 ], "texture": "#main" }, 
                "west":  { "uv": [ 14, 4.75, 13.625, 5.1875 ], "texture": "#main" }, 
                "up":    { "uv": [ 12.5, 5.625, 12, 5.25 ], "texture": "#main" }, 
                "down":  { "uv": [ 13, 5.25, 12.5, 5.625 ], "texture": "#main" }
            }
        }, 
        {
            "name": "head_flint", 
            "from": [ 8, 23, 5 ], 
            "to":   [ 8, 32, 14 ], 
            "faces": {
                "north": { "uv": [ 15, 4, 15, 4.5625 ], "texture": "#main" }, 
                "east":  { "uv": [ 12, 4.6875, 12.5625, 5.25 ], "texture": "#main" }, 
                "south": { "uv": [ 15, 4, 15, 4.5625 ], "texture": "#main" }, 
                "west":  { "uv": [ 12.5625, 4.6875, 13.125, 5.25 ], "texture": "#main" }, 
                "up":    { "uv": [ 15, 4.5625, 15, 4 ], "texture": "#main" }, 
                "down":  { "uv": [ 15, 4, 15, 4.5625 ], "texture": "#main" }
            }
        }, 
        {
            "name": "ear_flint", 
            "from": [ 2, 23, 7 ], 
            "to":   [ 14, 27, 7 ], 
            "faces": {
                "north": { "uv": [ 12, 6.5625, 13, 6.875 ], "texture": "#main" }, 
                "east":  { "uv": [ 12, 6.5625, 12, 6.875 ], "texture": "#main" }, 
                "south": { "uv": [ 13, 6.5625, 12, 6.875 ], "texture": "#main" }, 
                "west":  { "uv": [ 12, 6.5625, 12, 6.875 ], "texture": "#main" }, 
                "up":    { "uv": [ 12, 6.875, 12.875, 6.875 ], "texture": "#main" }, 
                "down":  { "uv": [ 12, 6.875, 12.875, 6.875 ], "texture": "#main" }
            }
        }, 
        {
            "name": "left_arm", 
            "from": [ 1, 11, 6 ], 
            "to":   [ 4, 22, 9 ], 
            "faces": {
                "north": { "uv": [ 12.875, 5.625, 13.0625, 6.375 ], "texture": "#main" }, 
                "east":  { "uv": [ 13.0625, 5.625, 13.25, 6.375 ], "texture": "#main" }, 
                "south": { "uv": [ 13.625, 5.1875, 13.8125, 5.9375 ], "texture": "#main" }, 
                "west":  { "uv": [ 13.25, 5.625, 13.4375, 6.375 ], "texture": "#main" }, 
                "up":    { "uv": [ 13.3125, 6.5625, 13.125, 6.375 ], "texture": "#main" }, 
                "down":  { "uv": [ 13.5, 6.375, 13.3125, 6.5625 ], "texture": "#main" }
            }
        }, 
        {
            "name": "right_arm", 
            "from": [ 12, 11, 6 ], 
            "to":   [ 15, 22, 9 ], 
            "faces": {
                "north": { "uv": [ 13.4375, 5.625, 13.625, 6.375 ], "texture": "#main" }, 
                "east":  { "uv": [ 13.75, 4, 13.9375, 4.75 ], "texture": "#main" }, 
                "south": { "uv": [ 13.8125, 5.1875, 14, 5.9375 ], "texture": "#main" }, 
                "west":  { "uv": [ 13.9375, 4, 14.125, 4.75 ], "texture": "#main" }, 
                "up":    { "uv": [ 14.5625, 5.9375, 14.375, 5.75 ], "texture": "#main" }, 
                "down":  { "uv": [ 14.3125, 6.375, 14.125, 6.5625 ], "texture": "#main" }
            }
        }, 
        {
            "name": "body", 
            "from": [ 4, 11, 5 ], 
            "to":   [ 12, 22, 9 ], 
            "rotation": { "angle": 0, "axis": "y", "origin": [0, 7, 0] }, 
            "faces": {
                "north": { "uv": [ 12, 4, 12.5, 4.6875 ], "texture": "#main" }, 
                "east":  { "uv": [ 12, 5.625, 12.25, 6.3125 ], "texture": "#main" }, 
                "south": { "uv": [ 12.5, 4, 13, 4.6875 ], "texture": "#main" }, 
                "west":  { "uv": [ 12.25, 5.625, 12.5, 6.3125 ], "texture": "#main" }, 
                "up":    { "uv": [ 14.5, 5, 14, 4.75 ], "texture": "#main" }, 
                "down":  { "uv": [ 14.5, 5, 14, 5.25 ], "texture": "#main" }
            }
        }, 
        {
            "name": "back_flint", 
            "from": [ 8, 11, 9 ], 
            "to":   [ 8, 20, 13 ], 
            "faces": {
                "north": { "uv": [ 15, 4, 15, 4.5625 ], "texture": "#main" }, 
                "east":  { "uv": [ 13.625, 5.9375, 13.875, 6.5 ], "texture": "#main" }, 
                "south": { "uv": [ 15, 4, 15, 4.5625 ], "texture": "#main" }, 
                "west":  { "uv": [ 13.875, 5.9375, 14.125, 6.5 ], "texture": "#main" }, 
                "up":    { "uv": [ 15, 4.375, 15, 4.125 ], "texture": "#main" }, 
                "down":  { "uv": [ 15, 4, 15, 4.25 ], "texture": "#main" }
            }
        }, 
        {
            "name": "upper_part", 
            "from": [ 4, 7, 5 ], 
            "to":   [ 12, 11, 9 ], 
            "rotation": { "angle": 0, "axis": "y", "origin": [0, -3, 0] }, 
            "faces": {
                "north": { "uv": [ 14, 5.25, 14.5, 5.5 ], "texture": "#main" }, 
                "east":  { "uv": [ 14.125, 6.125, 14.375, 6.375 ], "texture": "#main" }, 
                "south": { "uv": [ 14, 5.5, 14.5, 5.75 ], "texture": "#main" }, 
                "west":  { "uv": [ 12, 6.3125, 12.25, 6.5625 ], "texture": "#main" }, 
                "up":    { "uv": [ 14.625, 4.25, 14.125, 4 ], "texture": "#main" }, 
                "down":  { "uv": [ 14.625, 4.25, 14.125, 4.5 ], "texture": "#main" }
            }
        }, 
        {
            "name": "middle_part", 
            "from": [ 5, 4, 1 ], 
            "to":   [ 11, 8, 4 ], 
            "rotation": { "angle": 22.5, "axis": "x", "origin": [0, -4, 4] }, 
            "faces": {
                "north": { "uv": [ 12.5, 6.0625, 12.875, 6.3125 ], "texture": "#main" }, 
                "east":  { "uv": [ 12.25, 6.3125, 12.4375, 6.5625 ], "texture": "#main" }, 
                "south": { "uv": [ 14.125, 4.5, 14.5, 4.75 ], "texture": "#main" }, 
                "west":  { "uv": [ 12.4375, 6.3125, 12.625, 6.5625 ], "texture": "#main" }, 
                "up":    { "uv": [ 14.375, 5.9375, 14, 5.75 ], "texture": "#main" }, 
                "down":  { "uv": [ 14.5, 5.9375, 14.125, 6.125 ], "texture": "#main" }
            }
        }, 
        {
            "name": "lower_part", 
            "from": [ 6, 2, 1 ], 
            "to":   [ 10, 5, 3 ], 
            "rotation": { "angle": 22.5, "axis": "x", "origin": [0, -4, 2] }, 
            "faces": {
                "north": { "uv": [ 12.625, 6.3125, 12.875, 6.5 ], "texture": "#main" }, 
                "east":  { "uv": [ 13.625, 4, 13.75, 4.1875 ], "texture": "#main" }, 
                "south": { "uv": [ 12.875, 6.375, 13.125, 6.5625 ], "texture": "#main" }, 
                "west":  { "uv": [ 13.625, 4.1875, 13.75, 4.375 ], "texture": "#main" }, 
                "up":    { "uv": [ 14.625, 6.25, 14.375, 6.125 ], "texture": "#main" }, 
                "down":  { "uv": [ 14.625, 6.25, 14.375, 6.375 ], "texture": "#main" }
            }
        }, 
        {
            "name": "tail_front", 
            "from": [ 7, 0, 1 ], 
            "to":   [ 9, 4, 3 ], 
            "rotation": { "angle": 22.5, "axis": "x", "origin": [0, -3, -2] }, 
            "faces": {
                "north": { "uv": [ 13.125, 5.25, 13, 5.5 ], "rotation":180, "texture": "#main" }, 
                "east":  { "uv": [ 14.3125, 6.375, 14.5625, 6.5 ], "rotation":270, "texture": "#main" }, 
                "south": { "uv": [ 13.125, 4.625, 13, 4.375 ], "texture": "#main" }, 
                "west":  { "uv": [ 14.5, 4.5, 14.75, 4.625 ], "rotation":90, "texture": "#main" }, 
                "up":    { "uv": [ 13, 5.5, 13.125, 5.625 ], "rotation":180, "texture": "#main" }, 
                "down":  { "uv": [ 13.5, 6.375, 13.625, 6.5 ], "texture": "#main" }
            }
        }, 
        {
            "name": "tail_end", 
            "from": [ 3, -5, 2 ], 
            "to":   [ 13, 1, 2 ], 
            "rotation": { "angle": 22.5, "axis": "x", "origin": [0, -3, -2] }, 
            "faces": {
                "north": { "uv": [ 13.75, 4.375, 13.125, 4.75 ], "rotation":180, "texture": "#main" }, 
                "east":  { "uv": [ 15.0625, 4, 15.4375, 4 ], "rotation":270, "texture": "#main" }, 
                "south": { "uv": [ 13.625, 4.375, 13, 4 ], "texture": "#main" }, 
                "west":  { "uv": [ 15.0625, 4, 15.4375, 4 ], "rotation":90, "texture": "#main" }, 
                "up":    { "uv": [ 15.0625, 4, 15.6875, 4 ], "rotation":180, "texture": "#main" }, 
                "down":  { "uv": [ 15, 4, 15.625, 4 ], "texture": "#main" }
            }
        }, 
        {
            "name": "head", 
            "from": [ 4, 22, 4 ], 
            "to":   [ 12, 29, 10 ], 
            "faces": {
                "north": { "uv": [ 1.125, 8.75, 1.625, 9.1875 ], "texture": "#main" }, 
                "east":  { "uv": [ 0.5, 9.625, 0.875, 10.0625 ], "texture": "#main" }, 
                "south": { "uv": [ 1.125, 9.1875, 1.625, 9.625 ], "texture": "#main" }, 
                "west":  { "uv": [ 2, 8.75, 1.625, 9.1875 ], "texture": "#main" }, 
                "up":    { "uv": [ 0.5, 9.625, 0, 9.25 ], "texture": "#main" }, 
                "down":  { "uv": [ 1, 9.25, 0.5, 9.625 ], "texture": "#main" }
            }
        }, 
        {
            "name": "head_flint", 
            "from": [ 8, 23, 5 ], 
            "to":   [ 8, 32, 14 ], 
            "faces": {
                "north": { "uv": [ 3, 8, 3, 8.5625 ], "texture": "#main" }, 
                "east":  { "uv": [ 0, 8.6875, 0.5625, 9.25 ], "texture": "#main" }, 
                "south": { "uv": [ 3, 8, 3, 8.5625 ], "texture": "#main" }, 
                "west":  { "uv": [ 0.5625, 8.6875, 1.125, 9.25 ], "texture": "#main" }, 
                "up":    { "uv": [ 3, 8.5625, 3, 8 ], "texture": "#main" }, 
                "down":  { "uv": [ 3, 8, 3, 8.5625 ], "texture": "#main" }
            }
        }, 
        {
            "name": "ear_flint", 
            "from": [ 2, 23, 7 ], 
            "to":   [ 14, 27, 7 ], 
            "faces": {
                "north": { "uv": [ 0, 10.5625, 1, 10.875 ], "texture": "#main" }, 
                "east":  { "uv": [ 0, 10.5625, 0, 10.875 ], "texture": "#main" }, 
                "south": { "uv": [ 1, 10.5625, 0, 10.875 ], "texture": "#main" }, 
                "west":  { "uv": [ 0, 10.5625, 0, 10.875 ], "texture": "#main" }, 
                "up":    { "uv": [ 0, 10.875, 0.875, 10.875 ], "texture": "#main" }, 
                "down":  { "uv": [ 0, 10.875, 0.875, 10.875 ], "texture": "#main" }
            }
        }, 
        {
            "name": "left_arm", 
            "from": [ 1, 11, 6 ], 
            "to":   [ 4, 22, 9 ], 
            "faces": {
                "north": { "uv": [ 0.875, 9.625, 1.0625, 10.375 ], "texture": "#main" }, 
                "east":  { "uv": [ 1.0625, 9.625, 1.25, 10.375 ], "texture": "#main" }, 
                "south": { "uv": [ 1.625, 9.1875, 1.8125, 9.9375 ], "texture": "#main" }, 
                "west":  { "uv": [ 1.25, 9.625, 1.4375, 10.375 ], "texture": "#main" }, 
                "up":    { "uv": [ 1.3125, 10.5625, 1.125, 10.375 ], "texture": "#main" }, 
                "down":  { "uv": [ 1.5, 10.375, 1.3125, 10.5625 ], "texture": "#main" }
            }
        }, 
        {
            "name": "right_arm", 
            "from": [ 12, 11, 6 ], 
            "to":   [ 15, 22, 9 ], 
            "faces": {
                "north": { "uv": [ 1.4375, 9.625, 1.625, 10.375 ], "texture": "#main" }, 
                "east":  { "uv": [ 1.75, 8, 1.9375, 8.75 ], "texture": "#main" }, 
                "south": { "uv": [ 1.8125, 9.1875, 2, 9.9375 ], "texture": "#main" }, 
                "west":  { "uv": [ 1.9375, 8, 2.125, 8.75 ], "texture": "#main" }, 
                "up":    { "uv": [ 2.5625, 9.9375, 2.375, 9.75 ], "texture": "#main" }, 
                "down":  { "uv": [ 2.3125, 10.375, 2.125, 10.5625 ], "texture": "#main" }
            }
        }, 
        {
            "name": "body", 
            "from": [ 4, 11, 5 ], 
            "to":   [ 12, 22, 9 ], 
            "rotation": { "angle": 0, "axis": "y", "origin": [0, 7, 0] }, 
            "faces": {
                "north": { "uv": [ 0, 8, 0.5, 8.6875 ], "texture": "#main" }, 
                "east":  { "uv": [ 0, 9.625, 0.25, 10.3125 ], "texture": "#main" }, 
                "south": { "uv": [ 0.5, 8, 1, 8.6875 ], "texture": "#main" }, 
                "west":  { "uv": [ 0.25, 9.625, 0.5, 10.3125 ], "texture": "#main" }, 
                "up":    { "uv": [ 2.5, 9, 2, 8.75 ], "texture": "#main" }, 
                "down":  { "uv": [ 2.5, 9, 2, 9.25 ], "texture": "#main" }
            }
        }, 
        {
            "name": "back_flint", 
            "from": [ 8, 11, 9 ], 
            "to":   [ 8, 20, 13 ], 
            "faces": {
                "north": { "uv": [ 3, 8, 3, 8.5625 ], "texture": "#main" }, 
                "east":  { "uv": [ 1.625, 9.9375, 1.875, 10.5 ], "texture": "#main" }, 
                "south": { "uv": [ 3, 8, 3, 8.5625 ], "texture": "#main" }, 
                "west":  { "uv": [ 1.875, 9.9375, 2.125, 10.5 ], "texture": "#main" }, 
                "up":    { "uv": [ 3, 8.375, 3, 8.125 ], "texture": "#main" }, 
                "down":  { "uv": [ 3, 8, 3, 8.25 ], "texture": "#main" }
            }
        }, 
        {
            "name": "upper_part", 
            "from": [ 4, 7, 5 ], 
            "to":   [ 12, 11, 9 ], 
            "rotation": { "angle": 0, "axis": "y", "origin": [0, -3, 0] }, 
            "faces": {
                "north": { "uv": [ 2, 9.25, 2.5, 9.5 ], "texture": "#main" }, 
                "east":  { "uv": [ 2.125, 10.125, 2.375, 10.375 ], "texture": "#main" }, 
                "south": { "uv": [ 2, 9.5, 2.5, 9.75 ], "texture": "#main" }, 
                "west":  { "uv": [ 0, 10.3125, 0.25, 10.5625 ], "texture": "#main" }, 
                "up":    { "uv": [ 2.625, 8.25, 2.125, 8 ], "texture": "#main" }, 
                "down":  { "uv": [ 2.625, 8.25, 2.125, 8.5 ], "texture": "#main" }
            }
        }, 
        {
            "name": "middle_part", 
            "from": [ 5, 4, 1 ], 
            "to":   [ 11, 8, 4 ], 
            "rotation": { "angle": 22.5, "axis": "x", "origin": [0, -4, 4] }, 
            "faces": {
                "north": { "uv": [ 0.5, 10.0625, 0.875, 10.3125 ], "texture": "#main" }, 
                "east":  { "uv": [ 0.25, 10.3125, 0.4375, 10.5625 ], "texture": "#main" }, 
                "south": { "uv": [ 2.125, 8.5, 2.5, 8.75 ], "texture": "#main" }, 
                "west":  { "uv": [ 0.4375, 10.3125, 0.625, 10.5625 ], "texture": "#main" }, 
                "up":    { "uv": [ 2.375, 9.9375, 2, 9.75 ], "texture": "#main" }, 
                "down":  { "uv": [ 2.5, 9.9375, 2.125, 10.125 ], "texture": "#main" }
            }
        }, 
        {
            "name": "lower_part", 
            "from": [ 6, 2, 1 ], 
            "to":   [ 10, 5, 3 ], 
            "rotation": { "angle": 22.5, "axis": "x", "origin": [0, -4, 2] }, 
            "faces": {
                "north": { "uv": [ 0.625, 10.3125, 0.875, 10.5 ], "texture": "#main" }, 
                "east":  { "uv": [ 1.625, 8, 1.75, 8.1875 ], "texture": "#main" }, 
                "south": { "uv": [ 0.875, 10.375, 1.125, 10.5625 ], "texture": "#main" }, 
                "west":  { "uv": [ 1.625, 8.1875, 1.75, 8.375 ], "texture": "#main" }, 
                "up":    { "uv": [ 2.625, 10.25, 2.375, 10.125 ], "texture": "#main" }, 
                "down":  { "uv": [ 2.625, 10.25, 2.375, 10.375 ], "texture": "#main" }
            }
        }, 
        {
            "name": "tail_front", 
            "from": [ 7, 1, -2 ], 
            "to":   [ 9, 5, 0 ], 
            "rotation": { "angle": 45, "axis": "x", "origin": [0, -3, -2] }, 
            "faces": {
                "north": { "uv": [ 1.125, 9.25, 1, 9.5 ], "rotation":180, "texture": "#main" }, 
                "east":  { "uv": [ 2.3125, 10.375, 2.5625, 10.5 ], "rotation":270, "texture": "#main" }, 
                "south": { "uv": [ 1.125, 8.625, 1, 8.375 ], "texture": "#main" }, 
                "west":  { "uv": [ 2.5, 8.5, 2.75, 8.625 ], "rotation":90, "texture": "#main" }, 
                "up":    { "uv": [ 1, 9.5, 1.125, 9.625 ], "rotation":180, "texture": "#main" }, 
                "down":  { "uv": [ 1.5, 10.375, 1.625, 10.5 ], "texture": "#main" }
            }
        }, 
        {
            "name": "tail_end", 
            "from": [ 3, -4, -1 ], 
            "to":   [ 13, 2, -1 ], 
            "rotation": { "angle": 45, "axis": "x", "origin": [0, -3, -2] }, 
            "faces": {
                "north": { "uv": [ 1.75, 8.375, 1.125, 8.75 ], "rotation":180, "texture": "#main" }, 
                "east":  { "uv": [ 3.0625, 8, 3.4375, 8 ], "rotation":270, "texture": "#main" }, 
                "south": { "uv": [ 1.625, 8.375, 1, 8 ], "texture": "#main" }, 
                "west":  { "uv": [ 3.0625, 8, 3.4375, 8 ], "rotation":90, "texture": "#main" }, 
                "up":    { "uv": [ 3.0625, 8, 3.6875, 8 ], "rotation":180, "texture": "#main" }, 
                "down":  { "uv": [ 3, 8, 3.625, 8 ], "texture": "#main" }
            }
        }, 
        {
            "name": "head", 
            "from": [ 4, 22, 4 ], 
            "to":   [ 12, 29, 10 ], 
            "faces": {
                "north": { "uv": [ 5.125, 8.75, 5.625, 9.1875 ], "texture": "#main" }, 
                "east":  { "uv": [ 4.5, 9.625, 4.875, 10.0625 ], "texture": "#main" }, 
                "south": { "uv": [ 5.125, 9.1875, 5.625, 9.625 ], "texture": "#main" }, 
                "west":  { "uv": [ 6, 8.75, 5.625, 9.1875 ], "texture": "#main" }, 
                "up":    { "uv": [ 4.5, 9.625, 4, 9.25 ], "texture": "#main" }, 
                "down":  { "uv": [ 5, 9.25, 4.5, 9.625 ], "texture": "#main" }
            }
        }, 
        {
            "name": "head_flint", 
            "from": [ 8, 23, 5 ], 
            "to":   [ 8, 32, 14 ], 
            "faces": {
                "north": { "uv": [ 7, 8, 7, 8.5625 ], "texture": "#main" }, 
                "east":  { "uv": [ 4, 8.6875, 4.5625, 9.25 ], "texture": "#main" }, 
                "south": { "uv": [ 7, 8, 7, 8.5625 ], "texture": "#main" }, 
                "west":  { "uv": [ 4.5625, 8.6875, 5.125, 9.25 ], "texture": "#main" }, 
                "up":    { "uv": [ 7, 8.5625, 7, 8 ], "texture": "#main" }, 
                "down":  { "uv": [ 7, 8, 7, 8.5625 ], "texture": "#main" }
            }
        }, 
        {
            "name": "ear_flint", 
            "from": [ 2, 23, 7 ], 
            "to":   [ 14, 27, 7 ], 
            "faces": {
                "north": { "uv": [ 4, 10.5625, 5, 10.875 ], "texture": "#main" }, 
                "east":  { "uv": [ 4, 10.5625, 4, 10.875 ], "texture": "#main" }, 
                "south": { "uv": [ 5, 10.5625, 4, 10.875 ], "texture": "#main" }, 
                "west":  { "uv": [ 4, 10.5625, 4, 10.875 ], "texture": "#main" }, 
                "up":    { "uv": [ 4, 10.875, 4.875, 10.875 ], "texture": "#main" }, 
                "down":  { "uv": [ 4, 10.875, 4.875, 10.875 ], "texture": "#main" }
            }
        }, 
        {
            "name": "left_arm", 
            "from": [ 1, 11, 6 ], 
            "to":   [ 4, 22, 9 ], 
            "faces": {
                "north": { "uv": [ 4.875, 9.625, 5.0625, 10.375 ], "texture": "#main" }, 
                "east":  { "uv": [ 5.0625, 9.625, 5.25, 10.375 ], "texture": "#main" }, 
                "south": { "uv": [ 5.625, 9.1875, 5.8125, 9.9375 ], "texture": "#main" }, 
                "west":  { "uv": [ 5.25, 9.625, 5.4375, 10.375 ], "texture": "#main" }, 
                "up":    { "uv": [ 5.3125, 10.5625, 5.125, 10.375 ], "texture": "#main" }, 
                "down":  { "uv": [ 5.5, 10.375, 5.3125, 10.5625 ], "texture": "#main" }
            }
        }, 
        {
            "name": "right_arm", 
            "from": [ 12, 11, 6 ], 
            "to":   [ 15, 22, 9 ], 
            "faces": {
                "north": { "uv": [ 5.4375, 9.625, 5.625, 10.375 ], "texture": "#main" }, 
                "east":  { "uv": [ 5.75, 8, 5.9375, 8.75 ], "texture": "#main" }, 
                "south": { "uv": [ 5.8125, 9.1875, 6, 9.9375 ], "texture": "#main" }, 
                "west":  { "uv": [ 5.9375, 8, 6.125, 8.75 ], "texture": "#main" }, 
                "up":    { "uv": [ 6.5625, 9.9375, 6.375, 9.75 ], "texture": "#main" }, 
                "down":  { "uv": [ 6.3125, 10.375, 6.125, 10.5625 ], "texture": "#main" }
            }
        }, 
        {
            "name": "body", 
            "from": [ 4, 11, 5 ], 
            "to":   [ 12, 22, 9 ], 
            "rotation": { "angle": 0, "axis": "y", "origin": [0, 7, 0] }, 
            "faces": {
                "north": { "uv": [ 4, 8, 4.5, 8.6875 ], "texture": "#main" }, 
                "east":  { "uv": [ 4, 9.625, 4.25, 10.3125 ], "texture": "#main" }, 
                "south": { "uv": [ 4.5, 8, 5, 8.6875 ], "texture": "#main" }, 
                "west":  { "uv": [ 4.25, 9.625, 4.5, 10.3125 ], "texture": "#main" }, 
                "up":    { "uv": [ 6.5, 9, 6, 8.75 ], "texture": "#main" }, 
                "down":  { "uv": [ 6.5, 9, 6, 9.25 ], "texture": "#main" }
            }
        }, 
        {
            "name": "back_flint", 
            "from": [ 8, 11, 9 ], 
            "to":   [ 8, 20, 13 ], 
            "faces": {
                "north": { "uv": [ 7, 8, 7, 8.5625 ], "texture": "#main" }, 
                "east":  { "uv": [ 5.625, 9.9375, 5.875, 10.5 ], "texture": "#main" }, 
                "south": { "uv": [ 7, 8, 7, 8.5625 ], "texture": "#main" }, 
                "west":  { "uv": [ 5.875, 9.9375, 6.125, 10.5 ], "texture": "#main" }, 
                "up":    { "uv": [ 7, 8.375, 7, 8.125 ], "texture": "#main" }, 
                "down":  { "uv": [ 7, 8, 7, 8.25 ], "texture": "#main" }
            }
        }, 
        {
            "name": "upper_part", 
            "from": [ 4, 7, 5 ], 
            "to":   [ 12, 11, 9 ], 
            "rotation": { "angle": 0, "axis": "y", "origin": [0, -3, 0] }, 
            "faces": {
                "north": { "uv": [ 6, 9.25, 6.5, 9.5 ], "texture": "#main" }, 
                "east":  { "uv": [ 6.125, 10.125, 6.375, 10.375 ], "texture": "#main" }, 
                "south": { "uv": [ 6, 9.5, 6.5, 9.75 ], "texture": "#main" }, 
                "west":  { "uv": [ 4, 10.3125, 4.25, 10.5625 ], "texture": "#main" }, 
                "up":    { "uv": [ 6.625, 8.25, 6.125, 8 ], "texture": "#main" }, 
                "down":  { "uv": [ 6.625, 8.25, 6.125, 8.5 ], "texture": "#main" }
            }
        }, 
        {
            "name": "middle_part", 
            "from": [ 5, 4, 1 ], 
            "to":   [ 11, 8, 4 ], 
            "rotation": { "angle": 22.5, "axis": "x", "origin": [0, -4, 4] }, 
            "faces": {
                "north": { "uv": [ 4.5, 10.0625, 4.875, 10.3125 ], "texture": "#main" }, 
                "east":  { "uv": [ 4.25, 10.3125, 4.4375, 10.5625 ], "texture": "#main" }, 
                "south": { "uv": [ 6.125, 8.5, 6.5, 8.75 ], "texture": "#main" }, 
                "west":  { "uv": [ 4.4375, 10.3125, 4.625, 10.5625 ], "texture": "#main" }, 
                "up":    { "uv": [ 6.375, 9.9375, 6, 9.75 ], "texture": "#main" }, 
                "down":  { "uv": [ 6.5, 9.9375, 6.125, 10.125 ], "texture": "#main" }
            }
        }, 
        {
            "name": "lower_part", 
            "from": [ 6, 2, -2 ], 
            "to":   [ 10, 5, 0 ], 
            "rotation": { "angle": 45, "axis": "x", "origin": [0, -4, 2] }, 
            "faces": {
                "north": { "uv": [ 4.625, 10.3125, 4.875, 10.5 ], "texture": "#main" }, 
                "east":  { "uv": [ 5.625, 8, 5.75, 8.1875 ], "texture": "#main" }, 
                "south": { "uv": [ 4.875, 10.375, 5.125, 10.5625 ], "texture": "#main" }, 
                "west":  { "uv": [ 5.625, 8.1875, 5.75, 8.375 ], "texture": "#main" }, 
                "up":    { "uv": [ 6.625, 10.25, 6.375, 10.125 ], "texture": "#main" }, 
                "down":  { "uv": [ 6.625, 10.25, 6.375, 10.375 ], "texture": "#main" }
            }
        }, 
        {
            "name": "tail_front", 
            "from": [ 7, 2, -3 ], 
            "to":   [ 9, 6, -1 ], 
            "rotation": { "angle": 45, "axis": "x", "origin": [0, -3, -2] }, 
            "faces": {
                "north": { "uv": [ 5.125, 9.25, 5, 9.5 ], "rotation":180, "texture": "#main" }, 
                "east":  { "uv": [ 6.3125, 10.375, 6.5625, 10.5 ], "rotation":270, "texture": "#main" }, 
                "south": { "uv": [ 5.125, 8.625, 5, 8.375 ], "texture": "#main" }, 
                "west":  { "uv": [ 6.5, 8.5, 6.75, 8.625 ], "rotation":90, "texture": "#main" }, 
                "up":    { "uv": [ 5, 9.5, 5.125, 9.625 ], "rotation":180, "texture": "#main" }, 
                "down":  { "uv": [ 5.5, 10.375, 5.625, 10.5 ], "texture": "#main" }
            }
        }, 
        {
            "name": "tail_end", 
            "from": [ 3, -3, -2 ], 
            "to":   [ 13, 3, -2 ], 
            "rotation": { "angle": 45, "axis": "x", "origin": [0, -3, -2] }, 
            "faces": {
                "north": { "uv": [ 5.75, 8.375, 5.125, 8.75 ], "rotation":180, "texture": "#main" }, 
                "east":  { "uv": [ 7.0625, 8, 7.4375, 8 ], "rotation":270, "texture": "#main" }, 
                "south": { "uv": [ 5.625, 8.375, 5, 8 ], "texture": "#main" }, 
                "west":  { "uv": [ 7.0625, 8, 7.4375, 8 ], "rotation":90, "texture": "#main" }, 
                "up":    { "uv": [ 7.0625, 8, 7.6875, 8 ], "rotation":180, "texture": "#main" }, 
                "down":  { "uv": [ 7, 8, 7.625, 8 ], "texture": "#main" }
            }
        }, 
        {
            "name": "head", 
            "from": [ 4, 22, 4 ], 
            "to":   [ 12, 29, 10 ], 
            "faces": {
                "north": { "uv": [ 9.125, 8.75, 9.625, 9.1875 ], "texture": "#main" }, 
                "east":  { "uv": [ 8.5, 9.625, 8.875, 10.0625 ], "texture": "#main" }, 
                "south": { "uv": [ 9.125, 9.1875, 9.625, 9.625 ], "texture": "#main" }, 
                "west":  { "uv": [ 10, 8.75, 9.625, 9.1875 ], "texture": "#main" }, 
                "up":    { "uv": [ 8.5, 9.625, 8, 9.25 ], "texture": "#main" }, 
                "down":  { "uv": [ 9, 9.25, 8.5, 9.625 ], "texture": "#main" }
            }
        }, 
        {
            "name": "head_flint", 
            "from": [ 8, 23, 5 ], 
            "to":   [ 8, 32, 14 ], 
            "faces": {
                "north": { "uv": [ 11, 8, 11, 8.5625 ], "texture": "#main" }, 
                "east":  { "uv": [ 8, 8.6875, 8.5625, 9.25 ], "texture": "#main" }, 
                "south": { "uv": [ 11, 8, 11, 8.5625 ], "texture": "#main" }, 
                "west":  { "uv": [ 8.5625, 8.6875, 9.125, 9.25 ], "texture": "#main" }, 
                "up":    { "uv": [ 11, 8.5625, 11, 8 ], "texture": "#main" }, 
                "down":  { "uv": [ 11, 8, 11, 8.5625 ], "texture": "#main" }
            }
        }, 
        {
            "name": "ear_flint", 
            "from": [ 2, 23, 7 ], 
            "to":   [ 14, 27, 7 ], 
            "faces": {
                "north": { "uv": [ 8, 10.5625, 9, 10.875 ], "texture": "#main" }, 
                "east":  { "uv": [ 8, 10.5625, 8, 10.875 ], "texture": "#main" }, 
                "south": { "uv": [ 9, 10.5625, 8, 10.875 ], "texture": "#main" }, 
                "west":  { "uv": [ 8, 10.5625, 8, 10.875 ], "texture": "#main" }, 
                "up":    { "uv": [ 8, 10.875, 8.875, 10.875 ], "texture": "#main" }, 
                "down":  { "uv": [ 8, 10.875, 8.875, 10.875 ], "texture": "#main" }
            }
        }, 
        {
            "name": "left_arm", 
            "from": [ 1, 11, 6 ], 
            "to":   [ 4, 22, 9 ], 
            "faces": {
                "north": { "uv": [ 8.875, 9.625, 9.0625, 10.375 ], "texture": "#main" }, 
                "east":  { "uv": [ 9.0625, 9.625, 9.25, 10.375 ], "texture": "#main" }, 
                "south": { "uv": [ 9.625, 9.1875, 9.8125, 9.9375 ], "texture": "#main" }, 
                "west":  { "uv": [ 9.25, 9.625, 9.4375, 10.375 ], "texture": "#main" }, 
                "up":    { "uv": [ 9.3125, 10.5625, 9.125, 10.375 ], "texture": "#main" }, 
                "down":  { "uv": [ 9.5, 10.375, 9.3125, 10.5625 ], "texture": "#main" }
            }
        }, 
        {
            "name": "right_arm", 
            "from": [ 12, 11, 6 ], 
            "to":   [ 15, 22, 9 ], 
            "faces": {
                "north": { "uv": [ 9.4375, 9.625, 9.625, 10.375 ], "texture": "#main" }, 
                "east":  { "uv": [ 9.75, 8, 9.9375, 8.75 ], "texture": "#main" }, 
                "south": { "uv": [ 9.8125, 9.1875, 10, 9.9375 ], "texture": "#main" }, 
                "west":  { "uv": [ 9.9375, 8, 10.125, 8.75 ], "texture": "#main" }, 
                "up":    { "uv": [ 10.5625, 9.9375, 10.375, 9.75 ], "texture": "#main" }, 
                "down":  { "uv": [ 10.3125, 10.375, 10.125, 10.5625 ], "texture": "#main" }
            }
        }, 
        {
            "name": "body", 
            "from": [ 4, 11, 5 ], 
            "to":   [ 12, 22, 9 ], 
            "rotation": { "angle": 0, "axis": "y", "origin": [0, 7, 0] }, 
            "faces": {
                "north": { "uv": [ 8, 8, 8.5, 8.6875 ], "texture": "#main" }, 
                "east":  { "uv": [ 8, 9.625, 8.25, 10.3125 ], "texture": "#main" }, 
                "south": { "uv": [ 8.5, 8, 9, 8.6875 ], "texture": "#main" }, 
                "west":  { "uv": [ 8.25, 9.625, 8.5, 10.3125 ], "texture": "#main" }, 
                "up":    { "uv": [ 10.5, 9, 10, 8.75 ], "texture": "#main" }, 
                "down":  { "uv": [ 10.5, 9, 10, 9.25 ], "texture": "#main" }
            }
        }, 
        {
            "name": "back_flint", 
            "from": [ 8, 11, 9 ], 
            "to":   [ 8, 20, 13 ], 
            "faces": {
                "north": { "uv": [ 11, 8, 11, 8.5625 ], "texture": "#main" }, 
                "east":  { "uv": [ 9.625, 9.9375, 9.875, 10.5 ], "texture": "#main" }, 
                "south": { "uv": [ 11, 8, 11, 8.5625 ], "texture": "#main" }, 
                "west":  { "uv": [ 9.875, 9.9375, 10.125, 10.5 ], "texture": "#main" }, 
                "up":    { "uv": [ 11, 8.375, 11, 8.125 ], "texture": "#main" }, 
                "down":  { "uv": [ 11, 8, 11, 8.25 ], "texture": "#main" }
            }
        }, 
        {
            "name": "upper_part", 
            "from": [ 4, 7, 5 ], 
            "to":   [ 12, 11, 9 ], 
            "rotation": { "angle": 0, "axis": "y", "origin": [0, -3, 0] }, 
            "faces": {
                "north": { "uv": [ 10, 9.25, 10.5, 9.5 ], "texture": "#main" }, 
                "east":  { "uv": [ 10.125, 10.125, 10.375, 10.375 ], "texture": "#main" }, 
                "south": { "uv": [ 10, 9.5, 10.5, 9.75 ], "texture": "#main" }, 
                "west":  { "uv": [ 8, 10.3125, 8.25, 10.5625 ], "texture": "#main" }, 
                "up":    { "uv": [ 10.625, 8.25, 10.125, 8 ], "texture": "#main" }, 
                "down":  { "uv": [ 10.625, 8.25, 10.125, 8.5 ], "texture": "#main" }
            }
        }, 
        {
            "name": "middle_part", 
            "from": [ 5, 4, 1 ], 
            "to":   [ 11, 8, 4 ], 
            "rotation": { "angle": 22.5, "axis": "x", "origin": [0, -4, 4] }, 
            "faces": {
                "north": { "uv": [ 8.5, 10.0625, 8.875, 10.3125 ], "texture": "#main" }, 
                "east":  { "uv": [ 8.25, 10.3125, 8.4375, 10.5625 ], "texture": "#main" }, 
                "south": { "uv": [ 10.125, 8.5, 10.5, 8.75 ], "texture": "#main" }, 
                "west":  { "uv": [ 8.4375, 10.3125, 8.625, 10.5625 ], "texture": "#main" }, 
                "up":    { "uv": [ 10.375, 9.9375, 10, 9.75 ], "texture": "#main" }, 
                "down":  { "uv": [ 10.5, 9.9375, 10.125, 10.125 ], "texture": "#main" }
            }
        }, 
        {
            "name": "lower_part", 
            "from": [ 6, 1, -3 ], 
            "to":   [ 10, 4, -1 ], 
            "rotation": { "angle": 45, "axis": "x", "origin": [0, -4, 2] }, 
            "faces": {
                "north": { "uv": [ 8.625, 10.3125, 8.875, 10.5 ], "texture": "#main" }, 
                "east":  { "uv": [ 9.625, 8, 9.75, 8.1875 ], "texture": "#main" }, 
                "south": { "uv": [ 8.875, 10.375, 9.125, 10.5625 ], "texture": "#main" }, 
                "west":  { "uv": [ 9.625, 8.1875, 9.75, 8.375 ], "texture": "#main" }, 
                "up":    { "uv": [ 10.625, 10.25, 10.375, 10.125 ], "texture": "#main" }, 
                "down":  { "uv": [ 10.625, 10.25, 10.375, 10.375 ], "texture": "#main" }
            }
        }, 
        {
            "name": "tail_front", 
            "from": [ 7, -1, 1 ], 
            "to":   [ 9, 1, 5 ], 
            "rotation": { "angle": -22.5, "axis": "x", "origin": [0, -3, -2] }, 
            "faces": {
                "north": { "uv": [ 9.5, 10.375, 9.625, 10.5 ], "rotation":180, "texture": "#main" }, 
                "east":  { "uv": [ 10.3125, 10.375, 10.5625, 10.5 ], "rotation":180, "texture": "#main" }, 
                "south": { "uv": [ 9, 9.5, 9.125, 9.625 ], "rotation":180, "texture": "#main" }, 
                "west":  { "uv": [ 10.5, 8.5, 10.75, 8.625 ], "rotation":180, "texture": "#main" }, 
                "up":    { "uv": [ 9.125, 9.25, 9, 9.5 ], "texture": "#main" }, 
                "down":  { "uv": [ 9.125, 8.625, 9, 8.375 ], "texture": "#main" }
            }
        }, 
        {
            "name": "tail_end", 
            "from": [ 3, 0, -4 ], 
            "to":   [ 13, 0, 2 ], 
            "rotation": { "angle": -22.5, "axis": "x", "origin": [0, -3, -2] }, 
            "faces": {
                "north": { "uv": [ 11, 8, 11.625, 8 ], "rotation":180, "texture": "#main" }, 
                "east":  { "uv": [ 11.0625, 8, 11.4375, 8 ], "rotation":180, "texture": "#main" }, 
                "south": { "uv": [ 11.0625, 8, 11.6875, 8 ], "rotation":180, "texture": "#main" }, 
                "west":  { "uv": [ 11.0625, 8, 11.4375, 8 ], "rotation":180, "texture": "#main" }, 
                "up":    { "uv": [ 9.75, 8.375, 9.125, 8.75 ], "texture": "#main" }, 
                "down":  { "uv": [ 9.625, 8.375, 9, 8 ], "texture": "#main" }
            }
        }
    ], 
    "display": {
        "thirdperson_righthand": {
            "translation": [ 0, -1.25, 0 ]
        }, 
        "gui": {
            "rotation": [ 0, 150, 0 ], 
            "translation": [ 0, -3, 0 ], 
            "scale": [ 0.5, 0.5, 0.5 ]
        }, 
        "head": {
            "translation": [ 0, -29.5, 0 ], 
            "scale": [ 1.8, 1.8, 1.8 ]
        }
    }, 
    "groups": [
        {
            "name": "atlantan", 
            "origin": [
                0, 
                0, 
                0
            ], 
            "color": 0, 
            "children": [
                {
                    "name": "head", 
                    "origin": [
                        0, 
                        0, 
                        0
                    ], 
                    "color": 0, 
                    "children": [
                        0, 
                        1, 
                        2
                    ]
                }, 
                {
                    "name": "arms", 
                    "origin": [
                        0, 
                        0, 
                        0
                    ], 
                    "color": 0, 
                    "children": [
                        3, 
                        4
                    ]
                }, 
                {
                    "name": "body", 
                    "origin": [
                        0, 
                        0, 
                        0
                    ], 
                    "color": 0, 
                    "children": [
                        5, 
                        6
                    ]
                }, 
                {
                    "name": "flint", 
                    "origin": [
                        0, 
                        0, 
                        0
                    ], 
                    "color": 0, 
                    "children": [
                        7, 
                        8, 
                        9, 
                        10, 
                        11
                    ]
                }
            ]
        }
    ], 
    "__comment": "Model animated using Fizzy's model animator - http://fizzy81.github.io/animated-models/"
}