{
	"credit": "Made with Blockbench",
	"textures": {
		"2": "item/atlantan/atlantan_death",
		"particle": "item/atlantan/atlantan_death"
	},
	"elements": [
		{
			"name": "head",
			"from": [4, 22, 4],
			"to": [12, 29, 10],
			"faces": {
				"north": {"uv": [4.5, 3, 6.5, 4.75], "texture": "#2"},
				"east": {"uv": [2, 6.5, 3.5, 8.25], "texture": "#2"},
				"south": {"uv": [4.5, 4.75, 6.5, 6.5], "texture": "#2"},
				"west": {"uv": [8, 3, 6.5, 4.75], "texture": "#2"},
				"up": {"uv": [2, 6.5, 0, 5], "texture": "#2"},
				"down": {"uv": [4, 5, 2, 6.5], "texture": "#2"}
			}
		},
		{
			"name": "head_flint",
			"from": [8, 23, 5],
			"to": [8, 32, 14],
			"faces": {
				"north": {"uv": [12, 0, 12, 2.25], "texture": "#2"},
				"east": {"uv": [0, 2.75, 2.25, 5], "texture": "#2"},
				"south": {"uv": [12, 0, 12, 2.25], "texture": "#2"},
				"west": {"uv": [2.25, 2.75, 4.5, 5], "texture": "#2"},
				"up": {"uv": [12, 2.25, 12, 0], "texture": "#2"},
				"down": {"uv": [12, 0, 12, 2.25], "texture": "#2"}
			}
		},
		{
			"name": "ear_flint",
			"from": [2, 23, 7],
			"to": [14, 27, 7],
			"faces": {
				"north": {"uv": [0, 10.25, 4, 11.5], "texture": "#2"},
				"east": {"uv": [0, 10.25, 0, 11.5], "texture": "#2"},
				"south": {"uv": [4, 10.25, 0, 11.5], "texture": "#2"},
				"west": {"uv": [0, 10.25, 0, 11.5], "texture": "#2"},
				"up": {"uv": [0, 11.5, 3.5, 11.5], "texture": "#2"},
				"down": {"uv": [0, 11.5, 3.5, 11.5], "texture": "#2"}
			}
		},
		{
			"name": "left_arm",
			"from": [1, 11, 6],
			"to": [4, 22, 9],
			"faces": {
				"north": {"uv": [3.5, 6.5, 4.25, 9.5], "texture": "#2"},
				"east": {"uv": [4.25, 6.5, 5, 9.5], "texture": "#2"},
				"south": {"uv": [6.5, 4.75, 7.25, 7.75], "texture": "#2"},
				"west": {"uv": [5, 6.5, 5.75, 9.5], "texture": "#2"},
				"up": {"uv": [5.25, 10.25, 4.5, 9.5], "texture": "#2"},
				"down": {"uv": [6, 9.5, 5.25, 10.25], "texture": "#2"}
			}
		},
		{
			"name": "right_arm",
			"from": [12, 11, 6],
			"to": [15, 22, 9],
			"faces": {
				"north": {"uv": [5.75, 6.5, 6.5, 9.5], "texture": "#2"},
				"east": {"uv": [7, 0, 7.75, 3], "texture": "#2"},
				"south": {"uv": [7.25, 4.75, 8, 7.75], "texture": "#2"},
				"west": {"uv": [7.75, 0, 8.5, 3], "texture": "#2"},
				"up": {"uv": [10.25, 7.75, 9.5, 7], "texture": "#2"},
				"down": {"uv": [9.25, 9.5, 8.5, 10.25], "texture": "#2"}
			}
		},
		{
			"name": "body",
			"from": [4, 11, 5],
			"to": [12, 22, 9],
			"rotation": {"angle": 0, "axis": "y", "origin": [0, 7, 0]},
			"faces": {
				"north": {"uv": [0, 0, 2, 2.75], "texture": "#2"},
				"east": {"uv": [0, 6.5, 1, 9.25], "texture": "#2"},
				"south": {"uv": [2, 0, 4, 2.75], "texture": "#2"},
				"west": {"uv": [1, 6.5, 2, 9.25], "texture": "#2"},
				"up": {"uv": [10, 4, 8, 3], "texture": "#2"},
				"down": {"uv": [10, 4, 8, 5], "texture": "#2"}
			}
		},
		{
			"name": "back_flint",
			"from": [8, 11, 9],
			"to": [8, 20, 13],
			"faces": {
				"north": {"uv": [12, 0, 12, 2.25], "texture": "#2"},
				"east": {"uv": [6.5, 7.75, 7.5, 10], "texture": "#2"},
				"south": {"uv": [12, 0, 12, 2.25], "texture": "#2"},
				"west": {"uv": [7.5, 7.75, 8.5, 10], "texture": "#2"},
				"up": {"uv": [12, 1.5, 12, 0.5], "texture": "#2"},
				"down": {"uv": [12, 0, 12, 1], "texture": "#2"}
			}
		},
		{
			"name": "upper_part",
			"from": [4, 7, 5],
			"to": [12, 11, 9],
			"rotation": {"angle": 0, "axis": "y", "origin": [0, -3, 0]},
			"faces": {
				"north": {"uv": [8, 5, 10, 6], "texture": "#2"},
				"east": {"uv": [8.5, 8.5, 9.5, 9.5], "texture": "#2"},
				"south": {"uv": [8, 6, 10, 7], "texture": "#2"},
				"west": {"uv": [0, 9.25, 1, 10.25], "texture": "#2"},
				"up": {"uv": [10.5, 1, 8.5, 0], "texture": "#2"},
				"down": {"uv": [10.5, 1, 8.5, 2], "texture": "#2"}
			}
		},
		{
			"name": "middle_part",
			"from": [5, 2, 10],
			"to": [11, 6, 13],
			"rotation": {"angle": -22.5, "axis": "x", "origin": [0, -4, 4]},
			"faces": {
				"north": {"uv": [2, 8.25, 3.5, 9.25], "texture": "#2"},
				"east": {"uv": [1, 9.25, 1.75, 10.25], "texture": "#2"},
				"south": {"uv": [8.5, 2, 10, 3], "texture": "#2"},
				"west": {"uv": [1.75, 9.25, 2.5, 10.25], "texture": "#2"},
				"up": {"uv": [9.5, 7.75, 8, 7], "texture": "#2"},
				"down": {"uv": [10, 7.75, 8.5, 8.5], "texture": "#2"}
			}
		},
		{
			"name": "lower_part",
			"from": [6, -4, 12],
			"to": [10, -1, 14],
			"rotation": {"angle": -45, "axis": "x", "origin": [0, -4, 4]},
			"faces": {
				"north": {"uv": [2.5, 9.25, 3.5, 10], "texture": "#2"},
				"east": {"uv": [6.5, 0, 7, 0.75], "texture": "#2"},
				"south": {"uv": [3.5, 9.5, 4.5, 10.25], "texture": "#2"},
				"west": {"uv": [6.5, 0.75, 7, 1.5], "texture": "#2"},
				"up": {"uv": [10.5, 9, 9.5, 8.5], "texture": "#2"},
				"down": {"uv": [10.5, 9, 9.5, 9.5], "texture": "#2"}
			}
		},
		{
			"name": "tail_front",
			"from": [7, 5, 7],
			"to": [9, 7, 11],
			"rotation": {"angle": 22.5, "axis": "x", "origin": [0, -3, 0]},
			"faces": {
				"north": {"uv": [4, 6, 4.5, 6.5], "texture": "#2"},
				"east": {"uv": [9.25, 9.5, 10.25, 10], "texture": "#2"},
				"south": {"uv": [6, 9.5, 6.5, 10], "texture": "#2"},
				"west": {"uv": [10, 2, 11, 2.5], "texture": "#2"},
				"up": {"uv": [4.5, 2.5, 4, 1.5], "texture": "#2"},
				"down": {"uv": [4.5, 5, 4, 6], "texture": "#2"}
			}
		},
		{
			"name": "tail_end",
			"from": [3, 6, 9],
			"to": [13, 6, 15],
			"rotation": {"angle": 22.5, "axis": "x", "origin": [0, -3, 0]},
			"faces": {
				"north": {"uv": [12.25, 0, 14.75, 0], "texture": "#2"},
				"east": {"uv": [12.25, 0, 13.75, 0], "texture": "#2"},
				"south": {"uv": [12, 0, 14.5, 0], "texture": "#2"},
				"west": {"uv": [12.25, 0, 13.75, 0], "texture": "#2"},
				"up": {"uv": [6.5, 1.5, 4, 0], "texture": "#2"},
				"down": {"uv": [7, 1.5, 4.5, 3], "texture": "#2"}
			}
		}
	],
	"display": {
		"thirdperson_righthand": {
			"translation": [0, -1.25, 0]
		},
		"gui": {
			"rotation": [0, 150, 0],
			"translation": [0, -3, 0],
			"scale": [0.5, 0.5, 0.5]
		},
		"head": {
			"translation": [0, -29.5, 0],
			"scale": [1.8, 1.8, 1.8]
		}
	},
	"groups": [
		{
			"name": "atlantan",
			"origin": [0, 0, 0],
			"color": 0,
			"children": [
				{
					"name": "head",
					"origin": [0, 0, 0],
					"color": 0,
					"children": [0, 1, 2]
				},
				{
					"name": "arms",
					"origin": [0, 0, 0],
					"color": 0,
					"children": [3, 4]
				},
				{
					"name": "body",
					"origin": [0, 0, 0],
					"color": 0,
					"children": [5, 6]
				},
				{
					"name": "flint",
					"origin": [0, 0, 0],
					"color": 0,
					"children": [7, 8, 9, 10, 11]
				}
			]
		}
	]
}