{
    "credit": "Made with Blockbench", 
    "textures": {
        "main": "item/atlantan/atlantan_hurt"
    }, 
    "elements": [
        {
            "name": "head", 
            "from": [ 4, 22, 4 ], 
            "to":   [ 12, 29, 10 ], 
            "faces": {
                "north": { "uv": [ 2.25, 1.5, 3.25, 2.375 ], "texture": "#main" }, 
                "east":  { "uv": [ 1, 3.25, 1.75, 4.125 ], "texture": "#main" }, 
                "south": { "uv": [ 2.25, 2.375, 3.25, 3.25 ], "texture": "#main" }, 
                "west":  { "uv": [ 4, 1.5, 3.25, 2.375 ], "texture": "#main" }, 
                "up":    { "uv": [ 1, 3.25, 0, 2.5 ], "texture": "#main" }, 
                "down":  { "uv": [ 2, 2.5, 1, 3.25 ], "texture": "#main" }
            }
        }, 
        {
            "name": "head_flint", 
            "from": [ 8, 23, 5 ], 
            "to":   [ 8, 32, 14 ], 
            "faces": {
                "north": { "uv": [ 6, 0, 6, 1.125 ], "texture": "#main" }, 
                "east":  { "uv": [ 0, 1.375, 1.125, 2.5 ], "texture": "#main" }, 
                "south": { "uv": [ 6, 0, 6, 1.125 ], "texture": "#main" }, 
                "west":  { "uv": [ 1.125, 1.375, 2.25, 2.5 ], "texture": "#main" }, 
                "up":    { "uv": [ 6, 1.125, 6, 0 ], "texture": "#main" }, 
                "down":  { "uv": [ 6, 0, 6, 1.125 ], "texture": "#main" }
            }
        }, 
        {
            "name": "ear_flint", 
            "from": [ 2, 23, 7 ], 
            "to":   [ 14, 27, 7 ], 
            "faces": {
                "north": { "uv": [ 0, 5.125, 2, 5.75 ], "texture": "#main" }, 
                "east":  { "uv": [ 0, 5.125, 0, 5.75 ], "texture": "#main" }, 
                "south": { "uv": [ 2, 5.125, 0, 5.75 ], "texture": "#main" }, 
                "west":  { "uv": [ 0, 5.125, 0, 5.75 ], "texture": "#main" }, 
                "up":    { "uv": [ 0, 5.75, 1.75, 5.75 ], "texture": "#main" }, 
                "down":  { "uv": [ 0, 5.75, 1.75, 5.75 ], "texture": "#main" }
            }
        }, 
        {
            "name": "left_arm", 
            "from": [ 1, 11, 6 ], 
            "to":   [ 4, 22, 9 ], 
            "faces": {
                "north": { "uv": [ 1.75, 3.25, 2.125, 4.75 ], "texture": "#main" }, 
                "east":  { "uv": [ 2.125, 3.25, 2.5, 4.75 ], "texture": "#main" }, 
                "south": { "uv": [ 3.25, 2.375, 3.625, 3.875 ], "texture": "#main" }, 
                "west":  { "uv": [ 2.5, 3.25, 2.875, 4.75 ], "texture": "#main" }, 
                "up":    { "uv": [ 2.625, 5.125, 2.25, 4.75 ], "texture": "#main" }, 
                "down":  { "uv": [ 3, 4.75, 2.625, 5.125 ], "texture": "#main" }
            }
        }, 
        {
            "name": "right_arm", 
            "from": [ 12, 11, 6 ], 
            "to":   [ 15, 22, 9 ], 
            "faces": {
                "north": { "uv": [ 2.875, 3.25, 3.25, 4.75 ], "texture": "#main" }, 
                "east":  { "uv": [ 3.5, 0, 3.875, 1.5 ], "texture": "#main" }, 
                "south": { "uv": [ 3.625, 2.375, 4, 3.875 ], "texture": "#main" }, 
                "west":  { "uv": [ 3.875, 0, 4.25, 1.5 ], "texture": "#main" }, 
                "up":    { "uv": [ 5.125, 3.875, 4.75, 3.5 ], "texture": "#main" }, 
                "down":  { "uv": [ 4.625, 4.75, 4.25, 5.125 ], "texture": "#main" }
            }
        }, 
        {
            "name": "body", 
            "from": [ 4, 11, 5 ], 
            "to":   [ 12, 22, 9 ], 
            "rotation": { "angle": 0, "axis": "y", "origin": [0, 7, 0] }, 
            "faces": {
                "north": { "uv": [ 0, 0, 1, 1.375 ], "texture": "#main" }, 
                "east":  { "uv": [ 0, 3.25, 0.5, 4.625 ], "texture": "#main" }, 
                "south": { "uv": [ 1, 0, 2, 1.375 ], "texture": "#main" }, 
                "west":  { "uv": [ 0.5, 3.25, 1, 4.625 ], "texture": "#main" }, 
                "up":    { "uv": [ 5, 2, 4, 1.5 ], "texture": "#main" }, 
                "down":  { "uv": [ 5, 2, 4, 2.5 ], "texture": "#main" }
            }
        }, 
        {
            "name": "back_flint", 
            "from": [ 8, 11, 9 ], 
            "to":   [ 8, 20, 13 ], 
            "faces": {
                "north": { "uv": [ 6, 0, 6, 1.125 ], "texture": "#main" }, 
                "east":  { "uv": [ 3.25, 3.875, 3.75, 5 ], "texture": "#main" }, 
                "south": { "uv": [ 6, 0, 6, 1.125 ], "texture": "#main" }, 
                "west":  { "uv": [ 3.75, 3.875, 4.25, 5 ], "texture": "#main" }, 
                "up":    { "uv": [ 6, 0.75, 6, 0.25 ], "texture": "#main" }, 
                "down":  { "uv": [ 6, 0, 6, 0.5 ], "texture": "#main" }
            }
        }, 
        {
            "name": "upper_part", 
            "from": [ 4, 7, 5 ], 
            "to":   [ 12, 11, 9 ], 
            "rotation": { "angle": 0, "axis": "y", "origin": [0, -3, 0] }, 
            "faces": {
                "north": { "uv": [ 4, 2.5, 5, 3 ], "texture": "#main" }, 
                "east":  { "uv": [ 4.25, 4.25, 4.75, 4.75 ], "texture": "#main" }, 
                "south": { "uv": [ 4, 3, 5, 3.5 ], "texture": "#main" }, 
                "west":  { "uv": [ 0, 4.625, 0.5, 5.125 ], "texture": "#main" }, 
                "up":    { "uv": [ 5.25, 0.5, 4.25, 0 ], "texture": "#main" }, 
                "down":  { "uv": [ 5.25, 0.5, 4.25, 1 ], "texture": "#main" }
            }
        }, 
        {
            "name": "middle_part", 
            "from": [ 5, 2, 10 ], 
            "to":   [ 11, 6, 13 ], 
            "rotation": { "angle": -22.5, "axis": "x", "origin": [0, -4, 4] }, 
            "faces": {
                "north": { "uv": [ 1, 4.125, 1.75, 4.625 ], "texture": "#main" }, 
                "east":  { "uv": [ 0.5, 4.625, 0.875, 5.125 ], "texture": "#main" }, 
                "south": { "uv": [ 4.25, 1, 5, 1.5 ], "texture": "#main" }, 
                "west":  { "uv": [ 0.875, 4.625, 1.25, 5.125 ], "texture": "#main" }, 
                "up":    { "uv": [ 4.75, 3.875, 4, 3.5 ], "texture": "#main" }, 
                "down":  { "uv": [ 5, 3.875, 4.25, 4.25 ], "texture": "#main" }
            }
        }, 
        {
            "name": "lower_part", 
            "from": [ 6, -4, 12 ], 
            "to":   [ 10, -1, 14 ], 
            "rotation": { "angle": -45, "axis": "x", "origin": [0, -4, 4] }, 
            "faces": {
                "north": { "uv": [ 1.25, 4.625, 1.75, 5 ], "texture": "#main" }, 
                "east":  { "uv": [ 3.25, 0, 3.5, 0.375 ], "texture": "#main" }, 
                "south": { "uv": [ 1.75, 4.75, 2.25, 5.125 ], "texture": "#main" }, 
                "west":  { "uv": [ 3.25, 0.375, 3.5, 0.75 ], "texture": "#main" }, 
                "up":    { "uv": [ 5.25, 4.5, 4.75, 4.25 ], "texture": "#main" }, 
                "down":  { "uv": [ 5.25, 4.5, 4.75, 4.75 ], "texture": "#main" }
            }
        }, 
        {
            "name": "tail_front", 
            "from": [ 7, 5, 7 ], 
            "to":   [ 9, 7, 11 ], 
            "rotation": { "angle": 22.5, "axis": "x", "origin": [0, -3, 0] }, 
            "faces": {
                "north": { "uv": [ 2, 3, 2.25, 3.25 ], "texture": "#main" }, 
                "east":  { "uv": [ 4.625, 4.75, 5.125, 5 ], "texture": "#main" }, 
                "south": { "uv": [ 3, 4.75, 3.25, 5 ], "texture": "#main" }, 
                "west":  { "uv": [ 5, 1, 5.5, 1.25 ], "texture": "#main" }, 
                "up":    { "uv": [ 2.25, 1.25, 2, 0.75 ], "texture": "#main" }, 
                "down":  { "uv": [ 2.25, 2.5, 2, 3 ], "texture": "#main" }
            }
        }, 
        {
            "name": "tail_end", 
            "from": [ 3, 6, 9 ], 
            "to":   [ 13, 6, 15 ], 
            "rotation": { "angle": 22.5, "axis": "x", "origin": [0, -3, 0] }, 
            "faces": {
                "north": { "uv": [ 6.125, 0, 7.375, 0 ], "texture": "#main" }, 
                "east":  { "uv": [ 6.125, 0, 6.875, 0 ], "texture": "#main" }, 
                "south": { "uv": [ 6, 0, 7.25, 0 ], "texture": "#main" }, 
                "west":  { "uv": [ 6.125, 0, 6.875, 0 ], "texture": "#main" }, 
                "up":    { "uv": [ 3.25, 0.75, 2, 0 ], "texture": "#main" }, 
                "down":  { "uv": [ 3.5, 0.75, 2.25, 1.5 ], "texture": "#main" }
            }
        }, 
        {
            "name": "head", 
            "from": [ 4, 22, 4 ], 
            "to":   [ 12, 29, 10 ], 
            "faces": {
                "north": { "uv": [ 10.25, 1.5, 11.25, 2.375 ], "texture": "#main" }, 
                "east":  { "uv": [ 9, 3.25, 9.75, 4.125 ], "texture": "#main" }, 
                "south": { "uv": [ 10.25, 2.375, 11.25, 3.25 ], "texture": "#main" }, 
                "west":  { "uv": [ 12, 1.5, 11.25, 2.375 ], "texture": "#main" }, 
                "up":    { "uv": [ 9, 3.25, 8, 2.5 ], "texture": "#main" }, 
                "down":  { "uv": [ 10, 2.5, 9, 3.25 ], "texture": "#main" }
            }
        }, 
        {
            "name": "head_flint", 
            "from": [ 8, 23, 5 ], 
            "to":   [ 8, 32, 14 ], 
            "faces": {
                "north": { "uv": [ 14, 0, 14, 1.125 ], "texture": "#main" }, 
                "east":  { "uv": [ 8, 1.375, 9.125, 2.5 ], "texture": "#main" }, 
                "south": { "uv": [ 14, 0, 14, 1.125 ], "texture": "#main" }, 
                "west":  { "uv": [ 9.125, 1.375, 10.25, 2.5 ], "texture": "#main" }, 
                "up":    { "uv": [ 14, 1.125, 14, 0 ], "texture": "#main" }, 
                "down":  { "uv": [ 14, 0, 14, 1.125 ], "texture": "#main" }
            }
        }, 
        {
            "name": "ear_flint", 
            "from": [ 2, 23, 7 ], 
            "to":   [ 14, 27, 7 ], 
            "faces": {
                "north": { "uv": [ 8, 5.125, 10, 5.75 ], "texture": "#main" }, 
                "east":  { "uv": [ 8, 5.125, 8, 5.75 ], "texture": "#main" }, 
                "south": { "uv": [ 10, 5.125, 8, 5.75 ], "texture": "#main" }, 
                "west":  { "uv": [ 8, 5.125, 8, 5.75 ], "texture": "#main" }, 
                "up":    { "uv": [ 8, 5.75, 9.75, 5.75 ], "texture": "#main" }, 
                "down":  { "uv": [ 8, 5.75, 9.75, 5.75 ], "texture": "#main" }
            }
        }, 
        {
            "name": "left_arm", 
            "from": [ 1, 12, -3 ], 
            "to":   [ 4, 23, 0 ], 
            "rotation": { "angle": 22.5, "axis": "x", "origin": [0, 0, 0] }, 
            "faces": {
                "north": { "uv": [ 9.75, 3.25, 10.125, 4.75 ], "texture": "#main" }, 
                "east":  { "uv": [ 10.125, 3.25, 10.5, 4.75 ], "texture": "#main" }, 
                "south": { "uv": [ 11.25, 2.375, 11.625, 3.875 ], "texture": "#main" }, 
                "west":  { "uv": [ 10.5, 3.25, 10.875, 4.75 ], "texture": "#main" }, 
                "up":    { "uv": [ 10.625, 5.125, 10.25, 4.75 ], "texture": "#main" }, 
                "down":  { "uv": [ 11, 4.75, 10.625, 5.125 ], "texture": "#main" }
            }
        }, 
        {
            "name": "right_arm", 
            "from": [ 12, 11, 6 ], 
            "to":   [ 15, 22, 9 ], 
            "faces": {
                "north": { "uv": [ 10.875, 3.25, 11.25, 4.75 ], "texture": "#main" }, 
                "east":  { "uv": [ 11.5, 0, 11.875, 1.5 ], "texture": "#main" }, 
                "south": { "uv": [ 11.625, 2.375, 12, 3.875 ], "texture": "#main" }, 
                "west":  { "uv": [ 11.875, 0, 12.25, 1.5 ], "texture": "#main" }, 
                "up":    { "uv": [ 13.125, 3.875, 12.75, 3.5 ], "texture": "#main" }, 
                "down":  { "uv": [ 12.625, 4.75, 12.25, 5.125 ], "texture": "#main" }
            }
        }, 
        {
            "name": "body", 
            "from": [ 4, 11, 5 ], 
            "to":   [ 12, 22, 9 ], 
            "rotation": { "angle": 0, "axis": "y", "origin": [0, 7, 0] }, 
            "faces": {
                "north": { "uv": [ 8, 0, 9, 1.375 ], "texture": "#main" }, 
                "east":  { "uv": [ 8, 3.25, 8.5, 4.625 ], "texture": "#main" }, 
                "south": { "uv": [ 9, 0, 10, 1.375 ], "texture": "#main" }, 
                "west":  { "uv": [ 8.5, 3.25, 9, 4.625 ], "texture": "#main" }, 
                "up":    { "uv": [ 13, 2, 12, 1.5 ], "texture": "#main" }, 
                "down":  { "uv": [ 13, 2, 12, 2.5 ], "texture": "#main" }
            }
        }, 
        {
            "name": "back_flint", 
            "from": [ 8, 11, 9 ], 
            "to":   [ 8, 20, 13 ], 
            "faces": {
                "north": { "uv": [ 14, 0, 14, 1.125 ], "texture": "#main" }, 
                "east":  { "uv": [ 11.25, 3.875, 11.75, 5 ], "texture": "#main" }, 
                "south": { "uv": [ 14, 0, 14, 1.125 ], "texture": "#main" }, 
                "west":  { "uv": [ 11.75, 3.875, 12.25, 5 ], "texture": "#main" }, 
                "up":    { "uv": [ 14, 0.75, 14, 0.25 ], "texture": "#main" }, 
                "down":  { "uv": [ 14, 0, 14, 0.5 ], "texture": "#main" }
            }
        }, 
        {
            "name": "upper_part", 
            "from": [ 4, 7, 5 ], 
            "to":   [ 12, 11, 9 ], 
            "rotation": { "angle": 0, "axis": "y", "origin": [0, -3, 0] }, 
            "faces": {
                "north": { "uv": [ 12, 2.5, 13, 3 ], "texture": "#main" }, 
                "east":  { "uv": [ 12.25, 4.25, 12.75, 4.75 ], "texture": "#main" }, 
                "south": { "uv": [ 12, 3, 13, 3.5 ], "texture": "#main" }, 
                "west":  { "uv": [ 8, 4.625, 8.5, 5.125 ], "texture": "#main" }, 
                "up":    { "uv": [ 13.25, 0.5, 12.25, 0 ], "texture": "#main" }, 
                "down":  { "uv": [ 13.25, 0.5, 12.25, 1 ], "texture": "#main" }
            }
        }, 
        {
            "name": "middle_part", 
            "from": [ 5, 2, 10 ], 
            "to":   [ 11, 6, 13 ], 
            "rotation": { "angle": -22.5, "axis": "x", "origin": [0, -4, 4] }, 
            "faces": {
                "north": { "uv": [ 9, 4.125, 9.75, 4.625 ], "texture": "#main" }, 
                "east":  { "uv": [ 8.5, 4.625, 8.875, 5.125 ], "texture": "#main" }, 
                "south": { "uv": [ 12.25, 1, 13, 1.5 ], "texture": "#main" }, 
                "west":  { "uv": [ 8.875, 4.625, 9.25, 5.125 ], "texture": "#main" }, 
                "up":    { "uv": [ 12.75, 3.875, 12, 3.5 ], "texture": "#main" }, 
                "down":  { "uv": [ 13, 3.875, 12.25, 4.25 ], "texture": "#main" }
            }
        }, 
        {
            "name": "lower_part", 
            "from": [ 6, -4, 12 ], 
            "to":   [ 10, -1, 14 ], 
            "rotation": { "angle": -45, "axis": "x", "origin": [0, -4, 4] }, 
            "faces": {
                "north": { "uv": [ 9.25, 4.625, 9.75, 5 ], "texture": "#main" }, 
                "east":  { "uv": [ 11.25, 0, 11.5, 0.375 ], "texture": "#main" }, 
                "south": { "uv": [ 9.75, 4.75, 10.25, 5.125 ], "texture": "#main" }, 
                "west":  { "uv": [ 11.25, 0.375, 11.5, 0.75 ], "texture": "#main" }, 
                "up":    { "uv": [ 13.25, 4.5, 12.75, 4.25 ], "texture": "#main" }, 
                "down":  { "uv": [ 13.25, 4.5, 12.75, 4.75 ], "texture": "#main" }
            }
        }, 
        {
            "name": "tail_front", 
            "from": [ 7, 5, 7 ], 
            "to":   [ 9, 7, 11 ], 
            "rotation": { "angle": 22.5, "axis": "x", "origin": [0, -3, 0] }, 
            "faces": {
                "north": { "uv": [ 10, 3, 10.25, 3.25 ], "texture": "#main" }, 
                "east":  { "uv": [ 12.625, 4.75, 13.125, 5 ], "texture": "#main" }, 
                "south": { "uv": [ 11, 4.75, 11.25, 5 ], "texture": "#main" }, 
                "west":  { "uv": [ 13, 1, 13.5, 1.25 ], "texture": "#main" }, 
                "up":    { "uv": [ 10.25, 1.25, 10, 0.75 ], "texture": "#main" }, 
                "down":  { "uv": [ 10.25, 2.5, 10, 3 ], "texture": "#main" }
            }
        }, 
        {
            "name": "tail_end", 
            "from": [ 3, 6, 9 ], 
            "to":   [ 13, 6, 15 ], 
            "rotation": { "angle": 22.5, "axis": "x", "origin": [0, -3, 0] }, 
            "faces": {
                "north": { "uv": [ 14.125, 0, 15.375, 0 ], "texture": "#main" }, 
                "east":  { "uv": [ 14.125, 0, 14.875, 0 ], "texture": "#main" }, 
                "south": { "uv": [ 14, 0, 15.25, 0 ], "texture": "#main" }, 
                "west":  { "uv": [ 14.125, 0, 14.875, 0 ], "texture": "#main" }, 
                "up":    { "uv": [ 11.25, 0.75, 10, 0 ], "texture": "#main" }, 
                "down":  { "uv": [ 11.5, 0.75, 10.25, 1.5 ], "texture": "#main" }
            }
        }, 
        {
            "name": "head", 
            "from": [ 4, 22, 4 ], 
            "to":   [ 12, 29, 10 ], 
            "faces": {
                "north": { "uv": [ 2.25, 9.5, 3.25, 10.375 ], "texture": "#main" }, 
                "east":  { "uv": [ 1, 11.25, 1.75, 12.125 ], "texture": "#main" }, 
                "south": { "uv": [ 2.25, 10.375, 3.25, 11.25 ], "texture": "#main" }, 
                "west":  { "uv": [ 4, 9.5, 3.25, 10.375 ], "texture": "#main" }, 
                "up":    { "uv": [ 1, 11.25, 0, 10.5 ], "texture": "#main" }, 
                "down":  { "uv": [ 2, 10.5, 1, 11.25 ], "texture": "#main" }
            }
        }, 
        {
            "name": "head_flint", 
            "from": [ 8, 23, 5 ], 
            "to":   [ 8, 32, 14 ], 
            "faces": {
                "north": { "uv": [ 6, 8, 6, 9.125 ], "texture": "#main" }, 
                "east":  { "uv": [ 0, 9.375, 1.125, 10.5 ], "texture": "#main" }, 
                "south": { "uv": [ 6, 8, 6, 9.125 ], "texture": "#main" }, 
                "west":  { "uv": [ 1.125, 9.375, 2.25, 10.5 ], "texture": "#main" }, 
                "up":    { "uv": [ 6, 9.125, 6, 8 ], "texture": "#main" }, 
                "down":  { "uv": [ 6, 8, 6, 9.125 ], "texture": "#main" }
            }
        }, 
        {
            "name": "ear_flint", 
            "from": [ 2, 23, 7 ], 
            "to":   [ 14, 27, 7 ], 
            "faces": {
                "north": { "uv": [ 0, 13.125, 2, 13.75 ], "texture": "#main" }, 
                "east":  { "uv": [ 0, 13.125, 0, 13.75 ], "texture": "#main" }, 
                "south": { "uv": [ 2, 13.125, 0, 13.75 ], "texture": "#main" }, 
                "west":  { "uv": [ 0, 13.125, 0, 13.75 ], "texture": "#main" }, 
                "up":    { "uv": [ 0, 13.75, 1.75, 13.75 ], "texture": "#main" }, 
                "down":  { "uv": [ 0, 13.75, 1.75, 13.75 ], "texture": "#main" }
            }
        }, 
        {
            "name": "left_arm", 
            "from": [ 1, 11, 6 ], 
            "to":   [ 4, 22, 9 ], 
            "faces": {
                "north": { "uv": [ 1.75, 11.25, 2.125, 12.75 ], "texture": "#main" }, 
                "east":  { "uv": [ 2.125, 11.25, 2.5, 12.75 ], "texture": "#main" }, 
                "south": { "uv": [ 3.25, 10.375, 3.625, 11.875 ], "texture": "#main" }, 
                "west":  { "uv": [ 2.5, 11.25, 2.875, 12.75 ], "texture": "#main" }, 
                "up":    { "uv": [ 2.625, 13.125, 2.25, 12.75 ], "texture": "#main" }, 
                "down":  { "uv": [ 3, 12.75, 2.625, 13.125 ], "texture": "#main" }
            }
        }, 
        {
            "name": "right_arm", 
            "from": [ 12, 6, 13 ], 
            "to":   [ 15, 17, 16 ], 
            "rotation": { "angle": -22.5, "axis": "x", "origin": [0, 0, 0] }, 
            "faces": {
                "north": { "uv": [ 2.875, 11.25, 3.25, 12.75 ], "texture": "#main" }, 
                "east":  { "uv": [ 3.5, 8, 3.875, 9.5 ], "texture": "#main" }, 
                "south": { "uv": [ 3.625, 10.375, 4, 11.875 ], "texture": "#main" }, 
                "west":  { "uv": [ 3.875, 8, 4.25, 9.5 ], "texture": "#main" }, 
                "up":    { "uv": [ 5.125, 11.875, 4.75, 11.5 ], "texture": "#main" }, 
                "down":  { "uv": [ 4.625, 12.75, 4.25, 13.125 ], "texture": "#main" }
            }
        }, 
        {
            "name": "body", 
            "from": [ 4, 11, 5 ], 
            "to":   [ 12, 22, 9 ], 
            "rotation": { "angle": 0, "axis": "y", "origin": [0, 7, 0] }, 
            "faces": {
                "north": { "uv": [ 0, 8, 1, 9.375 ], "texture": "#main" }, 
                "east":  { "uv": [ 0, 11.25, 0.5, 12.625 ], "texture": "#main" }, 
                "south": { "uv": [ 1, 8, 2, 9.375 ], "texture": "#main" }, 
                "west":  { "uv": [ 0.5, 11.25, 1, 12.625 ], "texture": "#main" }, 
                "up":    { "uv": [ 5, 10, 4, 9.5 ], "texture": "#main" }, 
                "down":  { "uv": [ 5, 10, 4, 10.5 ], "texture": "#main" }
            }
        }, 
        {
            "name": "back_flint", 
            "from": [ 8, 11, 9 ], 
            "to":   [ 8, 20, 13 ], 
            "faces": {
                "north": { "uv": [ 6, 8, 6, 9.125 ], "texture": "#main" }, 
                "east":  { "uv": [ 3.25, 11.875, 3.75, 13 ], "texture": "#main" }, 
                "south": { "uv": [ 6, 8, 6, 9.125 ], "texture": "#main" }, 
                "west":  { "uv": [ 3.75, 11.875, 4.25, 13 ], "texture": "#main" }, 
                "up":    { "uv": [ 6, 8.75, 6, 8.25 ], "texture": "#main" }, 
                "down":  { "uv": [ 6, 8, 6, 8.5 ], "texture": "#main" }
            }
        }, 
        {
            "name": "upper_part", 
            "from": [ 4, 7, 5 ], 
            "to":   [ 12, 11, 9 ], 
            "rotation": { "angle": 0, "axis": "y", "origin": [0, -3, 0] }, 
            "faces": {
                "north": { "uv": [ 4, 10.5, 5, 11 ], "texture": "#main" }, 
                "east":  { "uv": [ 4.25, 12.25, 4.75, 12.75 ], "texture": "#main" }, 
                "south": { "uv": [ 4, 11, 5, 11.5 ], "texture": "#main" }, 
                "west":  { "uv": [ 0, 12.625, 0.5, 13.125 ], "texture": "#main" }, 
                "up":    { "uv": [ 5.25, 8.5, 4.25, 8 ], "texture": "#main" }, 
                "down":  { "uv": [ 5.25, 8.5, 4.25, 9 ], "texture": "#main" }
            }
        }, 
        {
            "name": "middle_part", 
            "from": [ 5, 2, 10 ], 
            "to":   [ 11, 6, 13 ], 
            "rotation": { "angle": -22.5, "axis": "x", "origin": [0, -4, 4] }, 
            "faces": {
                "north": { "uv": [ 1, 12.125, 1.75, 12.625 ], "texture": "#main" }, 
                "east":  { "uv": [ 0.5, 12.625, 0.875, 13.125 ], "texture": "#main" }, 
                "south": { "uv": [ 4.25, 9, 5, 9.5 ], "texture": "#main" }, 
                "west":  { "uv": [ 0.875, 12.625, 1.25, 13.125 ], "texture": "#main" }, 
                "up":    { "uv": [ 4.75, 11.875, 4, 11.5 ], "texture": "#main" }, 
                "down":  { "uv": [ 5, 11.875, 4.25, 12.25 ], "texture": "#main" }
            }
        }, 
        {
            "name": "lower_part", 
            "from": [ 6, -4, 12 ], 
            "to":   [ 10, -1, 14 ], 
            "rotation": { "angle": -45, "axis": "x", "origin": [0, -4, 4] }, 
            "faces": {
                "north": { "uv": [ 1.25, 12.625, 1.75, 13 ], "texture": "#main" }, 
                "east":  { "uv": [ 3.25, 8, 3.5, 8.375 ], "texture": "#main" }, 
                "south": { "uv": [ 1.75, 12.75, 2.25, 13.125 ], "texture": "#main" }, 
                "west":  { "uv": [ 3.25, 8.375, 3.5, 8.75 ], "texture": "#main" }, 
                "up":    { "uv": [ 5.25, 12.5, 4.75, 12.25 ], "texture": "#main" }, 
                "down":  { "uv": [ 5.25, 12.5, 4.75, 12.75 ], "texture": "#main" }
            }
        }, 
        {
            "name": "tail_front", 
            "from": [ 7, 5, 7 ], 
            "to":   [ 9, 7, 11 ], 
            "rotation": { "angle": 22.5, "axis": "x", "origin": [0, -3, 0] }, 
            "faces": {
                "north": { "uv": [ 2, 11, 2.25, 11.25 ], "texture": "#main" }, 
                "east":  { "uv": [ 4.625, 12.75, 5.125, 13 ], "texture": "#main" }, 
                "south": { "uv": [ 3, 12.75, 3.25, 13 ], "texture": "#main" }, 
                "west":  { "uv": [ 5, 9, 5.5, 9.25 ], "texture": "#main" }, 
                "up":    { "uv": [ 2.25, 9.25, 2, 8.75 ], "texture": "#main" }, 
                "down":  { "uv": [ 2.25, 10.5, 2, 11 ], "texture": "#main" }
            }
        }, 
        {
            "name": "tail_end", 
            "from": [ 3, 6, 9 ], 
            "to":   [ 13, 6, 15 ], 
            "rotation": { "angle": 22.5, "axis": "x", "origin": [0, -3, 0] }, 
            "faces": {
                "north": { "uv": [ 6.125, 8, 7.375, 8 ], "texture": "#main" }, 
                "east":  { "uv": [ 6.125, 8, 6.875, 8 ], "texture": "#main" }, 
                "south": { "uv": [ 6, 8, 7.25, 8 ], "texture": "#main" }, 
                "west":  { "uv": [ 6.125, 8, 6.875, 8 ], "texture": "#main" }, 
                "up":    { "uv": [ 3.25, 8.75, 2, 8 ], "texture": "#main" }, 
                "down":  { "uv": [ 3.5, 8.75, 2.25, 9.5 ], "texture": "#main" }
            }
        }
    ], 
    "display": {
        "thirdperson_righthand": {
            "translation": [ 0, -1.25, 0 ]
        }, 
        "gui": {
            "rotation": [ 0, 150, 0 ], 
            "translation": [ 0, -3, 0 ], 
            "scale": [ 0.5, 0.5, 0.5 ]
        }, 
        "head": {
            "translation": [ 0, -29.5, 0 ], 
            "scale": [ 1.8, 1.8, 1.8 ]
        }
    }, 
    "groups": [
        {
            "name": "atlantan", 
            "origin": [
                0, 
                0, 
                0
            ], 
            "color": 0, 
            "children": [
                {
                    "name": "head", 
                    "origin": [
                        0, 
                        0, 
                        0
                    ], 
                    "color": 0, 
                    "children": [
                        0, 
                        1, 
                        2
                    ]
                }, 
                {
                    "name": "arms", 
                    "origin": [
                        0, 
                        0, 
                        0
                    ], 
                    "color": 0, 
                    "children": [
                        3, 
                        4
                    ]
                }, 
                {
                    "name": "body", 
                    "origin": [
                        0, 
                        0, 
                        0
                    ], 
                    "color": 0, 
                    "children": [
                        5, 
                        6
                    ]
                }, 
                {
                    "name": "flint", 
                    "origin": [
                        0, 
                        0, 
                        0
                    ], 
                    "color": 0, 
                    "children": [
                        7, 
                        8, 
                        9, 
                        10, 
                        11
                    ]
                }
            ]
        }
    ], 
    "__comment": "Model animated using Fizzy's model animator - http://fizzy81.github.io/animated-models/"
}