{
	"credit": "Made with Blockbench",
	"texture_size": [32, 32],
	"textures": {
		"main": "item/enderer/idle_anim"
	},
	"elements": [
		{
			"name": "left_leg",
			"from": [1, 0, -1],
			"to": [5, 4, 11],
			"rotation": {"angle": 22.5, "axis": "y", "origin": [0, 0, 0]},
			"faces": {
				"north": {"uv": [0.5, 1, 0.75, 1.25], "rotation": 180, "texture": "#main"},
				"east": {"uv": [0, 1.25, 0.25, 2], "rotation": 270, "texture": "#main"},
				"south": {"uv": [0.25, 1, 0.5, 1.25], "texture": "#main"},
				"west": {"uv": [0.5, 1.25, 0.75, 2], "rotation": 90, "texture": "#main"},
				"up": {"uv": [0.25, 1.25, 0.5, 2], "rotation": 180, "texture": "#main"},
				"down": {"uv": [0.75, 1.25, 1, 2], "texture": "#main"}
			}
		},
		{
			"name": "right_leg",
			"from": [8, 0, -3],
			"to": [12, 4, 9],
			"faces": {
				"north": {"uv": [0.5, 1, 0.75, 1.25], "rotation": 180, "texture": "#main"},
				"east": {"uv": [0.75, 1.25, 0.5, 2], "rotation": 270, "texture": "#main"},
				"south": {"uv": [0.5, 1, 0.25, 1.25], "texture": "#main"},
				"west": {"uv": [0, 1.25, 0.25, 2], "rotation": 90, "texture": "#main"},
				"up": {"uv": [0.5, 1.25, 0.25, 2], "rotation": 180, "texture": "#main"},
				"down": {"uv": [0.75, 1.25, 1, 2], "texture": "#main"}
			}
		},
		{
			"name": "body",
			"from": [4, 2, 6],
			"to": [12, 14, 10],
			"faces": {
				"north": {"uv": [1.25, 1.25, 1.75, 2], "texture": "#main"},
				"east": {"uv": [1, 1.25, 1.25, 2], "texture": "#main"},
				"south": {"uv": [2, 1.25, 2.5, 2], "texture": "#main"},
				"west": {"uv": [1.75, 1.25, 2, 2], "texture": "#main"},
				"up": {"uv": [1.25, 1, 1.75, 1.25], "texture": "#main"},
				"down": {"uv": [1.75, 1, 2.25, 1.25], "texture": "#main"}
			}
		},
		{
			"name": "left_arm",
			"from": [0, 4, -5],
			"to": [4, 16, -1],
			"rotation": {"angle": 45, "axis": "x", "origin": [0, 0, 0]},
			"faces": {
				"north": {"uv": [3.25, 1.25, 3.5, 2], "texture": "#main"},
				"east": {"uv": [3, 1.25, 3.25, 2], "texture": "#main"},
				"south": {"uv": [2.75, 1.25, 3, 2], "texture": "#main"},
				"west": {"uv": [2.5, 1.25, 2.75, 2], "texture": "#main"},
				"up": {"uv": [2.75, 1, 3, 1.25], "texture": "#main"},
				"down": {"uv": [3, 1, 3.25, 1.25], "texture": "#main"}
			}
		},
		{
			"name": "right_arm",
			"from": [8, 2, 9],
			"to": [12, 14, 13],
			"rotation": {"angle": 22.5, "axis": "y", "origin": [0, 0, 0]},
			"faces": {
				"north": {"uv": [2.75, 1.25, 3, 2], "texture": "#main"},
				"east": {"uv": [2.5, 1.25, 2.75, 2], "texture": "#main"},
				"south": {"uv": [3.25, 1.25, 3.5, 2], "texture": "#main"},
				"west": {"uv": [3, 1.25, 3.25, 2], "texture": "#main"},
				"up": {"uv": [3, 1, 2.75, 1.25], "texture": "#main"},
				"down": {"uv": [3.25, 1, 3, 1.25], "texture": "#main"}
			}
		},
		{
			"name": "head",
			"from": [4, 10, 8],
			"to": [12, 18, 16],
			"rotation": {"angle": -22.5, "axis": "x", "origin": [0, 0, 0]},
			"faces": {
				"north": {"uv": [0.5, 0.5, 1, 1], "texture": "#main"},
				"east": {"uv": [0, 0.5, 0.5, 1], "texture": "#main"},
				"south": {"uv": [1.5, 0.5, 2, 1], "texture": "#main"},
				"west": {"uv": [1, 0.5, 1.5, 1], "texture": "#main"},
				"up": {"uv": [0.5, 0, 1, 0.5], "texture": "#main"},
				"down": {"uv": [1, 0, 1.5, 0.5], "texture": "#main"}
			}
		},
		{
			"name": "left_leg",
			"from": [1, 0, -1],
			"to": [5, 4, 11],
			"rotation": {"angle": 22.5, "axis": "y", "origin": [0, 0, 0]},
			"faces": {
				"north": {"uv": [4.5, 1, 4.75, 1.25], "rotation": 180, "texture": "#main"},
				"east": {"uv": [4, 1.25, 4.25, 2], "rotation": 270, "texture": "#main"},
				"south": {"uv": [4.25, 1, 4.5, 1.25], "texture": "#main"},
				"west": {"uv": [4.5, 1.25, 4.75, 2], "rotation": 90, "texture": "#main"},
				"up": {"uv": [4.25, 1.25, 4.5, 2], "rotation": 180, "texture": "#main"},
				"down": {"uv": [4.75, 1.25, 5, 2], "texture": "#main"}
			}
		},
		{
			"name": "right_leg",
			"from": [8, 0, -3],
			"to": [12, 4, 9],
			"faces": {
				"north": {"uv": [4.5, 1, 4.75, 1.25], "rotation": 180, "texture": "#main"},
				"east": {"uv": [4.75, 1.25, 4.5, 2], "rotation": 270, "texture": "#main"},
				"south": {"uv": [4.5, 1, 4.25, 1.25], "texture": "#main"},
				"west": {"uv": [4, 1.25, 4.25, 2], "rotation": 90, "texture": "#main"},
				"up": {"uv": [4.5, 1.25, 4.25, 2], "rotation": 180, "texture": "#main"},
				"down": {"uv": [4.75, 1.25, 5, 2], "texture": "#main"}
			}
		},
		{
			"name": "body",
			"from": [4, 2, 6],
			"to": [12, 14, 10],
			"faces": {
				"north": {"uv": [5.25, 1.25, 5.75, 2], "texture": "#main"},
				"east": {"uv": [5, 1.25, 5.25, 2], "texture": "#main"},
				"south": {"uv": [6, 1.25, 6.5, 2], "texture": "#main"},
				"west": {"uv": [5.75, 1.25, 6, 2], "texture": "#main"},
				"up": {"uv": [5.25, 1, 5.75, 1.25], "texture": "#main"},
				"down": {"uv": [5.75, 1, 6.25, 1.25], "texture": "#main"}
			}
		},
		{
			"name": "left_arm",
			"from": [0, 4, -5],
			"to": [4, 16, -1],
			"rotation": {"angle": 45, "axis": "x", "origin": [0, 0, 0]},
			"faces": {
				"north": {"uv": [7.25, 1.25, 7.5, 2], "texture": "#main"},
				"east": {"uv": [7, 1.25, 7.25, 2], "texture": "#main"},
				"south": {"uv": [6.75, 1.25, 7, 2], "texture": "#main"},
				"west": {"uv": [6.5, 1.25, 6.75, 2], "texture": "#main"},
				"up": {"uv": [6.75, 1, 7, 1.25], "texture": "#main"},
				"down": {"uv": [7, 1, 7.25, 1.25], "texture": "#main"}
			}
		},
		{
			"name": "right_arm",
			"from": [8, 2, 9],
			"to": [12, 14, 13],
			"rotation": {"angle": 22.5, "axis": "y", "origin": [0, 0, 0]},
			"faces": {
				"north": {"uv": [6.75, 1.25, 7, 2], "texture": "#main"},
				"east": {"uv": [6.5, 1.25, 6.75, 2], "texture": "#main"},
				"south": {"uv": [7.25, 1.25, 7.5, 2], "texture": "#main"},
				"west": {"uv": [7, 1.25, 7.25, 2], "texture": "#main"},
				"up": {"uv": [7, 1, 6.75, 1.25], "texture": "#main"},
				"down": {"uv": [7.25, 1, 7, 1.25], "texture": "#main"}
			}
		},
		{
			"name": "head",
			"from": [4, 10, 8],
			"to": [12, 18, 16],
			"rotation": {"angle": -22.5, "axis": "x", "origin": [0, 0, 0]},
			"faces": {
				"north": {"uv": [5.5, 0, 6, 0.5], "texture": "#main"},
				"east": {"uv": [4, 0.5, 4.5, 1], "texture": "#main"},
				"south": {"uv": [5.5, 0.5, 6, 1], "texture": "#main"},
				"west": {"uv": [5, 0.5, 5.5, 1], "texture": "#main"},
				"up": {"uv": [4.5, 0, 5, 0.5], "texture": "#main"},
				"down": {"uv": [5, 0, 5.5, 0.5], "texture": "#main"}
			}
		},
		{
			"name": "left_leg",
			"from": [1, 0, -1],
			"to": [5, 4, 11],
			"rotation": {"angle": 22.5, "axis": "y", "origin": [0, 0, 0]},
			"faces": {
				"north": {"uv": [8.5, 1, 8.75, 1.25], "rotation": 180, "texture": "#main"},
				"east": {"uv": [8, 1.25, 8.25, 2], "rotation": 270, "texture": "#main"},
				"south": {"uv": [8.25, 1, 8.5, 1.25], "texture": "#main"},
				"west": {"uv": [8.5, 1.25, 8.75, 2], "rotation": 90, "texture": "#main"},
				"up": {"uv": [8.25, 1.25, 8.5, 2], "rotation": 180, "texture": "#main"},
				"down": {"uv": [8.75, 1.25, 9, 2], "texture": "#main"}
			}
		},
		{
			"name": "right_leg",
			"from": [8, 0, -3],
			"to": [12, 4, 9],
			"faces": {
				"north": {"uv": [8.5, 1, 8.75, 1.25], "rotation": 180, "texture": "#main"},
				"east": {"uv": [8.75, 1.25, 8.5, 2], "rotation": 270, "texture": "#main"},
				"south": {"uv": [8.5, 1, 8.25, 1.25], "texture": "#main"},
				"west": {"uv": [8, 1.25, 8.25, 2], "rotation": 90, "texture": "#main"},
				"up": {"uv": [8.5, 1.25, 8.25, 2], "rotation": 180, "texture": "#main"},
				"down": {"uv": [8.75, 1.25, 9, 2], "texture": "#main"}
			}
		},
		{
			"name": "body",
			"from": [4, 2, 6],
			"to": [12, 14, 10],
			"faces": {
				"north": {"uv": [9.25, 1.25, 9.75, 2], "texture": "#main"},
				"east": {"uv": [9, 1.25, 9.25, 2], "texture": "#main"},
				"south": {"uv": [10, 1.25, 10.5, 2], "texture": "#main"},
				"west": {"uv": [9.75, 1.25, 10, 2], "texture": "#main"},
				"up": {"uv": [9.25, 1, 9.75, 1.25], "texture": "#main"},
				"down": {"uv": [9.75, 1, 10.25, 1.25], "texture": "#main"}
			}
		},
		{
			"name": "left_arm",
			"from": [0, 4, -5],
			"to": [4, 16, -1],
			"rotation": {"angle": 45, "axis": "x", "origin": [0, 0, 0]},
			"faces": {
				"north": {"uv": [11.25, 1.25, 11.5, 2], "texture": "#main"},
				"east": {"uv": [11, 1.25, 11.25, 2], "texture": "#main"},
				"south": {"uv": [10.75, 1.25, 11, 2], "texture": "#main"},
				"west": {"uv": [10.5, 1.25, 10.75, 2], "texture": "#main"},
				"up": {"uv": [10.75, 1, 11, 1.25], "texture": "#main"},
				"down": {"uv": [11, 1, 11.25, 1.25], "texture": "#main"}
			}
		},
		{
			"name": "right_arm",
			"from": [8, 2, 9],
			"to": [12, 14, 13],
			"rotation": {"angle": 22.5, "axis": "y", "origin": [0, 0, 0]},
			"faces": {
				"north": {"uv": [10.75, 1.25, 11, 2], "texture": "#main"},
				"east": {"uv": [10.5, 1.25, 10.75, 2], "texture": "#main"},
				"south": {"uv": [11.25, 1.25, 11.5, 2], "texture": "#main"},
				"west": {"uv": [11, 1.25, 11.25, 2], "texture": "#main"},
				"up": {"uv": [11, 1, 10.75, 1.25], "texture": "#main"},
				"down": {"uv": [11.25, 1, 11, 1.25], "texture": "#main"}
			}
		},
		{
			"name": "head",
			"from": [4, 14, 4],
			"to": [12, 22, 12],
			"faces": {
				"north": {"uv": [8.5, 0.5, 9, 1], "texture": "#main"},
				"east": {"uv": [8, 0.5, 8.5, 1], "texture": "#main"},
				"south": {"uv": [9.5, 0.5, 10, 1], "texture": "#main"},
				"west": {"uv": [9, 0.5, 9.5, 1], "texture": "#main"},
				"up": {"uv": [8.5, 0, 9, 0.5], "texture": "#main"},
				"down": {"uv": [9, 0, 9.5, 0.5], "texture": "#main"}
			}
		},
		{
			"name": "left_leg",
			"from": [1, 0, -1],
			"to": [5, 4, 11],
			"rotation": {"angle": 22.5, "axis": "y", "origin": [0, 0, 0]},
			"faces": {
				"north": {"uv": [12.5, 1, 12.75, 1.25], "rotation": 180, "texture": "#main"},
				"east": {"uv": [12, 1.25, 12.25, 2], "rotation": 270, "texture": "#main"},
				"south": {"uv": [12.25, 1, 12.5, 1.25], "texture": "#main"},
				"west": {"uv": [12.5, 1.25, 12.75, 2], "rotation": 90, "texture": "#main"},
				"up": {"uv": [12.25, 1.25, 12.5, 2], "rotation": 180, "texture": "#main"},
				"down": {"uv": [12.75, 1.25, 13, 2], "texture": "#main"}
			}
		},
		{
			"name": "right_leg",
			"from": [8, 0, -3],
			"to": [12, 4, 9],
			"faces": {
				"north": {"uv": [12.5, 1, 12.75, 1.25], "rotation": 180, "texture": "#main"},
				"east": {"uv": [12.75, 1.25, 12.5, 2], "rotation": 270, "texture": "#main"},
				"south": {"uv": [12.5, 1, 12.25, 1.25], "texture": "#main"},
				"west": {"uv": [12, 1.25, 12.25, 2], "rotation": 90, "texture": "#main"},
				"up": {"uv": [12.5, 1.25, 12.25, 2], "rotation": 180, "texture": "#main"},
				"down": {"uv": [12.75, 1.25, 13, 2], "texture": "#main"}
			}
		},
		{
			"name": "body",
			"from": [4, 2, 6],
			"to": [12, 14, 10],
			"faces": {
				"north": {"uv": [13.25, 1.25, 13.75, 2], "texture": "#main"},
				"east": {"uv": [13, 1.25, 13.25, 2], "texture": "#main"},
				"south": {"uv": [14, 1.25, 14.5, 2], "texture": "#main"},
				"west": {"uv": [13.75, 1.25, 14, 2], "texture": "#main"},
				"up": {"uv": [13.25, 1, 13.75, 1.25], "texture": "#main"},
				"down": {"uv": [13.75, 1, 14.25, 1.25], "texture": "#main"}
			}
		},
		{
			"name": "left_arm",
			"from": [0, 4, -5],
			"to": [4, 16, -1],
			"rotation": {"angle": 45, "axis": "x", "origin": [0, 0, 0]},
			"faces": {
				"north": {"uv": [15.25, 1.25, 15.5, 2], "texture": "#main"},
				"east": {"uv": [15, 1.25, 15.25, 2], "texture": "#main"},
				"south": {"uv": [14.75, 1.25, 15, 2], "texture": "#main"},
				"west": {"uv": [14.5, 1.25, 14.75, 2], "texture": "#main"},
				"up": {"uv": [14.75, 1, 15, 1.25], "texture": "#main"},
				"down": {"uv": [15, 1, 15.25, 1.25], "texture": "#main"}
			}
		},
		{
			"name": "right_arm",
			"from": [8, 2, 9],
			"to": [12, 14, 13],
			"rotation": {"angle": 22.5, "axis": "y", "origin": [0, 0, 0]},
			"faces": {
				"north": {"uv": [14.75, 1.25, 15, 2], "texture": "#main"},
				"east": {"uv": [14.5, 1.25, 14.75, 2], "texture": "#main"},
				"south": {"uv": [15.25, 1.25, 15.5, 2], "texture": "#main"},
				"west": {"uv": [15, 1.25, 15.25, 2], "texture": "#main"},
				"up": {"uv": [15, 1, 14.75, 1.25], "texture": "#main"},
				"down": {"uv": [15.25, 1, 15, 1.25], "texture": "#main"}
			}
		},
		{
			"name": "head",
			"from": [6, 14, 0],
			"to": [14, 22, 8],
			"rotation": {"angle": -22.5, "axis": "y", "origin": [0, 0, 0]},
			"faces": {
				"north": {"uv": [12.5, 0.5, 13, 1], "texture": "#main"},
				"east": {"uv": [12, 0.5, 12.5, 1], "texture": "#main"},
				"south": {"uv": [13.5, 0.5, 14, 1], "texture": "#main"},
				"west": {"uv": [13, 0.5, 13.5, 1], "texture": "#main"},
				"up": {"uv": [12.5, 0, 13, 0.5], "texture": "#main"},
				"down": {"uv": [13, 0, 13.5, 0.5], "texture": "#main"}
			}
		},
		{
			"name": "left_leg",
			"from": [1, 0, -1],
			"to": [5, 4, 11],
			"rotation": {"angle": 22.5, "axis": "y", "origin": [0, 0, 0]},
			"faces": {
				"north": {"uv": [0.5, 5, 0.75, 5.25], "rotation": 180, "texture": "#main"},
				"east": {"uv": [0, 5.25, 0.25, 6], "rotation": 270, "texture": "#main"},
				"south": {"uv": [0.25, 5, 0.5, 5.25], "texture": "#main"},
				"west": {"uv": [0.5, 5.25, 0.75, 6], "rotation": 90, "texture": "#main"},
				"up": {"uv": [0.25, 5.25, 0.5, 6], "rotation": 180, "texture": "#main"},
				"down": {"uv": [0.75, 5.25, 1, 6], "texture": "#main"}
			}
		},
		{
			"name": "right_leg",
			"from": [8, 0, -3],
			"to": [12, 4, 9],
			"faces": {
				"north": {"uv": [0.5, 5, 0.75, 5.25], "rotation": 180, "texture": "#main"},
				"east": {"uv": [0.75, 5.25, 0.5, 6], "rotation": 270, "texture": "#main"},
				"south": {"uv": [0.5, 5, 0.25, 5.25], "texture": "#main"},
				"west": {"uv": [0, 5.25, 0.25, 6], "rotation": 90, "texture": "#main"},
				"up": {"uv": [0.5, 5.25, 0.25, 6], "rotation": 180, "texture": "#main"},
				"down": {"uv": [0.75, 5.25, 1, 6], "texture": "#main"}
			}
		},
		{
			"name": "body",
			"from": [4, 2, 6],
			"to": [12, 14, 10],
			"faces": {
				"north": {"uv": [1.25, 5.25, 1.75, 6], "texture": "#main"},
				"east": {"uv": [1, 5.25, 1.25, 6], "texture": "#main"},
				"south": {"uv": [2, 5.25, 2.5, 6], "texture": "#main"},
				"west": {"uv": [1.75, 5.25, 2, 6], "texture": "#main"},
				"up": {"uv": [1.25, 5, 1.75, 5.25], "texture": "#main"},
				"down": {"uv": [1.75, 5, 2.25, 5.25], "texture": "#main"}
			}
		},
		{
			"name": "left_arm",
			"from": [0, 4, -5],
			"to": [4, 16, -1],
			"rotation": {"angle": 45, "axis": "x", "origin": [0, 0, 0]},
			"faces": {
				"north": {"uv": [3.25, 5.25, 3.5, 6], "texture": "#main"},
				"east": {"uv": [3, 5.25, 3.25, 6], "texture": "#main"},
				"south": {"uv": [2.75, 5.25, 3, 6], "texture": "#main"},
				"west": {"uv": [2.5, 5.25, 2.75, 6], "texture": "#main"},
				"up": {"uv": [2.75, 5, 3, 5.25], "texture": "#main"},
				"down": {"uv": [3, 5, 3.25, 5.25], "texture": "#main"}
			}
		},
		{
			"name": "right_arm",
			"from": [8, 2, 9],
			"to": [12, 14, 13],
			"rotation": {"angle": 22.5, "axis": "y", "origin": [0, 0, 0]},
			"faces": {
				"north": {"uv": [2.75, 5.25, 3, 6], "texture": "#main"},
				"east": {"uv": [2.5, 5.25, 2.75, 6], "texture": "#main"},
				"south": {"uv": [3.25, 5.25, 3.5, 6], "texture": "#main"},
				"west": {"uv": [3, 5.25, 3.25, 6], "texture": "#main"},
				"up": {"uv": [3, 5, 2.75, 5.25], "texture": "#main"},
				"down": {"uv": [3.25, 5, 3, 5.25], "texture": "#main"}
			}
		},
		{
			"name": "head",
			"from": [7, 14, -4],
			"to": [15, 22, 4],
			"rotation": {"angle": -45, "axis": "y", "origin": [0, 0, 0]},
			"faces": {
				"north": {"uv": [0.5, 4.5, 1, 5], "texture": "#main"},
				"east": {"uv": [0, 4.5, 0.5, 5], "texture": "#main"},
				"south": {"uv": [1.5, 4.5, 2, 5], "texture": "#main"},
				"west": {"uv": [1, 4.5, 1.5, 5], "texture": "#main"},
				"up": {"uv": [0.5, 4, 1, 4.5], "texture": "#main"},
				"down": {"uv": [1, 4, 1.5, 4.5], "texture": "#main"}
			}
		},
		{
			"name": "left_leg",
			"from": [1, 0, -1],
			"to": [5, 4, 11],
			"rotation": {"angle": 22.5, "axis": "y", "origin": [0, 0, 0]},
			"faces": {
				"north": {"uv": [4.5, 5, 4.75, 5.25], "rotation": 180, "texture": "#main"},
				"east": {"uv": [4, 5.25, 4.25, 6], "rotation": 270, "texture": "#main"},
				"south": {"uv": [4.25, 5, 4.5, 5.25], "texture": "#main"},
				"west": {"uv": [4.5, 5.25, 4.75, 6], "rotation": 90, "texture": "#main"},
				"up": {"uv": [4.25, 5.25, 4.5, 6], "rotation": 180, "texture": "#main"},
				"down": {"uv": [4.75, 5.25, 5, 6], "texture": "#main"}
			}
		},
		{
			"name": "right_leg",
			"from": [8, 0, -3],
			"to": [12, 4, 9],
			"faces": {
				"north": {"uv": [4.5, 5, 4.75, 5.25], "rotation": 180, "texture": "#main"},
				"east": {"uv": [4.75, 5.25, 4.5, 6], "rotation": 270, "texture": "#main"},
				"south": {"uv": [4.5, 5, 4.25, 5.25], "texture": "#main"},
				"west": {"uv": [4, 5.25, 4.25, 6], "rotation": 90, "texture": "#main"},
				"up": {"uv": [4.5, 5.25, 4.25, 6], "rotation": 180, "texture": "#main"},
				"down": {"uv": [4.75, 5.25, 5, 6], "texture": "#main"}
			}
		},
		{
			"name": "body",
			"from": [4, 2, 6],
			"to": [12, 14, 10],
			"faces": {
				"north": {"uv": [5.25, 5.25, 5.75, 6], "texture": "#main"},
				"east": {"uv": [5, 5.25, 5.25, 6], "texture": "#main"},
				"south": {"uv": [6, 5.25, 6.5, 6], "texture": "#main"},
				"west": {"uv": [5.75, 5.25, 6, 6], "texture": "#main"},
				"up": {"uv": [5.25, 5, 5.75, 5.25], "texture": "#main"},
				"down": {"uv": [5.75, 5, 6.25, 5.25], "texture": "#main"}
			}
		},
		{
			"name": "left_arm",
			"from": [0, 4, -5],
			"to": [4, 16, -1],
			"rotation": {"angle": 45, "axis": "x", "origin": [0, 0, 0]},
			"faces": {
				"north": {"uv": [7.25, 5.25, 7.5, 6], "texture": "#main"},
				"east": {"uv": [7, 5.25, 7.25, 6], "texture": "#main"},
				"south": {"uv": [6.75, 5.25, 7, 6], "texture": "#main"},
				"west": {"uv": [6.5, 5.25, 6.75, 6], "texture": "#main"},
				"up": {"uv": [6.75, 5, 7, 5.25], "texture": "#main"},
				"down": {"uv": [7, 5, 7.25, 5.25], "texture": "#main"}
			}
		},
		{
			"name": "right_arm",
			"from": [8, 2, 9],
			"to": [12, 14, 13],
			"rotation": {"angle": 22.5, "axis": "y", "origin": [0, 0, 0]},
			"faces": {
				"north": {"uv": [6.75, 5.25, 7, 6], "texture": "#main"},
				"east": {"uv": [6.5, 5.25, 6.75, 6], "texture": "#main"},
				"south": {"uv": [7.25, 5.25, 7.5, 6], "texture": "#main"},
				"west": {"uv": [7, 5.25, 7.25, 6], "texture": "#main"},
				"up": {"uv": [7, 5, 6.75, 5.25], "texture": "#main"},
				"down": {"uv": [7.25, 5, 7, 5.25], "texture": "#main"}
			}
		},
		{
			"name": "head",
			"from": [0, 14, 6],
			"to": [8, 22, 14],
			"rotation": {"angle": 22.5, "axis": "y", "origin": [0, 0, 0]},
			"faces": {
				"north": {"uv": [4.5, 4.5, 5, 5], "texture": "#main"},
				"east": {"uv": [4, 4.5, 4.5, 5], "texture": "#main"},
				"south": {"uv": [5.5, 4.5, 6, 5], "texture": "#main"},
				"west": {"uv": [5, 4.5, 5.5, 5], "texture": "#main"},
				"up": {"uv": [4.5, 4, 5, 4.5], "texture": "#main"},
				"down": {"uv": [5, 4, 5.5, 4.5], "texture": "#main"}
			}
		},
		{
			"name": "left_leg",
			"from": [1, 0, -1],
			"to": [5, 4, 11],
			"rotation": {"angle": 22.5, "axis": "y", "origin": [0, 0, 0]},
			"faces": {
				"north": {"uv": [8.5, 5, 8.75, 5.25], "rotation": 180, "texture": "#main"},
				"east": {"uv": [8, 5.25, 8.25, 6], "rotation": 270, "texture": "#main"},
				"south": {"uv": [8.25, 5, 8.5, 5.25], "texture": "#main"},
				"west": {"uv": [8.5, 5.25, 8.75, 6], "rotation": 90, "texture": "#main"},
				"up": {"uv": [8.25, 5.25, 8.5, 6], "rotation": 180, "texture": "#main"},
				"down": {"uv": [8.75, 5.25, 9, 6], "texture": "#main"}
			}
		},
		{
			"name": "right_leg",
			"from": [8, 0, -3],
			"to": [12, 4, 9],
			"faces": {
				"north": {"uv": [8.5, 5, 8.75, 5.25], "rotation": 180, "texture": "#main"},
				"east": {"uv": [8.75, 5.25, 8.5, 6], "rotation": 270, "texture": "#main"},
				"south": {"uv": [8.5, 5, 8.25, 5.25], "texture": "#main"},
				"west": {"uv": [8, 5.25, 8.25, 6], "rotation": 90, "texture": "#main"},
				"up": {"uv": [8.5, 5.25, 8.25, 6], "rotation": 180, "texture": "#main"},
				"down": {"uv": [8.75, 5.25, 9, 6], "texture": "#main"}
			}
		},
		{
			"name": "body",
			"from": [4, 2, 6],
			"to": [12, 14, 10],
			"faces": {
				"north": {"uv": [9.25, 5.25, 9.75, 6], "texture": "#main"},
				"east": {"uv": [9, 5.25, 9.25, 6], "texture": "#main"},
				"south": {"uv": [10, 5.25, 10.5, 6], "texture": "#main"},
				"west": {"uv": [9.75, 5.25, 10, 6], "texture": "#main"},
				"up": {"uv": [9.25, 5, 9.75, 5.25], "texture": "#main"},
				"down": {"uv": [9.75, 5, 10.25, 5.25], "texture": "#main"}
			}
		},
		{
			"name": "left_arm",
			"from": [0, 4, -5],
			"to": [4, 16, -1],
			"rotation": {"angle": 45, "axis": "x", "origin": [0, 0, 0]},
			"faces": {
				"north": {"uv": [11.25, 5.25, 11.5, 6], "texture": "#main"},
				"east": {"uv": [11, 5.25, 11.25, 6], "texture": "#main"},
				"south": {"uv": [10.75, 5.25, 11, 6], "texture": "#main"},
				"west": {"uv": [10.5, 5.25, 10.75, 6], "texture": "#main"},
				"up": {"uv": [10.75, 5, 11, 5.25], "texture": "#main"},
				"down": {"uv": [11, 5, 11.25, 5.25], "texture": "#main"}
			}
		},
		{
			"name": "right_arm",
			"from": [8, 2, 9],
			"to": [12, 14, 13],
			"rotation": {"angle": 22.5, "axis": "y", "origin": [0, 0, 0]},
			"faces": {
				"north": {"uv": [10.75, 5.25, 11, 6], "texture": "#main"},
				"east": {"uv": [10.5, 5.25, 10.75, 6], "texture": "#main"},
				"south": {"uv": [11.25, 5.25, 11.5, 6], "texture": "#main"},
				"west": {"uv": [11, 5.25, 11.25, 6], "texture": "#main"},
				"up": {"uv": [11, 5, 10.75, 5.25], "texture": "#main"},
				"down": {"uv": [11.25, 5, 11, 5.25], "texture": "#main"}
			}
		},
		{
			"name": "head",
			"from": [6, 14, 0],
			"to": [14, 22, 8],
			"rotation": {"angle": -22.5, "axis": "y", "origin": [0, 0, 0]},
			"faces": {
				"north": {"uv": [8, 4.5, 8.5, 5], "texture": "#main"},
				"east": {"uv": [9.5, 4.5, 10, 5], "texture": "#main"},
				"south": {"uv": [9, 4.5, 9.5, 5], "texture": "#main"},
				"west": {"uv": [8.5, 4.5, 9, 5], "texture": "#main"},
				"up": {"uv": [8.5, 4, 9, 4.5], "rotation": 270, "texture": "#main"},
				"down": {"uv": [9, 4, 9.5, 4.5], "rotation": 90, "texture": "#main"}
			}
		}
	],
	"display": {
		"firstperson_righthand": {
			"translation": [2.75, 0, 0],
			"scale": [0.7, 0.7, 0.7]
		},
		"firstperson_lefthand": {
			"translation": [2.75, 0, 0],
			"scale": [0.7, 0.7, 0.7]
		},
		"ground": {
			"translation": [0, 2, 0],
			"scale": [0.5, 0.5, 0.5]
		},
		"head": {
			"translation": [0, -32, 0],
			"scale": [1.6, 1.6, 1.6]
		}
	}
}