{
	"credit": "Made with Blockbench",
	"textures": {
		"main": "item/owl/friendly_owl_flight"
	},
	"elements": [
		{
			"name": "head",
			"from": [5, 7, -1],
			"to": [11, 12, 4],
			"rotation": {"angle": 0, "axis": "y", "origin": [0, 7, 0]},
			"faces": {
				"north": {"uv": [6.75, 0, 7.4375, 0.625], "texture": "#main"},
				"east": {"uv": [4, 0.625, 4.25, 0.9375], "texture": "#main"},
				"south": {"uv": [4, 0.25, 4.3125, 0.5625], "texture": "#main"},
				"west": {"uv": [4.25, 0.625, 4, 0.9375], "texture": "#main"},
				"up": {"uv": [4.375, 0.25, 4.0625, 0], "texture": "#main"},
				"down": {"uv": [4.375, 0, 4.6875, 0.25], "texture": "#main"}
			}
		},
		{
			"name": "beak",
			"from": [7, 8, -2],
			"to": [9, 9, -1],
			"rotation": {"angle": 0, "axis": "y", "origin": [0, 7, 0]},
			"faces": {
				"north": {"uv": [5, 0.125, 5.3125, 0.3125], "texture": "#main"},
				"east": {"uv": [4.6875, 0, 5, 0.1875], "texture": "#main"},
				"south": {"uv": [5.625, 0, 5.9375, 0.1875], "texture": "#main"},
				"west": {"uv": [5.3125, 0.125, 5.625, 0.3125], "texture": "#main"},
				"up": {"uv": [5, 0.5625, 5.375, 0.3125], "texture": "#main"},
				"down": {"uv": [5.125, 0.8125, 5.5, 0.5625], "texture": "#main"}
			}
		},
		{
			"name": "neck",
			"from": [7, 7, 3],
			"to": [9, 9, 6],
			"rotation": {"angle": 0, "axis": "y", "origin": [0, -1, 0]},
			"faces": {
				"north": {"uv": [7.5, 0, 7.625, 0.125], "rotation": 180, "texture": "#main"},
				"east": {"uv": [7.625, 0.125, 7.75, 0.25], "rotation": 90, "texture": "#main"},
				"south": {"uv": [7.875, 0, 8, 0.1875], "texture": "#main"},
				"west": {"uv": [7.875, 0.1875, 8, 0.3125], "rotation": 270, "texture": "#main"},
				"up": {"uv": [7.625, 0, 7.75, 0.125], "texture": "#main"},
				"down": {"uv": [7.75, 0, 7.875, 0.1875], "rotation": 180, "texture": "#main"}
			}
		},
		{
			"name": "eyebrows",
			"from": [4, 11, -1],
			"to": [12, 13, -1],
			"rotation": {"angle": 0, "axis": "y", "origin": [0, -1, 0]},
			"faces": {
				"north": {"uv": [5.125, 1.4375, 5.9375, 1.6875], "texture": "#main"},
				"east": {"uv": [4, 0, 4, 0.25], "texture": "#main"},
				"south": {"uv": [5.125, 1.4375, 5.9375, 1.6875], "texture": "#main"},
				"west": {"uv": [4, 0, 4, 0.25], "texture": "#main"},
				"up": {"uv": [4, 0, 5, 0], "texture": "#main"},
				"down": {"uv": [4, 0, 5, 0], "texture": "#main"}
			}
		},
		{
			"name": "torso",
			"from": [5, 7, 1],
			"to": [11, 11, 11],
			"rotation": {"angle": 22.5, "axis": "x", "origin": [0, 0, 0]},
			"faces": {
				"north": {"uv": [4.375, 0.5625, 4.75, 0.9375], "texture": "#main"},
				"east": {"uv": [4.6875, 0.9375, 5.125, 1.1875], "texture": "#main"},
				"south": {"uv": [4.75, 0.5625, 5.125, 0.9375], "texture": "#main"},
				"west": {"uv": [4, 0.9375, 4.4375, 1.1875], "texture": "#main"},
				"up": {"uv": [5.125, 0.9375, 5.5, 1.4375], "texture": "#main"},
				"down": {"uv": [4.375, 0.9375, 4.75, 1.4375], "texture": "#main"}
			}
		},
		{
			"name": "tail",
			"from": [6, 3, 10],
			"to": [10, 6, 16],
			"faces": {
				"north": {"uv": [6.25, 1.625, 6.625, 2], "texture": "#main"},
				"east": {"uv": [7.375, 1.625, 7.75, 2], "texture": "#main"},
				"south": {"uv": [6.625, 1.625, 7, 2], "texture": "#main"},
				"west": {"uv": [7, 1.25, 7.375, 1.625], "texture": "#main"},
				"up": {"uv": [7, 1.625, 7.375, 2], "texture": "#main"},
				"down": {"uv": [7.375, 1.25, 7.75, 1.625], "texture": "#main"}
			}
		},
		{
			"name": "tail_end",
			"from": [7, 4, 16],
			"to": [9, 6, 18],
			"faces": {
				"north": {"uv": [6.25, 1.8125, 6.4375, 2], "texture": "#main"},
				"east": {"uv": [5.875, 1.8125, 6.0625, 2], "texture": "#main"},
				"south": {"uv": [5.3125, 1.8125, 5.5, 2], "texture": "#main"},
				"west": {"uv": [6.0625, 1.8125, 6.25, 2], "texture": "#main"},
				"up": {"uv": [5.6875, 1.8125, 5.875, 2], "texture": "#main"},
				"down": {"uv": [5.5, 1.8125, 5.6875, 2], "texture": "#main"}
			}
		},
		{
			"name": "tail_feathers",
			"from": [5, 5, 17],
			"to": [11, 5, 23],
			"faces": {
				"north": {"uv": [4.375, 0.5625, 4.75, 0.9375], "texture": "#main"},
				"east": {"uv": [4.625, 0.9375, 5.125, 1.3125], "texture": "#main"},
				"south": {"uv": [4.75, 0.5625, 5.125, 0.9375], "texture": "#main"},
				"west": {"uv": [4, 0.9375, 4.5, 1.3125], "texture": "#main"},
				"up": {"uv": [4, 1.4375, 5.0625, 2], "texture": "#main"},
				"down": {"uv": [4, 2, 5.0625, 1.4375], "texture": "#main"}
			}
		},
		{
			"name": "left_wing",
			"from": [-4, 10, 5],
			"to": [4, 11, 9],
			"rotation": {"angle": 22.5, "axis": "z", "origin": [13, 13, 0]},
			"faces": {
				"north": {"uv": [5.9375, 0.8125, 6, 1.1875], "rotation": 90, "texture": "#main"},
				"east": {"uv": [5.875, 1.1875, 5.9375, 1.4375], "rotation": 270, "texture": "#main"},
				"south": {"uv": [5.875, 1.15625, 5.9375, 0.8125], "rotation": 90, "texture": "#main"},
				"west": {"uv": [5.5, 1.1875, 5.5625, 1.4375], "rotation": 90, "texture": "#main"},
				"up": {"uv": [5.9375, 1.1875, 6.375, 1.4375], "rotation": 180, "texture": "#main"},
				"down": {"uv": [5.5, 1.1875, 5.9375, 1.4375], "texture": "#main"}
			}
		},
		{
			"name": "left_wing_feathers",
			"from": [-10, 11, 5],
			"to": [-4, 11, 10],
			"rotation": {"angle": 22.5, "axis": "z", "origin": [13, 13, 0]},
			"faces": {
				"north": {"uv": [5.1875, 1.96875, 5.25, 1.625], "rotation": 270, "texture": "#main"},
				"east": {"uv": [5.0625, 1.625, 5.125, 1.875], "rotation": 90, "texture": "#main"},
				"south": {"uv": [5.25, 1.625, 5.3125, 2], "rotation": 270, "texture": "#main"},
				"west": {"uv": [5.125, 1.625, 5.1875, 1.875], "rotation": 270, "texture": "#main"},
				"up": {"uv": [6.5625, 1.4375, 5.9375, 1.8125], "texture": "#main"},
				"down": {"uv": [5.9375, 1.4375, 6.5625, 1.8125], "rotation": 180, "texture": "#main"}
			}
		},
		{
			"name": "right_wing",
			"from": [7, 10, 5],
			"to": [15, 11, 9],
			"rotation": {"angle": -22.5, "axis": "z", "origin": [0, 0, 0]},
			"faces": {
				"north": {"uv": [5.9375, 0.8125, 6, 1.1875], "rotation": 270, "texture": "#main"},
				"east": {"uv": [5.5, 1.1875, 5.5625, 1.4375], "rotation": 270, "texture": "#main"},
				"south": {"uv": [5.875, 1.15625, 5.9375, 0.8125], "rotation": 270, "texture": "#main"},
				"west": {"uv": [5.875, 1.1875, 5.9375, 1.4375], "rotation": 90, "texture": "#main"},
				"up": {"uv": [5.5, 1.1875, 5.9375, 1.4375], "rotation": 180, "texture": "#main"},
				"down": {"uv": [5.9375, 1.1875, 6.375, 1.4375], "texture": "#main"}
			}
		},
		{
			"name": "right_wing_feathers",
			"from": [15, 11, 5],
			"to": [21, 11, 10],
			"rotation": {"angle": -22.5, "axis": "z", "origin": [0, 0, 0]},
			"faces": {
				"north": {"uv": [5.1875, 1.96875, 5.25, 1.625], "rotation": 90, "texture": "#main"},
				"east": {"uv": [5.125, 1.625, 5.1875, 1.875], "rotation": 90, "texture": "#main"},
				"south": {"uv": [5.25, 1.625, 5.3125, 2], "rotation": 90, "texture": "#main"},
				"west": {"uv": [5.0625, 1.625, 5.125, 1.875], "rotation": 270, "texture": "#main"},
				"up": {"uv": [5.9375, 1.4375, 6.5625, 1.8125], "texture": "#main"},
				"down": {"uv": [6.5625, 1.4375, 5.9375, 1.8125], "rotation": 180, "texture": "#main"}
			}
		},
		{
			"name": "left_thigh",
			"from": [6, 9, 3],
			"to": [7, 11, 6],
			"rotation": {"angle": 45, "axis": "x", "origin": [0, 0, 0]},
			"faces": {
				"north": {"uv": [7.5, 1, 7.75, 1.25], "rotation": 180, "texture": "#main"},
				"east": {"uv": [7.75, 0.625, 7.5, 1], "rotation": 90, "texture": "#main"},
				"south": {"uv": [6.75, 0.75, 7, 1], "texture": "#main"},
				"west": {"uv": [7, 0.625, 7.25, 1], "rotation": 270, "texture": "#main"},
				"up": {"uv": [6.875, 1, 7.125, 1.375], "texture": "#main"},
				"down": {"uv": [7.5, 0.625, 7.25, 1], "rotation": 180, "texture": "#main"}
			}
		},
		{
			"name": "foot",
			"from": [5, -11, 9],
			"to": [8, -8, 9],
			"rotation": {"angle": -45, "axis": "x", "origin": [0, 0, -1]},
			"faces": {
				"north": {"uv": [5.625, 0.0625, 6.75, 0.75], "rotation": 180, "texture": "#main"},
				"east": {"uv": [4, 0, 4.5, 0], "rotation": 90, "texture": "#main"},
				"south": {"uv": [5.625, 0.75, 6.75, 0.0625], "texture": "#main"},
				"west": {"uv": [4, 0, 4.5, 0], "rotation": 270, "texture": "#main"},
				"up": {"uv": [4, 0, 4.75, 0], "texture": "#main"},
				"down": {"uv": [4, 0, 4.75, 0], "rotation": 180, "texture": "#main"}
			}
		},
		{
			"name": "leg",
			"from": [6, 10, 2],
			"to": [7, 10, 7],
			"rotation": {"angle": 45, "axis": "x", "origin": [0, 0, -1]},
			"faces": {
				"north": {"uv": [6.25, 0.8125, 6.3125, 1.125], "rotation": 180, "texture": "#main"},
				"east": {"uv": [4, 0, 4, 0.625], "rotation": 90, "texture": "#main"},
				"south": {"uv": [6.25, 0.8125, 6.3125, 1.125], "texture": "#main"},
				"west": {"uv": [4, 0, 4, 0.625], "rotation": 270, "texture": "#main"},
				"up": {"uv": [6.25, 0.8125, 6.3125, 1.125], "texture": "#main"},
				"down": {"uv": [6.25, 0.8125, 6.3125, 1.125], "rotation": 180, "texture": "#main"}
			}
		},
		{
			"name": "right_thigh",
			"from": [9, -6, 9],
			"to": [10, -3, 11],
			"rotation": {"angle": -45, "axis": "x", "origin": [0, 0, 0]},
			"faces": {
				"north": {"uv": [7.25, 0.625, 7.5, 1], "texture": "#main"},
				"east": {"uv": [7.5, 0.625, 7.75, 1], "texture": "#main"},
				"south": {"uv": [7.75, 0.875, 8, 1.25], "texture": "#main"},
				"west": {"uv": [7.75, 0.5, 8, 0.875], "texture": "#main"},
				"up": {"uv": [7.5, 1, 7.75, 1.25], "texture": "#main"},
				"down": {"uv": [7.25, 1, 7.5, 1.25], "texture": "#main"}
			}
		},
		{
			"name": "foot",
			"from": [8, -11, 9],
			"to": [11, -8, 9],
			"rotation": {"angle": -45, "axis": "x", "origin": [0, 0, -1]},
			"faces": {
				"north": {"uv": [6.75, 0.0625, 5.625, 0.75], "rotation": 180, "texture": "#main"},
				"east": {"uv": [4, 0, 4.5, 0], "rotation": 90, "texture": "#main"},
				"south": {"uv": [6.75, 0.75, 5.625, 0.0625], "texture": "#main"},
				"west": {"uv": [4, 0, 4.5, 0], "rotation": 270, "texture": "#main"},
				"up": {"uv": [4, 0, 4.75, 0], "texture": "#main"},
				"down": {"uv": [4, 0, 4.75, 0], "rotation": 180, "texture": "#main"}
			}
		},
		{
			"name": "leg",
			"from": [9, -8, 9],
			"to": [10, -3, 9],
			"rotation": {"angle": -45, "axis": "x", "origin": [0, 0, -1]},
			"faces": {
				"north": {"uv": [6.25, 0.8125, 6.3125, 1.125], "texture": "#main"},
				"east": {"uv": [4, 0, 4, 0.625], "texture": "#main"},
				"south": {"uv": [6.25, 0.8125, 6.3125, 1.125], "texture": "#main"},
				"west": {"uv": [4, 0, 4, 0.625], "texture": "#main"},
				"up": {"uv": [6.25, 0.8125, 6.3125, 1.125], "texture": "#main"},
				"down": {"uv": [6.25, 0.8125, 6.3125, 1.125], "texture": "#main"}
			}
		},
		{
			"name": "head",
			"from": [5, 7, -1],
			"to": [11, 12, 4],
			"rotation": {"angle": 0, "axis": "y", "origin": [0, 7, 0]},
			"faces": {
				"north": {"uv": [10.75, 0, 11.4375, 0.625], "texture": "#main"},
				"east": {"uv": [8, 0.625, 8.25, 0.9375], "texture": "#main"},
				"south": {"uv": [8, 0.25, 8.3125, 0.5625], "texture": "#main"},
				"west": {"uv": [8.25, 0.625, 8, 0.9375], "texture": "#main"},
				"up": {"uv": [8.375, 0.25, 8.0625, 0], "texture": "#main"},
				"down": {"uv": [8.375, 0, 8.6875, 0.25], "texture": "#main"}
			}
		},
		{
			"name": "beak",
			"from": [7, 8, -2],
			"to": [9, 9, -1],
			"rotation": {"angle": 0, "axis": "y", "origin": [0, 7, 0]},
			"faces": {
				"north": {"uv": [9, 0.125, 9.3125, 0.3125], "texture": "#main"},
				"east": {"uv": [8.6875, 0, 9, 0.1875], "texture": "#main"},
				"south": {"uv": [9.625, 0, 9.9375, 0.1875], "texture": "#main"},
				"west": {"uv": [9.3125, 0.125, 9.625, 0.3125], "texture": "#main"},
				"up": {"uv": [9, 0.5625, 9.375, 0.3125], "texture": "#main"},
				"down": {"uv": [9.125, 0.8125, 9.5, 0.5625], "texture": "#main"}
			}
		},
		{
			"name": "neck",
			"from": [7, 7, 3],
			"to": [9, 9, 6],
			"rotation": {"angle": 0, "axis": "y", "origin": [0, -1, 0]},
			"faces": {
				"north": {"uv": [11.5, 0, 11.625, 0.125], "rotation": 180, "texture": "#main"},
				"east": {"uv": [11.625, 0.125, 11.75, 0.25], "rotation": 90, "texture": "#main"},
				"south": {"uv": [11.875, 0, 12, 0.1875], "texture": "#main"},
				"west": {"uv": [11.875, 0.1875, 12, 0.3125], "rotation": 270, "texture": "#main"},
				"up": {"uv": [11.625, 0, 11.75, 0.125], "texture": "#main"},
				"down": {"uv": [11.75, 0, 11.875, 0.1875], "rotation": 180, "texture": "#main"}
			}
		},
		{
			"name": "eyebrows",
			"from": [4, 11, -1],
			"to": [12, 13, -1],
			"rotation": {"angle": 0, "axis": "y", "origin": [0, -1, 0]},
			"faces": {
				"north": {"uv": [9.125, 1.4375, 9.9375, 1.6875], "texture": "#main"},
				"east": {"uv": [8, 0, 8, 0.25], "texture": "#main"},
				"south": {"uv": [9.125, 1.4375, 9.9375, 1.6875], "texture": "#main"},
				"west": {"uv": [8, 0, 8, 0.25], "texture": "#main"},
				"up": {"uv": [8, 0, 9, 0], "texture": "#main"},
				"down": {"uv": [8, 0, 9, 0], "texture": "#main"}
			}
		},
		{
			"name": "torso",
			"from": [5, 7, 1],
			"to": [11, 11, 11],
			"rotation": {"angle": 22.5, "axis": "x", "origin": [0, 0, 0]},
			"faces": {
				"north": {"uv": [8.375, 0.5625, 8.75, 0.9375], "texture": "#main"},
				"east": {"uv": [8.6875, 0.9375, 9.125, 1.1875], "texture": "#main"},
				"south": {"uv": [8.75, 0.5625, 9.125, 0.9375], "texture": "#main"},
				"west": {"uv": [8, 0.9375, 8.4375, 1.1875], "texture": "#main"},
				"up": {"uv": [9.125, 0.9375, 9.5, 1.4375], "texture": "#main"},
				"down": {"uv": [8.375, 0.9375, 8.75, 1.4375], "texture": "#main"}
			}
		},
		{
			"name": "tail",
			"from": [6, 3, 10],
			"to": [10, 6, 16],
			"faces": {
				"north": {"uv": [10.25, 1.625, 10.625, 2], "texture": "#main"},
				"east": {"uv": [11.375, 1.625, 11.75, 2], "texture": "#main"},
				"south": {"uv": [10.625, 1.625, 11, 2], "texture": "#main"},
				"west": {"uv": [11, 1.25, 11.375, 1.625], "texture": "#main"},
				"up": {"uv": [11, 1.625, 11.375, 2], "texture": "#main"},
				"down": {"uv": [11.375, 1.25, 11.75, 1.625], "texture": "#main"}
			}
		},
		{
			"name": "tail_end",
			"from": [7, 4, 16],
			"to": [9, 6, 18],
			"faces": {
				"north": {"uv": [10.25, 1.8125, 10.4375, 2], "texture": "#main"},
				"east": {"uv": [9.875, 1.8125, 10.0625, 2], "texture": "#main"},
				"south": {"uv": [9.3125, 1.8125, 9.5, 2], "texture": "#main"},
				"west": {"uv": [10.0625, 1.8125, 10.25, 2], "texture": "#main"},
				"up": {"uv": [9.6875, 1.8125, 9.875, 2], "texture": "#main"},
				"down": {"uv": [9.5, 1.8125, 9.6875, 2], "texture": "#main"}
			}
		},
		{
			"name": "tail_feathers",
			"from": [5, 5, 17],
			"to": [11, 5, 23],
			"faces": {
				"north": {"uv": [8.375, 0.5625, 8.75, 0.9375], "texture": "#main"},
				"east": {"uv": [8.625, 0.9375, 9.125, 1.3125], "texture": "#main"},
				"south": {"uv": [8.75, 0.5625, 9.125, 0.9375], "texture": "#main"},
				"west": {"uv": [8, 0.9375, 8.5, 1.3125], "texture": "#main"},
				"up": {"uv": [8, 1.4375, 9.0625, 2], "texture": "#main"},
				"down": {"uv": [8, 2, 9.0625, 1.4375], "texture": "#main"}
			}
		},
		{
			"name": "left_wing",
			"from": [-4, 14, 5],
			"to": [4, 15, 9],
			"rotation": {"angle": 45, "axis": "z", "origin": [13, 13, 0]},
			"faces": {
				"north": {"uv": [9.9375, 0.8125, 10, 1.1875], "rotation": 90, "texture": "#main"},
				"east": {"uv": [9.875, 1.1875, 9.9375, 1.4375], "rotation": 270, "texture": "#main"},
				"south": {"uv": [9.875, 1.15625, 9.9375, 0.8125], "rotation": 90, "texture": "#main"},
				"west": {"uv": [9.5, 1.1875, 9.5625, 1.4375], "rotation": 90, "texture": "#main"},
				"up": {"uv": [9.9375, 1.1875, 10.375, 1.4375], "rotation": 180, "texture": "#main"},
				"down": {"uv": [9.5, 1.1875, 9.9375, 1.4375], "texture": "#main"}
			}
		},
		{
			"name": "left_wing_feathers",
			"from": [-10, 15, 5],
			"to": [-4, 15, 10],
			"rotation": {"angle": 45, "axis": "z", "origin": [13, 13, 0]},
			"faces": {
				"north": {"uv": [9.1875, 1.96875, 9.25, 1.625], "rotation": 270, "texture": "#main"},
				"east": {"uv": [9.0625, 1.625, 9.125, 1.875], "rotation": 90, "texture": "#main"},
				"south": {"uv": [9.25, 1.625, 9.3125, 2], "rotation": 270, "texture": "#main"},
				"west": {"uv": [9.125, 1.625, 9.1875, 1.875], "rotation": 270, "texture": "#main"},
				"up": {"uv": [10.5625, 1.4375, 9.9375, 1.8125], "texture": "#main"},
				"down": {"uv": [9.9375, 1.4375, 10.5625, 1.8125], "rotation": 180, "texture": "#main"}
			}
		},
		{
			"name": "right_wing",
			"from": [2, 12, 5],
			"to": [10, 13, 9],
			"rotation": {"angle": -45, "axis": "z", "origin": [0, 0, 0]},
			"faces": {
				"north": {"uv": [9.9375, 0.8125, 10, 1.1875], "rotation": 270, "texture": "#main"},
				"east": {"uv": [9.5, 1.1875, 9.5625, 1.4375], "rotation": 270, "texture": "#main"},
				"south": {"uv": [9.875, 1.15625, 9.9375, 0.8125], "rotation": 270, "texture": "#main"},
				"west": {"uv": [9.875, 1.1875, 9.9375, 1.4375], "rotation": 90, "texture": "#main"},
				"up": {"uv": [9.5, 1.1875, 9.9375, 1.4375], "rotation": 180, "texture": "#main"},
				"down": {"uv": [9.9375, 1.1875, 10.375, 1.4375], "texture": "#main"}
			}
		},
		{
			"name": "right_wing_feathers",
			"from": [10, 13, 5],
			"to": [16, 13, 10],
			"rotation": {"angle": -45, "axis": "z", "origin": [0, 0, 0]},
			"faces": {
				"north": {"uv": [9.1875, 1.96875, 9.25, 1.625], "rotation": 90, "texture": "#main"},
				"east": {"uv": [9.125, 1.625, 9.1875, 1.875], "rotation": 90, "texture": "#main"},
				"south": {"uv": [9.25, 1.625, 9.3125, 2], "rotation": 90, "texture": "#main"},
				"west": {"uv": [9.0625, 1.625, 9.125, 1.875], "rotation": 270, "texture": "#main"},
				"up": {"uv": [9.9375, 1.4375, 10.5625, 1.8125], "texture": "#main"},
				"down": {"uv": [10.5625, 1.4375, 9.9375, 1.8125], "rotation": 180, "texture": "#main"}
			}
		},
		{
			"name": "left_thigh",
			"from": [6, 9, 3],
			"to": [7, 11, 6],
			"rotation": {"angle": 45, "axis": "x", "origin": [0, 0, 0]},
			"faces": {
				"north": {"uv": [11.5, 1, 11.75, 1.25], "rotation": 180, "texture": "#main"},
				"east": {"uv": [11.75, 0.625, 11.5, 1], "rotation": 90, "texture": "#main"},
				"south": {"uv": [10.75, 0.75, 11, 1], "texture": "#main"},
				"west": {"uv": [11, 0.625, 11.25, 1], "rotation": 270, "texture": "#main"},
				"up": {"uv": [10.875, 1, 11.125, 1.375], "texture": "#main"},
				"down": {"uv": [11.5, 0.625, 11.25, 1], "rotation": 180, "texture": "#main"}
			}
		},
		{
			"name": "foot",
			"from": [5, -11, 9],
			"to": [8, -8, 9],
			"rotation": {"angle": -45, "axis": "x", "origin": [0, 0, -1]},
			"faces": {
				"north": {"uv": [9.625, 0.0625, 10.75, 0.75], "rotation": 180, "texture": "#main"},
				"east": {"uv": [8, 0, 8.5, 0], "rotation": 90, "texture": "#main"},
				"south": {"uv": [9.625, 0.75, 10.75, 0.0625], "texture": "#main"},
				"west": {"uv": [8, 0, 8.5, 0], "rotation": 270, "texture": "#main"},
				"up": {"uv": [8, 0, 8.75, 0], "texture": "#main"},
				"down": {"uv": [8, 0, 8.75, 0], "rotation": 180, "texture": "#main"}
			}
		},
		{
			"name": "leg",
			"from": [6, 10, 2],
			"to": [7, 10, 7],
			"rotation": {"angle": 45, "axis": "x", "origin": [0, 0, -1]},
			"faces": {
				"north": {"uv": [10.25, 0.8125, 10.3125, 1.125], "rotation": 180, "texture": "#main"},
				"east": {"uv": [8, 0, 8, 0.625], "rotation": 90, "texture": "#main"},
				"south": {"uv": [10.25, 0.8125, 10.3125, 1.125], "texture": "#main"},
				"west": {"uv": [8, 0, 8, 0.625], "rotation": 270, "texture": "#main"},
				"up": {"uv": [10.25, 0.8125, 10.3125, 1.125], "texture": "#main"},
				"down": {"uv": [10.25, 0.8125, 10.3125, 1.125], "rotation": 180, "texture": "#main"}
			}
		},
		{
			"name": "right_thigh",
			"from": [9, -6, 9],
			"to": [10, -3, 11],
			"rotation": {"angle": -45, "axis": "x", "origin": [0, 0, 0]},
			"faces": {
				"north": {"uv": [11.25, 0.625, 11.5, 1], "texture": "#main"},
				"east": {"uv": [11.5, 0.625, 11.75, 1], "texture": "#main"},
				"south": {"uv": [11.75, 0.875, 12, 1.25], "texture": "#main"},
				"west": {"uv": [11.75, 0.5, 12, 0.875], "texture": "#main"},
				"up": {"uv": [11.5, 1, 11.75, 1.25], "texture": "#main"},
				"down": {"uv": [11.25, 1, 11.5, 1.25], "texture": "#main"}
			}
		},
		{
			"name": "foot",
			"from": [8, -11, 9],
			"to": [11, -8, 9],
			"rotation": {"angle": -45, "axis": "x", "origin": [0, 0, -1]},
			"faces": {
				"north": {"uv": [10.75, 0.0625, 9.625, 0.75], "rotation": 180, "texture": "#main"},
				"east": {"uv": [8, 0, 8.5, 0], "rotation": 90, "texture": "#main"},
				"south": {"uv": [10.75, 0.75, 9.625, 0.0625], "texture": "#main"},
				"west": {"uv": [8, 0, 8.5, 0], "rotation": 270, "texture": "#main"},
				"up": {"uv": [8, 0, 8.75, 0], "texture": "#main"},
				"down": {"uv": [8, 0, 8.75, 0], "rotation": 180, "texture": "#main"}
			}
		},
		{
			"name": "leg",
			"from": [9, -8, 9],
			"to": [10, -3, 9],
			"rotation": {"angle": -45, "axis": "x", "origin": [0, 0, -1]},
			"faces": {
				"north": {"uv": [10.25, 0.8125, 10.3125, 1.125], "texture": "#main"},
				"east": {"uv": [8, 0, 8, 0.625], "texture": "#main"},
				"south": {"uv": [10.25, 0.8125, 10.3125, 1.125], "texture": "#main"},
				"west": {"uv": [8, 0, 8, 0.625], "texture": "#main"},
				"up": {"uv": [10.25, 0.8125, 10.3125, 1.125], "texture": "#main"},
				"down": {"uv": [10.25, 0.8125, 10.3125, 1.125], "texture": "#main"}
			}
		},
		{
			"name": "head",
			"from": [5, 7, -1],
			"to": [11, 12, 4],
			"rotation": {"angle": 0, "axis": "y", "origin": [0, 7, 0]},
			"faces": {
				"north": {"uv": [14.75, 0, 15.4375, 0.625], "texture": "#main"},
				"east": {"uv": [12, 0.625, 12.25, 0.9375], "texture": "#main"},
				"south": {"uv": [12, 0.25, 12.3125, 0.5625], "texture": "#main"},
				"west": {"uv": [12.25, 0.625, 12, 0.9375], "texture": "#main"},
				"up": {"uv": [12.375, 0.25, 12.0625, 0], "texture": "#main"},
				"down": {"uv": [12.375, 0, 12.6875, 0.25], "texture": "#main"}
			}
		},
		{
			"name": "beak",
			"from": [7, 8, -2],
			"to": [9, 9, -1],
			"rotation": {"angle": 0, "axis": "y", "origin": [0, 7, 0]},
			"faces": {
				"north": {"uv": [13, 0.125, 13.3125, 0.3125], "texture": "#main"},
				"east": {"uv": [12.6875, 0, 13, 0.1875], "texture": "#main"},
				"south": {"uv": [13.625, 0, 13.9375, 0.1875], "texture": "#main"},
				"west": {"uv": [13.3125, 0.125, 13.625, 0.3125], "texture": "#main"},
				"up": {"uv": [13, 0.5625, 13.375, 0.3125], "texture": "#main"},
				"down": {"uv": [13.125, 0.8125, 13.5, 0.5625], "texture": "#main"}
			}
		},
		{
			"name": "neck",
			"from": [7, 7, 3],
			"to": [9, 9, 6],
			"rotation": {"angle": 0, "axis": "y", "origin": [0, -1, 0]},
			"faces": {
				"north": {"uv": [15.5, 0, 15.625, 0.125], "rotation": 180, "texture": "#main"},
				"east": {"uv": [15.625, 0.125, 15.75, 0.25], "rotation": 90, "texture": "#main"},
				"south": {"uv": [15.875, 0, 16, 0.1875], "texture": "#main"},
				"west": {"uv": [15.875, 0.1875, 16, 0.3125], "rotation": 270, "texture": "#main"},
				"up": {"uv": [15.625, 0, 15.75, 0.125], "texture": "#main"},
				"down": {"uv": [15.75, 0, 15.875, 0.1875], "rotation": 180, "texture": "#main"}
			}
		},
		{
			"name": "eyebrows",
			"from": [4, 11, -1],
			"to": [12, 13, -1],
			"rotation": {"angle": 0, "axis": "y", "origin": [0, -1, 0]},
			"faces": {
				"north": {"uv": [13.125, 1.4375, 13.9375, 1.6875], "texture": "#main"},
				"east": {"uv": [12, 0, 12, 0.25], "texture": "#main"},
				"south": {"uv": [13.125, 1.4375, 13.9375, 1.6875], "texture": "#main"},
				"west": {"uv": [12, 0, 12, 0.25], "texture": "#main"},
				"up": {"uv": [12, 0, 13, 0], "texture": "#main"},
				"down": {"uv": [12, 0, 13, 0], "texture": "#main"}
			}
		},
		{
			"name": "torso",
			"from": [5, 7, 1],
			"to": [11, 11, 11],
			"rotation": {"angle": 22.5, "axis": "x", "origin": [0, 0, 0]},
			"faces": {
				"north": {"uv": [12.375, 0.5625, 12.75, 0.9375], "texture": "#main"},
				"east": {"uv": [12.6875, 0.9375, 13.125, 1.1875], "texture": "#main"},
				"south": {"uv": [12.75, 0.5625, 13.125, 0.9375], "texture": "#main"},
				"west": {"uv": [12, 0.9375, 12.4375, 1.1875], "texture": "#main"},
				"up": {"uv": [13.125, 0.9375, 13.5, 1.4375], "texture": "#main"},
				"down": {"uv": [12.375, 0.9375, 12.75, 1.4375], "texture": "#main"}
			}
		},
		{
			"name": "tail",
			"from": [6, 3, 10],
			"to": [10, 6, 16],
			"faces": {
				"north": {"uv": [14.25, 1.625, 14.625, 2], "texture": "#main"},
				"east": {"uv": [15.375, 1.625, 15.75, 2], "texture": "#main"},
				"south": {"uv": [14.625, 1.625, 15, 2], "texture": "#main"},
				"west": {"uv": [15, 1.25, 15.375, 1.625], "texture": "#main"},
				"up": {"uv": [15, 1.625, 15.375, 2], "texture": "#main"},
				"down": {"uv": [15.375, 1.25, 15.75, 1.625], "texture": "#main"}
			}
		},
		{
			"name": "tail_end",
			"from": [7, 4, 16],
			"to": [9, 6, 18],
			"faces": {
				"north": {"uv": [14.25, 1.8125, 14.4375, 2], "texture": "#main"},
				"east": {"uv": [13.875, 1.8125, 14.0625, 2], "texture": "#main"},
				"south": {"uv": [13.3125, 1.8125, 13.5, 2], "texture": "#main"},
				"west": {"uv": [14.0625, 1.8125, 14.25, 2], "texture": "#main"},
				"up": {"uv": [13.6875, 1.8125, 13.875, 2], "texture": "#main"},
				"down": {"uv": [13.5, 1.8125, 13.6875, 2], "texture": "#main"}
			}
		},
		{
			"name": "tail_feathers",
			"from": [5, 5, 17],
			"to": [11, 5, 23],
			"faces": {
				"north": {"uv": [12.375, 0.5625, 12.75, 0.9375], "texture": "#main"},
				"east": {"uv": [12.625, 0.9375, 13.125, 1.3125], "texture": "#main"},
				"south": {"uv": [12.75, 0.5625, 13.125, 0.9375], "texture": "#main"},
				"west": {"uv": [12, 0.9375, 12.5, 1.3125], "texture": "#main"},
				"up": {"uv": [12, 1.4375, 13.0625, 2], "texture": "#main"},
				"down": {"uv": [12, 2, 13.0625, 1.4375], "texture": "#main"}
			}
		},
		{
			"name": "left_wing",
			"from": [8, -3, 5],
			"to": [9, 5, 9],
			"rotation": {"angle": -22.5, "axis": "z", "origin": [13, 13, 0]},
			"faces": {
				"north": {"uv": [13.9375, 0.8125, 14, 1.1875], "rotation": 180, "texture": "#main"},
				"east": {"uv": [13.5, 1.1875, 13.9375, 1.4375], "rotation": 270, "texture": "#main"},
				"south": {"uv": [13.875, 1.15625, 13.9375, 0.8125], "texture": "#main"},
				"west": {"uv": [13.9375, 1.1875, 14.375, 1.4375], "rotation": 90, "texture": "#main"},
				"up": {"uv": [13.875, 1.1875, 13.9375, 1.4375], "rotation": 180, "texture": "#main"},
				"down": {"uv": [13.5, 1.1875, 13.5625, 1.4375], "texture": "#main"}
			}
		},
		{
			"name": "left_wing_feathers",
			"from": [8, -9, 5],
			"to": [8, -3, 10],
			"rotation": {"angle": -22.5, "axis": "z", "origin": [13, 13, 0]},
			"faces": {
				"north": {"uv": [13.1875, 1.96875, 13.25, 1.625], "texture": "#main"},
				"east": {"uv": [13.9375, 1.4375, 14.5625, 1.8125], "rotation": 90, "texture": "#main"},
				"south": {"uv": [13.25, 1.625, 13.3125, 2], "rotation": 180, "texture": "#main"},
				"west": {"uv": [14.5625, 1.4375, 13.9375, 1.8125], "rotation": 270, "texture": "#main"},
				"up": {"uv": [13.0625, 1.625, 13.125, 1.875], "texture": "#main"},
				"down": {"uv": [13.125, 1.625, 13.1875, 1.875], "rotation": 180, "texture": "#main"}
			}
		},
		{
			"name": "right_wing",
			"from": [12, -5, 5],
			"to": [13, 3, 9],
			"rotation": {"angle": 22.5, "axis": "z", "origin": [0, 0, 0]},
			"faces": {
				"north": {"uv": [13.9375, 0.8125, 14, 1.1875], "rotation": 180, "texture": "#main"},
				"east": {"uv": [13.5, 1.1875, 13.9375, 1.4375], "rotation": 270, "texture": "#main"},
				"south": {"uv": [13.875, 1.15625, 13.9375, 0.8125], "texture": "#main"},
				"west": {"uv": [13.9375, 1.1875, 14.375, 1.4375], "rotation": 90, "texture": "#main"},
				"up": {"uv": [13.875, 1.1875, 13.9375, 1.4375], "rotation": 180, "texture": "#main"},
				"down": {"uv": [13.5, 1.1875, 13.5625, 1.4375], "texture": "#main"}
			}
		},
		{
			"name": "right_wing_feathers",
			"from": [13, -11, 5],
			"to": [13, -5, 10],
			"rotation": {"angle": 22.5, "axis": "z", "origin": [0, 0, 0]},
			"faces": {
				"north": {"uv": [13.1875, 1.96875, 13.25, 1.625], "texture": "#main"},
				"east": {"uv": [13.9375, 1.4375, 14.5625, 1.8125], "rotation": 90, "texture": "#main"},
				"south": {"uv": [13.25, 1.625, 13.3125, 2], "rotation": 180, "texture": "#main"},
				"west": {"uv": [14.5625, 1.4375, 13.9375, 1.8125], "rotation": 270, "texture": "#main"},
				"up": {"uv": [13.0625, 1.625, 13.125, 1.875], "texture": "#main"},
				"down": {"uv": [13.125, 1.625, 13.1875, 1.875], "rotation": 180, "texture": "#main"}
			}
		},
		{
			"name": "left_thigh",
			"from": [6, 9, 3],
			"to": [7, 11, 6],
			"rotation": {"angle": 45, "axis": "x", "origin": [0, 0, 0]},
			"faces": {
				"north": {"uv": [15.5, 1, 15.75, 1.25], "rotation": 180, "texture": "#main"},
				"east": {"uv": [15.75, 0.625, 15.5, 1], "rotation": 90, "texture": "#main"},
				"south": {"uv": [14.75, 0.75, 15, 1], "texture": "#main"},
				"west": {"uv": [15, 0.625, 15.25, 1], "rotation": 270, "texture": "#main"},
				"up": {"uv": [14.875, 1, 15.125, 1.375], "texture": "#main"},
				"down": {"uv": [15.5, 0.625, 15.25, 1], "rotation": 180, "texture": "#main"}
			}
		},
		{
			"name": "foot",
			"from": [5, -11, 9],
			"to": [8, -8, 9],
			"rotation": {"angle": -45, "axis": "x", "origin": [0, 0, -1]},
			"faces": {
				"north": {"uv": [13.625, 0.0625, 14.75, 0.75], "rotation": 180, "texture": "#main"},
				"east": {"uv": [12, 0, 12.5, 0], "rotation": 90, "texture": "#main"},
				"south": {"uv": [13.625, 0.75, 14.75, 0.0625], "texture": "#main"},
				"west": {"uv": [12, 0, 12.5, 0], "rotation": 270, "texture": "#main"},
				"up": {"uv": [12, 0, 12.75, 0], "texture": "#main"},
				"down": {"uv": [12, 0, 12.75, 0], "rotation": 180, "texture": "#main"}
			}
		},
		{
			"name": "leg",
			"from": [6, 10, 2],
			"to": [7, 10, 7],
			"rotation": {"angle": 45, "axis": "x", "origin": [0, 0, -1]},
			"faces": {
				"north": {"uv": [14.25, 0.8125, 14.3125, 1.125], "rotation": 180, "texture": "#main"},
				"east": {"uv": [12, 0, 12, 0.625], "rotation": 90, "texture": "#main"},
				"south": {"uv": [14.25, 0.8125, 14.3125, 1.125], "texture": "#main"},
				"west": {"uv": [12, 0, 12, 0.625], "rotation": 270, "texture": "#main"},
				"up": {"uv": [14.25, 0.8125, 14.3125, 1.125], "texture": "#main"},
				"down": {"uv": [14.25, 0.8125, 14.3125, 1.125], "rotation": 180, "texture": "#main"}
			}
		},
		{
			"name": "right_thigh",
			"from": [9, -6, 9],
			"to": [10, -3, 11],
			"rotation": {"angle": -45, "axis": "x", "origin": [0, 0, 0]},
			"faces": {
				"north": {"uv": [15.25, 0.625, 15.5, 1], "texture": "#main"},
				"east": {"uv": [15.5, 0.625, 15.75, 1], "texture": "#main"},
				"south": {"uv": [15.75, 0.875, 16, 1.25], "texture": "#main"},
				"west": {"uv": [15.75, 0.5, 16, 0.875], "texture": "#main"},
				"up": {"uv": [15.5, 1, 15.75, 1.25], "texture": "#main"},
				"down": {"uv": [15.25, 1, 15.5, 1.25], "texture": "#main"}
			}
		},
		{
			"name": "foot",
			"from": [8, -11, 9],
			"to": [11, -8, 9],
			"rotation": {"angle": -45, "axis": "x", "origin": [0, 0, -1]},
			"faces": {
				"north": {"uv": [14.75, 0.0625, 13.625, 0.75], "rotation": 180, "texture": "#main"},
				"east": {"uv": [12, 0, 12.5, 0], "rotation": 90, "texture": "#main"},
				"south": {"uv": [14.75, 0.75, 13.625, 0.0625], "texture": "#main"},
				"west": {"uv": [12, 0, 12.5, 0], "rotation": 270, "texture": "#main"},
				"up": {"uv": [12, 0, 12.75, 0], "texture": "#main"},
				"down": {"uv": [12, 0, 12.75, 0], "rotation": 180, "texture": "#main"}
			}
		},
		{
			"name": "leg",
			"from": [9, -8, 9],
			"to": [10, -3, 9],
			"rotation": {"angle": -45, "axis": "x", "origin": [0, 0, -1]},
			"faces": {
				"north": {"uv": [14.25, 0.8125, 14.3125, 1.125], "texture": "#main"},
				"east": {"uv": [12, 0, 12, 0.625], "texture": "#main"},
				"south": {"uv": [14.25, 0.8125, 14.3125, 1.125], "texture": "#main"},
				"west": {"uv": [12, 0, 12, 0.625], "texture": "#main"},
				"up": {"uv": [14.25, 0.8125, 14.3125, 1.125], "texture": "#main"},
				"down": {"uv": [14.25, 0.8125, 14.3125, 1.125], "texture": "#main"}
			}
		},
		{
			"name": "head",
			"from": [5, 7, -1],
			"to": [11, 12, 4],
			"rotation": {"angle": 0, "axis": "y", "origin": [0, 7, 0]},
			"faces": {
				"north": {"uv": [2.75, 4, 3.4375, 4.625], "texture": "#main"},
				"east": {"uv": [0, 4.625, 0.25, 4.9375], "texture": "#main"},
				"south": {"uv": [0, 4.25, 0.3125, 4.5625], "texture": "#main"},
				"west": {"uv": [0.25, 4.625, 0, 4.9375], "texture": "#main"},
				"up": {"uv": [0.375, 4.25, 0.0625, 4], "texture": "#main"},
				"down": {"uv": [0.375, 4, 0.6875, 4.25], "texture": "#main"}
			}
		},
		{
			"name": "beak",
			"from": [7, 8, -2],
			"to": [9, 9, -1],
			"rotation": {"angle": 0, "axis": "y", "origin": [0, 7, 0]},
			"faces": {
				"north": {"uv": [1, 4.125, 1.3125, 4.3125], "texture": "#main"},
				"east": {"uv": [0.6875, 4, 1, 4.1875], "texture": "#main"},
				"south": {"uv": [1.625, 4, 1.9375, 4.1875], "texture": "#main"},
				"west": {"uv": [1.3125, 4.125, 1.625, 4.3125], "texture": "#main"},
				"up": {"uv": [1, 4.5625, 1.375, 4.3125], "texture": "#main"},
				"down": {"uv": [1.125, 4.8125, 1.5, 4.5625], "texture": "#main"}
			}
		},
		{
			"name": "neck",
			"from": [7, 7, 3],
			"to": [9, 9, 6],
			"rotation": {"angle": 0, "axis": "y", "origin": [0, -1, 0]},
			"faces": {
				"north": {"uv": [3.5, 4, 3.625, 4.125], "rotation": 180, "texture": "#main"},
				"east": {"uv": [3.625, 4.125, 3.75, 4.25], "rotation": 90, "texture": "#main"},
				"south": {"uv": [3.875, 4, 4, 4.1875], "texture": "#main"},
				"west": {"uv": [3.875, 4.1875, 4, 4.3125], "rotation": 270, "texture": "#main"},
				"up": {"uv": [3.625, 4, 3.75, 4.125], "texture": "#main"},
				"down": {"uv": [3.75, 4, 3.875, 4.1875], "rotation": 180, "texture": "#main"}
			}
		},
		{
			"name": "eyebrows",
			"from": [4, 11, -1],
			"to": [12, 13, -1],
			"rotation": {"angle": 0, "axis": "y", "origin": [0, -1, 0]},
			"faces": {
				"north": {"uv": [1.125, 5.4375, 1.9375, 5.6875], "texture": "#main"},
				"east": {"uv": [0, 4, 0, 4.25], "texture": "#main"},
				"south": {"uv": [1.125, 5.4375, 1.9375, 5.6875], "texture": "#main"},
				"west": {"uv": [0, 4, 0, 4.25], "texture": "#main"},
				"up": {"uv": [0, 4, 1, 4], "texture": "#main"},
				"down": {"uv": [0, 4, 1, 4], "texture": "#main"}
			}
		},
		{
			"name": "torso",
			"from": [5, 7, 1],
			"to": [11, 11, 11],
			"rotation": {"angle": 22.5, "axis": "x", "origin": [0, 0, 0]},
			"faces": {
				"north": {"uv": [0.375, 4.5625, 0.75, 4.9375], "texture": "#main"},
				"east": {"uv": [0.6875, 4.9375, 1.125, 5.1875], "texture": "#main"},
				"south": {"uv": [0.75, 4.5625, 1.125, 4.9375], "texture": "#main"},
				"west": {"uv": [0, 4.9375, 0.4375, 5.1875], "texture": "#main"},
				"up": {"uv": [1.125, 4.9375, 1.5, 5.4375], "texture": "#main"},
				"down": {"uv": [0.375, 4.9375, 0.75, 5.4375], "texture": "#main"}
			}
		},
		{
			"name": "tail",
			"from": [6, 3, 10],
			"to": [10, 6, 16],
			"faces": {
				"north": {"uv": [2.25, 5.625, 2.625, 6], "texture": "#main"},
				"east": {"uv": [3.375, 5.625, 3.75, 6], "texture": "#main"},
				"south": {"uv": [2.625, 5.625, 3, 6], "texture": "#main"},
				"west": {"uv": [3, 5.25, 3.375, 5.625], "texture": "#main"},
				"up": {"uv": [3, 5.625, 3.375, 6], "texture": "#main"},
				"down": {"uv": [3.375, 5.25, 3.75, 5.625], "texture": "#main"}
			}
		},
		{
			"name": "tail_end",
			"from": [7, 4, 16],
			"to": [9, 6, 18],
			"faces": {
				"north": {"uv": [2.25, 5.8125, 2.4375, 6], "texture": "#main"},
				"east": {"uv": [1.875, 5.8125, 2.0625, 6], "texture": "#main"},
				"south": {"uv": [1.3125, 5.8125, 1.5, 6], "texture": "#main"},
				"west": {"uv": [2.0625, 5.8125, 2.25, 6], "texture": "#main"},
				"up": {"uv": [1.6875, 5.8125, 1.875, 6], "texture": "#main"},
				"down": {"uv": [1.5, 5.8125, 1.6875, 6], "texture": "#main"}
			}
		},
		{
			"name": "tail_feathers",
			"from": [5, 5, 17],
			"to": [11, 5, 23],
			"faces": {
				"north": {"uv": [0.375, 4.5625, 0.75, 4.9375], "texture": "#main"},
				"east": {"uv": [0.625, 4.9375, 1.125, 5.3125], "texture": "#main"},
				"south": {"uv": [0.75, 4.5625, 1.125, 4.9375], "texture": "#main"},
				"west": {"uv": [0, 4.9375, 0.5, 5.3125], "texture": "#main"},
				"up": {"uv": [0, 5.4375, 1.0625, 6], "texture": "#main"},
				"down": {"uv": [0, 6, 1.0625, 5.4375], "texture": "#main"}
			}
		},
		{
			"name": "left_wing",
			"from": [5, 0, 5],
			"to": [6, 8, 9],
			"rotation": {"angle": 0, "axis": "z", "origin": [13, 13, 0]},
			"faces": {
				"north": {"uv": [1.9375, 4.8125, 2, 5.1875], "rotation": 180, "texture": "#main"},
				"east": {"uv": [1.5, 5.1875, 1.9375, 5.4375], "rotation": 270, "texture": "#main"},
				"south": {"uv": [1.875, 5.15625, 1.9375, 4.8125], "texture": "#main"},
				"west": {"uv": [1.9375, 5.1875, 2.375, 5.4375], "rotation": 90, "texture": "#main"},
				"up": {"uv": [1.875, 5.1875, 1.9375, 5.4375], "rotation": 180, "texture": "#main"},
				"down": {"uv": [1.5, 5.1875, 1.5625, 5.4375], "texture": "#main"}
			}
		},
		{
			"name": "left_wing_feathers",
			"from": [5, -6, 5],
			"to": [5, 0, 10],
			"rotation": {"angle": 0, "axis": "z", "origin": [13, 13, 0]},
			"faces": {
				"north": {"uv": [1.1875, 5.96875, 1.25, 5.625], "texture": "#main"},
				"east": {"uv": [1.9375, 5.4375, 2.5625, 5.8125], "rotation": 90, "texture": "#main"},
				"south": {"uv": [1.25, 5.625, 1.3125, 6], "rotation": 180, "texture": "#main"},
				"west": {"uv": [2.5625, 5.4375, 1.9375, 5.8125], "rotation": 270, "texture": "#main"},
				"up": {"uv": [1.0625, 5.625, 1.125, 5.875], "texture": "#main"},
				"down": {"uv": [1.125, 5.625, 1.1875, 5.875], "rotation": 180, "texture": "#main"}
			}
		},
		{
			"name": "right_wing",
			"from": [10, 0, 5],
			"to": [11, 8, 9],
			"faces": {
				"north": {"uv": [1.9375, 4.8125, 2, 5.1875], "rotation": 180, "texture": "#main"},
				"east": {"uv": [1.5, 5.1875, 1.9375, 5.4375], "rotation": 270, "texture": "#main"},
				"south": {"uv": [1.875, 5.15625, 1.9375, 4.8125], "texture": "#main"},
				"west": {"uv": [1.9375, 5.1875, 2.375, 5.4375], "rotation": 90, "texture": "#main"},
				"up": {"uv": [1.875, 5.1875, 1.9375, 5.4375], "rotation": 180, "texture": "#main"},
				"down": {"uv": [1.5, 5.1875, 1.5625, 5.4375], "texture": "#main"}
			}
		},
		{
			"name": "right_wing_feathers",
			"from": [11, -6, 5],
			"to": [11, 0, 10],
			"faces": {
				"north": {"uv": [1.1875, 5.96875, 1.25, 5.625], "texture": "#main"},
				"east": {"uv": [1.9375, 5.4375, 2.5625, 5.8125], "rotation": 90, "texture": "#main"},
				"south": {"uv": [1.25, 5.625, 1.3125, 6], "rotation": 180, "texture": "#main"},
				"west": {"uv": [2.5625, 5.4375, 1.9375, 5.8125], "rotation": 270, "texture": "#main"},
				"up": {"uv": [1.0625, 5.625, 1.125, 5.875], "texture": "#main"},
				"down": {"uv": [1.125, 5.625, 1.1875, 5.875], "rotation": 180, "texture": "#main"}
			}
		},
		{
			"name": "left_thigh",
			"from": [6, 9, 3],
			"to": [7, 11, 6],
			"rotation": {"angle": 45, "axis": "x", "origin": [0, 0, 0]},
			"faces": {
				"north": {"uv": [3.5, 5, 3.75, 5.25], "rotation": 180, "texture": "#main"},
				"east": {"uv": [3.75, 4.625, 3.5, 5], "rotation": 90, "texture": "#main"},
				"south": {"uv": [2.75, 4.75, 3, 5], "texture": "#main"},
				"west": {"uv": [3, 4.625, 3.25, 5], "rotation": 270, "texture": "#main"},
				"up": {"uv": [2.875, 5, 3.125, 5.375], "texture": "#main"},
				"down": {"uv": [3.5, 4.625, 3.25, 5], "rotation": 180, "texture": "#main"}
			}
		},
		{
			"name": "foot",
			"from": [5, -11, 9],
			"to": [8, -8, 9],
			"rotation": {"angle": -45, "axis": "x", "origin": [0, 0, -1]},
			"faces": {
				"north": {"uv": [1.625, 4.0625, 2.75, 4.75], "rotation": 180, "texture": "#main"},
				"east": {"uv": [0, 4, 0.5, 4], "rotation": 90, "texture": "#main"},
				"south": {"uv": [1.625, 4.75, 2.75, 4.0625], "texture": "#main"},
				"west": {"uv": [0, 4, 0.5, 4], "rotation": 270, "texture": "#main"},
				"up": {"uv": [0, 4, 0.75, 4], "texture": "#main"},
				"down": {"uv": [0, 4, 0.75, 4], "rotation": 180, "texture": "#main"}
			}
		},
		{
			"name": "leg",
			"from": [6, 10, 2],
			"to": [7, 10, 7],
			"rotation": {"angle": 45, "axis": "x", "origin": [0, 0, -1]},
			"faces": {
				"north": {"uv": [2.25, 4.8125, 2.3125, 5.125], "rotation": 180, "texture": "#main"},
				"east": {"uv": [0, 4, 0, 4.625], "rotation": 90, "texture": "#main"},
				"south": {"uv": [2.25, 4.8125, 2.3125, 5.125], "texture": "#main"},
				"west": {"uv": [0, 4, 0, 4.625], "rotation": 270, "texture": "#main"},
				"up": {"uv": [2.25, 4.8125, 2.3125, 5.125], "texture": "#main"},
				"down": {"uv": [2.25, 4.8125, 2.3125, 5.125], "rotation": 180, "texture": "#main"}
			}
		},
		{
			"name": "right_thigh",
			"from": [9, -6, 9],
			"to": [10, -3, 11],
			"rotation": {"angle": -45, "axis": "x", "origin": [0, 0, 0]},
			"faces": {
				"north": {"uv": [3.25, 4.625, 3.5, 5], "texture": "#main"},
				"east": {"uv": [3.5, 4.625, 3.75, 5], "texture": "#main"},
				"south": {"uv": [3.75, 4.875, 4, 5.25], "texture": "#main"},
				"west": {"uv": [3.75, 4.5, 4, 4.875], "texture": "#main"},
				"up": {"uv": [3.5, 5, 3.75, 5.25], "texture": "#main"},
				"down": {"uv": [3.25, 5, 3.5, 5.25], "texture": "#main"}
			}
		},
		{
			"name": "foot",
			"from": [8, -11, 9],
			"to": [11, -8, 9],
			"rotation": {"angle": -45, "axis": "x", "origin": [0, 0, -1]},
			"faces": {
				"north": {"uv": [2.75, 4.0625, 1.625, 4.75], "rotation": 180, "texture": "#main"},
				"east": {"uv": [0, 4, 0.5, 4], "rotation": 90, "texture": "#main"},
				"south": {"uv": [2.75, 4.75, 1.625, 4.0625], "texture": "#main"},
				"west": {"uv": [0, 4, 0.5, 4], "rotation": 270, "texture": "#main"},
				"up": {"uv": [0, 4, 0.75, 4], "texture": "#main"},
				"down": {"uv": [0, 4, 0.75, 4], "rotation": 180, "texture": "#main"}
			}
		},
		{
			"name": "leg",
			"from": [9, -8, 9],
			"to": [10, -3, 9],
			"rotation": {"angle": -45, "axis": "x", "origin": [0, 0, -1]},
			"faces": {
				"north": {"uv": [2.25, 4.8125, 2.3125, 5.125], "texture": "#main"},
				"east": {"uv": [0, 4, 0, 4.625], "texture": "#main"},
				"south": {"uv": [2.25, 4.8125, 2.3125, 5.125], "texture": "#main"},
				"west": {"uv": [0, 4, 0, 4.625], "texture": "#main"},
				"up": {"uv": [2.25, 4.8125, 2.3125, 5.125], "texture": "#main"},
				"down": {"uv": [2.25, 4.8125, 2.3125, 5.125], "texture": "#main"}
			}
		},
		{
			"name": "head",
			"from": [5, 7, -1],
			"to": [11, 12, 4],
			"rotation": {"angle": 0, "axis": "y", "origin": [0, 7, 0]},
			"faces": {
				"north": {"uv": [2.75, 0, 3.4375, 0.625], "texture": "#main"},
				"east": {"uv": [0, 0.625, 0.25, 0.9375], "texture": "#main"},
				"south": {"uv": [0, 0.25, 0.3125, 0.5625], "texture": "#main"},
				"west": {"uv": [0.25, 0.625, 0, 0.9375], "texture": "#main"},
				"up": {"uv": [0.375, 0.25, 0.0625, 0], "texture": "#main"},
				"down": {"uv": [0.375, 0, 0.6875, 0.25], "texture": "#main"}
			}
		},
		{
			"name": "beak",
			"from": [7, 8, -2],
			"to": [9, 9, -1],
			"rotation": {"angle": 0, "axis": "y", "origin": [0, 7, 0]},
			"faces": {
				"north": {"uv": [1, 0.125, 1.3125, 0.3125], "texture": "#main"},
				"east": {"uv": [0.6875, 0, 1, 0.1875], "texture": "#main"},
				"south": {"uv": [1.625, 0, 1.9375, 0.1875], "texture": "#main"},
				"west": {"uv": [1.3125, 0.125, 1.625, 0.3125], "texture": "#main"},
				"up": {"uv": [1, 0.5625, 1.375, 0.3125], "texture": "#main"},
				"down": {"uv": [1.125, 0.8125, 1.5, 0.5625], "texture": "#main"}
			}
		},
		{
			"name": "neck",
			"from": [7, 7, 3],
			"to": [9, 9, 6],
			"rotation": {"angle": 0, "axis": "x", "origin": [0, -1, 0]},
			"faces": {
				"north": {"uv": [3.5, 0, 3.625, 0.125], "rotation": 180, "texture": "#main"},
				"east": {"uv": [3.625, 0.125, 3.75, 0.25], "rotation": 90, "texture": "#main"},
				"south": {"uv": [3.875, 0, 4, 0.1875], "texture": "#main"},
				"west": {"uv": [3.875, 0.1875, 4, 0.3125], "rotation": 270, "texture": "#main"},
				"up": {"uv": [3.625, 0, 3.75, 0.125], "texture": "#main"},
				"down": {"uv": [3.75, 0, 3.875, 0.1875], "rotation": 180, "texture": "#main"}
			}
		},
		{
			"name": "eyebrows",
			"from": [4, 11, -1],
			"to": [12, 13, -1],
			"rotation": {"angle": 0, "axis": "y", "origin": [0, -1, 0]},
			"faces": {
				"north": {"uv": [1.125, 1.4375, 1.9375, 1.6875], "texture": "#main"},
				"east": {"uv": [0, 0, 0, 0.25], "texture": "#main"},
				"south": {"uv": [1.125, 1.4375, 1.9375, 1.6875], "texture": "#main"},
				"west": {"uv": [0, 0, 0, 0.25], "texture": "#main"},
				"up": {"uv": [0, 0, 1, 0], "texture": "#main"},
				"down": {"uv": [0, 0, 1, 0], "texture": "#main"}
			}
		},
		{
			"name": "torso",
			"from": [5, 7, 1],
			"to": [11, 11, 11],
			"rotation": {"angle": 22.5, "axis": "x", "origin": [0, 0, 0]},
			"faces": {
				"north": {"uv": [0.375, 0.5625, 0.75, 0.9375], "texture": "#main"},
				"east": {"uv": [0.6875, 0.9375, 1.125, 1.1875], "texture": "#main"},
				"south": {"uv": [0.75, 0.5625, 1.125, 0.9375], "texture": "#main"},
				"west": {"uv": [0, 0.9375, 0.4375, 1.1875], "texture": "#main"},
				"up": {"uv": [1.125, 0.9375, 1.5, 1.4375], "texture": "#main"},
				"down": {"uv": [0.375, 0.9375, 0.75, 1.4375], "texture": "#main"}
			}
		},
		{
			"name": "tail",
			"from": [6, 3, 10],
			"to": [10, 6, 16],
			"faces": {
				"north": {"uv": [2.25, 1.625, 2.625, 2], "texture": "#main"},
				"east": {"uv": [3.375, 1.625, 3.75, 2], "texture": "#main"},
				"south": {"uv": [2.625, 1.625, 3, 2], "texture": "#main"},
				"west": {"uv": [3, 1.25, 3.375, 1.625], "texture": "#main"},
				"up": {"uv": [3, 1.625, 3.375, 2], "texture": "#main"},
				"down": {"uv": [3.375, 1.25, 3.75, 1.625], "texture": "#main"}
			}
		},
		{
			"name": "tail_end",
			"from": [7, 4, 16],
			"to": [9, 6, 18],
			"faces": {
				"north": {"uv": [2.25, 1.8125, 2.4375, 2], "texture": "#main"},
				"east": {"uv": [1.875, 1.8125, 2.0625, 2], "texture": "#main"},
				"south": {"uv": [1.3125, 1.8125, 1.5, 2], "texture": "#main"},
				"west": {"uv": [2.0625, 1.8125, 2.25, 2], "texture": "#main"},
				"up": {"uv": [1.6875, 1.8125, 1.875, 2], "texture": "#main"},
				"down": {"uv": [1.5, 1.8125, 1.6875, 2], "texture": "#main"}
			}
		},
		{
			"name": "tail_feathers",
			"from": [5, 5, 17],
			"to": [11, 5, 23],
			"faces": {
				"north": {"uv": [0.375, 0.5625, 0.75, 0.9375], "texture": "#main"},
				"east": {"uv": [0.625, 0.9375, 1.125, 1.3125], "texture": "#main"},
				"south": {"uv": [0.75, 0.5625, 1.125, 0.9375], "texture": "#main"},
				"west": {"uv": [0, 0.9375, 0.5, 1.3125], "texture": "#main"},
				"up": {"uv": [0, 1.4375, 1.0625, 2], "texture": "#main"},
				"down": {"uv": [0, 2, 1.0625, 1.4375], "texture": "#main"}
			}
		},
		{
			"name": "left_wing",
			"from": [-2, 8, 5],
			"to": [6, 9, 9],
			"rotation": {"angle": 0, "axis": "y", "origin": [13, 13, 0]},
			"faces": {
				"north": {"uv": [1.9375, 0.8125, 2, 1.1875], "rotation": 90, "texture": "#main"},
				"east": {"uv": [1.875, 1.1875, 1.9375, 1.4375], "rotation": 270, "texture": "#main"},
				"south": {"uv": [1.875, 1.15625, 1.9375, 0.8125], "rotation": 90, "texture": "#main"},
				"west": {"uv": [1.5, 1.1875, 1.5625, 1.4375], "rotation": 90, "texture": "#main"},
				"up": {"uv": [1.9375, 1.1875, 2.375, 1.4375], "rotation": 180, "texture": "#main"},
				"down": {"uv": [1.5, 1.1875, 1.9375, 1.4375], "texture": "#main"}
			}
		},
		{
			"name": "left_wing_feathers",
			"from": [-8, 9, 5],
			"to": [-2, 9, 10],
			"rotation": {"angle": 0, "axis": "x", "origin": [13, 13, 0]},
			"faces": {
				"north": {"uv": [1.1875, 1.96875, 1.25, 1.625], "rotation": 270, "texture": "#main"},
				"east": {"uv": [1.0625, 1.625, 1.125, 1.875], "rotation": 90, "texture": "#main"},
				"south": {"uv": [1.25, 1.625, 1.3125, 2], "rotation": 270, "texture": "#main"},
				"west": {"uv": [1.125, 1.625, 1.1875, 1.875], "rotation": 270, "texture": "#main"},
				"up": {"uv": [2.5625, 1.4375, 1.9375, 1.8125], "texture": "#main"},
				"down": {"uv": [1.9375, 1.4375, 2.5625, 1.8125], "rotation": 180, "texture": "#main"}
			}
		},
		{
			"name": "right_wing",
			"from": [10, 8, 5],
			"to": [18, 9, 9],
			"faces": {
				"north": {"uv": [1.9375, 0.8125, 2, 1.1875], "rotation": 270, "texture": "#main"},
				"east": {"uv": [1.5, 1.1875, 1.5625, 1.4375], "rotation": 270, "texture": "#main"},
				"south": {"uv": [1.875, 1.15625, 1.9375, 0.8125], "rotation": 270, "texture": "#main"},
				"west": {"uv": [1.875, 1.1875, 1.9375, 1.4375], "rotation": 90, "texture": "#main"},
				"up": {"uv": [1.5, 1.1875, 1.9375, 1.4375], "rotation": 180, "texture": "#main"},
				"down": {"uv": [1.9375, 1.1875, 2.375, 1.4375], "texture": "#main"}
			}
		},
		{
			"name": "right_wing_feathers",
			"from": [18, 9, 5],
			"to": [24, 9, 10],
			"faces": {
				"north": {"uv": [1.1875, 1.96875, 1.25, 1.625], "rotation": 90, "texture": "#main"},
				"east": {"uv": [1.125, 1.625, 1.1875, 1.875], "rotation": 90, "texture": "#main"},
				"south": {"uv": [1.25, 1.625, 1.3125, 2], "rotation": 90, "texture": "#main"},
				"west": {"uv": [1.0625, 1.625, 1.125, 1.875], "rotation": 270, "texture": "#main"},
				"up": {"uv": [1.9375, 1.4375, 2.5625, 1.8125], "texture": "#main"},
				"down": {"uv": [2.5625, 1.4375, 1.9375, 1.8125], "rotation": 180, "texture": "#main"}
			}
		},
		{
			"name": "left_thigh",
			"from": [6, 9, 3],
			"to": [7, 11, 6],
			"rotation": {"angle": 45, "axis": "x", "origin": [0, 0, 0]},
			"faces": {
				"north": {"uv": [3.5, 1, 3.75, 1.25], "rotation": 180, "texture": "#main"},
				"east": {"uv": [3.75, 0.625, 3.5, 1], "rotation": 90, "texture": "#main"},
				"south": {"uv": [2.75, 0.75, 3, 1], "texture": "#main"},
				"west": {"uv": [3, 0.625, 3.25, 1], "rotation": 270, "texture": "#main"},
				"up": {"uv": [2.875, 1, 3.125, 1.375], "texture": "#main"},
				"down": {"uv": [3.5, 0.625, 3.25, 1], "rotation": 180, "texture": "#main"}
			}
		},
		{
			"name": "foot",
			"from": [5, -11, 9],
			"to": [8, -8, 9],
			"rotation": {"angle": -45, "axis": "x", "origin": [0, 0, -1]},
			"faces": {
				"north": {"uv": [1.625, 0.0625, 2.75, 0.75], "rotation": 180, "texture": "#main"},
				"east": {"uv": [0, 0, 0.5, 0], "rotation": 90, "texture": "#main"},
				"south": {"uv": [1.625, 0.75, 2.75, 0.0625], "texture": "#main"},
				"west": {"uv": [0, 0, 0.5, 0], "rotation": 270, "texture": "#main"},
				"up": {"uv": [0, 0, 0.75, 0], "texture": "#main"},
				"down": {"uv": [0, 0, 0.75, 0], "rotation": 180, "texture": "#main"}
			}
		},
		{
			"name": "leg",
			"from": [6, 10, 2],
			"to": [7, 10, 7],
			"rotation": {"angle": 45, "axis": "x", "origin": [0, 0, -1]},
			"faces": {
				"north": {"uv": [2.25, 0.8125, 2.3125, 1.125], "rotation": 180, "texture": "#main"},
				"east": {"uv": [0, 0, 0, 0.625], "rotation": 90, "texture": "#main"},
				"south": {"uv": [2.25, 0.8125, 2.3125, 1.125], "texture": "#main"},
				"west": {"uv": [0, 0, 0, 0.625], "rotation": 270, "texture": "#main"},
				"up": {"uv": [2.25, 0.8125, 2.3125, 1.125], "texture": "#main"},
				"down": {"uv": [2.25, 0.8125, 2.3125, 1.125], "rotation": 180, "texture": "#main"}
			}
		},
		{
			"name": "right_thigh",
			"from": [9, -6, 9],
			"to": [10, -3, 11],
			"rotation": {"angle": -45, "axis": "x", "origin": [0, 0, 0]},
			"faces": {
				"north": {"uv": [3.25, 0.625, 3.5, 1], "texture": "#main"},
				"east": {"uv": [3.5, 0.625, 3.75, 1], "texture": "#main"},
				"south": {"uv": [3.75, 0.875, 4, 1.25], "texture": "#main"},
				"west": {"uv": [3.75, 0.5, 4, 0.875], "texture": "#main"},
				"up": {"uv": [3.5, 1, 3.75, 1.25], "texture": "#main"},
				"down": {"uv": [3.25, 1, 3.5, 1.25], "texture": "#main"}
			}
		},
		{
			"name": "foot",
			"from": [8, -11, 9],
			"to": [11, -8, 9],
			"rotation": {"angle": -45, "axis": "x", "origin": [0, 0, -1]},
			"faces": {
				"north": {"uv": [2.75, 0.0625, 1.625, 0.75], "rotation": 180, "texture": "#main"},
				"east": {"uv": [0, 0, 0.5, 0], "rotation": 90, "texture": "#main"},
				"south": {"uv": [2.75, 0.75, 1.625, 0.0625], "texture": "#main"},
				"west": {"uv": [0, 0, 0.5, 0], "rotation": 270, "texture": "#main"},
				"up": {"uv": [0, 0, 0.75, 0], "texture": "#main"},
				"down": {"uv": [0, 0, 0.75, 0], "rotation": 180, "texture": "#main"}
			}
		},
		{
			"name": "leg",
			"from": [9, -8, 9],
			"to": [10, -3, 9],
			"rotation": {"angle": -45, "axis": "x", "origin": [0, 0, -1]},
			"faces": {
				"north": {"uv": [2.25, 0.8125, 2.3125, 1.125], "texture": "#main"},
				"east": {"uv": [0, 0, 0, 0.625], "texture": "#main"},
				"south": {"uv": [2.25, 0.8125, 2.3125, 1.125], "texture": "#main"},
				"west": {"uv": [0, 0, 0, 0.625], "texture": "#main"},
				"up": {"uv": [2.25, 0.8125, 2.3125, 1.125], "texture": "#main"},
				"down": {"uv": [2.25, 0.8125, 2.3125, 1.125], "texture": "#main"}
			}
		}
	],
	"display": {
		"thirdperson_righthand": {
			"rotation": [70, 0, 0],
			"translation": [0.5, -3, 1]
		},
		"thirdperson_lefthand": {
			"rotation": [66, 0, 0],
			"translation": [0, -3.5, 1]
		},
		"firstperson_righthand": {
			"translation": [0.25, 0, 2.5]
		},
		"firstperson_lefthand": {
			"translation": [0.25, 0, 2.5]
		},
		"ground": {
			"translation": [0, 4.25, 0]
		},
		"gui": {
			"rotation": [0, 143, 0],
			"translation": [-1.25, 0, 0],
			"scale": [0.9, 0.9, 0.9]
		},
		"head": {
			"translation": [0, -47, 0],
			"scale": [1.75, 1.75, 1.75]
		},
		"fixed": {
			"translation": [0, 0, 2]
		}
	},
	"groups": [
		0,
		1,
		2,
		3,
		4,
		5,
		6,
		7,
		8,
		9,
		10,
		11,
		12,
		13,
		14,
		15,
		16,
		17,
		18,
		19,
		20,
		21,
		22,
		23,
		24,
		25,
		26,
		27,
		28,
		29,
		30,
		31,
		32,
		33,
		34,
		35,
		36,
		37,
		38,
		39,
		40,
		41,
		42,
		43,
		44,
		45,
		46,
		47,
		48,
		49,
		50,
		51,
		52,
		53,
		54,
		55,
		56,
		57,
		58,
		59,
		60,
		61,
		62,
		63,
		64,
		65,
		66,
		67,
		68,
		69,
		70,
		71,
		{
			"name": "owl",
			"origin": [8, 8, 8],
			"color": 0,
			"children": [
				{
					"name": "head",
					"origin": [8, 8, 8],
					"color": 0,
					"children": [72, 73, 74, 75]
				},
				{
					"name": "body",
					"origin": [0, 0, 0],
					"color": 0,
					"children": [76, 77, 78, 79, 80, 81, 82, 83]
				},
				{
					"name": "legs",
					"origin": [0, 0, 0],
					"color": 0,
					"children": [
						{
							"name": "left",
							"origin": [0, 0, 0],
							"color": 0,
							"children": [84, 85, 86]
						},
						{
							"name": "right",
							"origin": [0, 0, 0],
							"color": 0,
							"children": [87, 88, 89]
						}
					]
				}
			]
		}
	]
}