{
	"credit": "Made with Blockbench",
	"textures": {
		"main": "item/owl/friendly_owl_hurt"
	},
	"elements": [
		{
			"name": "nech",
			"from": [7, 7, 3],
			"to": [9, 9, 6],
			"faces": {
				"north": {"uv": [15, 0, 15.25, 0.25], "rotation": 180, "texture": "#main"},
				"east": {"uv": [15.25, 0.25, 15.5, 0.5], "rotation": 90, "texture": "#main"},
				"south": {"uv": [15.75, 0, 16, 0.375], "texture": "#main"},
				"west": {"uv": [15.75, 0.375, 16, 0.625], "rotation": 270, "texture": "#main"},
				"up": {"uv": [15.25, 0, 15.5, 0.25], "texture": "#main"},
				"down": {"uv": [15.5, 0, 15.75, 0.375], "rotation": 180, "texture": "#main"}
			}
		},
		{
			"name": "head",
			"from": [5, 7, -1],
			"to": [11, 12, 4],
			"rotation": {"angle": 0, "axis": "y", "origin": [0, 7, 0]},
			"faces": {
				"north": {"uv": [13.5, 0, 14.875, 1.25], "texture": "#main"},
				"east": {"uv": [8, 1.25, 8.5, 1.875], "texture": "#main"},
				"south": {"uv": [8, 0.5, 8.625, 1.125], "texture": "#main"},
				"west": {"uv": [8.5, 1.25, 8, 1.875], "texture": "#main"},
				"up": {"uv": [8.75, 0.5, 8.125, 0], "texture": "#main"},
				"down": {"uv": [8.75, 0, 9.375, 0.5], "texture": "#main"}
			}
		},
		{
			"name": "eyebrows",
			"from": [4, 11, -1],
			"to": [12, 13, -1],
			"rotation": {"angle": 0, "axis": "y", "origin": [0, -1, 0]},
			"faces": {
				"north": {"uv": [10.25, 2.875, 11.875, 3.375], "texture": "#main"},
				"east": {"uv": [16, 3.5, 16, 3.4375], "texture": "#main"},
				"south": {"uv": [10.25, 2.875, 11.875, 3.375], "texture": "#main"},
				"west": {"uv": [16, 3.5, 16, 3.4375], "texture": "#main"},
				"up": {"uv": [16, 3.5, 16, 3.4375], "texture": "#main"},
				"down": {"uv": [16, 3.5, 16, 3.4375], "texture": "#main"}
			}
		},
		{
			"name": "beak",
			"from": [7, 8, -2],
			"to": [9, 9, -1],
			"rotation": {"angle": 0, "axis": "y", "origin": [0, 7, 0]},
			"faces": {
				"north": {"uv": [10, 0.25, 10.625, 0.625], "texture": "#main"},
				"east": {"uv": [9.375, 0, 10, 0.375], "texture": "#main"},
				"south": {"uv": [11.25, 0, 11.875, 0.375], "texture": "#main"},
				"west": {"uv": [10.625, 0.25, 11.25, 0.625], "texture": "#main"},
				"up": {"uv": [10, 1.125, 10.75, 0.625], "texture": "#main"},
				"down": {"uv": [10.25, 1.625, 11, 1.125], "texture": "#main"}
			}
		},
		{
			"name": "torso",
			"from": [5, 7, 1],
			"to": [11, 11, 11],
			"rotation": {"angle": 22.5, "axis": "x", "origin": [0, 0, 0]},
			"faces": {
				"north": {"uv": [8.75, 1.125, 9.5, 1.875], "texture": "#main"},
				"east": {"uv": [9.375, 1.875, 10.25, 2.375], "texture": "#main"},
				"south": {"uv": [9.5, 1.125, 10.25, 1.875], "texture": "#main"},
				"west": {"uv": [8, 1.875, 8.875, 2.375], "texture": "#main"},
				"up": {"uv": [10.25, 1.875, 11, 2.875], "texture": "#main"},
				"down": {"uv": [8.75, 1.875, 9.5, 2.875], "texture": "#main"}
			}
		},
		{
			"name": "tail",
			"from": [6, 3, 10],
			"to": [10, 6, 16],
			"faces": {
				"north": {"uv": [12.5, 3.25, 13.25, 4], "texture": "#main"},
				"east": {"uv": [14.75, 3.25, 15.5, 4], "texture": "#main"},
				"south": {"uv": [13.25, 3.25, 14, 4], "texture": "#main"},
				"west": {"uv": [14, 2.5, 14.75, 3.25], "texture": "#main"},
				"up": {"uv": [14, 3.25, 14.75, 4], "texture": "#main"},
				"down": {"uv": [14.75, 2.5, 15.5, 3.25], "texture": "#main"}
			}
		},
		{
			"name": "tail_end",
			"from": [7, 4, 16],
			"to": [9, 6, 18],
			"faces": {
				"north": {"uv": [12.5, 3.625, 12.875, 4], "texture": "#main"},
				"east": {"uv": [11.75, 3.625, 12.125, 4], "texture": "#main"},
				"south": {"uv": [10.625, 3.625, 11, 4], "texture": "#main"},
				"west": {"uv": [12.125, 3.625, 12.5, 4], "texture": "#main"},
				"up": {"uv": [11.375, 3.625, 11.75, 4], "texture": "#main"},
				"down": {"uv": [11, 3.625, 11.375, 4], "texture": "#main"}
			}
		},
		{
			"name": "tail_feathers",
			"from": [5, 5, 17],
			"to": [11, 5, 23],
			"faces": {
				"north": {"uv": [8.75, 1.125, 9.5, 1.875], "texture": "#main"},
				"east": {"uv": [9.25, 1.875, 10.25, 2.625], "texture": "#main"},
				"south": {"uv": [9.5, 1.125, 10.25, 1.875], "texture": "#main"},
				"west": {"uv": [8, 1.875, 9, 2.625], "texture": "#main"},
				"up": {"uv": [8, 2.875, 10.125, 4], "texture": "#main"},
				"down": {"uv": [8, 4, 10.125, 2.875], "texture": "#main"}
			}
		},
		{
			"name": "left_wing",
			"from": [-4, 10, 5],
			"to": [4, 11, 9],
			"rotation": {"angle": 22.5, "axis": "z", "origin": [13, 13, 0]},
			"faces": {
				"north": {"uv": [11.875, 1.625, 12, 2.375], "rotation": 90, "texture": "#main"},
				"east": {"uv": [11.75, 2.375, 11.875, 2.875], "rotation": 270, "texture": "#main"},
				"south": {"uv": [11.75, 2.3125, 11.875, 1.625], "rotation": 90, "texture": "#main"},
				"west": {"uv": [11, 2.375, 11.125, 2.875], "rotation": 90, "texture": "#main"},
				"up": {"uv": [11.875, 2.375, 12.75, 2.875], "rotation": 180, "texture": "#main"},
				"down": {"uv": [11, 2.375, 11.875, 2.875], "texture": "#main"}
			}
		},
		{
			"name": "left_wing_feathers",
			"from": [-10, 11, 5],
			"to": [-4, 11, 10],
			"rotation": {"angle": 22.5, "axis": "z", "origin": [13, 13, 0]},
			"faces": {
				"north": {"uv": [10.375, 3.9375, 10.5, 3.25], "rotation": 270, "texture": "#main"},
				"east": {"uv": [10.125, 3.25, 10.25, 3.75], "rotation": 90, "texture": "#main"},
				"south": {"uv": [10.5, 3.25, 10.625, 4], "rotation": 270, "texture": "#main"},
				"west": {"uv": [10.25, 3.25, 10.375, 3.75], "rotation": 270, "texture": "#main"},
				"up": {"uv": [13.125, 2.875, 11.875, 3.625], "texture": "#main"},
				"down": {"uv": [11.875, 2.875, 13.125, 3.625], "rotation": 180, "texture": "#main"}
			}
		},
		{
			"name": "right_wing",
			"from": [7, 10, 5],
			"to": [15, 11, 9],
			"rotation": {"angle": -22.5, "axis": "z", "origin": [0, 0, 0]},
			"faces": {
				"north": {"uv": [11.875, 1.625, 12, 2.375], "rotation": 270, "texture": "#main"},
				"east": {"uv": [11, 2.375, 11.125, 2.875], "rotation": 270, "texture": "#main"},
				"south": {"uv": [11.75, 2.3125, 11.875, 1.625], "rotation": 270, "texture": "#main"},
				"west": {"uv": [11.75, 2.375, 11.875, 2.875], "rotation": 90, "texture": "#main"},
				"up": {"uv": [11, 2.375, 11.875, 2.875], "rotation": 180, "texture": "#main"},
				"down": {"uv": [11.875, 2.375, 12.75, 2.875], "texture": "#main"}
			}
		},
		{
			"name": "right_wing_feathers",
			"from": [15, 11, 5],
			"to": [21, 11, 10],
			"rotation": {"angle": -22.5, "axis": "z", "origin": [0, 0, 0]},
			"faces": {
				"north": {"uv": [10.375, 3.9375, 10.5, 3.25], "rotation": 90, "texture": "#main"},
				"east": {"uv": [10.25, 3.25, 10.375, 3.75], "rotation": 90, "texture": "#main"},
				"south": {"uv": [10.5, 3.25, 10.625, 4], "rotation": 90, "texture": "#main"},
				"west": {"uv": [10.125, 3.25, 10.25, 3.75], "rotation": 270, "texture": "#main"},
				"up": {"uv": [11.875, 2.875, 13.125, 3.625], "texture": "#main"},
				"down": {"uv": [13.125, 2.875, 11.875, 3.625], "rotation": 180, "texture": "#main"}
			}
		},
		{
			"name": "left_thigh",
			"from": [6, 9, 3],
			"to": [7, 11, 6],
			"rotation": {"angle": 45, "axis": "x", "origin": [0, 0, 0]},
			"faces": {
				"north": {"uv": [15, 2, 15.5, 2.5], "rotation": 180, "texture": "#main"},
				"east": {"uv": [15.5, 1.25, 15, 2], "rotation": 90, "texture": "#main"},
				"south": {"uv": [13.5, 1.5, 14, 2], "texture": "#main"},
				"west": {"uv": [14, 1.25, 14.5, 2], "rotation": 270, "texture": "#main"},
				"up": {"uv": [13.75, 2, 14.25, 2.75], "texture": "#main"},
				"down": {"uv": [15, 1.25, 14.5, 2], "rotation": 180, "texture": "#main"}
			}
		},
		{
			"name": "foot",
			"from": [5, -11, 9],
			"to": [8, -8, 9],
			"rotation": {"angle": -45, "axis": "x", "origin": [0, 0, -1]},
			"faces": {
				"north": {"uv": [11.25, 0.125, 13.5, 1.5], "rotation": 180, "texture": "#main"},
				"east": {"uv": [10, 3, 10.125, 3.125], "rotation": 90, "texture": "#main"},
				"south": {"uv": [11.25, 1.5, 13.5, 0.125], "texture": "#main"},
				"west": {"uv": [10, 3, 10.125, 3.125], "rotation": 90, "texture": "#main"},
				"up": {"uv": [10, 3, 10.125, 3.125], "rotation": 90, "texture": "#main"},
				"down": {"uv": [10, 3, 10.125, 3.125], "rotation": 90, "texture": "#main"}
			}
		},
		{
			"name": "leg",
			"from": [6, 10, 2],
			"to": [7, 10, 7],
			"rotation": {"angle": 45, "axis": "x", "origin": [0, 0, -1]},
			"faces": {
				"north": {"uv": [12.5, 1.625, 12.625, 2.25], "rotation": 180, "texture": "#main"},
				"east": {"uv": [8, 0, 8, 1.25], "rotation": 90, "texture": "#main"},
				"south": {"uv": [12.5, 1.625, 12.625, 2.25], "texture": "#main"},
				"west": {"uv": [8, 0, 8, 1.25], "rotation": 270, "texture": "#main"},
				"up": {"uv": [12.5, 1.625, 12.625, 2.25], "texture": "#main"},
				"down": {"uv": [12.5, 1.625, 12.625, 2.25], "rotation": 180, "texture": "#main"}
			}
		},
		{
			"name": "right_thigh",
			"from": [9, -6, 9],
			"to": [10, -3, 11],
			"rotation": {"angle": -45, "axis": "x", "origin": [0, 0, 0]},
			"faces": {
				"north": {"uv": [14.5, 1.25, 15, 2], "texture": "#main"},
				"east": {"uv": [15, 1.25, 15.5, 2], "texture": "#main"},
				"south": {"uv": [15.5, 1.75, 16, 2.5], "texture": "#main"},
				"west": {"uv": [15.5, 1, 16, 1.75], "texture": "#main"},
				"up": {"uv": [15, 2, 15.5, 2.5], "texture": "#main"},
				"down": {"uv": [14.5, 2, 15, 2.5], "texture": "#main"}
			}
		},
		{
			"name": "foot",
			"from": [8, -11, 9],
			"to": [11, -8, 9],
			"rotation": {"angle": -45, "axis": "x", "origin": [0, 0, -1]},
			"faces": {
				"north": {"uv": [13.5, 0.125, 11.25, 1.5], "rotation": 180, "texture": "#main"},
				"east": {"uv": [10, 3, 10.125, 3.125], "rotation": 90, "texture": "#main"},
				"south": {"uv": [13.5, 1.5, 11.25, 0.125], "texture": "#main"},
				"west": {"uv": [10, 3, 10.125, 3.125], "rotation": 90, "texture": "#main"},
				"up": {"uv": [10, 3, 10.125, 3.125], "rotation": 90, "texture": "#main"},
				"down": {"uv": [10, 3, 10.125, 3.125], "rotation": 90, "texture": "#main"}
			}
		},
		{
			"name": "leg",
			"from": [9, -8, 9],
			"to": [10, -3, 9],
			"rotation": {"angle": -45, "axis": "x", "origin": [0, 0, -1]},
			"faces": {
				"north": {"uv": [12.5, 2.25, 12.625, 1.625], "rotation": 180, "texture": "#main"},
				"east": {"uv": [10, 3, 10.125, 3.125], "rotation": 90, "texture": "#main"},
				"south": {"uv": [12.5, 2.25, 12.625, 1.625], "rotation": 180, "texture": "#main"},
				"west": {"uv": [10, 3, 10.125, 3.125], "rotation": 90, "texture": "#main"},
				"up": {"uv": [10, 3, 10.125, 3.125], "rotation": 90, "texture": "#main"},
				"down": {"uv": [10.5, 3, 10.625, 3.125], "rotation": 90, "texture": "#main"}
			}
		},
		{
			"name": "nech",
			"from": [7, 7, 3],
			"to": [9, 9, 6],
			"faces": {
				"north": {"uv": [7, 8, 7.25, 8.25], "rotation": 180, "texture": "#main"},
				"east": {"uv": [7.25, 8.25, 7.5, 8.5], "rotation": 90, "texture": "#main"},
				"south": {"uv": [7.75, 8, 8, 8.375], "texture": "#main"},
				"west": {"uv": [7.75, 8.375, 8, 8.625], "rotation": 270, "texture": "#main"},
				"up": {"uv": [7.25, 8, 7.5, 8.25], "texture": "#main"},
				"down": {"uv": [7.5, 8, 7.75, 8.375], "rotation": 180, "texture": "#main"}
			}
		},
		{
			"name": "head",
			"from": [5, 7, -1],
			"to": [11, 12, 4],
			"rotation": {"angle": 0, "axis": "y", "origin": [0, 7, 0]},
			"faces": {
				"north": {"uv": [5.5, 8, 6.875, 9.25], "texture": "#main"},
				"east": {"uv": [0, 9.25, 0.5, 9.875], "texture": "#main"},
				"south": {"uv": [0, 8.5, 0.625, 9.125], "texture": "#main"},
				"west": {"uv": [0.5, 9.25, 0, 9.875], "texture": "#main"},
				"up": {"uv": [0.75, 8.5, 0.125, 8], "texture": "#main"},
				"down": {"uv": [0.75, 8, 1.375, 8.5], "texture": "#main"}
			}
		},
		{
			"name": "eyebrows",
			"from": [4, 11, -1],
			"to": [12, 13, -1],
			"rotation": {"angle": 0, "axis": "y", "origin": [0, -1, 0]},
			"faces": {
				"north": {"uv": [2.25, 10.875, 3.875, 11.375], "texture": "#main"},
				"east": {"uv": [8, 11.5, 8, 11.4375], "texture": "#main"},
				"south": {"uv": [2.25, 10.875, 3.875, 11.375], "texture": "#main"},
				"west": {"uv": [8, 11.5, 8, 11.4375], "texture": "#main"},
				"up": {"uv": [8, 11.5, 8, 11.4375], "texture": "#main"},
				"down": {"uv": [8, 11.5, 8, 11.4375], "texture": "#main"}
			}
		},
		{
			"name": "beak",
			"from": [7, 8, -2],
			"to": [9, 9, -1],
			"rotation": {"angle": 0, "axis": "y", "origin": [0, 7, 0]},
			"faces": {
				"north": {"uv": [2, 8.25, 2.625, 8.625], "texture": "#main"},
				"east": {"uv": [1.375, 8, 2, 8.375], "texture": "#main"},
				"south": {"uv": [3.25, 8, 3.875, 8.375], "texture": "#main"},
				"west": {"uv": [2.625, 8.25, 3.25, 8.625], "texture": "#main"},
				"up": {"uv": [2, 9.125, 2.75, 8.625], "texture": "#main"},
				"down": {"uv": [2.25, 9.625, 3, 9.125], "texture": "#main"}
			}
		},
		{
			"name": "torso",
			"from": [5, 7, 1],
			"to": [11, 11, 11],
			"rotation": {"angle": 22.5, "axis": "x", "origin": [0, 0, 0]},
			"faces": {
				"north": {"uv": [0.75, 9.125, 1.5, 9.875], "texture": "#main"},
				"east": {"uv": [1.375, 9.875, 2.25, 10.375], "texture": "#main"},
				"south": {"uv": [1.5, 9.125, 2.25, 9.875], "texture": "#main"},
				"west": {"uv": [0, 9.875, 0.875, 10.375], "texture": "#main"},
				"up": {"uv": [2.25, 9.875, 3, 10.875], "texture": "#main"},
				"down": {"uv": [0.75, 9.875, 1.5, 10.875], "texture": "#main"}
			}
		},
		{
			"name": "tail",
			"from": [6, 3, 10],
			"to": [10, 6, 16],
			"faces": {
				"north": {"uv": [4.5, 11.25, 5.25, 12], "texture": "#main"},
				"east": {"uv": [6.75, 11.25, 7.5, 12], "texture": "#main"},
				"south": {"uv": [5.25, 11.25, 6, 12], "texture": "#main"},
				"west": {"uv": [6, 10.5, 6.75, 11.25], "texture": "#main"},
				"up": {"uv": [6, 11.25, 6.75, 12], "texture": "#main"},
				"down": {"uv": [6.75, 10.5, 7.5, 11.25], "texture": "#main"}
			}
		},
		{
			"name": "tail_end",
			"from": [7, 4, 16],
			"to": [9, 6, 18],
			"faces": {
				"north": {"uv": [4.5, 11.625, 4.875, 12], "texture": "#main"},
				"east": {"uv": [3.75, 11.625, 4.125, 12], "texture": "#main"},
				"south": {"uv": [2.625, 11.625, 3, 12], "texture": "#main"},
				"west": {"uv": [4.125, 11.625, 4.5, 12], "texture": "#main"},
				"up": {"uv": [3.375, 11.625, 3.75, 12], "texture": "#main"},
				"down": {"uv": [3, 11.625, 3.375, 12], "texture": "#main"}
			}
		},
		{
			"name": "tail_feathers",
			"from": [5, 5, 17],
			"to": [11, 5, 23],
			"faces": {
				"north": {"uv": [0.75, 9.125, 1.5, 9.875], "texture": "#main"},
				"east": {"uv": [1.25, 9.875, 2.25, 10.625], "texture": "#main"},
				"south": {"uv": [1.5, 9.125, 2.25, 9.875], "texture": "#main"},
				"west": {"uv": [0, 9.875, 1, 10.625], "texture": "#main"},
				"up": {"uv": [0, 10.875, 2.125, 12], "texture": "#main"},
				"down": {"uv": [0, 12, 2.125, 10.875], "texture": "#main"}
			}
		},
		{
			"name": "left_wing",
			"from": [0, 5, 5],
			"to": [8, 6, 9],
			"rotation": {"angle": -22.5, "axis": "z", "origin": [13, 13, 0]},
			"faces": {
				"north": {"uv": [3.875, 9.625, 4, 10.375], "rotation": 90, "texture": "#main"},
				"east": {"uv": [3.75, 10.375, 3.875, 10.875], "rotation": 270, "texture": "#main"},
				"south": {"uv": [3.75, 10.3125, 3.875, 9.625], "rotation": 90, "texture": "#main"},
				"west": {"uv": [3, 10.375, 3.125, 10.875], "rotation": 90, "texture": "#main"},
				"up": {"uv": [3.875, 10.375, 4.75, 10.875], "rotation": 180, "texture": "#main"},
				"down": {"uv": [3, 10.375, 3.875, 10.875], "texture": "#main"}
			}
		},
		{
			"name": "left_wing_feathers",
			"from": [-6, 6, 5],
			"to": [0, 6, 10],
			"rotation": {"angle": -22.5, "axis": "z", "origin": [13, 13, 0]},
			"faces": {
				"north": {"uv": [2.375, 11.9375, 2.5, 11.25], "rotation": 270, "texture": "#main"},
				"east": {"uv": [2.125, 11.25, 2.25, 11.75], "rotation": 90, "texture": "#main"},
				"south": {"uv": [2.5, 11.25, 2.625, 12], "rotation": 270, "texture": "#main"},
				"west": {"uv": [2.25, 11.25, 2.375, 11.75], "rotation": 270, "texture": "#main"},
				"up": {"uv": [5.125, 10.875, 3.875, 11.625], "texture": "#main"},
				"down": {"uv": [3.875, 10.875, 5.125, 11.625], "rotation": 180, "texture": "#main"}
			}
		},
		{
			"name": "right_wing",
			"from": [13, 3, 5],
			"to": [21, 4, 9],
			"rotation": {"angle": 22.5, "axis": "z", "origin": [0, 0, 0]},
			"faces": {
				"north": {"uv": [3.875, 9.625, 4, 10.375], "rotation": 270, "texture": "#main"},
				"east": {"uv": [3, 10.375, 3.125, 10.875], "rotation": 270, "texture": "#main"},
				"south": {"uv": [3.75, 10.3125, 3.875, 9.625], "rotation": 270, "texture": "#main"},
				"west": {"uv": [3.75, 10.375, 3.875, 10.875], "rotation": 90, "texture": "#main"},
				"up": {"uv": [3, 10.375, 3.875, 10.875], "rotation": 180, "texture": "#main"},
				"down": {"uv": [3.875, 10.375, 4.75, 10.875], "texture": "#main"}
			}
		},
		{
			"name": "right_wing_feathers",
			"from": [21, 4, 5],
			"to": [27, 4, 10],
			"rotation": {"angle": 22.5, "axis": "z", "origin": [0, 0, 0]},
			"faces": {
				"north": {"uv": [2.375, 11.9375, 2.5, 11.25], "rotation": 90, "texture": "#main"},
				"east": {"uv": [2.25, 11.25, 2.375, 11.75], "rotation": 90, "texture": "#main"},
				"south": {"uv": [2.5, 11.25, 2.625, 12], "rotation": 90, "texture": "#main"},
				"west": {"uv": [2.125, 11.25, 2.25, 11.75], "rotation": 270, "texture": "#main"},
				"up": {"uv": [3.875, 10.875, 5.125, 11.625], "texture": "#main"},
				"down": {"uv": [5.125, 10.875, 3.875, 11.625], "rotation": 180, "texture": "#main"}
			}
		},
		{
			"name": "left_thigh",
			"from": [6, 9, 3],
			"to": [7, 11, 6],
			"rotation": {"angle": 45, "axis": "x", "origin": [0, 0, 0]},
			"faces": {
				"north": {"uv": [7, 10, 7.5, 10.5], "rotation": 180, "texture": "#main"},
				"east": {"uv": [7.5, 9.25, 7, 10], "rotation": 90, "texture": "#main"},
				"south": {"uv": [5.5, 9.5, 6, 10], "texture": "#main"},
				"west": {"uv": [6, 9.25, 6.5, 10], "rotation": 270, "texture": "#main"},
				"up": {"uv": [5.75, 10, 6.25, 10.75], "texture": "#main"},
				"down": {"uv": [7, 9.25, 6.5, 10], "rotation": 180, "texture": "#main"}
			}
		},
		{
			"name": "foot",
			"from": [5, -11, 9],
			"to": [8, -8, 9],
			"rotation": {"angle": -45, "axis": "x", "origin": [0, 0, -1]},
			"faces": {
				"north": {"uv": [3.25, 8.125, 5.5, 9.5], "rotation": 180, "texture": "#main"},
				"east": {"uv": [0, 8, 1, 8], "rotation": 90, "texture": "#main"},
				"south": {"uv": [3.25, 9.5, 5.5, 8.125], "texture": "#main"},
				"west": {"uv": [0, 8, 1, 8], "rotation": 270, "texture": "#main"},
				"up": {"uv": [0, 8, 1.5, 8], "texture": "#main"},
				"down": {"uv": [0, 8, 1.5, 8], "rotation": 180, "texture": "#main"}
			}
		},
		{
			"name": "leg",
			"from": [6, 10, 2],
			"to": [7, 10, 7],
			"rotation": {"angle": 45, "axis": "x", "origin": [0, 0, -1]},
			"faces": {
				"north": {"uv": [4.5, 9.625, 4.625, 10.25], "rotation": 180, "texture": "#main"},
				"east": {"uv": [0, 8, 0, 9.25], "rotation": 90, "texture": "#main"},
				"south": {"uv": [4.5, 9.625, 4.625, 10.25], "texture": "#main"},
				"west": {"uv": [0, 8, 0, 9.25], "rotation": 270, "texture": "#main"},
				"up": {"uv": [4.5, 9.625, 4.625, 10.25], "texture": "#main"},
				"down": {"uv": [4.5, 9.625, 4.625, 10.25], "rotation": 180, "texture": "#main"}
			}
		},
		{
			"name": "right_thigh",
			"from": [9, -6, 9],
			"to": [10, -3, 11],
			"rotation": {"angle": -45, "axis": "x", "origin": [0, 0, 0]},
			"faces": {
				"north": {"uv": [6.5, 9.25, 7, 10], "texture": "#main"},
				"east": {"uv": [7, 9.25, 7.5, 10], "texture": "#main"},
				"south": {"uv": [7.5, 9.75, 8, 10.5], "texture": "#main"},
				"west": {"uv": [7.5, 9, 8, 9.75], "texture": "#main"},
				"up": {"uv": [7, 10, 7.5, 10.5], "texture": "#main"},
				"down": {"uv": [6.5, 10, 7, 10.5], "texture": "#main"}
			}
		},
		{
			"name": "foot",
			"from": [8, -11, 9],
			"to": [11, -8, 9],
			"rotation": {"angle": -45, "axis": "x", "origin": [0, 0, -1]},
			"faces": {
				"north": {"uv": [5.5, 8.125, 3.25, 9.5], "rotation": 180, "texture": "#main"},
				"east": {"uv": [0, 8, 1, 8], "rotation": 90, "texture": "#main"},
				"south": {"uv": [5.5, 9.5, 3.25, 8.125], "texture": "#main"},
				"west": {"uv": [0, 8, 1, 8], "rotation": 270, "texture": "#main"},
				"up": {"uv": [0, 8, 1.5, 8], "texture": "#main"},
				"down": {"uv": [0, 8, 1.5, 8], "rotation": 180, "texture": "#main"}
			}
		},
		{
			"name": "leg",
			"from": [9, -8, 9],
			"to": [10, -3, 9],
			"rotation": {"angle": -45, "axis": "x", "origin": [0, 0, -1]},
			"faces": {
				"north": {"uv": [4.5, 9.625, 4.625, 10.25], "texture": "#main"},
				"east": {"uv": [0, 8, 0, 9.25], "texture": "#main"},
				"south": {"uv": [4.5, 9.625, 4.625, 10.25], "texture": "#main"},
				"west": {"uv": [0, 8, 0, 9.25], "texture": "#main"},
				"up": {"uv": [4.5, 9.625, 4.625, 10.25], "texture": "#main"},
				"down": {"uv": [4.5, 9.625, 4.625, 10.25], "texture": "#main"}
			}
		},
		{
			"name": "head",
			"from": [5, 7, -1],
			"to": [11, 12, 4],
			"rotation": {"angle": 0, "axis": "y", "origin": [0, 7, 0]},
			"faces": {
				"north": {"uv": [5.5, 0, 6.875, 1.25], "texture": "#main"},
				"east": {"uv": [0, 1.25, 0.5, 1.875], "texture": "#main"},
				"south": {"uv": [0, 0.5, 0.625, 1.125], "texture": "#main"},
				"west": {"uv": [0.5, 1.25, 0, 1.875], "texture": "#main"},
				"up": {"uv": [0.75, 0.5, 0.125, 0], "texture": "#main"},
				"down": {"uv": [0.75, 0, 1.375, 0.5], "texture": "#main"}
			}
		},
		{
			"name": "eyebrows",
			"from": [4, 11, -1],
			"to": [12, 13, -1],
			"rotation": {"angle": 0, "axis": "y", "origin": [0, -1, 0]},
			"faces": {
				"north": {"uv": [2.25, 2.875, 3.875, 3.375], "texture": "#main"},
				"east": {"uv": [8, 3.5, 8, 3.4375], "texture": "#main"},
				"south": {"uv": [2.25, 2.875, 3.875, 3.375], "texture": "#main"},
				"west": {"uv": [8, 3.5, 8, 3.4375], "texture": "#main"},
				"up": {"uv": [8, 3.5, 8, 3.4375], "texture": "#main"},
				"down": {"uv": [8, 3.5, 8, 3.4375], "texture": "#main"}
			}
		},
		{
			"name": "beak",
			"from": [7, 8, -2],
			"to": [9, 9, -1],
			"rotation": {"angle": 0, "axis": "y", "origin": [0, 7, 0]},
			"faces": {
				"north": {"uv": [2, 0.25, 2.625, 0.625], "texture": "#main"},
				"east": {"uv": [1.375, 0, 2, 0.375], "texture": "#main"},
				"south": {"uv": [3.25, 0, 3.875, 0.375], "texture": "#main"},
				"west": {"uv": [2.625, 0.25, 3.25, 0.625], "texture": "#main"},
				"up": {"uv": [2, 1.125, 2.75, 0.625], "texture": "#main"},
				"down": {"uv": [2.25, 1.625, 3, 1.125], "texture": "#main"}
			}
		},
		{
			"name": "nech",
			"from": [7, 7, 3],
			"to": [9, 9, 6],
			"faces": {
				"north": {"uv": [7, 0, 7.25, 0.25], "rotation": 180, "texture": "#main"},
				"east": {"uv": [7.25, 0.25, 7.5, 0.5], "rotation": 90, "texture": "#main"},
				"south": {"uv": [7.75, 0, 8, 0.375], "texture": "#main"},
				"west": {"uv": [7.75, 0.375, 8, 0.625], "rotation": 270, "texture": "#main"},
				"up": {"uv": [7.25, 0, 7.5, 0.25], "texture": "#main"},
				"down": {"uv": [7.5, 0, 7.75, 0.375], "rotation": 180, "texture": "#main"}
			}
		},
		{
			"name": "torso",
			"from": [5, 7, 1],
			"to": [11, 11, 11],
			"rotation": {"angle": 22.5, "axis": "x", "origin": [0, 0, 0]},
			"faces": {
				"north": {"uv": [0.75, 1.125, 1.5, 1.875], "texture": "#main"},
				"east": {"uv": [1.375, 1.875, 2.25, 2.375], "texture": "#main"},
				"south": {"uv": [1.5, 1.125, 2.25, 1.875], "texture": "#main"},
				"west": {"uv": [0, 1.875, 0.875, 2.375], "texture": "#main"},
				"up": {"uv": [2.25, 1.875, 3, 2.875], "texture": "#main"},
				"down": {"uv": [0.75, 1.875, 1.5, 2.875], "texture": "#main"}
			}
		},
		{
			"name": "tail",
			"from": [6, 3, 10],
			"to": [10, 6, 16],
			"faces": {
				"north": {"uv": [4.5, 3.25, 5.25, 4], "texture": "#main"},
				"east": {"uv": [6.75, 3.25, 7.5, 4], "texture": "#main"},
				"south": {"uv": [5.25, 3.25, 6, 4], "texture": "#main"},
				"west": {"uv": [6, 2.5, 6.75, 3.25], "texture": "#main"},
				"up": {"uv": [6, 3.25, 6.75, 4], "texture": "#main"},
				"down": {"uv": [6.75, 2.5, 7.5, 3.25], "texture": "#main"}
			}
		},
		{
			"name": "tail_end",
			"from": [7, 4, 16],
			"to": [9, 6, 18],
			"faces": {
				"north": {"uv": [4.5, 3.625, 4.875, 4], "texture": "#main"},
				"east": {"uv": [3.75, 3.625, 4.125, 4], "texture": "#main"},
				"south": {"uv": [2.625, 3.625, 3, 4], "texture": "#main"},
				"west": {"uv": [4.125, 3.625, 4.5, 4], "texture": "#main"},
				"up": {"uv": [3.375, 3.625, 3.75, 4], "texture": "#main"},
				"down": {"uv": [3, 3.625, 3.375, 4], "texture": "#main"}
			}
		},
		{
			"name": "tail_feathers",
			"from": [5, 5, 17],
			"to": [11, 5, 23],
			"faces": {
				"north": {"uv": [0.75, 1.125, 1.5, 1.875], "texture": "#main"},
				"east": {"uv": [1.25, 1.875, 2.25, 2.625], "texture": "#main"},
				"south": {"uv": [1.5, 1.125, 2.25, 1.875], "texture": "#main"},
				"west": {"uv": [0, 1.875, 1, 2.625], "texture": "#main"},
				"up": {"uv": [0, 2.875, 2.125, 4], "texture": "#main"},
				"down": {"uv": [0, 4, 2.125, 2.875], "texture": "#main"}
			}
		},
		{
			"name": "left_wing",
			"from": [-2, 8, 5],
			"to": [6, 9, 9],
			"rotation": {"angle": 0, "axis": "y", "origin": [13, 13, 0]},
			"faces": {
				"north": {"uv": [3.875, 1.625, 4, 2.375], "rotation": 90, "texture": "#main"},
				"east": {"uv": [3.75, 2.375, 3.875, 2.875], "rotation": 270, "texture": "#main"},
				"south": {"uv": [3.75, 2.3125, 3.875, 1.625], "rotation": 90, "texture": "#main"},
				"west": {"uv": [3, 2.375, 3.125, 2.875], "rotation": 90, "texture": "#main"},
				"up": {"uv": [3.875, 2.375, 4.75, 2.875], "rotation": 180, "texture": "#main"},
				"down": {"uv": [3, 2.375, 3.875, 2.875], "texture": "#main"}
			}
		},
		{
			"name": "left_wing_feathers",
			"from": [-8, 9, 5],
			"to": [-2, 9, 10],
			"rotation": {"angle": 0, "axis": "y", "origin": [13, 13, 0]},
			"faces": {
				"north": {"uv": [2.375, 3.9375, 2.5, 3.25], "rotation": 270, "texture": "#main"},
				"east": {"uv": [2.125, 3.25, 2.25, 3.75], "rotation": 90, "texture": "#main"},
				"south": {"uv": [2.5, 3.25, 2.625, 4], "rotation": 270, "texture": "#main"},
				"west": {"uv": [2.25, 3.25, 2.375, 3.75], "rotation": 270, "texture": "#main"},
				"up": {"uv": [5.125, 2.875, 3.875, 3.625], "texture": "#main"},
				"down": {"uv": [3.875, 2.875, 5.125, 3.625], "rotation": 180, "texture": "#main"}
			}
		},
		{
			"name": "right_wing",
			"from": [10, 8, 5],
			"to": [18, 9, 9],
			"faces": {
				"north": {"uv": [3.875, 1.625, 4, 2.375], "rotation": 270, "texture": "#main"},
				"east": {"uv": [3, 2.375, 3.125, 2.875], "rotation": 270, "texture": "#main"},
				"south": {"uv": [3.75, 2.3125, 3.875, 1.625], "rotation": 270, "texture": "#main"},
				"west": {"uv": [3.75, 2.375, 3.875, 2.875], "rotation": 90, "texture": "#main"},
				"up": {"uv": [3, 2.375, 3.875, 2.875], "rotation": 180, "texture": "#main"},
				"down": {"uv": [3.875, 2.375, 4.75, 2.875], "texture": "#main"}
			}
		},
		{
			"name": "right_wing_feathers",
			"from": [18, 9, 5],
			"to": [24, 9, 10],
			"faces": {
				"north": {"uv": [2.375, 3.9375, 2.5, 3.25], "rotation": 90, "texture": "#main"},
				"east": {"uv": [2.25, 3.25, 2.375, 3.75], "rotation": 90, "texture": "#main"},
				"south": {"uv": [2.5, 3.25, 2.625, 4], "rotation": 90, "texture": "#main"},
				"west": {"uv": [2.125, 3.25, 2.25, 3.75], "rotation": 270, "texture": "#main"},
				"up": {"uv": [3.875, 2.875, 5.125, 3.625], "texture": "#main"},
				"down": {"uv": [5.125, 2.875, 3.875, 3.625], "rotation": 180, "texture": "#main"}
			}
		},
		{
			"name": "left_thigh",
			"from": [6, 9, 3],
			"to": [7, 11, 6],
			"rotation": {"angle": 45, "axis": "x", "origin": [0, 0, 0]},
			"faces": {
				"north": {"uv": [7, 2, 7.5, 2.5], "rotation": 180, "texture": "#main"},
				"east": {"uv": [7.5, 1.25, 7, 2], "rotation": 90, "texture": "#main"},
				"south": {"uv": [5.5, 1.5, 6, 2], "texture": "#main"},
				"west": {"uv": [6, 1.25, 6.5, 2], "rotation": 270, "texture": "#main"},
				"up": {"uv": [5.75, 2, 6.25, 2.75], "texture": "#main"},
				"down": {"uv": [7, 1.25, 6.5, 2], "rotation": 180, "texture": "#main"}
			}
		},
		{
			"name": "foot",
			"from": [5, -11, 9],
			"to": [8, -8, 9],
			"rotation": {"angle": -45, "axis": "x", "origin": [0, 0, -1]},
			"faces": {
				"north": {"uv": [3.25, 0.125, 5.5, 1.5], "rotation": 180, "texture": "#main"},
				"east": {"uv": [0, 0, 1, 0], "rotation": 90, "texture": "#main"},
				"south": {"uv": [3.25, 1.5, 5.5, 0.125], "texture": "#main"},
				"west": {"uv": [0, 0, 1, 0], "rotation": 270, "texture": "#main"},
				"up": {"uv": [0, 0, 1.5, 0], "texture": "#main"},
				"down": {"uv": [0, 0, 1.5, 0], "rotation": 180, "texture": "#main"}
			}
		},
		{
			"name": "leg",
			"from": [6, 10, 2],
			"to": [7, 10, 7],
			"rotation": {"angle": 45, "axis": "x", "origin": [0, 0, -1]},
			"faces": {
				"north": {"uv": [4.5, 1.625, 4.625, 2.25], "rotation": 180, "texture": "#main"},
				"east": {"uv": [0, 0, 0, 1.25], "rotation": 90, "texture": "#main"},
				"south": {"uv": [4.5, 1.625, 4.625, 2.25], "texture": "#main"},
				"west": {"uv": [0, 0, 0, 1.25], "rotation": 270, "texture": "#main"},
				"up": {"uv": [4.5, 1.625, 4.625, 2.25], "texture": "#main"},
				"down": {"uv": [4.5, 1.625, 4.625, 2.25], "rotation": 180, "texture": "#main"}
			}
		},
		{
			"name": "right_thigh",
			"from": [9, -6, 9],
			"to": [10, -3, 11],
			"rotation": {"angle": -45, "axis": "x", "origin": [0, 0, 0]},
			"faces": {
				"north": {"uv": [6.5, 1.25, 7, 2], "texture": "#main"},
				"east": {"uv": [7, 1.25, 7.5, 2], "texture": "#main"},
				"south": {"uv": [7.5, 1.75, 8, 2.5], "texture": "#main"},
				"west": {"uv": [7.5, 1, 8, 1.75], "texture": "#main"},
				"up": {"uv": [7, 2, 7.5, 2.5], "texture": "#main"},
				"down": {"uv": [6.5, 2, 7, 2.5], "texture": "#main"}
			}
		},
		{
			"name": "foot",
			"from": [8, -11, 9],
			"to": [11, -8, 9],
			"rotation": {"angle": -45, "axis": "x", "origin": [0, 0, -1]},
			"faces": {
				"north": {"uv": [5.5, 0.125, 3.25, 1.5], "rotation": 180, "texture": "#main"},
				"east": {"uv": [0, 0, 1, 0], "rotation": 90, "texture": "#main"},
				"south": {"uv": [5.5, 1.5, 3.25, 0.125], "texture": "#main"},
				"west": {"uv": [0, 0, 1, 0], "rotation": 270, "texture": "#main"},
				"up": {"uv": [0, 0, 1.5, 0], "texture": "#main"},
				"down": {"uv": [0, 0, 1.5, 0], "rotation": 180, "texture": "#main"}
			}
		},
		{
			"name": "leg",
			"from": [9, -8, 9],
			"to": [10, -3, 9],
			"rotation": {"angle": -45, "axis": "x", "origin": [0, 0, -1]},
			"faces": {
				"north": {"uv": [4.5, 1.625, 4.625, 2.25], "texture": "#main"},
				"east": {"uv": [0, 0, 0, 1.25], "texture": "#main"},
				"south": {"uv": [4.5, 1.625, 4.625, 2.25], "texture": "#main"},
				"west": {"uv": [0, 0, 0, 1.25], "texture": "#main"},
				"up": {"uv": [4.5, 1.625, 4.625, 2.25], "texture": "#main"},
				"down": {"uv": [4.5, 1.625, 4.625, 2.25], "texture": "#main"}
			}
		}
	],
	"display": {
		"thirdperson_righthand": {
			"rotation": [70, 0, 0],
			"translation": [0.5, -3, 1]
		},
		"thirdperson_lefthand": {
			"rotation": [66, 0, 0],
			"translation": [0, -3.5, 1]
		},
		"firstperson_righthand": {
			"translation": [0.25, 0, 2.5]
		},
		"firstperson_lefthand": {
			"translation": [0.25, 0, 2.5]
		},
		"ground": {
			"translation": [0, 4.25, 0]
		},
		"gui": {
			"rotation": [0, 143, 0],
			"translation": [-1.25, 0, 0],
			"scale": [0.9, 0.9, 0.9]
		},
		"head": {
			"translation": [0, -47, 0],
			"scale": [1.75, 1.75, 1.75]
		},
		"fixed": {
			"translation": [0, 0, 2]
		}
	},
	"groups": [
		0,
		1,
		2,
		3,
		4,
		5,
		6,
		7,
		8,
		9,
		10,
		11,
		12,
		13,
		14,
		15,
		16,
		17,
		18,
		19,
		20,
		21,
		22,
		23,
		24,
		25,
		26,
		27,
		28,
		29,
		30,
		31,
		32,
		33,
		34,
		35,
		{
			"name": "owl",
			"origin": [8, 8, 8],
			"color": 0,
			"children": [
				{
					"name": "head",
					"origin": [8, 8, 8],
					"color": 0,
					"children": [36, 37, 38, 39]
				},
				{
					"name": "body",
					"origin": [0, 0, 0],
					"color": 0,
					"children": [40, 41, 42, 43, 44, 45, 46, 47]
				},
				{
					"name": "legs",
					"origin": [0, 0, 0],
					"color": 0,
					"children": [
						{
							"name": "left",
							"origin": [0, 0, 0],
							"color": 0,
							"children": [48, 49, 50]
						},
						{
							"name": "right",
							"origin": [0, 0, 0],
							"color": 0,
							"children": [51, 52, 53]
						}
					]
				}
			]
		}
	]
}