{
	"credit": "Made with Blockbench",
	"textures": {
		"1": "item/athena/athena_statue"
	},
	"elements": [
		{
			"name": "head",
			"from": [4, 8, 2],
			"to": [12, 16, 8],
			"rotation": {"angle": 0, "axis": "y", "origin": [0, -15, 0]},
			"faces": {
				"north": {"uv": [4, 4.75, 5, 5.75], "texture": "#1"},
				"east": {"uv": [1, 2.75, 1.75, 3.75], "texture": "#1"},
				"south": {"uv": [5, 0, 6, 1], "texture": "#1"},
				"west": {"uv": [2.25, 5.875, 3, 6.875], "texture": "#1"},
				"up": {"uv": [4, 6.625, 3, 5.875], "texture": "#1"},
				"down": {"uv": [7, 0, 6, 0.75], "texture": "#1"}
			}
		},
		{
			"name": "hair",
			"from": [5, 9, 8],
			"to": [11, 15, 10],
			"rotation": {"angle": 0, "axis": "y", "origin": [0, -15, 0]},
			"faces": {
				"north": {"uv": [0, 0.75, 0.875, 1.5], "texture": "#1"},
				"east": {"uv": [1.125, 0.5, 1.375, 1.25], "texture": "#1"},
				"south": {"uv": [0, 0, 0.875, 0.75], "texture": "#1"},
				"west": {"uv": [0.875, 0.5, 1.125, 1.25], "texture": "#1"},
				"up": {"uv": [0.875, 0, 1.75, 0.25], "texture": "#1"},
				"down": {"uv": [0.875, 0.25, 1.75, 0.5], "texture": "#1"}
			}
		},
		{
			"name": "hair",
			"from": [6, 10, 10],
			"to": [10, 14, 11],
			"rotation": {"angle": 0, "axis": "y", "origin": [0, -15, 0]},
			"faces": {
				"north": {"uv": [2.375, 0.375, 3, 0.75], "texture": "#1"},
				"east": {"uv": [3.125, 0.25, 3.25, 0.625], "texture": "#1"},
				"south": {"uv": [2.375, 0, 3, 0.375], "texture": "#1"},
				"west": {"uv": [3, 0.25, 3.125, 0.625], "texture": "#1"},
				"up": {"uv": [3, 0, 3.5, 0.125], "texture": "#1"},
				"down": {"uv": [3, 0.125, 3.5, 0.25], "texture": "#1"}
			}
		},
		{
			"name": "left_arm",
			"from": [1, -7, 12],
			"to": [4, 4, 15],
			"rotation": {"angle": -22.5, "axis": "x", "origin": [0, -15, 0]},
			"faces": {
				"north": {"uv": [4, 6.5, 4.375, 7.75], "texture": "#1"},
				"east": {"uv": [4.375, 6.5, 4.75, 7.75], "texture": "#1"},
				"south": {"uv": [4.75, 6.5, 5.125, 7.75], "texture": "#1"},
				"west": {"uv": [5.125, 6.5, 5.5, 7.75], "texture": "#1"},
				"up": {"uv": [7.375, 0.75, 7, 0.375], "texture": "#1"},
				"down": {"uv": [0.875, 7, 0.5, 7.375], "texture": "#1"}
			}
		},
		{
			"name": "right_arm",
			"from": [12, 5, -13],
			"to": [15, 8, -2],
			"rotation": {"angle": 22.5, "axis": "x", "origin": [0, -15, 0]},
			"faces": {
				"north": {"uv": [0.875, 7, 0.5, 7.375], "rotation": 180, "texture": "#1"},
				"east": {"uv": [3.875, 2.625, 4.25, 3.875], "rotation": 270, "texture": "#1"},
				"south": {"uv": [7, 0.75, 7.375, 0.375], "texture": "#1"},
				"west": {"uv": [3.125, 2.625, 3.5, 3.875], "rotation": 90, "texture": "#1"},
				"up": {"uv": [3.125, 2.625, 2.75, 3.875], "rotation": 180, "texture": "#1"},
				"down": {"uv": [3.875, 2.625, 3.5, 3.875], "texture": "#1"}
			}
		},
		{
			"name": "torso",
			"from": [4, -5, 3],
			"to": [12, 8, 7],
			"rotation": {"angle": 0, "axis": "y", "origin": [0, -15, 0]},
			"faces": {
				"north": {"uv": [1.75, 2.625, 2.75, 4.125], "texture": "#1"},
				"east": {"uv": [1.25, 5.625, 1.75, 7.125], "texture": "#1"},
				"south": {"uv": [0, 2.875, 1, 4.375], "texture": "#1"},
				"west": {"uv": [1.75, 6, 2.25, 7.5], "texture": "#1"},
				"up": {"uv": [1, 7, 0, 6.5], "texture": "#1"},
				"down": {"uv": [7.5, 2, 6.5, 2.5], "texture": "#1"}
			}
		},
		{
			"name": "belt",
			"from": [4, -5, 3],
			"to": [12, 0, 3],
			"rotation": {"angle": 0, "axis": "y", "origin": [0, -15, 0]},
			"faces": {
				"north": {"uv": [10, 9.125, 16, 14.125], "texture": "#1"},
				"east": {"uv": [0, 0, 0, 5], "texture": "#1"},
				"south": {"uv": [10, 9.125, 16, 14.125], "texture": "#1"},
				"west": {"uv": [0, 0, 0, 5], "texture": "#1"},
				"up": {"uv": [0, 0, 8, 0], "texture": "#1"},
				"down": {"uv": [0, 0, 8, 0], "texture": "#1"}
			}
		},
		{
			"name": "left_leg",
			"from": [4, -16, 3],
			"to": [8, -5, 7],
			"rotation": {"angle": 0, "axis": "y", "origin": [0, -15, 0]},
			"faces": {
				"north": {"uv": [10.625, 14.625, 11.125, 16], "texture": "#1"},
				"east": {"uv": [10.125, 14.625, 10.625, 16], "texture": "#1"},
				"south": {"uv": [9.625, 14.625, 10.125, 16], "texture": "#1"},
				"west": {"uv": [9.125, 14.625, 9.625, 16], "texture": "#1"},
				"up": {"uv": [9.125, 14.125, 9.625, 14.625], "texture": "#1"},
				"down": {"uv": [10.625, 14.125, 11.125, 14.625], "texture": "#1"}
			}
		},
		{
			"name": "right_leg",
			"from": [8, -16, 3],
			"to": [12, -5, 7],
			"rotation": {"angle": 0, "axis": "y", "origin": [0, -15, 0]},
			"faces": {
				"north": {"uv": [11.125, 14.625, 10.625, 16], "texture": "#1"},
				"east": {"uv": [9.625, 14.625, 9.125, 16], "texture": "#1"},
				"south": {"uv": [10.125, 14.625, 9.625, 16], "texture": "#1"},
				"west": {"uv": [10.125, 14.625, 10.625, 16], "texture": "#1"},
				"up": {"uv": [9.125, 14.125, 9.625, 14.625], "texture": "#1"},
				"down": {"uv": [10.625, 14.125, 11.125, 14.625], "texture": "#1"}
			}
		},
		{
			"name": "handle",
			"from": [13, 2, -2],
			"to": [14, 28, -1],
			"rotation": {"angle": 0, "axis": "x", "origin": [0, -15, 0]},
			"faces": {
				"north": {"uv": [12.375, 5.25, 12.5, 8.5], "rotation": 180, "texture": "#1"},
				"east": {"uv": [12.75, 6.75, 16, 6.875], "rotation": 270, "texture": "#1"},
				"south": {"uv": [12.5, 5.25, 12.625, 8.5], "texture": "#1"},
				"west": {"uv": [12.75, 6.875, 16, 7], "rotation": 90, "texture": "#1"},
				"up": {"uv": [15.75, 7, 15.875, 7.125], "rotation": 180, "texture": "#1"},
				"down": {"uv": [15.875, 7, 16, 7.125], "texture": "#1"}
			}
		},
		{
			"name": "snake",
			"from": [13, 25, -2],
			"to": [14, 30, -1],
			"rotation": {"angle": 0, "axis": "y", "origin": [0, -15, 0]},
			"faces": {
				"north": {"uv": [7.375, 3.5, 12.375, 4.5], "rotation": 270, "texture": "#1"},
				"east": {"uv": [6.25, 3.5, 7.25, 8.5], "texture": "#1"},
				"south": {"uv": [12.375, 2.5, 7.375, 3.5], "rotation": 90, "texture": "#1"},
				"west": {"uv": [7.25, 10.5, 8.25, 5.5], "rotation": 180, "texture": "#1"},
				"up": {"uv": [7.25, 4.5, 8.25, 5.5], "rotation": 90, "texture": "#1"},
				"down": {"uv": [8.25, 4.5, 9.25, 5.5], "rotation": 90, "texture": "#1"}
			}
		},
		{
			"name": "inside_snake",
			"from": [14, 25, -2],
			"to": [14, 30, -1],
			"rotation": {"angle": 0, "axis": "y", "origin": [0, -15, 0]},
			"faces": {
				"north": {"uv": [7.375, 3.5, 12.375, 4.5], "rotation": 270, "texture": "#1"},
				"east": {"uv": [6.25, 3.5, 7.25, 8.5], "texture": "#1"},
				"south": {"uv": [12.375, 2.5, 7.375, 3.5], "rotation": 90, "texture": "#1"},
				"west": {"uv": [6.25, 8.5, 7.25, 3.5], "rotation": 180, "texture": "#1"},
				"up": {"uv": [7.25, 4.5, 8.25, 5.5], "rotation": 90, "texture": "#1"},
				"down": {"uv": [8.25, 4.5, 9.25, 5.5], "rotation": 90, "texture": "#1"}
			}
		},
		{
			"name": "inside_snake",
			"from": [13, 25, -2],
			"to": [14, 30, -2],
			"rotation": {"angle": 0, "axis": "y", "origin": [0, -15, 0]},
			"faces": {
				"north": {"uv": [7.375, 3.5, 12.375, 4.5], "rotation": 270, "texture": "#1"},
				"east": {"uv": [6.25, 3.5, 7.25, 8.5], "texture": "#1"},
				"south": {"uv": [12.375, 3.5, 7.375, 4.5], "rotation": 90, "texture": "#1"},
				"west": {"uv": [7.25, 10.5, 8.25, 5.5], "rotation": 180, "texture": "#1"},
				"up": {"uv": [7.25, 4.5, 8.25, 5.5], "rotation": 90, "texture": "#1"},
				"down": {"uv": [8.25, 4.5, 9.25, 5.5], "rotation": 90, "texture": "#1"}
			}
		},
		{
			"name": "inside_snake",
			"from": [13, 25, -1],
			"to": [14, 30, -1],
			"rotation": {"angle": 0, "axis": "y", "origin": [0, -15, 0]},
			"faces": {
				"north": {"uv": [7.375, 2.5, 12.375, 3.5], "rotation": 270, "texture": "#1"},
				"east": {"uv": [6.25, 3.5, 7.25, 8.5], "texture": "#1"},
				"south": {"uv": [12.375, 2.5, 7.375, 3.5], "rotation": 90, "texture": "#1"},
				"west": {"uv": [7.25, 10.5, 8.25, 5.5], "rotation": 180, "texture": "#1"},
				"up": {"uv": [7.25, 4.5, 8.25, 5.5], "rotation": 90, "texture": "#1"},
				"down": {"uv": [8.25, 4.5, 9.25, 5.5], "rotation": 90, "texture": "#1"}
			}
		},
		{
			"name": "inside_snake",
			"from": [13, 25, -2],
			"to": [13, 30, -1],
			"rotation": {"angle": 0, "axis": "y", "origin": [0, -15, 0]},
			"faces": {
				"north": {"uv": [7.375, 3.5, 12.375, 4.5], "rotation": 270, "texture": "#1"},
				"east": {"uv": [7.25, 5.5, 8.25, 10.5], "texture": "#1"},
				"south": {"uv": [12.375, 2.5, 7.375, 3.5], "rotation": 90, "texture": "#1"},
				"west": {"uv": [7.25, 10.5, 8.25, 5.5], "rotation": 180, "texture": "#1"},
				"up": {"uv": [7.25, 4.5, 8.25, 5.5], "rotation": 90, "texture": "#1"},
				"down": {"uv": [8.25, 4.5, 9.25, 5.5], "rotation": 90, "texture": "#1"}
			}
		},
		{
			"name": "tip",
			"from": [12, 26, -8],
			"to": [12, 32, -5],
			"rotation": {"angle": -22.5, "axis": "y", "origin": [0, -15, 0]},
			"faces": {
				"north": {"uv": [0, 0, 0, 6], "rotation": 180, "texture": "#1"},
				"east": {"uv": [0, 8.875, 6, 10.875], "rotation": 270, "texture": "#1"},
				"south": {"uv": [0, 0, 0, 6], "texture": "#1"},
				"west": {"uv": [6, 8.875, 0, 10.875], "rotation": 90, "texture": "#1"},
				"up": {"uv": [0, 0, 0, 2], "rotation": 180, "texture": "#1"},
				"down": {"uv": [0, 0, 0, 2], "texture": "#1"}
			}
		},
		{
			"name": "tip",
			"from": [13, 26, 2],
			"to": [13, 32, 5],
			"rotation": {"angle": 22.5, "axis": "y", "origin": [0, -15, 0]},
			"faces": {
				"north": {"uv": [0, 0, 0, 6], "rotation": 180, "texture": "#1"},
				"east": {"uv": [0, 8.875, 6, 10.875], "rotation": 270, "texture": "#1"},
				"south": {"uv": [0, 0, 0, 6], "texture": "#1"},
				"west": {"uv": [6, 8.875, 0, 10.875], "rotation": 90, "texture": "#1"},
				"up": {"uv": [0, 0, 0, 2], "rotation": 180, "texture": "#1"},
				"down": {"uv": [0, 0, 0, 2], "texture": "#1"}
			}
		},
		{
			"name": "shield",
			"from": [0, -11, 8],
			"to": [1, 0, 19],
			"rotation": {"angle": -22.5, "axis": "x", "origin": [0, -15, 0]},
			"faces": {
				"north": {"uv": [13.625, 0.25, 13.75, 1.625], "texture": "#1"},
				"east": {"uv": [12.125, 0.25, 13.5, 1.625], "texture": "#1"},
				"south": {"uv": [13.75, 0.25, 13.875, 1.625], "texture": "#1"},
				"west": {"uv": [14.375, 0.25, 15.75, 1.625], "texture": "#1"},
				"up": {"uv": [13.875, 0.25, 14, 1.625], "texture": "#1"},
				"down": {"uv": [14, 0.25, 14.125, 1.625], "texture": "#1"}
			}
		},
		{
			"name": "outer_layers",
			"from": [0, -12, 9],
			"to": [1, 1, 18],
			"rotation": {"angle": -22.5, "axis": "x", "origin": [0, -15, 0]},
			"faces": {
				"north": {"uv": [13.75, 1.875, 13.875, 3], "texture": "#1"},
				"east": {"uv": [12.625, 1.75, 13.75, 3.375], "texture": "#1"},
				"south": {"uv": [13.875, 1.875, 14, 3], "texture": "#1"},
				"west": {"uv": [14.5, 1.75, 15.625, 3.375], "texture": "#1"},
				"up": {"uv": [14, 1.875, 14.125, 3], "texture": "#1"},
				"down": {"uv": [14.125, 1.875, 14.25, 3], "texture": "#1"}
			}
		},
		{
			"name": "outer_layers",
			"from": [0, -10, 7],
			"to": [1, -1, 20],
			"rotation": {"angle": -22.5, "axis": "x", "origin": [0, -15, 0]},
			"faces": {
				"north": {"uv": [14.625, 3.5, 14.75, 4.625], "texture": "#1"},
				"east": {"uv": [14.25, 4.625, 15.875, 5.75], "texture": "#1"},
				"south": {"uv": [14.5, 3.5, 14.625, 4.625], "texture": "#1"},
				"west": {"uv": [14.25, 2, 15.875, 3.125], "texture": "#1"},
				"up": {"uv": [14.375, 3.5, 14.5, 4.625], "texture": "#1"},
				"down": {"uv": [14.25, 3.5, 14.375, 4.625], "texture": "#1"}
			}
		}
	],
	"display": {
		"gui": {
			"rotation": [0, 160, 0],
			"translation": [0, -3.75, 0],
			"scale": [0.5, 0.5, 0.5]
		},
		"head": {
			"translation": [0, -4, 3.5],
			"scale": [1.7, 1.7, 1.7]
		}
	},
	"groups": [
		{
			"name": "athena",
			"origin": [8, 8, 8],
			"color": 0,
			"children": [
				{
					"name": "head",
					"origin": [8, 8, 8],
					"color": 0,
					"children": [0, 1, 2]
				},
				{
					"name": "arms",
					"origin": [8, 8, 8],
					"color": 0,
					"children": [3, 4]
				},
				{
					"name": "body",
					"origin": [8, 8, 8],
					"color": 0,
					"children": [5, 6]
				},
				{
					"name": "legs",
					"origin": [8, 8, 8],
					"color": 0,
					"children": [7, 8]
				}
			]
		},
		{
			"name": "spear",
			"origin": [0, 0, 0],
			"color": 0,
			"children": [9, 10, 11, 12, 13, 14, 15, 16]
		},
		{
			"name": "shield",
			"origin": [0, 0, 0],
			"color": 0,
			"children": [17, 18, 19]
		}
	]
}