{
	"credit": "Made with Blockbench",
	"textures": {
		"main": "item/athena/athena_walk"
	},
	"elements": [
		{
			"name": "head",
			"from": [4, 23, 2],
			"to": [12, 31, 8],
			"faces": {
				"north": {"uv": [5, 1.1875, 5.25, 1.4375], "texture": "#main"},
				"east": {"uv": [4.25, 0.6875, 4.4375, 0.9375], "texture": "#main"},
				"south": {"uv": [5.25, 0, 5.5, 0.25], "texture": "#main"},
				"west": {"uv": [4.5625, 1.46875, 4.75, 1.71875], "texture": "#main"},
				"up": {"uv": [5, 1.65625, 4.75, 1.46875], "texture": "#main"},
				"down": {"uv": [5.75, 0, 5.5, 0.1875], "texture": "#main"}
			}
		},
		{
			"name": "hair",
			"from": [5, 24, 8],
			"to": [11, 30, 10],
			"faces": {
				"north": {"uv": [4, 0.1875, 4.21875, 0.375], "texture": "#main"},
				"east": {"uv": [4.28125, 0.125, 4.34375, 0.3125], "texture": "#main"},
				"south": {"uv": [4, 0, 4.21875, 0.1875], "texture": "#main"},
				"west": {"uv": [4.21875, 0.125, 4.28125, 0.3125], "texture": "#main"},
				"up": {"uv": [4.21875, 0, 4.4375, 0.0625], "texture": "#main"},
				"down": {"uv": [4.21875, 0.0625, 4.4375, 0.125], "texture": "#main"}
			}
		},
		{
			"name": "hair",
			"from": [6, 25, 10],
			"to": [10, 29, 11],
			"faces": {
				"north": {"uv": [4.59375, 0.09375, 4.75, 0.1875], "texture": "#main"},
				"east": {"uv": [4.78125, 0.0625, 4.8125, 0.15625], "texture": "#main"},
				"south": {"uv": [4.59375, 0, 4.75, 0.09375], "texture": "#main"},
				"west": {"uv": [4.75, 0.0625, 4.78125, 0.15625], "texture": "#main"},
				"up": {"uv": [4.75, 0, 4.875, 0.03125], "texture": "#main"},
				"down": {"uv": [4.75, 0.03125, 4.875, 0.0625], "texture": "#main"}
			}
		},
		{
			"name": "hair_tails",
			"from": [4, 20, 8],
			"to": [12, 23, 8],
			"faces": {
				"north": {"uv": [4.375, 0.40625, 4, 0.59375], "texture": "#main"},
				"east": {"uv": [4.78125, 0.25, 4.8125, 0.34375], "texture": "#main"},
				"south": {"uv": [4, 0.40625, 4.375, 0.59375], "texture": "#main"},
				"west": {"uv": [4.75, 0.25, 4.78125, 0.34375], "texture": "#main"},
				"up": {"uv": [4.75, 0.1875, 4.875, 0.21875], "texture": "#main"},
				"down": {"uv": [4.75, 0.21875, 4.875, 0.25], "texture": "#main"}
			}
		},
		{
			"name": "hair_tails",
			"from": [5, 22, 10],
			"to": [11, 25, 10],
			"faces": {
				"north": {"uv": [4.78125, 0.21875, 4.46875, 0.40625], "texture": "#main"},
				"east": {"uv": [4.78125, 0.25, 4.8125, 0.34375], "texture": "#main"},
				"south": {"uv": [4.46875, 0.21875, 4.78125, 0.40625], "texture": "#main"},
				"west": {"uv": [4.75, 0.25, 4.78125, 0.34375], "texture": "#main"},
				"up": {"uv": [4.75, 0.1875, 4.875, 0.21875], "texture": "#main"},
				"down": {"uv": [4.75, 0.21875, 4.875, 0.25], "texture": "#main"}
			}
		},
		{
			"name": "hair_tails",
			"from": [6, 23, 11],
			"to": [10, 26, 11],
			"faces": {
				"north": {"uv": [4.46875, 0.40625, 4.71875, 0.59375], "texture": "#main"},
				"east": {"uv": [4.78125, 0.25, 4.8125, 0.34375], "texture": "#main"},
				"south": {"uv": [4.71875, 0.40625, 4.46875, 0.59375], "texture": "#main"},
				"west": {"uv": [4.75, 0.25, 4.78125, 0.34375], "texture": "#main"},
				"up": {"uv": [4.75, 0.1875, 4.875, 0.21875], "texture": "#main"},
				"down": {"uv": [4.75, 0.21875, 4.875, 0.25], "texture": "#main"}
			}
		},
		{
			"name": "left_arm",
			"from": [1, 8, 11],
			"to": [4, 19, 14],
			"rotation": {"angle": -22.5, "axis": "x", "origin": [0, 0, 0]},
			"faces": {
				"north": {"uv": [5, 1.625, 5.09375, 1.9375], "texture": "#main"},
				"east": {"uv": [5.09375, 1.625, 5.1875, 1.9375], "texture": "#main"},
				"south": {"uv": [5.1875, 1.625, 5.28125, 1.9375], "texture": "#main"},
				"west": {"uv": [5.28125, 1.625, 5.375, 1.9375], "texture": "#main"},
				"up": {"uv": [5.84375, 0.1875, 5.75, 0.09375], "texture": "#main"},
				"down": {"uv": [4.21875, 1.75, 4.125, 1.84375], "texture": "#main"}
			}
		},
		{
			"name": "right_arm",
			"from": [12, 12, -5],
			"to": [15, 23, -2],
			"rotation": {"angle": 22.5, "axis": "x", "origin": [0, 0, 0]},
			"faces": {
				"north": {"uv": [4.78125, 0.65625, 4.6875, 0.96875], "texture": "#main"},
				"east": {"uv": [4.96875, 0.65625, 5.0625, 0.96875], "texture": "#main"},
				"south": {"uv": [4.96875, 0.65625, 4.875, 0.96875], "texture": "#main"},
				"west": {"uv": [4.78125, 0.65625, 4.875, 0.96875], "texture": "#main"},
				"up": {"uv": [5.75, 0.1875, 5.84375, 0.09375], "texture": "#main"},
				"down": {"uv": [4.21875, 1.75, 4.125, 1.84375], "texture": "#main"}
			}
		},
		{
			"name": "torso",
			"from": [4, 10, 3],
			"to": [12, 23, 7],
			"faces": {
				"north": {"uv": [4.4375, 0.65625, 4.6875, 1.03125], "texture": "#main"},
				"east": {"uv": [4.3125, 1.40625, 4.4375, 1.78125], "texture": "#main"},
				"south": {"uv": [4, 0.71875, 4.25, 1.09375], "texture": "#main"},
				"west": {"uv": [4.4375, 1.5, 4.5625, 1.875], "texture": "#main"},
				"up": {"uv": [4.25, 1.75, 4, 1.625], "texture": "#main"},
				"down": {"uv": [5.875, 0.5, 5.625, 0.625], "texture": "#main"}
			}
		},
		{
			"name": "belt",
			"from": [4, 10, 3],
			"to": [12, 15, 3],
			"faces": {
				"north": {"uv": [6.5, 2.28125, 8, 3.53125], "texture": "#main"},
				"east": {"uv": [4, 0, 4, 1.25], "texture": "#main"},
				"south": {"uv": [6.5, 2.28125, 8, 3.53125], "texture": "#main"},
				"west": {"uv": [4, 0, 4, 1.25], "texture": "#main"},
				"up": {"uv": [4, 0, 6, 0], "texture": "#main"},
				"down": {"uv": [4, 0, 6, 0], "texture": "#main"}
			}
		},
		{
			"name": "left_leg",
			"from": [4, 0, -1],
			"to": [8, 11, 3],
			"rotation": {"angle": 22.5, "axis": "x", "origin": [0, 0, 0]},
			"faces": {
				"north": {"uv": [6.65625, 3.65625, 6.78125, 4], "texture": "#main"},
				"east": {"uv": [6.53125, 3.65625, 6.65625, 4], "texture": "#main"},
				"south": {"uv": [6.40625, 3.65625, 6.53125, 4], "texture": "#main"},
				"west": {"uv": [6.28125, 3.65625, 6.40625, 4], "texture": "#main"},
				"up": {"uv": [6.28125, 3.53125, 6.40625, 3.65625], "texture": "#main"},
				"down": {"uv": [6.65625, 3.53125, 6.78125, 3.65625], "texture": "#main"}
			}
		},
		{
			"name": "right_leg",
			"from": [8, -4, 7],
			"to": [12, 7, 11],
			"rotation": {"angle": -22.5, "axis": "x", "origin": [0, 0, 0]},
			"faces": {
				"north": {"uv": [6.78125, 3.65625, 6.65625, 4], "texture": "#main"},
				"east": {"uv": [6.40625, 3.65625, 6.28125, 4], "texture": "#main"},
				"south": {"uv": [6.53125, 3.65625, 6.40625, 4], "texture": "#main"},
				"west": {"uv": [6.53125, 3.65625, 6.65625, 4], "texture": "#main"},
				"up": {"uv": [6.28125, 3.53125, 6.40625, 3.65625], "texture": "#main"},
				"down": {"uv": [6.65625, 3.53125, 6.78125, 3.65625], "texture": "#main"}
			}
		},
		{
			"name": "handle",
			"from": [13, 13, -9],
			"to": [14, 14, 17],
			"rotation": {"angle": 0, "axis": "y", "origin": [0, 0, 2]},
			"faces": {
				"north": {"uv": [7.9375, 1.75, 7.96875, 1.78125], "texture": "#main"},
				"east": {"uv": [7.1875, 1.6875, 8, 1.71875], "texture": "#main"},
				"south": {"uv": [7.96875, 1.75, 8, 1.78125], "texture": "#main"},
				"west": {"uv": [7.1875, 1.71875, 8, 1.75], "texture": "#main"},
				"up": {"uv": [7.125, 1.3125, 7.15625, 2.125], "texture": "#main"},
				"down": {"uv": [7.09375, 1.3125, 7.125, 2.125], "texture": "#main"}
			}
		},
		{
			"name": "snake",
			"from": [13, 13, -11],
			"to": [14, 14, -6],
			"rotation": {"angle": 0, "axis": "y", "origin": [0, 0, 2]},
			"faces": {
				"north": {"uv": [5.8125, 1.125, 6.0625, 1.375], "texture": "#main"},
				"east": {"uv": [5.84375, 0.875, 7.09375, 1.125], "texture": "#main"},
				"south": {"uv": [6.0625, 1.125, 6.3125, 1.375], "texture": "#main"},
				"west": {"uv": [7.09375, 0.625, 5.84375, 0.875], "texture": "#main"},
				"up": {"uv": [5.5625, 0.875, 5.8125, 2.125], "texture": "#main"},
				"down": {"uv": [5.8125, 2.625, 6.0625, 1.375], "texture": "#main"}
			}
		},
		{
			"name": "inside_snake",
			"from": [13, 14, -11],
			"to": [14, 14, -6],
			"rotation": {"angle": 0, "axis": "y", "origin": [0, 0, 2]},
			"faces": {
				"north": {"uv": [5.8125, 1.125, 6.0625, 1.375], "texture": "#main"},
				"east": {"uv": [5.84375, 0.875, 7.09375, 1.125], "texture": "#main"},
				"south": {"uv": [6.0625, 1.125, 6.3125, 1.375], "texture": "#main"},
				"west": {"uv": [7.09375, 0.625, 5.84375, 0.875], "texture": "#main"},
				"up": {"uv": [5.5625, 0.875, 5.8125, 2.125], "texture": "#main"},
				"down": {"uv": [5.5625, 2.125, 5.8125, 0.875], "texture": "#main"}
			}
		},
		{
			"name": "inside_snake",
			"from": [14, 13, -11],
			"to": [14, 14, -6],
			"rotation": {"angle": 0, "axis": "y", "origin": [0, 0, 2]},
			"faces": {
				"north": {"uv": [5.8125, 1.125, 6.0625, 1.375], "texture": "#main"},
				"east": {"uv": [5.84375, 0.875, 7.09375, 1.125], "texture": "#main"},
				"south": {"uv": [6.0625, 1.125, 6.3125, 1.375], "texture": "#main"},
				"west": {"uv": [7.09375, 0.875, 5.84375, 1.125], "texture": "#main"},
				"up": {"uv": [5.5625, 0.875, 5.8125, 2.125], "texture": "#main"},
				"down": {"uv": [5.8125, 2.625, 6.0625, 1.375], "texture": "#main"}
			}
		},
		{
			"name": "inside_snake",
			"from": [13, 13, -11],
			"to": [13, 14, -6],
			"rotation": {"angle": 0, "axis": "y", "origin": [0, 0, 2]},
			"faces": {
				"north": {"uv": [5.8125, 1.125, 6.0625, 1.375], "texture": "#main"},
				"east": {"uv": [5.84375, 0.625, 7.09375, 0.875], "texture": "#main"},
				"south": {"uv": [6.0625, 1.125, 6.3125, 1.375], "texture": "#main"},
				"west": {"uv": [7.09375, 0.625, 5.84375, 0.875], "texture": "#main"},
				"up": {"uv": [5.5625, 0.875, 5.8125, 2.125], "texture": "#main"},
				"down": {"uv": [5.8125, 2.625, 6.0625, 1.375], "texture": "#main"}
			}
		},
		{
			"name": "inside_snake",
			"from": [13, 13, -11],
			"to": [14, 13, -6],
			"rotation": {"angle": 0, "axis": "y", "origin": [0, 0, 2]},
			"faces": {
				"north": {"uv": [5.8125, 1.125, 6.0625, 1.375], "texture": "#main"},
				"east": {"uv": [5.84375, 0.875, 7.09375, 1.125], "texture": "#main"},
				"south": {"uv": [6.0625, 1.125, 6.3125, 1.375], "texture": "#main"},
				"west": {"uv": [7.09375, 0.625, 5.84375, 0.875], "texture": "#main"},
				"up": {"uv": [5.8125, 1.375, 6.0625, 2.625], "texture": "#main"},
				"down": {"uv": [5.8125, 2.625, 6.0625, 1.375], "texture": "#main"}
			}
		},
		{
			"name": "tip",
			"from": [0, 18, -13],
			"to": [0, 20, -7],
			"rotation": {"angle": -45, "axis": "z", "origin": [0, 0, 2]},
			"faces": {
				"north": {"uv": [4, 0, 4, 0.5], "texture": "#main"},
				"east": {"uv": [4, 2.21875, 5.5, 2.71875], "texture": "#main"},
				"south": {"uv": [4, 0, 4, 0.5], "texture": "#main"},
				"west": {"uv": [5.5, 2.21875, 4, 2.71875], "texture": "#main"},
				"up": {"uv": [4, 0, 4, 1.5], "texture": "#main"},
				"down": {"uv": [4, 0, 4, 1.5], "texture": "#main"}
			}
		},
		{
			"name": "tip",
			"from": [19, -1, -13],
			"to": [19, 1, -7],
			"rotation": {"angle": 45, "axis": "z", "origin": [0, 0, 2]},
			"faces": {
				"north": {"uv": [4, 0, 4, 0.5], "texture": "#main"},
				"east": {"uv": [4, 2.21875, 5.5, 2.71875], "texture": "#main"},
				"south": {"uv": [4, 0, 4, 0.5], "texture": "#main"},
				"west": {"uv": [5.5, 2.21875, 4, 2.71875], "texture": "#main"},
				"up": {"uv": [4, 0, 4, 1.5], "texture": "#main"},
				"down": {"uv": [4, 0, 4, 1.5], "texture": "#main"}
			}
		},
		{
			"name": "shield",
			"from": [0, 4, 7],
			"to": [1, 15, 18],
			"rotation": {"angle": -22.5, "axis": "x", "origin": [0, 0, 0]},
			"faces": {
				"north": {"uv": [7.40625, 0.0625, 7.4375, 0.40625], "texture": "#main"},
				"east": {"uv": [7.03125, 0.0625, 7.375, 0.40625], "texture": "#main"},
				"south": {"uv": [7.4375, 0.0625, 7.46875, 0.40625], "texture": "#main"},
				"west": {"uv": [7.59375, 0.0625, 7.9375, 0.40625], "texture": "#main"},
				"up": {"uv": [7.46875, 0.0625, 7.5, 0.40625], "texture": "#main"},
				"down": {"uv": [7.5, 0.0625, 7.53125, 0.40625], "texture": "#main"}
			}
		},
		{
			"name": "outer_layers",
			"from": [0, 3, 8],
			"to": [1, 16, 17],
			"rotation": {"angle": -22.5, "axis": "x", "origin": [0, 0, 0]},
			"faces": {
				"north": {"uv": [7.4375, 0.46875, 7.46875, 0.75], "texture": "#main"},
				"east": {"uv": [7.15625, 0.4375, 7.4375, 0.84375], "texture": "#main"},
				"south": {"uv": [7.46875, 0.46875, 7.5, 0.75], "texture": "#main"},
				"west": {"uv": [7.625, 0.4375, 7.90625, 0.84375], "texture": "#main"},
				"up": {"uv": [7.5, 0.46875, 7.53125, 0.75], "texture": "#main"},
				"down": {"uv": [7.53125, 0.46875, 7.5625, 0.75], "texture": "#main"}
			}
		},
		{
			"name": "outer_layers",
			"from": [0, 5, 6],
			"to": [1, 14, 19],
			"rotation": {"angle": -22.5, "axis": "x", "origin": [0, 0, 0]},
			"faces": {
				"north": {"uv": [7.65625, 0.875, 7.6875, 1.15625], "texture": "#main"},
				"east": {"uv": [7.5625, 1.15625, 7.96875, 1.4375], "texture": "#main"},
				"south": {"uv": [7.625, 0.875, 7.65625, 1.15625], "texture": "#main"},
				"west": {"uv": [7.5625, 0.5, 7.96875, 0.78125], "texture": "#main"},
				"up": {"uv": [7.59375, 0.875, 7.625, 1.15625], "texture": "#main"},
				"down": {"uv": [7.5625, 0.875, 7.59375, 1.15625], "texture": "#main"}
			}
		},
		{
			"name": "head",
			"from": [4, 23, 2],
			"to": [12, 31, 8],
			"faces": {
				"north": {"uv": [9, 1.1875, 9.25, 1.4375], "texture": "#main"},
				"east": {"uv": [8.25, 0.6875, 8.4375, 0.9375], "texture": "#main"},
				"south": {"uv": [9.25, 0, 9.5, 0.25], "texture": "#main"},
				"west": {"uv": [8.5625, 1.46875, 8.75, 1.71875], "texture": "#main"},
				"up": {"uv": [9, 1.65625, 8.75, 1.46875], "texture": "#main"},
				"down": {"uv": [9.75, 0, 9.5, 0.1875], "texture": "#main"}
			}
		},
		{
			"name": "hair",
			"from": [5, 24, 8],
			"to": [11, 30, 10],
			"faces": {
				"north": {"uv": [8, 0.1875, 8.21875, 0.375], "texture": "#main"},
				"east": {"uv": [8.28125, 0.125, 8.34375, 0.3125], "texture": "#main"},
				"south": {"uv": [8, 0, 8.21875, 0.1875], "texture": "#main"},
				"west": {"uv": [8.21875, 0.125, 8.28125, 0.3125], "texture": "#main"},
				"up": {"uv": [8.21875, 0, 8.4375, 0.0625], "texture": "#main"},
				"down": {"uv": [8.21875, 0.0625, 8.4375, 0.125], "texture": "#main"}
			}
		},
		{
			"name": "hair",
			"from": [6, 25, 10],
			"to": [10, 29, 11],
			"faces": {
				"north": {"uv": [8.59375, 0.09375, 8.75, 0.1875], "texture": "#main"},
				"east": {"uv": [8.78125, 0.0625, 8.8125, 0.15625], "texture": "#main"},
				"south": {"uv": [8.59375, 0, 8.75, 0.09375], "texture": "#main"},
				"west": {"uv": [8.75, 0.0625, 8.78125, 0.15625], "texture": "#main"},
				"up": {"uv": [8.75, 0, 8.875, 0.03125], "texture": "#main"},
				"down": {"uv": [8.75, 0.03125, 8.875, 0.0625], "texture": "#main"}
			}
		},
		{
			"name": "hair_tails",
			"from": [4, 20, 8],
			"to": [12, 23, 8],
			"faces": {
				"north": {"uv": [8.375, 0.40625, 8, 0.59375], "texture": "#main"},
				"east": {"uv": [8.78125, 0.25, 8.8125, 0.34375], "texture": "#main"},
				"south": {"uv": [8, 0.40625, 8.375, 0.59375], "texture": "#main"},
				"west": {"uv": [8.75, 0.25, 8.78125, 0.34375], "texture": "#main"},
				"up": {"uv": [8.75, 0.1875, 8.875, 0.21875], "texture": "#main"},
				"down": {"uv": [8.75, 0.21875, 8.875, 0.25], "texture": "#main"}
			}
		},
		{
			"name": "hair_tails",
			"from": [5, 22, 10],
			"to": [11, 25, 10],
			"faces": {
				"north": {"uv": [8.78125, 0.21875, 8.46875, 0.40625], "texture": "#main"},
				"east": {"uv": [8.78125, 0.25, 8.8125, 0.34375], "texture": "#main"},
				"south": {"uv": [8.46875, 0.21875, 8.78125, 0.40625], "texture": "#main"},
				"west": {"uv": [8.75, 0.25, 8.78125, 0.34375], "texture": "#main"},
				"up": {"uv": [8.75, 0.1875, 8.875, 0.21875], "texture": "#main"},
				"down": {"uv": [8.75, 0.21875, 8.875, 0.25], "texture": "#main"}
			}
		},
		{
			"name": "hair_tails",
			"from": [6, 23, 11],
			"to": [10, 26, 11],
			"faces": {
				"north": {"uv": [8.46875, 0.40625, 8.71875, 0.59375], "texture": "#main"},
				"east": {"uv": [8.78125, 0.25, 8.8125, 0.34375], "texture": "#main"},
				"south": {"uv": [8.71875, 0.40625, 8.46875, 0.59375], "texture": "#main"},
				"west": {"uv": [8.75, 0.25, 8.78125, 0.34375], "texture": "#main"},
				"up": {"uv": [8.75, 0.1875, 8.875, 0.21875], "texture": "#main"},
				"down": {"uv": [8.75, 0.21875, 8.875, 0.25], "texture": "#main"}
			}
		},
		{
			"name": "left_arm",
			"from": [1, 2, 17],
			"to": [4, 13, 20],
			"rotation": {"angle": -45, "axis": "x", "origin": [0, 0, 0]},
			"faces": {
				"north": {"uv": [9, 1.625, 9.09375, 1.9375], "texture": "#main"},
				"east": {"uv": [9.09375, 1.625, 9.1875, 1.9375], "texture": "#main"},
				"south": {"uv": [9.1875, 1.625, 9.28125, 1.9375], "texture": "#main"},
				"west": {"uv": [9.28125, 1.625, 9.375, 1.9375], "texture": "#main"},
				"up": {"uv": [9.84375, 0.1875, 9.75, 0.09375], "texture": "#main"},
				"down": {"uv": [8.21875, 1.75, 8.125, 1.84375], "texture": "#main"}
			}
		},
		{
			"name": "right_arm",
			"from": [12, 9, -13],
			"to": [15, 20, -10],
			"rotation": {"angle": 45, "axis": "x", "origin": [0, 0, 0]},
			"faces": {
				"north": {"uv": [8.78125, 0.65625, 8.6875, 0.96875], "texture": "#main"},
				"east": {"uv": [8.96875, 0.65625, 9.0625, 0.96875], "texture": "#main"},
				"south": {"uv": [8.96875, 0.65625, 8.875, 0.96875], "texture": "#main"},
				"west": {"uv": [8.78125, 0.65625, 8.875, 0.96875], "texture": "#main"},
				"up": {"uv": [9.75, 0.1875, 9.84375, 0.09375], "texture": "#main"},
				"down": {"uv": [8.21875, 1.75, 8.125, 1.84375], "texture": "#main"}
			}
		},
		{
			"name": "torso",
			"from": [4, 10, 3],
			"to": [12, 23, 7],
			"faces": {
				"north": {"uv": [8.4375, 0.65625, 8.6875, 1.03125], "texture": "#main"},
				"east": {"uv": [8.3125, 1.40625, 8.4375, 1.78125], "texture": "#main"},
				"south": {"uv": [8, 0.71875, 8.25, 1.09375], "texture": "#main"},
				"west": {"uv": [8.4375, 1.5, 8.5625, 1.875], "texture": "#main"},
				"up": {"uv": [8.25, 1.75, 8, 1.625], "texture": "#main"},
				"down": {"uv": [9.875, 0.5, 9.625, 0.625], "texture": "#main"}
			}
		},
		{
			"name": "belt",
			"from": [4, 10, 3],
			"to": [12, 15, 3],
			"faces": {
				"north": {"uv": [10.5, 2.28125, 12, 3.53125], "texture": "#main"},
				"east": {"uv": [8, 0, 8, 1.25], "texture": "#main"},
				"south": {"uv": [10.5, 2.28125, 12, 3.53125], "texture": "#main"},
				"west": {"uv": [8, 0, 8, 1.25], "texture": "#main"},
				"up": {"uv": [8, 0, 10, 0], "texture": "#main"},
				"down": {"uv": [8, 0, 10, 0], "texture": "#main"}
			}
		},
		{
			"name": "left_leg",
			"from": [4, -1, -5],
			"to": [8, 10, -1],
			"rotation": {"angle": 45, "axis": "x", "origin": [0, 0, 0]},
			"faces": {
				"north": {"uv": [10.65625, 3.65625, 10.78125, 4], "texture": "#main"},
				"east": {"uv": [10.53125, 3.65625, 10.65625, 4], "texture": "#main"},
				"south": {"uv": [10.40625, 3.65625, 10.53125, 4], "texture": "#main"},
				"west": {"uv": [10.28125, 3.65625, 10.40625, 4], "texture": "#main"},
				"up": {"uv": [10.28125, 3.53125, 10.40625, 3.65625], "texture": "#main"},
				"down": {"uv": [10.65625, 3.53125, 10.78125, 3.65625], "texture": "#main"}
			}
		},
		{
			"name": "right_leg",
			"from": [8, -8, 8],
			"to": [12, 3, 12],
			"rotation": {"angle": -45, "axis": "x", "origin": [0, 0, 0]},
			"faces": {
				"north": {"uv": [10.78125, 3.65625, 10.65625, 4], "texture": "#main"},
				"east": {"uv": [10.40625, 3.65625, 10.28125, 4], "texture": "#main"},
				"south": {"uv": [10.53125, 3.65625, 10.40625, 4], "texture": "#main"},
				"west": {"uv": [10.53125, 3.65625, 10.65625, 4], "texture": "#main"},
				"up": {"uv": [10.28125, 3.53125, 10.40625, 3.65625], "texture": "#main"},
				"down": {"uv": [10.65625, 3.53125, 10.78125, 3.65625], "texture": "#main"}
			}
		},
		{
			"name": "handle",
			"from": [13, 14, -12],
			"to": [14, 15, 14],
			"rotation": {"angle": 0, "axis": "y", "origin": [0, 1, -1]},
			"faces": {
				"north": {"uv": [11.9375, 1.75, 11.96875, 1.78125], "texture": "#main"},
				"east": {"uv": [11.1875, 1.6875, 12, 1.71875], "texture": "#main"},
				"south": {"uv": [11.96875, 1.75, 12, 1.78125], "texture": "#main"},
				"west": {"uv": [11.1875, 1.71875, 12, 1.75], "texture": "#main"},
				"up": {"uv": [11.125, 1.3125, 11.15625, 2.125], "texture": "#main"},
				"down": {"uv": [11.09375, 1.3125, 11.125, 2.125], "texture": "#main"}
			}
		},
		{
			"name": "snake",
			"from": [13, 14, -14],
			"to": [14, 15, -9],
			"rotation": {"angle": 0, "axis": "y", "origin": [0, 1, -1]},
			"faces": {
				"north": {"uv": [9.8125, 1.125, 10.0625, 1.375], "texture": "#main"},
				"east": {"uv": [9.84375, 0.875, 11.09375, 1.125], "texture": "#main"},
				"south": {"uv": [10.0625, 1.125, 10.3125, 1.375], "texture": "#main"},
				"west": {"uv": [11.09375, 0.625, 9.84375, 0.875], "texture": "#main"},
				"up": {"uv": [9.5625, 0.875, 9.8125, 2.125], "texture": "#main"},
				"down": {"uv": [9.8125, 2.625, 10.0625, 1.375], "texture": "#main"}
			}
		},
		{
			"name": "inside_snake",
			"from": [13, 15, -14],
			"to": [14, 15, -9],
			"rotation": {"angle": 0, "axis": "y", "origin": [0, 1, -1]},
			"faces": {
				"north": {"uv": [9.8125, 1.125, 10.0625, 1.375], "texture": "#main"},
				"east": {"uv": [9.84375, 0.875, 11.09375, 1.125], "texture": "#main"},
				"south": {"uv": [10.0625, 1.125, 10.3125, 1.375], "texture": "#main"},
				"west": {"uv": [11.09375, 0.625, 9.84375, 0.875], "texture": "#main"},
				"up": {"uv": [9.5625, 0.875, 9.8125, 2.125], "texture": "#main"},
				"down": {"uv": [9.5625, 2.125, 9.8125, 0.875], "texture": "#main"}
			}
		},
		{
			"name": "inside_snake",
			"from": [14, 14, -14],
			"to": [14, 15, -9],
			"rotation": {"angle": 0, "axis": "y", "origin": [0, 1, -1]},
			"faces": {
				"north": {"uv": [9.8125, 1.125, 10.0625, 1.375], "texture": "#main"},
				"east": {"uv": [9.84375, 0.875, 11.09375, 1.125], "texture": "#main"},
				"south": {"uv": [10.0625, 1.125, 10.3125, 1.375], "texture": "#main"},
				"west": {"uv": [11.09375, 0.875, 9.84375, 1.125], "texture": "#main"},
				"up": {"uv": [9.5625, 0.875, 9.8125, 2.125], "texture": "#main"},
				"down": {"uv": [9.8125, 2.625, 10.0625, 1.375], "texture": "#main"}
			}
		},
		{
			"name": "inside_snake",
			"from": [13, 14, -14],
			"to": [13, 15, -9],
			"rotation": {"angle": 0, "axis": "y", "origin": [0, 1, -1]},
			"faces": {
				"north": {"uv": [9.8125, 1.125, 10.0625, 1.375], "texture": "#main"},
				"east": {"uv": [9.84375, 0.625, 11.09375, 0.875], "texture": "#main"},
				"south": {"uv": [10.0625, 1.125, 10.3125, 1.375], "texture": "#main"},
				"west": {"uv": [11.09375, 0.625, 9.84375, 0.875], "texture": "#main"},
				"up": {"uv": [9.5625, 0.875, 9.8125, 2.125], "texture": "#main"},
				"down": {"uv": [9.8125, 2.625, 10.0625, 1.375], "texture": "#main"}
			}
		},
		{
			"name": "inside_snake",
			"from": [13, 14, -14],
			"to": [14, 14, -9],
			"rotation": {"angle": 0, "axis": "y", "origin": [0, 1, -1]},
			"faces": {
				"north": {"uv": [9.8125, 1.125, 10.0625, 1.375], "texture": "#main"},
				"east": {"uv": [9.84375, 0.875, 11.09375, 1.125], "texture": "#main"},
				"south": {"uv": [10.0625, 1.125, 10.3125, 1.375], "texture": "#main"},
				"west": {"uv": [11.09375, 0.625, 9.84375, 0.875], "texture": "#main"},
				"up": {"uv": [9.8125, 1.375, 10.0625, 2.625], "texture": "#main"},
				"down": {"uv": [9.8125, 2.625, 10.0625, 1.375], "texture": "#main"}
			}
		},
		{
			"name": "tip",
			"from": [0, 19, -16],
			"to": [0, 21, -10],
			"rotation": {"angle": -45, "axis": "z", "origin": [0, 1, -1]},
			"faces": {
				"north": {"uv": [8, 0, 8, 0.5], "texture": "#main"},
				"east": {"uv": [8, 2.21875, 9.5, 2.71875], "texture": "#main"},
				"south": {"uv": [8, 0, 8, 0.5], "texture": "#main"},
				"west": {"uv": [9.5, 2.21875, 8, 2.71875], "texture": "#main"},
				"up": {"uv": [8, 0, 8, 1.5], "texture": "#main"},
				"down": {"uv": [8, 0, 8, 1.5], "texture": "#main"}
			}
		},
		{
			"name": "tip",
			"from": [19, 0, -16],
			"to": [19, 2, -10],
			"rotation": {"angle": 45, "axis": "z", "origin": [0, 1, -1]},
			"faces": {
				"north": {"uv": [8, 0, 8, 0.5], "texture": "#main"},
				"east": {"uv": [8, 2.21875, 9.5, 2.71875], "texture": "#main"},
				"south": {"uv": [8, 0, 8, 0.5], "texture": "#main"},
				"west": {"uv": [9.5, 2.21875, 8, 2.71875], "texture": "#main"},
				"up": {"uv": [8, 0, 8, 1.5], "texture": "#main"},
				"down": {"uv": [8, 0, 8, 1.5], "texture": "#main"}
			}
		},
		{
			"name": "shield",
			"from": [0, -2, 13],
			"to": [1, 9, 24],
			"rotation": {"angle": -45, "axis": "x", "origin": [0, 0, 0]},
			"faces": {
				"north": {"uv": [11.40625, 0.0625, 11.4375, 0.40625], "texture": "#main"},
				"east": {"uv": [11.03125, 0.0625, 11.375, 0.40625], "texture": "#main"},
				"south": {"uv": [11.4375, 0.0625, 11.46875, 0.40625], "texture": "#main"},
				"west": {"uv": [11.59375, 0.0625, 11.9375, 0.40625], "texture": "#main"},
				"up": {"uv": [11.46875, 0.0625, 11.5, 0.40625], "texture": "#main"},
				"down": {"uv": [11.5, 0.0625, 11.53125, 0.40625], "texture": "#main"}
			}
		},
		{
			"name": "outer_layers",
			"from": [0, -3, 14],
			"to": [1, 10, 23],
			"rotation": {"angle": -45, "axis": "x", "origin": [0, 0, 0]},
			"faces": {
				"north": {"uv": [11.4375, 0.46875, 11.46875, 0.75], "texture": "#main"},
				"east": {"uv": [11.15625, 0.4375, 11.4375, 0.84375], "texture": "#main"},
				"south": {"uv": [11.46875, 0.46875, 11.5, 0.75], "texture": "#main"},
				"west": {"uv": [11.625, 0.4375, 11.90625, 0.84375], "texture": "#main"},
				"up": {"uv": [11.5, 0.46875, 11.53125, 0.75], "texture": "#main"},
				"down": {"uv": [11.53125, 0.46875, 11.5625, 0.75], "texture": "#main"}
			}
		},
		{
			"name": "outer_layers",
			"from": [0, -1, 12],
			"to": [1, 8, 25],
			"rotation": {"angle": -45, "axis": "x", "origin": [0, 0, 0]},
			"faces": {
				"north": {"uv": [11.65625, 0.875, 11.6875, 1.15625], "texture": "#main"},
				"east": {"uv": [11.5625, 1.15625, 11.96875, 1.4375], "texture": "#main"},
				"south": {"uv": [11.625, 0.875, 11.65625, 1.15625], "texture": "#main"},
				"west": {"uv": [11.5625, 0.5, 11.96875, 0.78125], "texture": "#main"},
				"up": {"uv": [11.59375, 0.875, 11.625, 1.15625], "texture": "#main"},
				"down": {"uv": [11.5625, 0.875, 11.59375, 1.15625], "texture": "#main"}
			}
		},
		{
			"name": "head",
			"from": [4, 23, 2],
			"to": [12, 31, 8],
			"faces": {
				"north": {"uv": [13, 1.1875, 13.25, 1.4375], "texture": "#main"},
				"east": {"uv": [12.25, 0.6875, 12.4375, 0.9375], "texture": "#main"},
				"south": {"uv": [13.25, 0, 13.5, 0.25], "texture": "#main"},
				"west": {"uv": [12.5625, 1.46875, 12.75, 1.71875], "texture": "#main"},
				"up": {"uv": [13, 1.65625, 12.75, 1.46875], "texture": "#main"},
				"down": {"uv": [13.75, 0, 13.5, 0.1875], "texture": "#main"}
			}
		},
		{
			"name": "hair",
			"from": [5, 24, 8],
			"to": [11, 30, 10],
			"faces": {
				"north": {"uv": [12, 0.1875, 12.21875, 0.375], "texture": "#main"},
				"east": {"uv": [12.28125, 0.125, 12.34375, 0.3125], "texture": "#main"},
				"south": {"uv": [12, 0, 12.21875, 0.1875], "texture": "#main"},
				"west": {"uv": [12.21875, 0.125, 12.28125, 0.3125], "texture": "#main"},
				"up": {"uv": [12.21875, 0, 12.4375, 0.0625], "texture": "#main"},
				"down": {"uv": [12.21875, 0.0625, 12.4375, 0.125], "texture": "#main"}
			}
		},
		{
			"name": "hair",
			"from": [6, 25, 10],
			"to": [10, 29, 11],
			"faces": {
				"north": {"uv": [12.59375, 0.09375, 12.75, 0.1875], "texture": "#main"},
				"east": {"uv": [12.78125, 0.0625, 12.8125, 0.15625], "texture": "#main"},
				"south": {"uv": [12.59375, 0, 12.75, 0.09375], "texture": "#main"},
				"west": {"uv": [12.75, 0.0625, 12.78125, 0.15625], "texture": "#main"},
				"up": {"uv": [12.75, 0, 12.875, 0.03125], "texture": "#main"},
				"down": {"uv": [12.75, 0.03125, 12.875, 0.0625], "texture": "#main"}
			}
		},
		{
			"name": "hair_tails",
			"from": [4, 20, 8],
			"to": [12, 23, 8],
			"faces": {
				"north": {"uv": [12.375, 0.40625, 12, 0.59375], "texture": "#main"},
				"east": {"uv": [12.78125, 0.25, 12.8125, 0.34375], "texture": "#main"},
				"south": {"uv": [12, 0.40625, 12.375, 0.59375], "texture": "#main"},
				"west": {"uv": [12.75, 0.25, 12.78125, 0.34375], "texture": "#main"},
				"up": {"uv": [12.75, 0.1875, 12.875, 0.21875], "texture": "#main"},
				"down": {"uv": [12.75, 0.21875, 12.875, 0.25], "texture": "#main"}
			}
		},
		{
			"name": "hair_tails",
			"from": [5, 22, 10],
			"to": [11, 25, 10],
			"faces": {
				"north": {"uv": [12.78125, 0.21875, 12.46875, 0.40625], "texture": "#main"},
				"east": {"uv": [12.78125, 0.25, 12.8125, 0.34375], "texture": "#main"},
				"south": {"uv": [12.46875, 0.21875, 12.78125, 0.40625], "texture": "#main"},
				"west": {"uv": [12.75, 0.25, 12.78125, 0.34375], "texture": "#main"},
				"up": {"uv": [12.75, 0.1875, 12.875, 0.21875], "texture": "#main"},
				"down": {"uv": [12.75, 0.21875, 12.875, 0.25], "texture": "#main"}
			}
		},
		{
			"name": "hair_tails",
			"from": [6, 23, 11],
			"to": [10, 26, 11],
			"faces": {
				"north": {"uv": [12.46875, 0.40625, 12.71875, 0.59375], "texture": "#main"},
				"east": {"uv": [12.78125, 0.25, 12.8125, 0.34375], "texture": "#main"},
				"south": {"uv": [12.71875, 0.40625, 12.46875, 0.59375], "texture": "#main"},
				"west": {"uv": [12.75, 0.25, 12.78125, 0.34375], "texture": "#main"},
				"up": {"uv": [12.75, 0.1875, 12.875, 0.21875], "texture": "#main"},
				"down": {"uv": [12.75, 0.21875, 12.875, 0.25], "texture": "#main"}
			}
		},
		{
			"name": "left_arm",
			"from": [1, 12, -5],
			"to": [4, 23, -2],
			"rotation": {"angle": 22.5, "axis": "x", "origin": [0, 0, 0]},
			"faces": {
				"north": {"uv": [13, 1.625, 13.09375, 1.9375], "texture": "#main"},
				"east": {"uv": [13.09375, 1.625, 13.1875, 1.9375], "texture": "#main"},
				"south": {"uv": [13.1875, 1.625, 13.28125, 1.9375], "texture": "#main"},
				"west": {"uv": [13.28125, 1.625, 13.375, 1.9375], "texture": "#main"},
				"up": {"uv": [13.84375, 0.1875, 13.75, 0.09375], "texture": "#main"},
				"down": {"uv": [12.21875, 1.75, 12.125, 1.84375], "texture": "#main"}
			}
		},
		{
			"name": "right_arm",
			"from": [12, 8, 11],
			"to": [15, 19, 14],
			"rotation": {"angle": -22.5, "axis": "x", "origin": [0, 0, 0]},
			"faces": {
				"north": {"uv": [12.78125, 0.65625, 12.6875, 0.96875], "texture": "#main"},
				"east": {"uv": [12.96875, 0.65625, 13.0625, 0.96875], "texture": "#main"},
				"south": {"uv": [12.96875, 0.65625, 12.875, 0.96875], "texture": "#main"},
				"west": {"uv": [12.78125, 0.65625, 12.875, 0.96875], "texture": "#main"},
				"up": {"uv": [13.75, 0.1875, 13.84375, 0.09375], "texture": "#main"},
				"down": {"uv": [12.21875, 1.75, 12.125, 1.84375], "texture": "#main"}
			}
		},
		{
			"name": "torso",
			"from": [4, 10, 3],
			"to": [12, 23, 7],
			"faces": {
				"north": {"uv": [12.4375, 0.65625, 12.6875, 1.03125], "texture": "#main"},
				"east": {"uv": [12.3125, 1.40625, 12.4375, 1.78125], "texture": "#main"},
				"south": {"uv": [12, 0.71875, 12.25, 1.09375], "texture": "#main"},
				"west": {"uv": [12.4375, 1.5, 12.5625, 1.875], "texture": "#main"},
				"up": {"uv": [12.25, 1.75, 12, 1.625], "texture": "#main"},
				"down": {"uv": [13.875, 0.5, 13.625, 0.625], "texture": "#main"}
			}
		},
		{
			"name": "belt",
			"from": [4, 10, 3],
			"to": [12, 15, 3],
			"faces": {
				"north": {"uv": [14.5, 2.28125, 16, 3.53125], "texture": "#main"},
				"east": {"uv": [12, 0, 12, 1.25], "texture": "#main"},
				"south": {"uv": [14.5, 2.28125, 16, 3.53125], "texture": "#main"},
				"west": {"uv": [12, 0, 12, 1.25], "texture": "#main"},
				"up": {"uv": [12, 0, 14, 0], "texture": "#main"},
				"down": {"uv": [12, 0, 14, 0], "texture": "#main"}
			}
		},
		{
			"name": "left_leg",
			"from": [4, -4, 6],
			"to": [8, 7, 10],
			"rotation": {"angle": -22.5, "axis": "x", "origin": [0, 0, 0]},
			"faces": {
				"north": {"uv": [14.65625, 3.65625, 14.78125, 4], "texture": "#main"},
				"east": {"uv": [14.53125, 3.65625, 14.65625, 4], "texture": "#main"},
				"south": {"uv": [14.40625, 3.65625, 14.53125, 4], "texture": "#main"},
				"west": {"uv": [14.28125, 3.65625, 14.40625, 4], "texture": "#main"},
				"up": {"uv": [14.28125, 3.53125, 14.40625, 3.65625], "texture": "#main"},
				"down": {"uv": [14.65625, 3.53125, 14.78125, 3.65625], "texture": "#main"}
			}
		},
		{
			"name": "right_leg",
			"from": [8, 0, -1],
			"to": [12, 11, 3],
			"rotation": {"angle": 22.5, "axis": "x", "origin": [0, 0, 0]},
			"faces": {
				"north": {"uv": [14.78125, 3.65625, 14.65625, 4], "texture": "#main"},
				"east": {"uv": [14.40625, 3.65625, 14.28125, 4], "texture": "#main"},
				"south": {"uv": [14.53125, 3.65625, 14.40625, 4], "texture": "#main"},
				"west": {"uv": [14.53125, 3.65625, 14.65625, 4], "texture": "#main"},
				"up": {"uv": [14.28125, 3.53125, 14.40625, 3.65625], "texture": "#main"},
				"down": {"uv": [14.65625, 3.53125, 14.78125, 3.65625], "texture": "#main"}
			}
		},
		{
			"name": "handle",
			"from": [13, 13, -5],
			"to": [14, 14, 21],
			"rotation": {"angle": 0, "axis": "y", "origin": [0, 0, 6]},
			"faces": {
				"north": {"uv": [15.9375, 1.75, 15.96875, 1.78125], "texture": "#main"},
				"east": {"uv": [15.1875, 1.6875, 16, 1.71875], "texture": "#main"},
				"south": {"uv": [15.96875, 1.75, 16, 1.78125], "texture": "#main"},
				"west": {"uv": [15.1875, 1.71875, 16, 1.75], "texture": "#main"},
				"up": {"uv": [15.125, 1.3125, 15.15625, 2.125], "texture": "#main"},
				"down": {"uv": [15.09375, 1.3125, 15.125, 2.125], "texture": "#main"}
			}
		},
		{
			"name": "snake",
			"from": [13, 13, -7],
			"to": [14, 14, -2],
			"rotation": {"angle": 0, "axis": "y", "origin": [0, 0, 6]},
			"faces": {
				"north": {"uv": [13.8125, 1.125, 14.0625, 1.375], "texture": "#main"},
				"east": {"uv": [13.84375, 0.875, 15.09375, 1.125], "texture": "#main"},
				"south": {"uv": [14.0625, 1.125, 14.3125, 1.375], "texture": "#main"},
				"west": {"uv": [15.09375, 0.625, 13.84375, 0.875], "texture": "#main"},
				"up": {"uv": [13.5625, 0.875, 13.8125, 2.125], "texture": "#main"},
				"down": {"uv": [13.8125, 2.625, 14.0625, 1.375], "texture": "#main"}
			}
		},
		{
			"name": "inside_snake",
			"from": [13, 14, -7],
			"to": [14, 14, -2],
			"rotation": {"angle": 0, "axis": "y", "origin": [0, 0, 6]},
			"faces": {
				"north": {"uv": [13.8125, 1.125, 14.0625, 1.375], "texture": "#main"},
				"east": {"uv": [13.84375, 0.875, 15.09375, 1.125], "texture": "#main"},
				"south": {"uv": [14.0625, 1.125, 14.3125, 1.375], "texture": "#main"},
				"west": {"uv": [15.09375, 0.625, 13.84375, 0.875], "texture": "#main"},
				"up": {"uv": [13.5625, 0.875, 13.8125, 2.125], "texture": "#main"},
				"down": {"uv": [13.5625, 2.125, 13.8125, 0.875], "texture": "#main"}
			}
		},
		{
			"name": "inside_snake",
			"from": [14, 13, -7],
			"to": [14, 14, -2],
			"rotation": {"angle": 0, "axis": "y", "origin": [0, 0, 6]},
			"faces": {
				"north": {"uv": [13.8125, 1.125, 14.0625, 1.375], "texture": "#main"},
				"east": {"uv": [13.84375, 0.875, 15.09375, 1.125], "texture": "#main"},
				"south": {"uv": [14.0625, 1.125, 14.3125, 1.375], "texture": "#main"},
				"west": {"uv": [15.09375, 0.875, 13.84375, 1.125], "texture": "#main"},
				"up": {"uv": [13.5625, 0.875, 13.8125, 2.125], "texture": "#main"},
				"down": {"uv": [13.8125, 2.625, 14.0625, 1.375], "texture": "#main"}
			}
		},
		{
			"name": "inside_snake",
			"from": [13, 13, -7],
			"to": [13, 14, -2],
			"rotation": {"angle": 0, "axis": "y", "origin": [0, 0, 6]},
			"faces": {
				"north": {"uv": [13.8125, 1.125, 14.0625, 1.375], "texture": "#main"},
				"east": {"uv": [13.84375, 0.625, 15.09375, 0.875], "texture": "#main"},
				"south": {"uv": [14.0625, 1.125, 14.3125, 1.375], "texture": "#main"},
				"west": {"uv": [15.09375, 0.625, 13.84375, 0.875], "texture": "#main"},
				"up": {"uv": [13.5625, 0.875, 13.8125, 2.125], "texture": "#main"},
				"down": {"uv": [13.8125, 2.625, 14.0625, 1.375], "texture": "#main"}
			}
		},
		{
			"name": "inside_snake",
			"from": [13, 13, -7],
			"to": [14, 13, -2],
			"rotation": {"angle": 0, "axis": "y", "origin": [0, 0, 6]},
			"faces": {
				"north": {"uv": [13.8125, 1.125, 14.0625, 1.375], "texture": "#main"},
				"east": {"uv": [13.84375, 0.875, 15.09375, 1.125], "texture": "#main"},
				"south": {"uv": [14.0625, 1.125, 14.3125, 1.375], "texture": "#main"},
				"west": {"uv": [15.09375, 0.625, 13.84375, 0.875], "texture": "#main"},
				"up": {"uv": [13.8125, 1.375, 14.0625, 2.625], "texture": "#main"},
				"down": {"uv": [13.8125, 2.625, 14.0625, 1.375], "texture": "#main"}
			}
		},
		{
			"name": "tip",
			"from": [0, 18, -9],
			"to": [0, 20, -3],
			"rotation": {"angle": -45, "axis": "z", "origin": [0, 0, 6]},
			"faces": {
				"north": {"uv": [12, 0, 12, 0.5], "texture": "#main"},
				"east": {"uv": [12, 2.21875, 13.5, 2.71875], "texture": "#main"},
				"south": {"uv": [12, 0, 12, 0.5], "texture": "#main"},
				"west": {"uv": [13.5, 2.21875, 12, 2.71875], "texture": "#main"},
				"up": {"uv": [12, 0, 12, 1.5], "texture": "#main"},
				"down": {"uv": [12, 0, 12, 1.5], "texture": "#main"}
			}
		},
		{
			"name": "tip",
			"from": [19, -1, -9],
			"to": [19, 1, -3],
			"rotation": {"angle": 45, "axis": "z", "origin": [0, 0, 6]},
			"faces": {
				"north": {"uv": [12, 0, 12, 0.5], "texture": "#main"},
				"east": {"uv": [12, 2.21875, 13.5, 2.71875], "texture": "#main"},
				"south": {"uv": [12, 0, 12, 0.5], "texture": "#main"},
				"west": {"uv": [13.5, 2.21875, 12, 2.71875], "texture": "#main"},
				"up": {"uv": [12, 0, 12, 1.5], "texture": "#main"},
				"down": {"uv": [12, 0, 12, 1.5], "texture": "#main"}
			}
		},
		{
			"name": "shield",
			"from": [0, 8, -9],
			"to": [1, 19, 2],
			"rotation": {"angle": 22.5, "axis": "x", "origin": [0, 0, 0]},
			"faces": {
				"north": {"uv": [15.40625, 0.0625, 15.4375, 0.40625], "texture": "#main"},
				"east": {"uv": [15.03125, 0.0625, 15.375, 0.40625], "texture": "#main"},
				"south": {"uv": [15.4375, 0.0625, 15.46875, 0.40625], "texture": "#main"},
				"west": {"uv": [15.59375, 0.0625, 15.9375, 0.40625], "texture": "#main"},
				"up": {"uv": [15.46875, 0.0625, 15.5, 0.40625], "texture": "#main"},
				"down": {"uv": [15.5, 0.0625, 15.53125, 0.40625], "texture": "#main"}
			}
		},
		{
			"name": "outer_layers",
			"from": [0, 7, -8],
			"to": [1, 20, 1],
			"rotation": {"angle": 22.5, "axis": "x", "origin": [0, 0, 0]},
			"faces": {
				"north": {"uv": [15.4375, 0.46875, 15.46875, 0.75], "texture": "#main"},
				"east": {"uv": [15.15625, 0.4375, 15.4375, 0.84375], "texture": "#main"},
				"south": {"uv": [15.46875, 0.46875, 15.5, 0.75], "texture": "#main"},
				"west": {"uv": [15.625, 0.4375, 15.90625, 0.84375], "texture": "#main"},
				"up": {"uv": [15.5, 0.46875, 15.53125, 0.75], "texture": "#main"},
				"down": {"uv": [15.53125, 0.46875, 15.5625, 0.75], "texture": "#main"}
			}
		},
		{
			"name": "outer_layers",
			"from": [0, 9, -10],
			"to": [1, 18, 3],
			"rotation": {"angle": 22.5, "axis": "x", "origin": [0, 0, 0]},
			"faces": {
				"north": {"uv": [15.65625, 0.875, 15.6875, 1.15625], "texture": "#main"},
				"east": {"uv": [15.5625, 1.15625, 15.96875, 1.4375], "texture": "#main"},
				"south": {"uv": [15.625, 0.875, 15.65625, 1.15625], "texture": "#main"},
				"west": {"uv": [15.5625, 0.5, 15.96875, 0.78125], "texture": "#main"},
				"up": {"uv": [15.59375, 0.875, 15.625, 1.15625], "texture": "#main"},
				"down": {"uv": [15.5625, 0.875, 15.59375, 1.15625], "texture": "#main"}
			}
		},
		{
			"name": "head",
			"from": [4, 23, 2],
			"to": [12, 31, 8],
			"faces": {
				"north": {"uv": [1, 5.1875, 1.25, 5.4375], "texture": "#main"},
				"east": {"uv": [0.25, 4.6875, 0.4375, 4.9375], "texture": "#main"},
				"south": {"uv": [1.25, 4, 1.5, 4.25], "texture": "#main"},
				"west": {"uv": [0.5625, 5.46875, 0.75, 5.71875], "texture": "#main"},
				"up": {"uv": [1, 5.65625, 0.75, 5.46875], "texture": "#main"},
				"down": {"uv": [1.75, 4, 1.5, 4.1875], "texture": "#main"}
			}
		},
		{
			"name": "hair",
			"from": [5, 24, 8],
			"to": [11, 30, 10],
			"faces": {
				"north": {"uv": [0, 4.1875, 0.21875, 4.375], "texture": "#main"},
				"east": {"uv": [0.28125, 4.125, 0.34375, 4.3125], "texture": "#main"},
				"south": {"uv": [0, 4, 0.21875, 4.1875], "texture": "#main"},
				"west": {"uv": [0.21875, 4.125, 0.28125, 4.3125], "texture": "#main"},
				"up": {"uv": [0.21875, 4, 0.4375, 4.0625], "texture": "#main"},
				"down": {"uv": [0.21875, 4.0625, 0.4375, 4.125], "texture": "#main"}
			}
		},
		{
			"name": "hair",
			"from": [6, 25, 10],
			"to": [10, 29, 11],
			"faces": {
				"north": {"uv": [0.59375, 4.09375, 0.75, 4.1875], "texture": "#main"},
				"east": {"uv": [0.78125, 4.0625, 0.8125, 4.15625], "texture": "#main"},
				"south": {"uv": [0.59375, 4, 0.75, 4.09375], "texture": "#main"},
				"west": {"uv": [0.75, 4.0625, 0.78125, 4.15625], "texture": "#main"},
				"up": {"uv": [0.75, 4, 0.875, 4.03125], "texture": "#main"},
				"down": {"uv": [0.75, 4.03125, 0.875, 4.0625], "texture": "#main"}
			}
		},
		{
			"name": "hair_tails",
			"from": [4, 20, 8],
			"to": [12, 23, 8],
			"faces": {
				"north": {"uv": [0.375, 4.40625, 0, 4.59375], "texture": "#main"},
				"east": {"uv": [0.78125, 4.25, 0.8125, 4.34375], "texture": "#main"},
				"south": {"uv": [0, 4.40625, 0.375, 4.59375], "texture": "#main"},
				"west": {"uv": [0.75, 4.25, 0.78125, 4.34375], "texture": "#main"},
				"up": {"uv": [0.75, 4.1875, 0.875, 4.21875], "texture": "#main"},
				"down": {"uv": [0.75, 4.21875, 0.875, 4.25], "texture": "#main"}
			}
		},
		{
			"name": "hair_tails",
			"from": [5, 22, 10],
			"to": [11, 25, 10],
			"faces": {
				"north": {"uv": [0.78125, 4.21875, 0.46875, 4.40625], "texture": "#main"},
				"east": {"uv": [0.78125, 4.25, 0.8125, 4.34375], "texture": "#main"},
				"south": {"uv": [0.46875, 4.21875, 0.78125, 4.40625], "texture": "#main"},
				"west": {"uv": [0.75, 4.25, 0.78125, 4.34375], "texture": "#main"},
				"up": {"uv": [0.75, 4.1875, 0.875, 4.21875], "texture": "#main"},
				"down": {"uv": [0.75, 4.21875, 0.875, 4.25], "texture": "#main"}
			}
		},
		{
			"name": "hair_tails",
			"from": [6, 23, 11],
			"to": [10, 26, 11],
			"faces": {
				"north": {"uv": [0.46875, 4.40625, 0.71875, 4.59375], "texture": "#main"},
				"east": {"uv": [0.78125, 4.25, 0.8125, 4.34375], "texture": "#main"},
				"south": {"uv": [0.71875, 4.40625, 0.46875, 4.59375], "texture": "#main"},
				"west": {"uv": [0.75, 4.25, 0.78125, 4.34375], "texture": "#main"},
				"up": {"uv": [0.75, 4.1875, 0.875, 4.21875], "texture": "#main"},
				"down": {"uv": [0.75, 4.21875, 0.875, 4.25], "texture": "#main"}
			}
		},
		{
			"name": "left_arm",
			"from": [1, 9, -13],
			"to": [4, 20, -10],
			"rotation": {"angle": 45, "axis": "x", "origin": [0, 0, 0]},
			"faces": {
				"north": {"uv": [1, 5.625, 1.09375, 5.9375], "texture": "#main"},
				"east": {"uv": [1.09375, 5.625, 1.1875, 5.9375], "texture": "#main"},
				"south": {"uv": [1.1875, 5.625, 1.28125, 5.9375], "texture": "#main"},
				"west": {"uv": [1.28125, 5.625, 1.375, 5.9375], "texture": "#main"},
				"up": {"uv": [1.84375, 4.1875, 1.75, 4.09375], "texture": "#main"},
				"down": {"uv": [0.21875, 5.75, 0.125, 5.84375], "texture": "#main"}
			}
		},
		{
			"name": "right_arm",
			"from": [12, 1, 17],
			"to": [15, 12, 20],
			"rotation": {"angle": -45, "axis": "x", "origin": [0, 0, 0]},
			"faces": {
				"north": {"uv": [0.78125, 4.65625, 0.6875, 4.96875], "texture": "#main"},
				"east": {"uv": [0.96875, 4.65625, 1.0625, 4.96875], "texture": "#main"},
				"south": {"uv": [0.96875, 4.65625, 0.875, 4.96875], "texture": "#main"},
				"west": {"uv": [0.78125, 4.65625, 0.875, 4.96875], "texture": "#main"},
				"up": {"uv": [1.75, 4.1875, 1.84375, 4.09375], "texture": "#main"},
				"down": {"uv": [0.21875, 5.75, 0.125, 5.84375], "texture": "#main"}
			}
		},
		{
			"name": "torso",
			"from": [4, 10, 3],
			"to": [12, 23, 7],
			"faces": {
				"north": {"uv": [0.4375, 4.65625, 0.6875, 5.03125], "texture": "#main"},
				"east": {"uv": [0.3125, 5.40625, 0.4375, 5.78125], "texture": "#main"},
				"south": {"uv": [0, 4.71875, 0.25, 5.09375], "texture": "#main"},
				"west": {"uv": [0.4375, 5.5, 0.5625, 5.875], "texture": "#main"},
				"up": {"uv": [0.25, 5.75, 0, 5.625], "texture": "#main"},
				"down": {"uv": [1.875, 4.5, 1.625, 4.625], "texture": "#main"}
			}
		},
		{
			"name": "belt",
			"from": [4, 10, 3],
			"to": [12, 15, 3],
			"faces": {
				"north": {"uv": [2.5, 6.28125, 4, 7.53125], "texture": "#main"},
				"east": {"uv": [0, 4, 0, 5.25], "texture": "#main"},
				"south": {"uv": [2.5, 6.28125, 4, 7.53125], "texture": "#main"},
				"west": {"uv": [0, 4, 0, 5.25], "texture": "#main"},
				"up": {"uv": [0, 4, 2, 4], "texture": "#main"},
				"down": {"uv": [0, 4, 2, 4], "texture": "#main"}
			}
		},
		{
			"name": "left_leg",
			"from": [4, -8, 8],
			"to": [8, 3, 12],
			"rotation": {"angle": -45, "axis": "x", "origin": [0, 0, 0]},
			"faces": {
				"north": {"uv": [2.65625, 7.65625, 2.78125, 8], "texture": "#main"},
				"east": {"uv": [2.53125, 7.65625, 2.65625, 8], "texture": "#main"},
				"south": {"uv": [2.40625, 7.65625, 2.53125, 8], "texture": "#main"},
				"west": {"uv": [2.28125, 7.65625, 2.40625, 8], "texture": "#main"},
				"up": {"uv": [2.28125, 7.53125, 2.40625, 7.65625], "texture": "#main"},
				"down": {"uv": [2.65625, 7.53125, 2.78125, 7.65625], "texture": "#main"}
			}
		},
		{
			"name": "right_leg",
			"from": [8, -1, -5],
			"to": [12, 10, -1],
			"rotation": {"angle": 45, "axis": "x", "origin": [0, 0, 0]},
			"faces": {
				"north": {"uv": [2.78125, 7.65625, 2.65625, 8], "texture": "#main"},
				"east": {"uv": [2.40625, 7.65625, 2.28125, 8], "texture": "#main"},
				"south": {"uv": [2.53125, 7.65625, 2.40625, 8], "texture": "#main"},
				"west": {"uv": [2.53125, 7.65625, 2.65625, 8], "texture": "#main"},
				"up": {"uv": [2.28125, 7.53125, 2.40625, 7.65625], "texture": "#main"},
				"down": {"uv": [2.65625, 7.53125, 2.78125, 7.65625], "texture": "#main"}
			}
		},
		{
			"name": "handle",
			"from": [13, 14, -1],
			"to": [14, 15, 25],
			"rotation": {"angle": 0, "axis": "y", "origin": [0, 1, 10]},
			"faces": {
				"north": {"uv": [3.9375, 5.75, 3.96875, 5.78125], "texture": "#main"},
				"east": {"uv": [3.1875, 5.6875, 4, 5.71875], "texture": "#main"},
				"south": {"uv": [3.96875, 5.75, 4, 5.78125], "texture": "#main"},
				"west": {"uv": [3.1875, 5.71875, 4, 5.75], "texture": "#main"},
				"up": {"uv": [3.125, 5.3125, 3.15625, 6.125], "texture": "#main"},
				"down": {"uv": [3.09375, 5.3125, 3.125, 6.125], "texture": "#main"}
			}
		},
		{
			"name": "snake",
			"from": [13, 14, -3],
			"to": [14, 15, 2],
			"rotation": {"angle": 0, "axis": "y", "origin": [0, 1, 10]},
			"faces": {
				"north": {"uv": [1.8125, 5.125, 2.0625, 5.375], "texture": "#main"},
				"east": {"uv": [1.84375, 4.875, 3.09375, 5.125], "texture": "#main"},
				"south": {"uv": [2.0625, 5.125, 2.3125, 5.375], "texture": "#main"},
				"west": {"uv": [3.09375, 4.625, 1.84375, 4.875], "texture": "#main"},
				"up": {"uv": [1.5625, 4.875, 1.8125, 6.125], "texture": "#main"},
				"down": {"uv": [1.8125, 6.625, 2.0625, 5.375], "texture": "#main"}
			}
		},
		{
			"name": "inside_snake",
			"from": [13, 15, -3],
			"to": [14, 15, 2],
			"rotation": {"angle": 0, "axis": "y", "origin": [0, 1, 10]},
			"faces": {
				"north": {"uv": [1.8125, 5.125, 2.0625, 5.375], "texture": "#main"},
				"east": {"uv": [1.84375, 4.875, 3.09375, 5.125], "texture": "#main"},
				"south": {"uv": [2.0625, 5.125, 2.3125, 5.375], "texture": "#main"},
				"west": {"uv": [3.09375, 4.625, 1.84375, 4.875], "texture": "#main"},
				"up": {"uv": [1.5625, 4.875, 1.8125, 6.125], "texture": "#main"},
				"down": {"uv": [1.5625, 6.125, 1.8125, 4.875], "texture": "#main"}
			}
		},
		{
			"name": "inside_snake",
			"from": [14, 14, -3],
			"to": [14, 15, 2],
			"rotation": {"angle": 0, "axis": "y", "origin": [0, 1, 10]},
			"faces": {
				"north": {"uv": [1.8125, 5.125, 2.0625, 5.375], "texture": "#main"},
				"east": {"uv": [1.84375, 4.875, 3.09375, 5.125], "texture": "#main"},
				"south": {"uv": [2.0625, 5.125, 2.3125, 5.375], "texture": "#main"},
				"west": {"uv": [3.09375, 4.875, 1.84375, 5.125], "texture": "#main"},
				"up": {"uv": [1.5625, 4.875, 1.8125, 6.125], "texture": "#main"},
				"down": {"uv": [1.8125, 6.625, 2.0625, 5.375], "texture": "#main"}
			}
		},
		{
			"name": "inside_snake",
			"from": [13, 14, -3],
			"to": [13, 15, 2],
			"rotation": {"angle": 0, "axis": "y", "origin": [0, 1, 10]},
			"faces": {
				"north": {"uv": [1.8125, 5.125, 2.0625, 5.375], "texture": "#main"},
				"east": {"uv": [1.84375, 4.625, 3.09375, 4.875], "texture": "#main"},
				"south": {"uv": [2.0625, 5.125, 2.3125, 5.375], "texture": "#main"},
				"west": {"uv": [3.09375, 4.625, 1.84375, 4.875], "texture": "#main"},
				"up": {"uv": [1.5625, 4.875, 1.8125, 6.125], "texture": "#main"},
				"down": {"uv": [1.8125, 6.625, 2.0625, 5.375], "texture": "#main"}
			}
		},
		{
			"name": "inside_snake",
			"from": [13, 14, -3],
			"to": [14, 14, 2],
			"rotation": {"angle": 0, "axis": "y", "origin": [0, 1, 10]},
			"faces": {
				"north": {"uv": [1.8125, 5.125, 2.0625, 5.375], "texture": "#main"},
				"east": {"uv": [1.84375, 4.875, 3.09375, 5.125], "texture": "#main"},
				"south": {"uv": [2.0625, 5.125, 2.3125, 5.375], "texture": "#main"},
				"west": {"uv": [3.09375, 4.625, 1.84375, 4.875], "texture": "#main"},
				"up": {"uv": [1.8125, 5.375, 2.0625, 6.625], "texture": "#main"},
				"down": {"uv": [1.8125, 6.625, 2.0625, 5.375], "texture": "#main"}
			}
		},
		{
			"name": "tip",
			"from": [0, 19, -5],
			"to": [0, 21, 1],
			"rotation": {"angle": -45, "axis": "z", "origin": [0, 1, 10]},
			"faces": {
				"north": {"uv": [0, 4, 0, 4.5], "texture": "#main"},
				"east": {"uv": [0, 6.21875, 1.5, 6.71875], "texture": "#main"},
				"south": {"uv": [0, 4, 0, 4.5], "texture": "#main"},
				"west": {"uv": [1.5, 6.21875, 0, 6.71875], "texture": "#main"},
				"up": {"uv": [0, 4, 0, 5.5], "texture": "#main"},
				"down": {"uv": [0, 4, 0, 5.5], "texture": "#main"}
			}
		},
		{
			"name": "tip",
			"from": [19, 0, -5],
			"to": [19, 2, 1],
			"rotation": {"angle": 45, "axis": "z", "origin": [0, 1, 10]},
			"faces": {
				"north": {"uv": [0, 4, 0, 4.5], "texture": "#main"},
				"east": {"uv": [0, 6.21875, 1.5, 6.71875], "texture": "#main"},
				"south": {"uv": [0, 4, 0, 4.5], "texture": "#main"},
				"west": {"uv": [1.5, 6.21875, 0, 6.71875], "texture": "#main"},
				"up": {"uv": [0, 4, 0, 5.5], "texture": "#main"},
				"down": {"uv": [0, 4, 0, 5.5], "texture": "#main"}
			}
		},
		{
			"name": "shield",
			"from": [0, 8, -12],
			"to": [1, 19, -1],
			"rotation": {"angle": 22.5, "axis": "x", "origin": [0, 0, 0]},
			"faces": {
				"north": {"uv": [3.40625, 4.0625, 3.4375, 4.40625], "texture": "#main"},
				"east": {"uv": [3.03125, 4.0625, 3.375, 4.40625], "texture": "#main"},
				"south": {"uv": [3.4375, 4.0625, 3.46875, 4.40625], "texture": "#main"},
				"west": {"uv": [3.59375, 4.0625, 3.9375, 4.40625], "texture": "#main"},
				"up": {"uv": [3.46875, 4.0625, 3.5, 4.40625], "texture": "#main"},
				"down": {"uv": [3.5, 4.0625, 3.53125, 4.40625], "texture": "#main"}
			}
		},
		{
			"name": "outer_layers",
			"from": [0, 7, -11],
			"to": [1, 20, -2],
			"rotation": {"angle": 22.5, "axis": "x", "origin": [0, 0, 0]},
			"faces": {
				"north": {"uv": [3.4375, 4.46875, 3.46875, 4.75], "texture": "#main"},
				"east": {"uv": [3.15625, 4.4375, 3.4375, 4.84375], "texture": "#main"},
				"south": {"uv": [3.46875, 4.46875, 3.5, 4.75], "texture": "#main"},
				"west": {"uv": [3.625, 4.4375, 3.90625, 4.84375], "texture": "#main"},
				"up": {"uv": [3.5, 4.46875, 3.53125, 4.75], "texture": "#main"},
				"down": {"uv": [3.53125, 4.46875, 3.5625, 4.75], "texture": "#main"}
			}
		},
		{
			"name": "outer_layers",
			"from": [0, 9, -13],
			"to": [1, 18, 0],
			"rotation": {"angle": 22.5, "axis": "x", "origin": [0, 0, 0]},
			"faces": {
				"north": {"uv": [3.65625, 4.875, 3.6875, 5.15625], "texture": "#main"},
				"east": {"uv": [3.5625, 5.15625, 3.96875, 5.4375], "texture": "#main"},
				"south": {"uv": [3.625, 4.875, 3.65625, 5.15625], "texture": "#main"},
				"west": {"uv": [3.5625, 4.5, 3.96875, 4.78125], "texture": "#main"},
				"up": {"uv": [3.59375, 4.875, 3.625, 5.15625], "texture": "#main"},
				"down": {"uv": [3.5625, 4.875, 3.59375, 5.15625], "texture": "#main"}
			}
		},
		{
			"name": "head",
			"from": [4, 23, 2],
			"to": [12, 31, 8],
			"faces": {
				"north": {"uv": [1, 1.1875, 1.25, 1.4375], "texture": "#main"},
				"east": {"uv": [0.25, 0.6875, 0.4375, 0.9375], "texture": "#main"},
				"south": {"uv": [1.25, 0, 1.5, 0.25], "texture": "#main"},
				"west": {"uv": [0.5625, 1.46875, 0.75, 1.71875], "texture": "#main"},
				"up": {"uv": [1, 1.65625, 0.75, 1.46875], "texture": "#main"},
				"down": {"uv": [1.75, 0, 1.5, 0.1875], "texture": "#main"}
			}
		},
		{
			"name": "hair",
			"from": [5, 24, 8],
			"to": [11, 30, 10],
			"faces": {
				"north": {"uv": [0, 0.1875, 0.21875, 0.375], "texture": "#main"},
				"east": {"uv": [0.28125, 0.125, 0.34375, 0.3125], "texture": "#main"},
				"south": {"uv": [0, 0, 0.21875, 0.1875], "texture": "#main"},
				"west": {"uv": [0.21875, 0.125, 0.28125, 0.3125], "texture": "#main"},
				"up": {"uv": [0.21875, 0, 0.4375, 0.0625], "texture": "#main"},
				"down": {"uv": [0.21875, 0.0625, 0.4375, 0.125], "texture": "#main"}
			}
		},
		{
			"name": "hair",
			"from": [6, 25, 10],
			"to": [10, 29, 11],
			"faces": {
				"north": {"uv": [0.59375, 0.09375, 0.75, 0.1875], "texture": "#main"},
				"east": {"uv": [0.78125, 0.0625, 0.8125, 0.15625], "texture": "#main"},
				"south": {"uv": [0.59375, 0, 0.75, 0.09375], "texture": "#main"},
				"west": {"uv": [0.75, 0.0625, 0.78125, 0.15625], "texture": "#main"},
				"up": {"uv": [0.75, 0, 0.875, 0.03125], "texture": "#main"},
				"down": {"uv": [0.75, 0.03125, 0.875, 0.0625], "texture": "#main"}
			}
		},
		{
			"name": "hair_tails",
			"from": [4, 20, 8],
			"to": [12, 23, 8],
			"faces": {
				"north": {"uv": [0.375, 0.40625, 0, 0.59375], "texture": "#main"},
				"east": {"uv": [0.78125, 0.25, 0.8125, 0.34375], "texture": "#main"},
				"south": {"uv": [0, 0.40625, 0.375, 0.59375], "texture": "#main"},
				"west": {"uv": [0.75, 0.25, 0.78125, 0.34375], "texture": "#main"},
				"up": {"uv": [0.75, 0.1875, 0.875, 0.21875], "texture": "#main"},
				"down": {"uv": [0.75, 0.21875, 0.875, 0.25], "texture": "#main"}
			}
		},
		{
			"name": "hair_tails",
			"from": [5, 22, 10],
			"to": [11, 25, 10],
			"faces": {
				"north": {"uv": [0.78125, 0.21875, 0.46875, 0.40625], "texture": "#main"},
				"east": {"uv": [0.78125, 0.25, 0.8125, 0.34375], "texture": "#main"},
				"south": {"uv": [0.46875, 0.21875, 0.78125, 0.40625], "texture": "#main"},
				"west": {"uv": [0.75, 0.25, 0.78125, 0.34375], "texture": "#main"},
				"up": {"uv": [0.75, 0.1875, 0.875, 0.21875], "texture": "#main"},
				"down": {"uv": [0.75, 0.21875, 0.875, 0.25], "texture": "#main"}
			}
		},
		{
			"name": "hair_tails",
			"from": [6, 23, 11],
			"to": [10, 26, 11],
			"faces": {
				"north": {"uv": [0.46875, 0.40625, 0.71875, 0.59375], "texture": "#main"},
				"east": {"uv": [0.78125, 0.25, 0.8125, 0.34375], "texture": "#main"},
				"south": {"uv": [0.71875, 0.40625, 0.46875, 0.59375], "texture": "#main"},
				"west": {"uv": [0.75, 0.25, 0.78125, 0.34375], "texture": "#main"},
				"up": {"uv": [0.75, 0.1875, 0.875, 0.21875], "texture": "#main"},
				"down": {"uv": [0.75, 0.21875, 0.875, 0.25], "texture": "#main"}
			}
		},
		{
			"name": "left_arm",
			"from": [1, 12, 4],
			"to": [4, 23, 7],
			"faces": {
				"north": {"uv": [1, 1.625, 1.09375, 1.9375], "texture": "#main"},
				"east": {"uv": [1.09375, 1.625, 1.1875, 1.9375], "texture": "#main"},
				"south": {"uv": [1.1875, 1.625, 1.28125, 1.9375], "texture": "#main"},
				"west": {"uv": [1.28125, 1.625, 1.375, 1.9375], "texture": "#main"},
				"up": {"uv": [1.84375, 0.1875, 1.75, 0.09375], "texture": "#main"},
				"down": {"uv": [0.21875, 1.75, 0.125, 1.84375], "texture": "#main"}
			}
		},
		{
			"name": "right_arm",
			"from": [12, 12, 4],
			"to": [15, 23, 7],
			"faces": {
				"north": {"uv": [0.78125, 0.65625, 0.6875, 0.96875], "texture": "#main"},
				"east": {"uv": [0.96875, 0.65625, 1.0625, 0.96875], "texture": "#main"},
				"south": {"uv": [0.96875, 0.65625, 0.875, 0.96875], "texture": "#main"},
				"west": {"uv": [0.78125, 0.65625, 0.875, 0.96875], "texture": "#main"},
				"up": {"uv": [1.75, 0.1875, 1.84375, 0.09375], "texture": "#main"},
				"down": {"uv": [0.21875, 1.75, 0.125, 1.84375], "texture": "#main"}
			}
		},
		{
			"name": "torso",
			"from": [4, 10, 3],
			"to": [12, 23, 7],
			"faces": {
				"north": {"uv": [0.4375, 0.65625, 0.6875, 1.03125], "texture": "#main"},
				"east": {"uv": [0.3125, 1.40625, 0.4375, 1.78125], "texture": "#main"},
				"south": {"uv": [0, 0.71875, 0.25, 1.09375], "texture": "#main"},
				"west": {"uv": [0.4375, 1.5, 0.5625, 1.875], "texture": "#main"},
				"up": {"uv": [0.25, 1.75, 0, 1.625], "texture": "#main"},
				"down": {"uv": [1.875, 0.5, 1.625, 0.625], "texture": "#main"}
			}
		},
		{
			"name": "belt",
			"from": [4, 10, 3],
			"to": [12, 15, 3],
			"faces": {
				"north": {"uv": [2.5, 2.28125, 4, 3.53125], "texture": "#main"},
				"east": {"uv": [0, 0, 0, 1.25], "texture": "#main"},
				"south": {"uv": [2.5, 2.28125, 4, 3.53125], "texture": "#main"},
				"west": {"uv": [0, 0, 0, 1.25], "texture": "#main"},
				"up": {"uv": [0, 0, 2, 0], "texture": "#main"},
				"down": {"uv": [0, 0, 2, 0], "texture": "#main"}
			}
		},
		{
			"name": "left_leg",
			"from": [4, -1, 3],
			"to": [8, 10, 7],
			"faces": {
				"north": {"uv": [2.65625, 3.65625, 2.78125, 4], "texture": "#main"},
				"east": {"uv": [2.53125, 3.65625, 2.65625, 4], "texture": "#main"},
				"south": {"uv": [2.40625, 3.65625, 2.53125, 4], "texture": "#main"},
				"west": {"uv": [2.28125, 3.65625, 2.40625, 4], "texture": "#main"},
				"up": {"uv": [2.28125, 3.53125, 2.40625, 3.65625], "texture": "#main"},
				"down": {"uv": [2.65625, 3.53125, 2.78125, 3.65625], "texture": "#main"}
			}
		},
		{
			"name": "right_leg",
			"from": [8, -1, 3],
			"to": [12, 10, 7],
			"faces": {
				"north": {"uv": [2.78125, 3.65625, 2.65625, 4], "texture": "#main"},
				"east": {"uv": [2.40625, 3.65625, 2.28125, 4], "texture": "#main"},
				"south": {"uv": [2.53125, 3.65625, 2.40625, 4], "texture": "#main"},
				"west": {"uv": [2.53125, 3.65625, 2.65625, 4], "texture": "#main"},
				"up": {"uv": [2.28125, 3.53125, 2.40625, 3.65625], "texture": "#main"},
				"down": {"uv": [2.65625, 3.53125, 2.78125, 3.65625], "texture": "#main"}
			}
		},
		{
			"name": "handle",
			"from": [13, 13, -6],
			"to": [14, 14, 20],
			"rotation": {"angle": 0, "axis": "y", "origin": [0, 0, 5]},
			"faces": {
				"north": {"uv": [3.9375, 1.75, 3.96875, 1.78125], "texture": "#main"},
				"east": {"uv": [3.1875, 1.6875, 4, 1.71875], "texture": "#main"},
				"south": {"uv": [3.96875, 1.75, 4, 1.78125], "texture": "#main"},
				"west": {"uv": [3.1875, 1.71875, 4, 1.75], "texture": "#main"},
				"up": {"uv": [3.125, 1.3125, 3.15625, 2.125], "texture": "#main"},
				"down": {"uv": [3.09375, 1.3125, 3.125, 2.125], "texture": "#main"}
			}
		},
		{
			"name": "snake",
			"from": [13, 13, -8],
			"to": [14, 14, -3],
			"rotation": {"angle": 0, "axis": "y", "origin": [0, 0, 5]},
			"faces": {
				"north": {"uv": [1.8125, 1.125, 2.0625, 1.375], "texture": "#main"},
				"east": {"uv": [1.84375, 0.875, 3.09375, 1.125], "texture": "#main"},
				"south": {"uv": [2.0625, 1.125, 2.3125, 1.375], "texture": "#main"},
				"west": {"uv": [3.09375, 0.625, 1.84375, 0.875], "texture": "#main"},
				"up": {"uv": [1.5625, 0.875, 1.8125, 2.125], "texture": "#main"},
				"down": {"uv": [1.8125, 2.625, 2.0625, 1.375], "texture": "#main"}
			}
		},
		{
			"name": "inside_snake",
			"from": [13, 14, -8],
			"to": [14, 14, -3],
			"rotation": {"angle": 0, "axis": "y", "origin": [0, 0, 5]},
			"faces": {
				"north": {"uv": [1.8125, 1.125, 2.0625, 1.375], "texture": "#main"},
				"east": {"uv": [1.84375, 0.875, 3.09375, 1.125], "texture": "#main"},
				"south": {"uv": [2.0625, 1.125, 2.3125, 1.375], "texture": "#main"},
				"west": {"uv": [3.09375, 0.625, 1.84375, 0.875], "texture": "#main"},
				"up": {"uv": [1.5625, 0.875, 1.8125, 2.125], "texture": "#main"},
				"down": {"uv": [1.5625, 2.125, 1.8125, 0.875], "texture": "#main"}
			}
		},
		{
			"name": "inside_snake",
			"from": [14, 13, -8],
			"to": [14, 14, -3],
			"rotation": {"angle": 0, "axis": "y", "origin": [0, 0, 5]},
			"faces": {
				"north": {"uv": [1.8125, 1.125, 2.0625, 1.375], "texture": "#main"},
				"east": {"uv": [1.84375, 0.875, 3.09375, 1.125], "texture": "#main"},
				"south": {"uv": [2.0625, 1.125, 2.3125, 1.375], "texture": "#main"},
				"west": {"uv": [3.09375, 0.875, 1.84375, 1.125], "texture": "#main"},
				"up": {"uv": [1.5625, 0.875, 1.8125, 2.125], "texture": "#main"},
				"down": {"uv": [1.8125, 2.625, 2.0625, 1.375], "texture": "#main"}
			}
		},
		{
			"name": "inside_snake",
			"from": [13, 13, -8],
			"to": [13, 14, -3],
			"rotation": {"angle": 0, "axis": "y", "origin": [0, 0, 5]},
			"faces": {
				"north": {"uv": [1.8125, 1.125, 2.0625, 1.375], "texture": "#main"},
				"east": {"uv": [1.84375, 0.625, 3.09375, 0.875], "texture": "#main"},
				"south": {"uv": [2.0625, 1.125, 2.3125, 1.375], "texture": "#main"},
				"west": {"uv": [3.09375, 0.625, 1.84375, 0.875], "texture": "#main"},
				"up": {"uv": [1.5625, 0.875, 1.8125, 2.125], "texture": "#main"},
				"down": {"uv": [1.8125, 2.625, 2.0625, 1.375], "texture": "#main"}
			}
		},
		{
			"name": "inside_snake",
			"from": [13, 13, -8],
			"to": [14, 13, -3],
			"rotation": {"angle": 0, "axis": "y", "origin": [0, 0, 5]},
			"faces": {
				"north": {"uv": [1.8125, 1.125, 2.0625, 1.375], "texture": "#main"},
				"east": {"uv": [1.84375, 0.875, 3.09375, 1.125], "texture": "#main"},
				"south": {"uv": [2.0625, 1.125, 2.3125, 1.375], "texture": "#main"},
				"west": {"uv": [3.09375, 0.625, 1.84375, 0.875], "texture": "#main"},
				"up": {"uv": [1.8125, 1.375, 2.0625, 2.625], "texture": "#main"},
				"down": {"uv": [1.8125, 2.625, 2.0625, 1.375], "texture": "#main"}
			}
		},
		{
			"name": "tip",
			"from": [0, 18, -10],
			"to": [0, 20, -4],
			"rotation": {"angle": -45, "axis": "z", "origin": [0, 0, 5]},
			"faces": {
				"north": {"uv": [0, 0, 0, 0.5], "texture": "#main"},
				"east": {"uv": [0, 2.21875, 1.5, 2.71875], "texture": "#main"},
				"south": {"uv": [0, 0, 0, 0.5], "texture": "#main"},
				"west": {"uv": [1.5, 2.21875, 0, 2.71875], "texture": "#main"},
				"up": {"uv": [0, 0, 0, 1.5], "texture": "#main"},
				"down": {"uv": [0, 0, 0, 1.5], "texture": "#main"}
			}
		},
		{
			"name": "tip",
			"from": [19, -1, -10],
			"to": [19, 1, -4],
			"rotation": {"angle": 45, "axis": "z", "origin": [0, 0, 5]},
			"faces": {
				"north": {"uv": [0, 0, 0, 0.5], "texture": "#main"},
				"east": {"uv": [0, 2.21875, 1.5, 2.71875], "texture": "#main"},
				"south": {"uv": [0, 0, 0, 0.5], "texture": "#main"},
				"west": {"uv": [1.5, 2.21875, 0, 2.71875], "texture": "#main"},
				"up": {"uv": [0, 0, 0, 1.5], "texture": "#main"},
				"down": {"uv": [0, 0, 0, 1.5], "texture": "#main"}
			}
		},
		{
			"name": "shield",
			"from": [0, 8, 0],
			"to": [1, 19, 11],
			"faces": {
				"north": {"uv": [3.40625, 0.0625, 3.4375, 0.40625], "texture": "#main"},
				"east": {"uv": [3.03125, 0.0625, 3.375, 0.40625], "texture": "#main"},
				"south": {"uv": [3.4375, 0.0625, 3.46875, 0.40625], "texture": "#main"},
				"west": {"uv": [3.59375, 0.0625, 3.9375, 0.40625], "texture": "#main"},
				"up": {"uv": [3.46875, 0.0625, 3.5, 0.40625], "texture": "#main"},
				"down": {"uv": [3.5, 0.0625, 3.53125, 0.40625], "texture": "#main"}
			}
		},
		{
			"name": "outer_layers",
			"from": [0, 7, 1],
			"to": [1, 20, 10],
			"faces": {
				"north": {"uv": [3.4375, 0.46875, 3.46875, 0.75], "texture": "#main"},
				"east": {"uv": [3.15625, 0.4375, 3.4375, 0.84375], "texture": "#main"},
				"south": {"uv": [3.46875, 0.46875, 3.5, 0.75], "texture": "#main"},
				"west": {"uv": [3.625, 0.4375, 3.90625, 0.84375], "texture": "#main"},
				"up": {"uv": [3.5, 0.46875, 3.53125, 0.75], "texture": "#main"},
				"down": {"uv": [3.53125, 0.46875, 3.5625, 0.75], "texture": "#main"}
			}
		},
		{
			"name": "outer_layers",
			"from": [0, 9, -1],
			"to": [1, 18, 12],
			"faces": {
				"north": {"uv": [3.65625, 0.875, 3.6875, 1.15625], "texture": "#main"},
				"east": {"uv": [3.5625, 1.15625, 3.96875, 1.4375], "texture": "#main"},
				"south": {"uv": [3.625, 0.875, 3.65625, 1.15625], "texture": "#main"},
				"west": {"uv": [3.5625, 0.5, 3.96875, 0.78125], "texture": "#main"},
				"up": {"uv": [3.59375, 0.875, 3.625, 1.15625], "texture": "#main"},
				"down": {"uv": [3.5625, 0.875, 3.59375, 1.15625], "texture": "#main"}
			}
		}
	],
	"display": {
		"gui": {
			"rotation": [0, 160, 0],
			"translation": [0, -3.75, 0],
			"scale": [0.5, 0.5, 0.5]
		},
		"head": {
			"translation": [0, -30.25, 3.5],
			"scale": [1.7, 1.7, 1.7]
		}
	},
	"groups": [
		0,
		1,
		2,
		3,
		4,
		5,
		6,
		7,
		8,
		9,
		10,
		11,
		12,
		13,
		14,
		15,
		16,
		17,
		18,
		19,
		20,
		21,
		22,
		23,
		24,
		25,
		26,
		27,
		28,
		29,
		30,
		31,
		32,
		33,
		34,
		35,
		36,
		37,
		38,
		39,
		40,
		41,
		42,
		43,
		44,
		45,
		46,
		47,
		48,
		49,
		50,
		51,
		52,
		53,
		54,
		55,
		56,
		57,
		58,
		59,
		60,
		61,
		62,
		63,
		64,
		65,
		66,
		67,
		68,
		69,
		70,
		71,
		72,
		73,
		74,
		75,
		76,
		77,
		78,
		79,
		80,
		81,
		82,
		83,
		84,
		85,
		86,
		87,
		88,
		89,
		90,
		91,
		{
			"name": "athena",
			"origin": [8, 8, 8],
			"color": 0,
			"children": [
				{
					"name": "head",
					"origin": [8, 8, 8],
					"color": 0,
					"children": [92, 93, 94, 95, 96, 97]
				},
				{
					"name": "arms",
					"origin": [8, 8, 8],
					"color": 0,
					"children": [98, 99]
				},
				{
					"name": "body",
					"origin": [8, 8, 8],
					"color": 0,
					"children": [100, 101]
				},
				{
					"name": "legs",
					"origin": [8, 8, 8],
					"color": 0,
					"children": [102, 103]
				}
			]
		},
		{
			"name": "spear",
			"origin": [0, 0, 0],
			"color": 0,
			"children": [104, 105, 106, 107, 108, 109, 110, 111]
		},
		{
			"name": "shield",
			"origin": [0, 0, 0],
			"color": 0,
			"children": [112, 113, 114]
		}
	]
}