{
	"credit": "Made with Blockbench",
	"textures": {
		"0": "item/owl/owl",
		"1": "item/athena/athena",
		"particle": "item/owl/owl"
	},
	"elements": [
		{
			"name": "head",
			"from": [6, 13, -2],
			"to": [12, 21, 6],
			"rotation": {"angle": -22.5, "axis": "y", "origin": [0, -10, 0]},
			"faces": {
				"north": {"uv": [1, 2.75, 1.75, 3.75], "texture": "#1"},
				"east": {"uv": [5, 0, 6, 1], "texture": "#1"},
				"south": {"uv": [2.25, 5.875, 3, 6.875], "texture": "#1"},
				"west": {"uv": [4, 4.75, 5, 5.75], "texture": "#1"},
				"up": {"uv": [4, 6.625, 3, 5.875], "rotation": 270, "texture": "#1"},
				"down": {"uv": [7, 0, 6, 0.75], "rotation": 90, "texture": "#1"}
			}
		},
		{
			"name": "hair",
			"from": [12, 14, -1],
			"to": [14, 20, 5],
			"rotation": {"angle": -22.5, "axis": "y", "origin": [0, -10, 0]},
			"faces": {
				"north": {"uv": [1.125, 0.5, 1.375, 1.25], "texture": "#1"},
				"east": {"uv": [0, 0, 0.875, 0.75], "texture": "#1"},
				"south": {"uv": [0.875, 0.5, 1.125, 1.25], "texture": "#1"},
				"west": {"uv": [0, 0.75, 0.875, 1.5], "texture": "#1"},
				"up": {"uv": [0.875, 0, 1.75, 0.25], "rotation": 270, "texture": "#1"},
				"down": {"uv": [0.875, 0.25, 1.75, 0.5], "rotation": 90, "texture": "#1"}
			}
		},
		{
			"name": "hair",
			"from": [14, 15, 0],
			"to": [15, 19, 4],
			"rotation": {"angle": -22.5, "axis": "y", "origin": [0, -10, 0]},
			"faces": {
				"north": {"uv": [3.125, 0.25, 3.25, 0.625], "texture": "#1"},
				"east": {"uv": [2.375, 0, 3, 0.375], "texture": "#1"},
				"south": {"uv": [3, 0.25, 3.125, 0.625], "texture": "#1"},
				"west": {"uv": [2.375, 0.375, 3, 0.75], "texture": "#1"},
				"up": {"uv": [3, 0, 3.5, 0.125], "rotation": 270, "texture": "#1"},
				"down": {"uv": [3, 0.125, 3.5, 0.25], "rotation": 90, "texture": "#1"}
			}
		},
		{
			"name": "hair_tails",
			"from": [12, 10, -2],
			"to": [12, 13, 6],
			"rotation": {"angle": -22.5, "axis": "y", "origin": [0, -10, 0]},
			"faces": {
				"north": {"uv": [3.125, 1, 3.25, 1.375], "texture": "#1"},
				"east": {"uv": [0, 1.625, 1.5, 2.375], "texture": "#1"},
				"south": {"uv": [3, 1, 3.125, 1.375], "texture": "#1"},
				"west": {"uv": [1.5, 1.625, 0, 2.375], "texture": "#1"},
				"up": {"uv": [3, 0.75, 3.5, 0.875], "rotation": 270, "texture": "#1"},
				"down": {"uv": [3, 0.875, 3.5, 1], "rotation": 90, "texture": "#1"}
			}
		},
		{
			"name": "hair_tails",
			"from": [14, 12, -1],
			"to": [14, 15, 5],
			"rotation": {"angle": -22.5, "axis": "y", "origin": [0, -10, 0]},
			"faces": {
				"north": {"uv": [3.125, 1, 3.25, 1.375], "texture": "#1"},
				"east": {"uv": [1.875, 0.875, 3.125, 1.625], "texture": "#1"},
				"south": {"uv": [3, 1, 3.125, 1.375], "texture": "#1"},
				"west": {"uv": [3.125, 0.875, 1.875, 1.625], "texture": "#1"},
				"up": {"uv": [3, 0.75, 3.5, 0.875], "rotation": 270, "texture": "#1"},
				"down": {"uv": [3, 0.875, 3.5, 1], "rotation": 90, "texture": "#1"}
			}
		},
		{
			"name": "hair_tails",
			"from": [15, 13, 0],
			"to": [15, 16, 4],
			"rotation": {"angle": -22.5, "axis": "y", "origin": [0, -10, 0]},
			"faces": {
				"north": {"uv": [3.125, 1, 3.25, 1.375], "texture": "#1"},
				"east": {"uv": [2.875, 1.625, 1.875, 2.375], "texture": "#1"},
				"south": {"uv": [3, 1, 3.125, 1.375], "texture": "#1"},
				"west": {"uv": [1.875, 1.625, 2.875, 2.375], "texture": "#1"},
				"up": {"uv": [3, 0.75, 3.5, 0.875], "rotation": 270, "texture": "#1"},
				"down": {"uv": [3, 0.875, 3.5, 1], "rotation": 90, "texture": "#1"}
			}
		},
		{
			"name": "left_arm",
			"from": [-7, 10, 4],
			"to": [4, 13, 7],
			"rotation": {"angle": 0, "axis": "y", "origin": [0, -10, 0]},
			"faces": {
				"north": {"uv": [4, 6.5, 4.375, 7.75], "rotation": 270, "texture": "#1"},
				"east": {"uv": [7.375, 0.75, 7, 0.375], "rotation": 90, "texture": "#1"},
				"south": {"uv": [4.75, 6.5, 5.125, 7.75], "rotation": 90, "texture": "#1"},
				"west": {"uv": [0.875, 7, 0.5, 7.375], "rotation": 90, "texture": "#1"},
				"up": {"uv": [5.125, 6.5, 5.5, 7.75], "rotation": 90, "texture": "#1"},
				"down": {"uv": [4.375, 6.5, 4.75, 7.75], "rotation": 90, "texture": "#1"}
			}
		},
		{
			"name": "right_arm",
			"from": [12, 2, 4],
			"to": [15, 13, 7],
			"rotation": {"angle": 0, "axis": "y", "origin": [0, -10, 0]},
			"faces": {
				"north": {"uv": [3.125, 2.625, 2.75, 3.875], "texture": "#1"},
				"east": {"uv": [3.875, 2.625, 4.25, 3.875], "texture": "#1"},
				"south": {"uv": [3.875, 2.625, 3.5, 3.875], "texture": "#1"},
				"west": {"uv": [3.125, 2.625, 3.5, 3.875], "texture": "#1"},
				"up": {"uv": [7, 0.75, 7.375, 0.375], "texture": "#1"},
				"down": {"uv": [0.875, 7, 0.5, 7.375], "texture": "#1"}
			}
		},
		{
			"name": "torso",
			"from": [4, 0, 3],
			"to": [12, 13, 7],
			"rotation": {"angle": 0, "axis": "y", "origin": [0, -10, 0]},
			"faces": {
				"north": {"uv": [1.75, 2.625, 2.75, 4.125], "texture": "#1"},
				"east": {"uv": [1.25, 5.625, 1.75, 7.125], "texture": "#1"},
				"south": {"uv": [0, 2.875, 1, 4.375], "texture": "#1"},
				"west": {"uv": [1.75, 6, 2.25, 7.5], "texture": "#1"},
				"up": {"uv": [1, 7, 0, 6.5], "texture": "#1"},
				"down": {"uv": [7.5, 2, 6.5, 2.5], "texture": "#1"}
			}
		},
		{
			"name": "belt",
			"from": [4, 0, 3],
			"to": [12, 5, 3],
			"rotation": {"angle": 0, "axis": "y", "origin": [0, -10, 0]},
			"faces": {
				"north": {"uv": [10, 9.125, 16, 14.125], "texture": "#1"},
				"east": {"uv": [0, 0, 0, 5], "texture": "#1"},
				"south": {"uv": [10, 9.125, 16, 14.125], "texture": "#1"},
				"west": {"uv": [0, 0, 0, 5], "texture": "#1"},
				"up": {"uv": [0, 0, 8, 0], "texture": "#1"},
				"down": {"uv": [0, 0, 8, 0], "texture": "#1"}
			}
		},
		{
			"name": "left_leg",
			"from": [4, -11, 3],
			"to": [8, 0, 7],
			"rotation": {"angle": 0, "axis": "y", "origin": [0, -10, 0]},
			"faces": {
				"north": {"uv": [10.625, 14.625, 11.125, 16], "texture": "#1"},
				"east": {"uv": [10.125, 14.625, 10.625, 16], "texture": "#1"},
				"south": {"uv": [9.625, 14.625, 10.125, 16], "texture": "#1"},
				"west": {"uv": [9.125, 14.625, 9.625, 16], "texture": "#1"},
				"up": {"uv": [9.125, 14.125, 9.625, 14.625], "texture": "#1"},
				"down": {"uv": [10.625, 14.125, 11.125, 14.625], "texture": "#1"}
			}
		},
		{
			"name": "right_leg",
			"from": [8, -11, 3],
			"to": [12, 0, 7],
			"rotation": {"angle": 0, "axis": "y", "origin": [0, -10, 0]},
			"faces": {
				"north": {"uv": [11.125, 14.625, 10.625, 16], "texture": "#1"},
				"east": {"uv": [9.625, 14.625, 9.125, 16], "texture": "#1"},
				"south": {"uv": [10.125, 14.625, 9.625, 16], "texture": "#1"},
				"west": {"uv": [10.125, 14.625, 10.625, 16], "texture": "#1"},
				"up": {"uv": [9.125, 14.125, 9.625, 14.625], "texture": "#1"},
				"down": {"uv": [10.625, 14.125, 11.125, 14.625], "texture": "#1"}
			}
		},
		{
			"name": "handle",
			"from": [13, 3, -6],
			"to": [14, 4, 20],
			"rotation": {"angle": 0, "axis": "y", "origin": [0, -10, 5]},
			"faces": {
				"north": {"uv": [15.75, 7, 15.875, 7.125], "texture": "#1"},
				"east": {"uv": [12.75, 6.75, 16, 6.875], "texture": "#1"},
				"south": {"uv": [15.875, 7, 16, 7.125], "texture": "#1"},
				"west": {"uv": [12.75, 6.875, 16, 7], "texture": "#1"},
				"up": {"uv": [12.5, 5.25, 12.625, 8.5], "texture": "#1"},
				"down": {"uv": [12.375, 5.25, 12.5, 8.5], "texture": "#1"}
			}
		},
		{
			"name": "snake",
			"from": [13, 3, -8],
			"to": [14, 4, -3],
			"rotation": {"angle": 0, "axis": "y", "origin": [0, -10, 5]},
			"faces": {
				"north": {"uv": [7.25, 4.5, 8.25, 5.5], "texture": "#1"},
				"east": {"uv": [7.375, 3.5, 12.375, 4.5], "texture": "#1"},
				"south": {"uv": [8.25, 4.5, 9.25, 5.5], "texture": "#1"},
				"west": {"uv": [12.375, 2.5, 7.375, 3.5], "texture": "#1"},
				"up": {"uv": [6.25, 3.5, 7.25, 8.5], "texture": "#1"},
				"down": {"uv": [7.25, 10.5, 8.25, 5.5], "texture": "#1"}
			}
		},
		{
			"name": "inside_snake",
			"from": [13, 4, -8],
			"to": [14, 4, -3],
			"rotation": {"angle": 0, "axis": "y", "origin": [0, -10, 5]},
			"faces": {
				"north": {"uv": [7.25, 4.5, 8.25, 5.5], "texture": "#1"},
				"east": {"uv": [7.375, 3.5, 12.375, 4.5], "texture": "#1"},
				"south": {"uv": [8.25, 4.5, 9.25, 5.5], "texture": "#1"},
				"west": {"uv": [12.375, 2.5, 7.375, 3.5], "texture": "#1"},
				"up": {"uv": [6.25, 3.5, 7.25, 8.5], "texture": "#1"},
				"down": {"uv": [6.25, 8.5, 7.25, 3.5], "texture": "#1"}
			}
		},
		{
			"name": "inside_snake",
			"from": [14, 3, -8],
			"to": [14, 4, -3],
			"rotation": {"angle": 0, "axis": "y", "origin": [0, -10, 5]},
			"faces": {
				"north": {"uv": [7.25, 4.5, 8.25, 5.5], "texture": "#1"},
				"east": {"uv": [7.375, 3.5, 12.375, 4.5], "texture": "#1"},
				"south": {"uv": [8.25, 4.5, 9.25, 5.5], "texture": "#1"},
				"west": {"uv": [12.375, 3.5, 7.375, 4.5], "texture": "#1"},
				"up": {"uv": [6.25, 3.5, 7.25, 8.5], "texture": "#1"},
				"down": {"uv": [7.25, 10.5, 8.25, 5.5], "texture": "#1"}
			}
		},
		{
			"name": "inside_snake",
			"from": [13, 3, -8],
			"to": [13, 4, -3],
			"rotation": {"angle": 0, "axis": "y", "origin": [0, -10, 5]},
			"faces": {
				"north": {"uv": [7.25, 4.5, 8.25, 5.5], "texture": "#1"},
				"east": {"uv": [7.375, 2.5, 12.375, 3.5], "texture": "#1"},
				"south": {"uv": [8.25, 4.5, 9.25, 5.5], "texture": "#1"},
				"west": {"uv": [12.375, 2.5, 7.375, 3.5], "texture": "#1"},
				"up": {"uv": [6.25, 3.5, 7.25, 8.5], "texture": "#1"},
				"down": {"uv": [7.25, 10.5, 8.25, 5.5], "texture": "#1"}
			}
		},
		{
			"name": "inside_snake",
			"from": [13, 3, -8],
			"to": [14, 3, -3],
			"rotation": {"angle": 0, "axis": "y", "origin": [0, -10, 5]},
			"faces": {
				"north": {"uv": [7.25, 4.5, 8.25, 5.5], "texture": "#1"},
				"east": {"uv": [7.375, 3.5, 12.375, 4.5], "texture": "#1"},
				"south": {"uv": [8.25, 4.5, 9.25, 5.5], "texture": "#1"},
				"west": {"uv": [12.375, 2.5, 7.375, 3.5], "texture": "#1"},
				"up": {"uv": [7.25, 5.5, 8.25, 10.5], "texture": "#1"},
				"down": {"uv": [7.25, 10.5, 8.25, 5.5], "texture": "#1"}
			}
		},
		{
			"name": "tip",
			"from": [0, 8, -10],
			"to": [0, 10, -4],
			"rotation": {"angle": -45, "axis": "z", "origin": [0, -10, 5]},
			"faces": {
				"north": {"uv": [0, 0, 0, 2], "texture": "#1"},
				"east": {"uv": [0, 8.875, 6, 10.875], "texture": "#1"},
				"south": {"uv": [0, 0, 0, 2], "texture": "#1"},
				"west": {"uv": [6, 8.875, 0, 10.875], "texture": "#1"},
				"up": {"uv": [0, 0, 0, 6], "texture": "#1"},
				"down": {"uv": [0, 0, 0, 6], "texture": "#1"}
			}
		},
		{
			"name": "tip",
			"from": [19, -11, -10],
			"to": [19, -9, -4],
			"rotation": {"angle": 45, "axis": "z", "origin": [0, -10, 5]},
			"faces": {
				"north": {"uv": [0, 0, 0, 2], "texture": "#1"},
				"east": {"uv": [0, 8.875, 6, 10.875], "texture": "#1"},
				"south": {"uv": [0, 0, 0, 2], "texture": "#1"},
				"west": {"uv": [6, 8.875, 0, 10.875], "texture": "#1"},
				"up": {"uv": [0, 0, 0, 6], "texture": "#1"},
				"down": {"uv": [0, 0, 0, 6], "texture": "#1"}
			}
		},
		{
			"name": "shield",
			"from": [-1, -11, 2],
			"to": [0, 2, 15],
			"rotation": {"angle": -22.5, "axis": "z", "origin": [0, -10, 0]},
			"faces": {
				"north": {"uv": [13.625, 0.25, 13.75, 1.625], "texture": "#1"},
				"east": {"uv": [12, 0.125, 13.625, 1.75], "texture": "#1"},
				"south": {"uv": [13.75, 0.25, 13.875, 1.625], "texture": "#1"},
				"west": {"uv": [14.25, 0.125, 15.875, 1.75], "texture": "#1"},
				"up": {"uv": [13.875, 0.25, 14, 1.625], "texture": "#1"},
				"down": {"uv": [14, 0.25, 14.125, 1.625], "texture": "#1"}
			}
		},
		{
			"name": "outer_layers",
			"from": [-1, -11, 4],
			"to": [0, 2, 13],
			"rotation": {"angle": -22.5, "axis": "z", "origin": [0, -10, 0]},
			"faces": {
				"north": {"uv": [13.75, 1.875, 13.875, 3], "texture": "#1"},
				"east": {"uv": [14.5, 1.75, 15.625, 3.375], "texture": "#1"},
				"south": {"uv": [13.875, 1.875, 14, 3], "texture": "#1"},
				"west": {"uv": [14.5, 1.75, 15.625, 3.375], "texture": "#1"},
				"up": {"uv": [14, 1.875, 14.125, 3], "texture": "#1"},
				"down": {"uv": [14.125, 1.875, 14.25, 3], "texture": "#1"}
			}
		},
		{
			"name": "outer_layers",
			"from": [-1, -10, 3],
			"to": [0, 1, 14],
			"rotation": {"angle": -22.5, "axis": "z", "origin": [0, -10, 0]},
			"faces": {
				"north": {"uv": [13.25, 1.875, 13.375, 3], "texture": "#1"},
				"east": {"uv": [14.5, 1.75, 15.625, 3.375], "texture": "#1"},
				"south": {"uv": [13.375, 1.875, 13.5, 3], "texture": "#1"},
				"west": {"uv": [14.5, 1.75, 15.625, 3.375], "texture": "#1"},
				"up": {"uv": [13.5, 1.875, 13.625, 3], "texture": "#1"},
				"down": {"uv": [13.625, 1.875, 13.75, 3], "texture": "#1"}
			}
		},
		{
			"name": "outer_layers",
			"from": [-1, -9, 2],
			"to": [0, 0, 15],
			"rotation": {"angle": -22.5, "axis": "z", "origin": [0, -10, 0]},
			"faces": {
				"north": {"uv": [14.625, 3.5, 14.75, 4.625], "texture": "#1"},
				"east": {"uv": [14.25, 4.625, 15.875, 5.75], "texture": "#1"},
				"south": {"uv": [14.5, 3.5, 14.625, 4.625], "texture": "#1"},
				"west": {"uv": [14.25, 2, 15.875, 3.125], "texture": "#1"},
				"up": {"uv": [14.375, 3.5, 14.5, 4.625], "texture": "#1"},
				"down": {"uv": [14.25, 3.5, 14.375, 4.625], "texture": "#1"}
			}
		},
		{
			"name": "head",
			"from": [-3, 26, 3],
			"to": [3, 31, 8],
			"rotation": {"angle": 0, "axis": "y", "origin": [0, 22, 8.23528]},
			"faces": {
				"north": {"uv": [11, 0, 13.75, 5], "texture": "#0"},
				"east": {"uv": [0, 5, 1, 7.5], "texture": "#0"},
				"south": {"uv": [0, 2, 1.25, 4.5], "texture": "#0"},
				"west": {"uv": [1, 5, 0, 7.5], "texture": "#0"},
				"up": {"uv": [1.5, 2, 0.25, 0], "texture": "#0"},
				"down": {"uv": [1.5, 0, 2.75, 2], "texture": "#0"}
			}
		},
		{
			"name": "beak",
			"from": [-1, 27, 2],
			"to": [1, 28, 3],
			"rotation": {"angle": 0, "axis": "y", "origin": [0, 22, 8.23528]},
			"faces": {
				"north": {"uv": [4, 1, 5.25, 2.5], "texture": "#0"},
				"east": {"uv": [2.75, 0, 4, 1.5], "texture": "#0"},
				"south": {"uv": [6.5, 0, 7.75, 1.5], "texture": "#0"},
				"west": {"uv": [5.25, 1, 6.5, 2.5], "texture": "#0"},
				"up": {"uv": [4, 4.5, 5.5, 2.5], "texture": "#0"},
				"down": {"uv": [4.5, 6.5, 6, 4.5], "texture": "#0"}
			}
		},
		{
			"name": "neck",
			"from": [-1, 25, 5],
			"to": [1, 28, 7],
			"rotation": {"angle": 0, "axis": "y", "origin": [0, 22, 8.23528]},
			"faces": {
				"north": {"uv": [15, 0, 15.5, 1.5], "texture": "#0"},
				"east": {"uv": [14.5, 1, 15, 2], "texture": "#0"},
				"south": {"uv": [14.5, 0, 15, 1], "texture": "#0"},
				"west": {"uv": [15.5, 1.5, 16, 2.5], "texture": "#0"},
				"up": {"uv": [14, 0, 14.5, 1], "texture": "#0"},
				"down": {"uv": [15.5, 0, 16, 1.5], "texture": "#0"}
			}
		},
		{
			"name": "eyebrows",
			"from": [-4, 30, 3],
			"to": [4, 32, 3],
			"rotation": {"angle": 0, "axis": "y", "origin": [0, 22, 8.23528]},
			"faces": {
				"north": {"uv": [4.5, 11.5, 7.75, 13.5], "texture": "#0"},
				"east": {"uv": [0, 0, 0, 2], "texture": "#0"},
				"south": {"uv": [4.5, 11.5, 7.75, 13.5], "texture": "#0"},
				"west": {"uv": [0, 0, 0, 2], "texture": "#0"},
				"up": {"uv": [0, 0, 4, 0], "texture": "#0"},
				"down": {"uv": [0, 0, 4, 0], "texture": "#0"}
			}
		},
		{
			"name": "torso",
			"from": [-3, 16.22344, 5.23792],
			"to": [3, 26.22344, 9.23792],
			"rotation": {"angle": -22.5, "axis": "x", "origin": [0, 22, 8.23528]},
			"faces": {
				"north": {"uv": [1.5, 7.5, 3, 11.5], "rotation": 180, "texture": "#0"},
				"east": {"uv": [2.75, 7.5, 4.5, 9.5], "rotation": 270, "texture": "#0"},
				"south": {"uv": [4.5, 7.5, 6, 11.5], "texture": "#0"},
				"west": {"uv": [0, 7.5, 1.75, 9.5], "rotation": 90, "texture": "#0"},
				"up": {"uv": [1.5, 4.5, 3, 7.5], "rotation": 180, "texture": "#0"},
				"down": {"uv": [3, 4.5, 4.5, 7.5], "texture": "#0"}
			}
		},
		{
			"name": "tail",
			"from": [-2, 17.76256, 9.58363],
			"to": [2, 20.76256, 15.58363],
			"rotation": {"angle": 45, "axis": "x", "origin": [0, 22, 8.23528]},
			"faces": {
				"north": {"uv": [9, 13, 10.5, 16], "texture": "#0"},
				"east": {"uv": [13.5, 13, 15, 16], "texture": "#0"},
				"south": {"uv": [10.5, 13, 12, 16], "texture": "#0"},
				"west": {"uv": [12, 10, 13.5, 13], "texture": "#0"},
				"up": {"uv": [12, 13, 13.5, 16], "texture": "#0"},
				"down": {"uv": [13.5, 10, 15, 13], "texture": "#0"}
			}
		},
		{
			"name": "tail_end",
			"from": [-1, 18.76256, 15.58363],
			"to": [1, 20.76256, 17.58363],
			"rotation": {"angle": 45, "axis": "x", "origin": [0, 22, 8.23528]},
			"faces": {
				"north": {"uv": [9, 14.5, 9.75, 16], "texture": "#0"},
				"east": {"uv": [7.5, 14.5, 8.25, 16], "texture": "#0"},
				"south": {"uv": [5.25, 14.5, 6, 16], "texture": "#0"},
				"west": {"uv": [8.25, 14.5, 9, 16], "texture": "#0"},
				"up": {"uv": [6.75, 14.5, 7.5, 16], "texture": "#0"},
				"down": {"uv": [6, 14.5, 6.75, 16], "texture": "#0"}
			}
		},
		{
			"name": "tail_feathers",
			"from": [-3, 19.76256, 15.58363],
			"to": [3, 19.76256, 21.58363],
			"rotation": {"angle": 45, "axis": "x", "origin": [0, 22, 8.23528]},
			"faces": {
				"north": {"uv": [1.5, 4.5, 3, 7.5], "texture": "#0"},
				"east": {"uv": [2.5, 7.5, 4.5, 10.5], "texture": "#0"},
				"south": {"uv": [3, 4.5, 4.5, 7.5], "texture": "#0"},
				"west": {"uv": [0, 7.5, 2, 10.5], "texture": "#0"},
				"up": {"uv": [0, 11.5, 4.25, 16], "texture": "#0"},
				"down": {"uv": [0, 16, 4.25, 11.5], "texture": "#0"}
			}
		},
		{
			"name": "left_wing",
			"from": [-4, 19.76256, 4.58363],
			"to": [-3, 23.76256, 12.58363],
			"rotation": {"angle": 45, "axis": "x", "origin": [0, 22, 8.23528]},
			"faces": {
				"north": {"uv": [7.5, 9.5, 7.75, 11.5], "texture": "#0"},
				"east": {"uv": [6, 9.5, 7.75, 11.5], "texture": "#0"},
				"south": {"uv": [6, 9.5, 6.25, 11.5], "texture": "#0"},
				"west": {"uv": [7.75, 9.5, 9.5, 11.5], "texture": "#0"},
				"up": {"uv": [7.5, 9.25, 7.75, 6.5], "texture": "#0"},
				"down": {"uv": [7.75, 6.5, 8, 9.5], "texture": "#0"}
			}
		},
		{
			"name": "left_wing_feathers",
			"from": [-4, 18.76256, 12.58363],
			"to": [-4, 23.76256, 18.58363],
			"rotation": {"angle": 45, "axis": "x", "origin": [0, 22, 8.23528]},
			"faces": {
				"north": {"uv": [4.25, 13, 4.5, 15], "texture": "#0"},
				"east": {"uv": [10.25, 11.5, 7.75, 14.5], "texture": "#0"},
				"south": {"uv": [4.5, 13, 4.75, 15], "texture": "#0"},
				"west": {"uv": [7.75, 11.5, 10.25, 14.5], "texture": "#0"},
				"up": {"uv": [4.75, 15.75, 5, 13], "texture": "#0"},
				"down": {"uv": [5, 13, 5.25, 16], "texture": "#0"}
			}
		},
		{
			"name": "right_wing",
			"from": [3, 19.76256, 4.58363],
			"to": [4, 23.76256, 12.58363],
			"rotation": {"angle": 45, "axis": "x", "origin": [0, 22, 8.23528]},
			"faces": {
				"north": {"uv": [7.5, 9.5, 7.75, 11.5], "texture": "#0"},
				"east": {"uv": [6, 9.5, 7.75, 11.5], "texture": "#0"},
				"south": {"uv": [6, 9.5, 6.25, 11.5], "texture": "#0"},
				"west": {"uv": [7.75, 9.5, 9.5, 11.5], "texture": "#0"},
				"up": {"uv": [7.5, 9.25, 7.75, 6.5], "texture": "#0"},
				"down": {"uv": [7.75, 6.5, 8, 9.5], "texture": "#0"}
			}
		},
		{
			"name": "right_wing_feathers",
			"from": [4, 18.76256, 12.58363],
			"to": [4, 23.76256, 18.58363],
			"rotation": {"angle": 45, "axis": "x", "origin": [0, 22, 8.23528]},
			"faces": {
				"north": {"uv": [4.25, 13, 4.5, 15], "texture": "#0"},
				"east": {"uv": [10.25, 11.5, 7.75, 14.5], "texture": "#0"},
				"south": {"uv": [4.5, 13, 4.75, 15], "texture": "#0"},
				"west": {"uv": [7.75, 11.5, 10.25, 14.5], "texture": "#0"},
				"up": {"uv": [4.75, 15.75, 5, 13], "texture": "#0"},
				"down": {"uv": [5, 13, 5.25, 16], "texture": "#0"}
			}
		},
		{
			"name": "left_thigh",
			"from": [-2, 14, 7],
			"to": [-1, 17, 9],
			"rotation": {"angle": 0, "axis": "y", "origin": [0, 22, 8.23528]},
			"faces": {
				"north": {"uv": [14, 5, 13, 8], "texture": "#0"},
				"east": {"uv": [15, 5, 14, 8], "texture": "#0"},
				"south": {"uv": [11.5, 8, 12.5, 11], "texture": "#0"},
				"west": {"uv": [12, 5, 13, 8], "texture": "#0"},
				"up": {"uv": [14, 8, 15, 10], "texture": "#0"},
				"down": {"uv": [11, 6, 12, 8], "texture": "#0"}
			}
		},
		{
			"name": "foot",
			"from": [-3, 13, 5],
			"to": [0, 13, 8],
			"rotation": {"angle": 0, "axis": "y", "origin": [0, 22, 8.23528]},
			"faces": {
				"north": {"uv": [0, 0, 3, 0], "texture": "#0"},
				"east": {"uv": [0, 0, 2, 0], "texture": "#0"},
				"south": {"uv": [0, 0, 3, 0], "texture": "#0"},
				"west": {"uv": [0, 0, 2, 0], "texture": "#0"},
				"up": {"uv": [6.5, 0.5, 11, 6], "texture": "#0"},
				"down": {"uv": [6.5, 6, 11, 0.5], "texture": "#0"}
			}
		},
		{
			"name": "leg",
			"from": [-2, 13, 8],
			"to": [-1, 18, 8],
			"rotation": {"angle": 0, "axis": "y", "origin": [0, 22, 8.23528]},
			"faces": {
				"north": {"uv": [9, 6.5, 9.25, 9], "texture": "#0"},
				"east": {"uv": [0, 0, 0, 5], "texture": "#0"},
				"south": {"uv": [9, 6.5, 9.25, 9], "texture": "#0"},
				"west": {"uv": [0, 0, 0, 5], "texture": "#0"},
				"up": {"uv": [9, 6.5, 9.25, 9], "texture": "#0"},
				"down": {"uv": [9, 6.5, 9.25, 9], "texture": "#0"}
			}
		},
		{
			"name": "right_thigh",
			"from": [1, 14, 7],
			"to": [2, 17, 9],
			"rotation": {"angle": 0, "axis": "y", "origin": [0, 22, 8.23528]},
			"faces": {
				"north": {"uv": [13, 5, 14, 8], "texture": "#0"},
				"east": {"uv": [14, 5, 15, 8], "texture": "#0"},
				"south": {"uv": [15, 7, 16, 10], "texture": "#0"},
				"west": {"uv": [15, 4, 16, 7], "texture": "#0"},
				"up": {"uv": [14, 8, 15, 10], "texture": "#0"},
				"down": {"uv": [13, 8, 14, 10], "texture": "#0"}
			}
		},
		{
			"name": "foot",
			"from": [0, 13, 5],
			"to": [3, 13, 8],
			"rotation": {"angle": 0, "axis": "y", "origin": [0, 22, 8.23528]},
			"faces": {
				"north": {"uv": [0, 0, 3, 0], "texture": "#0"},
				"east": {"uv": [0, 0, 2, 0], "texture": "#0"},
				"south": {"uv": [0, 0, 3, 0], "texture": "#0"},
				"west": {"uv": [0, 0, 2, 0], "texture": "#0"},
				"up": {"uv": [11, 0.5, 6.5, 6], "texture": "#0"},
				"down": {"uv": [11, 6, 6.5, 0.5], "texture": "#0"}
			}
		},
		{
			"name": "leg",
			"from": [1, 13, 8],
			"to": [2, 18, 8],
			"rotation": {"angle": 0, "axis": "y", "origin": [0, 22, 8.23528]},
			"faces": {
				"north": {"uv": [9, 6.5, 9.25, 9], "texture": "#0"},
				"east": {"uv": [0, 0, 0, 5], "texture": "#0"},
				"south": {"uv": [9, 6.5, 9.25, 9], "texture": "#0"},
				"west": {"uv": [0, 0, 0, 5], "texture": "#0"},
				"up": {"uv": [9, 6.5, 9.25, 9], "texture": "#0"},
				"down": {"uv": [9, 6.5, 9.25, 9], "texture": "#0"}
			}
		}
	],
	"display": {
		"thirdperson_righthand": {
			"rotation": [70, 0, 0],
			"translation": [0.5, -3, 1]
		},
		"thirdperson_lefthand": {
			"rotation": [66, 0, 0],
			"translation": [0, -3.5, 1]
		},
		"firstperson_righthand": {
			"translation": [0.25, 0, 2.5]
		},
		"firstperson_lefthand": {
			"translation": [0.25, 0, 2.5]
		},
		"ground": {
			"translation": [0, 4.25, 0]
		},
		"gui": {
			"rotation": [0, 143, 0],
			"translation": [-1.25, 0, 0],
			"scale": [0.9, 0.9, 0.9]
		},
		"head": {
			"translation": [0, -13, 3.5],
			"scale": [1.7, 1.7, 1.7]
		},
		"fixed": {
			"translation": [0, 0, 2]
		}
	},
	"groups": [
		{
			"name": "athena",
			"origin": [8, 8, 8],
			"color": 0,
			"children": [
				{
					"name": "head",
					"origin": [8, 8, 8],
					"color": 0,
					"children": [0, 1, 2, 3, 4, 5]
				},
				{
					"name": "arms",
					"origin": [8, 8, 8],
					"color": 0,
					"children": [6, 7]
				},
				{
					"name": "body",
					"origin": [8, 8, 8],
					"color": 0,
					"children": [8, 9]
				},
				{
					"name": "legs",
					"origin": [8, 8, 8],
					"color": 0,
					"children": [10, 11]
				}
			]
		},
		{
			"name": "spear",
			"origin": [0, 0, 0],
			"color": 0,
			"children": [12, 13, 14, 15, 16, 17, 18, 19]
		},
		{
			"name": "shield",
			"origin": [0, 0, 0],
			"color": 0,
			"children": [20, 21, 22, 23]
		},
		{
			"name": "owl",
			"origin": [8, 8, 8],
			"color": 0,
			"children": [
				{
					"name": "head",
					"origin": [8, 8, 8],
					"color": 0,
					"children": [24, 25, 26, 27]
				},
				{
					"name": "body",
					"origin": [0, 0, 0],
					"color": 0,
					"children": [28, 29, 30, 31, 32, 33, 34, 35]
				},
				{
					"name": "legs",
					"origin": [0, 0, 0],
					"color": 0,
					"children": [
						{
							"name": "left",
							"origin": [0, 0, 0],
							"color": 0,
							"children": [36, 37, 38]
						},
						{
							"name": "right",
							"origin": [0, 0, 0],
							"color": 0,
							"children": [39, 40, 41]
						}
					]
				}
			]
		}
	]
}