{
	"credit": "Made with Blockbench",
	"textures": {
		"main": "item/athena/athena_idle"
	},
	"elements": [
		{
			"name": "head",
			"from": [4, 23, 2],
			"to": [12, 31, 8],
			"faces": {
				"north": {"uv": [8.1875, 5.4375, 8.6875, 5.9375], "texture": "#main"},
				"east": {"uv": [8.5, 1.375, 8.875, 1.875], "texture": "#main"},
				"south": {"uv": [10.5, 0, 11, 0.5], "texture": "#main"},
				"west": {"uv": [9.125, 2.9375, 9.5, 3.4375], "texture": "#main"},
				"up": {"uv": [10, 3.3125, 9.5, 2.9375], "texture": "#main"},
				"down": {"uv": [11.5, 0, 11, 0.375], "texture": "#main"}
			}
		},
		{
			"name": "hair",
			"from": [5, 24, 8],
			"to": [11, 30, 10],
			"faces": {
				"north": {"uv": [8, 0.375, 8.4375, 0.75], "texture": "#main"},
				"east": {"uv": [8.5625, 0.25, 8.6875, 0.625], "texture": "#main"},
				"south": {"uv": [8, 0, 8.4375, 0.375], "texture": "#main"},
				"west": {"uv": [8.4375, 0.25, 8.5625, 0.625], "texture": "#main"},
				"up": {"uv": [8.4375, 0, 8.875, 0.125], "texture": "#main"},
				"down": {"uv": [8.4375, 0.125, 8.875, 0.25], "texture": "#main"}
			}
		},
		{
			"name": "hair",
			"from": [6, 25, 10],
			"to": [10, 29, 11],
			"faces": {
				"north": {"uv": [9.1875, 0.1875, 9.5, 0.375], "texture": "#main"},
				"east": {"uv": [9.5625, 0.125, 9.625, 0.3125], "texture": "#main"},
				"south": {"uv": [9.1875, 0, 9.5, 0.1875], "texture": "#main"},
				"west": {"uv": [9.5, 0.125, 9.5625, 0.3125], "texture": "#main"},
				"up": {"uv": [9.5, 0, 9.75, 0.0625], "texture": "#main"},
				"down": {"uv": [9.5, 0.0625, 9.75, 0.125], "texture": "#main"}
			}
		},
		{
			"name": "hair_tails",
			"from": [4, 20, 8],
			"to": [12, 23, 8],
			"faces": {
				"north": {"uv": [8.75, 0.8125, 8, 1.1875], "texture": "#main"},
				"east": {"uv": [9.5625, 0.5, 9.625, 0.6875], "texture": "#main"},
				"south": {"uv": [8, 0.8125, 8.75, 1.1875], "texture": "#main"},
				"west": {"uv": [9.5, 0.5, 9.5625, 0.6875], "texture": "#main"},
				"up": {"uv": [9.5, 0.375, 9.75, 0.4375], "texture": "#main"},
				"down": {"uv": [9.5, 0.4375, 9.75, 0.5], "texture": "#main"}
			}
		},
		{
			"name": "hair_tails",
			"from": [5, 22, 10],
			"to": [11, 25, 10],
			"faces": {
				"north": {"uv": [9.5625, 0.4375, 8.9375, 0.8125], "texture": "#main"},
				"east": {"uv": [9.5625, 0.5, 9.625, 0.6875], "texture": "#main"},
				"south": {"uv": [8.9375, 0.4375, 9.5625, 0.8125], "texture": "#main"},
				"west": {"uv": [9.5, 0.5, 9.5625, 0.6875], "texture": "#main"},
				"up": {"uv": [9.5, 0.375, 9.75, 0.4375], "texture": "#main"},
				"down": {"uv": [9.5, 0.4375, 9.75, 0.5], "texture": "#main"}
			}
		},
		{
			"name": "hair_tails",
			"from": [6, 23, 11],
			"to": [10, 26, 11],
			"faces": {
				"north": {"uv": [8.9375, 0.8125, 9.4375, 1.1875], "texture": "#main"},
				"east": {"uv": [9.5625, 0.5, 9.625, 0.6875], "texture": "#main"},
				"south": {"uv": [9.4375, 0.8125, 8.9375, 1.1875], "texture": "#main"},
				"west": {"uv": [9.5, 0.5, 9.5625, 0.6875], "texture": "#main"},
				"up": {"uv": [9.5, 0.375, 9.75, 0.4375], "texture": "#main"},
				"down": {"uv": [9.5, 0.4375, 9.75, 0.5], "texture": "#main"}
			}
		},
		{
			"name": "left_arm",
			"from": [1, 12, 4],
			"to": [4, 23, 7],
			"faces": {
				"north": {"uv": [10, 3.25, 10.1875, 3.875], "texture": "#main"},
				"east": {"uv": [10.1875, 3.25, 10.375, 3.875], "texture": "#main"},
				"south": {"uv": [10.375, 3.25, 10.5625, 3.875], "texture": "#main"},
				"west": {"uv": [10.5625, 3.25, 10.75, 3.875], "texture": "#main"},
				"up": {"uv": [11.6875, 0.375, 11.5, 0.1875], "texture": "#main"},
				"down": {"uv": [8.4375, 3.5, 8.25, 3.6875], "texture": "#main"}
			}
		},
		{
			"name": "right_arm",
			"from": [12, 12, 4],
			"to": [15, 23, 7],
			"faces": {
				"north": {"uv": [9.5625, 1.3125, 9.375, 1.9375], "texture": "#main"},
				"east": {"uv": [9.9375, 1.3125, 10.125, 1.9375], "texture": "#main"},
				"south": {"uv": [9.9375, 1.3125, 9.75, 1.9375], "texture": "#main"},
				"west": {"uv": [9.5625, 1.3125, 9.75, 1.9375], "texture": "#main"},
				"up": {"uv": [11.5, 0.375, 11.6875, 0.1875], "texture": "#main"},
				"down": {"uv": [8.4375, 3.5, 8.25, 3.6875], "texture": "#main"}
			}
		},
		{
			"name": "torso",
			"from": [4, 10, 3],
			"to": [12, 23, 7],
			"faces": {
				"north": {"uv": [8.875, 1.3125, 9.375, 2.0625], "texture": "#main"},
				"east": {"uv": [8.625, 2.8125, 8.875, 3.5625], "texture": "#main"},
				"south": {"uv": [8, 1.4375, 8.5, 2.1875], "texture": "#main"},
				"west": {"uv": [8.875, 3, 9.125, 3.75], "texture": "#main"},
				"up": {"uv": [8.5, 3.5, 8, 3.25], "texture": "#main"},
				"down": {"uv": [11.75, 1, 11.25, 1.25], "texture": "#main"}
			}
		},
		{
			"name": "belt",
			"from": [4, 10, 3],
			"to": [12, 15, 3],
			"faces": {
				"north": {"uv": [13, 4.5625, 16, 7.0625], "texture": "#main"},
				"east": {"uv": [8, 0, 8, 2.5], "texture": "#main"},
				"south": {"uv": [13, 4.5625, 16, 7.0625], "texture": "#main"},
				"west": {"uv": [8, 0, 8, 2.5], "texture": "#main"},
				"up": {"uv": [8, 0, 12, 0], "texture": "#main"},
				"down": {"uv": [8, 0, 12, 0], "texture": "#main"}
			}
		},
		{
			"name": "left_leg",
			"from": [4, -1, 3],
			"to": [8, 10, 7],
			"faces": {
				"north": {"uv": [13.3125, 7.3125, 13.5625, 8], "texture": "#main"},
				"east": {"uv": [13.0625, 7.3125, 13.3125, 8], "texture": "#main"},
				"south": {"uv": [12.8125, 7.3125, 13.0625, 8], "texture": "#main"},
				"west": {"uv": [12.5625, 7.3125, 12.8125, 8], "texture": "#main"},
				"up": {"uv": [12.5625, 7.0625, 12.8125, 7.3125], "texture": "#main"},
				"down": {"uv": [13.3125, 7.0625, 13.5625, 7.3125], "texture": "#main"}
			}
		},
		{
			"name": "right_leg",
			"from": [8, -1, 3],
			"to": [12, 10, 7],
			"faces": {
				"north": {"uv": [13.5625, 7.3125, 13.3125, 8], "texture": "#main"},
				"east": {"uv": [12.8125, 7.3125, 12.5625, 8], "texture": "#main"},
				"south": {"uv": [13.0625, 7.3125, 12.8125, 8], "texture": "#main"},
				"west": {"uv": [13.0625, 7.3125, 13.3125, 8], "texture": "#main"},
				"up": {"uv": [12.5625, 7.0625, 12.8125, 7.3125], "texture": "#main"},
				"down": {"uv": [13.3125, 7.0625, 13.5625, 7.3125], "texture": "#main"}
			}
		},
		{
			"name": "handle",
			"from": [13, 13, -6],
			"to": [14, 14, 20],
			"rotation": {"angle": 0, "axis": "y", "origin": [0, 0, 5]},
			"faces": {
				"north": {"uv": [15.875, 3.5, 15.9375, 3.5625], "texture": "#main"},
				"east": {"uv": [14.375, 3.375, 16, 3.4375], "texture": "#main"},
				"south": {"uv": [15.9375, 3.5, 16, 3.5625], "texture": "#main"},
				"west": {"uv": [14.375, 3.4375, 16, 3.5], "texture": "#main"},
				"up": {"uv": [14.25, 2.625, 14.3125, 4.25], "texture": "#main"},
				"down": {"uv": [14.1875, 2.625, 14.25, 4.25], "texture": "#main"}
			}
		},
		{
			"name": "snake",
			"from": [13, 13, -8],
			"to": [14, 14, -3],
			"rotation": {"angle": 0, "axis": "y", "origin": [0, 0, 5]},
			"faces": {
				"north": {"uv": [11.625, 2.25, 12.125, 2.75], "texture": "#main"},
				"east": {"uv": [11.6875, 1.75, 14.1875, 2.25], "texture": "#main"},
				"south": {"uv": [12.125, 2.25, 12.625, 2.75], "texture": "#main"},
				"west": {"uv": [14.1875, 1.25, 11.6875, 1.75], "texture": "#main"},
				"up": {"uv": [11.125, 1.75, 11.625, 4.25], "texture": "#main"},
				"down": {"uv": [11.625, 5.25, 12.125, 2.75], "texture": "#main"}
			}
		},
		{
			"name": "inside_snake",
			"from": [13, 14, -8],
			"to": [14, 14, -3],
			"rotation": {"angle": 0, "axis": "y", "origin": [0, 0, 5]},
			"faces": {
				"north": {"uv": [11.625, 2.25, 12.125, 2.75], "texture": "#main"},
				"east": {"uv": [11.6875, 1.75, 14.1875, 2.25], "texture": "#main"},
				"south": {"uv": [12.125, 2.25, 12.625, 2.75], "texture": "#main"},
				"west": {"uv": [14.1875, 1.25, 11.6875, 1.75], "texture": "#main"},
				"up": {"uv": [11.125, 1.75, 11.625, 4.25], "texture": "#main"},
				"down": {"uv": [11.125, 4.25, 11.625, 1.75], "texture": "#main"}
			}
		},
		{
			"name": "inside_snake",
			"from": [14, 13, -8],
			"to": [14, 14, -3],
			"rotation": {"angle": 0, "axis": "y", "origin": [0, 0, 5]},
			"faces": {
				"north": {"uv": [11.625, 2.25, 12.125, 2.75], "texture": "#main"},
				"east": {"uv": [11.6875, 1.75, 14.1875, 2.25], "texture": "#main"},
				"south": {"uv": [12.125, 2.25, 12.625, 2.75], "texture": "#main"},
				"west": {"uv": [14.1875, 1.75, 11.6875, 2.25], "texture": "#main"},
				"up": {"uv": [11.125, 1.75, 11.625, 4.25], "texture": "#main"},
				"down": {"uv": [11.625, 5.25, 12.125, 2.75], "texture": "#main"}
			}
		},
		{
			"name": "inside_snake",
			"from": [13, 13, -8],
			"to": [13, 14, -3],
			"rotation": {"angle": 0, "axis": "y", "origin": [0, 0, 5]},
			"faces": {
				"north": {"uv": [11.625, 2.25, 12.125, 2.75], "texture": "#main"},
				"east": {"uv": [11.6875, 1.25, 14.1875, 1.75], "texture": "#main"},
				"south": {"uv": [12.125, 2.25, 12.625, 2.75], "texture": "#main"},
				"west": {"uv": [14.1875, 1.25, 11.6875, 1.75], "texture": "#main"},
				"up": {"uv": [11.125, 1.75, 11.625, 4.25], "texture": "#main"},
				"down": {"uv": [11.625, 5.25, 12.125, 2.75], "texture": "#main"}
			}
		},
		{
			"name": "inside_snake",
			"from": [13, 13, -8],
			"to": [14, 13, -3],
			"rotation": {"angle": 0, "axis": "y", "origin": [0, 0, 5]},
			"faces": {
				"north": {"uv": [11.625, 2.25, 12.125, 2.75], "texture": "#main"},
				"east": {"uv": [11.6875, 1.75, 14.1875, 2.25], "texture": "#main"},
				"south": {"uv": [12.125, 2.25, 12.625, 2.75], "texture": "#main"},
				"west": {"uv": [14.1875, 1.25, 11.6875, 1.75], "texture": "#main"},
				"up": {"uv": [11.625, 2.75, 12.125, 5.25], "texture": "#main"},
				"down": {"uv": [11.625, 5.25, 12.125, 2.75], "texture": "#main"}
			}
		},
		{
			"name": "tip",
			"from": [0, 18, -10],
			"to": [0, 20, -4],
			"rotation": {"angle": -45, "axis": "z", "origin": [0, 0, 5]},
			"faces": {
				"north": {"uv": [8, 0, 8, 1], "texture": "#main"},
				"east": {"uv": [8, 4.4375, 11, 5.4375], "texture": "#main"},
				"south": {"uv": [8, 0, 8, 1], "texture": "#main"},
				"west": {"uv": [11, 4.4375, 8, 5.4375], "texture": "#main"},
				"up": {"uv": [8, 0, 8, 3], "texture": "#main"},
				"down": {"uv": [8, 0, 8, 3], "texture": "#main"}
			}
		},
		{
			"name": "tip",
			"from": [19, -1, -10],
			"to": [19, 1, -4],
			"rotation": {"angle": 45, "axis": "z", "origin": [0, 0, 5]},
			"faces": {
				"north": {"uv": [8, 0, 8, 1], "texture": "#main"},
				"east": {"uv": [8, 4.4375, 11, 5.4375], "texture": "#main"},
				"south": {"uv": [8, 0, 8, 1], "texture": "#main"},
				"west": {"uv": [11, 4.4375, 8, 5.4375], "texture": "#main"},
				"up": {"uv": [8, 0, 8, 3], "texture": "#main"},
				"down": {"uv": [8, 0, 8, 3], "texture": "#main"}
			}
		},
		{
			"name": "shield",
			"from": [0, 8, 0],
			"to": [1, 19, 11],
			"faces": {
				"north": {"uv": [14.8125, 0.125, 14.875, 0.8125], "texture": "#main"},
				"east": {"uv": [14.0625, 0.125, 14.75, 0.8125], "texture": "#main"},
				"south": {"uv": [14.875, 0.125, 14.9375, 0.8125], "texture": "#main"},
				"west": {"uv": [15.1875, 0.125, 15.875, 0.8125], "texture": "#main"},
				"up": {"uv": [14.9375, 0.125, 15, 0.8125], "texture": "#main"},
				"down": {"uv": [15, 0.125, 15.0625, 0.8125], "texture": "#main"}
			}
		},
		{
			"name": "outer_layers",
			"from": [0, 7, 1],
			"to": [1, 20, 10],
			"faces": {
				"north": {"uv": [14.875, 0.9375, 14.9375, 1.5], "texture": "#main"},
				"east": {"uv": [14.3125, 0.875, 14.875, 1.6875], "texture": "#main"},
				"south": {"uv": [14.9375, 0.9375, 15, 1.5], "texture": "#main"},
				"west": {"uv": [15.25, 0.875, 15.8125, 1.6875], "texture": "#main"},
				"up": {"uv": [15, 0.9375, 15.0625, 1.5], "texture": "#main"},
				"down": {"uv": [15.0625, 0.9375, 15.125, 1.5], "texture": "#main"}
			}
		},
		{
			"name": "outer_layers",
			"from": [0, 9, -1],
			"to": [1, 18, 12],
			"faces": {
				"north": {"uv": [15.3125, 1.75, 15.375, 2.3125], "texture": "#main"},
				"east": {"uv": [15.125, 2.3125, 15.9375, 2.875], "texture": "#main"},
				"south": {"uv": [15.25, 1.75, 15.3125, 2.3125], "texture": "#main"},
				"west": {"uv": [15.125, 1, 15.9375, 1.5625], "texture": "#main"},
				"up": {"uv": [15.1875, 1.75, 15.25, 2.3125], "texture": "#main"},
				"down": {"uv": [15.125, 1.75, 15.1875, 2.3125], "texture": "#main"}
			}
		},
		{
			"name": "head",
			"from": [4, 23, 2],
			"to": [12, 31, 8],
			"faces": {
				"north": {"uv": [0.6875, 13.4375, 1.1875, 13.9375], "texture": "#main"},
				"east": {"uv": [0.5, 9.375, 0.875, 9.875], "texture": "#main"},
				"south": {"uv": [2.5, 8, 3, 8.5], "texture": "#main"},
				"west": {"uv": [1.125, 10.9375, 1.5, 11.4375], "texture": "#main"},
				"up": {"uv": [2, 11.3125, 1.5, 10.9375], "texture": "#main"},
				"down": {"uv": [3.5, 8, 3, 8.375], "texture": "#main"}
			}
		},
		{
			"name": "hair",
			"from": [5, 24, 8],
			"to": [11, 30, 10],
			"faces": {
				"north": {"uv": [0, 8.375, 0.4375, 8.75], "texture": "#main"},
				"east": {"uv": [0.5625, 8.25, 0.6875, 8.625], "texture": "#main"},
				"south": {"uv": [0, 8, 0.4375, 8.375], "texture": "#main"},
				"west": {"uv": [0.4375, 8.25, 0.5625, 8.625], "texture": "#main"},
				"up": {"uv": [0.4375, 8, 0.875, 8.125], "texture": "#main"},
				"down": {"uv": [0.4375, 8.125, 0.875, 8.25], "texture": "#main"}
			}
		},
		{
			"name": "hair",
			"from": [6, 25, 10],
			"to": [10, 29, 11],
			"faces": {
				"north": {"uv": [1.1875, 8.1875, 1.5, 8.375], "texture": "#main"},
				"east": {"uv": [1.5625, 8.125, 1.625, 8.3125], "texture": "#main"},
				"south": {"uv": [1.1875, 8, 1.5, 8.1875], "texture": "#main"},
				"west": {"uv": [1.5, 8.125, 1.5625, 8.3125], "texture": "#main"},
				"up": {"uv": [1.5, 8, 1.75, 8.0625], "texture": "#main"},
				"down": {"uv": [1.5, 8.0625, 1.75, 8.125], "texture": "#main"}
			}
		},
		{
			"name": "hair_tails",
			"from": [4, 20, 8],
			"to": [12, 23, 8],
			"faces": {
				"north": {"uv": [0.75, 8.8125, 0, 9.1875], "texture": "#main"},
				"east": {"uv": [1.5625, 8.5, 1.625, 8.6875], "texture": "#main"},
				"south": {"uv": [0, 8.8125, 0.75, 9.1875], "texture": "#main"},
				"west": {"uv": [1.5, 8.5, 1.5625, 8.6875], "texture": "#main"},
				"up": {"uv": [1.5, 8.375, 1.75, 8.4375], "texture": "#main"},
				"down": {"uv": [1.5, 8.4375, 1.75, 8.5], "texture": "#main"}
			}
		},
		{
			"name": "hair_tails",
			"from": [5, 22, 10],
			"to": [11, 25, 10],
			"faces": {
				"north": {"uv": [1.5625, 8.4375, 0.9375, 8.8125], "texture": "#main"},
				"east": {"uv": [1.5625, 8.5, 1.625, 8.6875], "texture": "#main"},
				"south": {"uv": [0.9375, 8.4375, 1.5625, 8.8125], "texture": "#main"},
				"west": {"uv": [1.5, 8.5, 1.5625, 8.6875], "texture": "#main"},
				"up": {"uv": [1.5, 8.375, 1.75, 8.4375], "texture": "#main"},
				"down": {"uv": [1.5, 8.4375, 1.75, 8.5], "texture": "#main"}
			}
		},
		{
			"name": "hair_tails",
			"from": [6, 23, 11],
			"to": [10, 26, 11],
			"faces": {
				"north": {"uv": [0.9375, 8.8125, 1.4375, 9.1875], "texture": "#main"},
				"east": {"uv": [1.5625, 8.5, 1.625, 8.6875], "texture": "#main"},
				"south": {"uv": [1.4375, 8.8125, 0.9375, 9.1875], "texture": "#main"},
				"west": {"uv": [1.5, 8.5, 1.5625, 8.6875], "texture": "#main"},
				"up": {"uv": [1.5, 8.375, 1.75, 8.4375], "texture": "#main"},
				"down": {"uv": [1.5, 8.4375, 1.75, 8.5], "texture": "#main"}
			}
		},
		{
			"name": "left_arm",
			"from": [1, 12, 4],
			"to": [4, 23, 7],
			"faces": {
				"north": {"uv": [2, 11.25, 2.1875, 11.875], "texture": "#main"},
				"east": {"uv": [2.1875, 11.25, 2.375, 11.875], "texture": "#main"},
				"south": {"uv": [2.375, 11.25, 2.5625, 11.875], "texture": "#main"},
				"west": {"uv": [2.5625, 11.25, 2.75, 11.875], "texture": "#main"},
				"up": {"uv": [3.6875, 8.375, 3.5, 8.1875], "texture": "#main"},
				"down": {"uv": [0.4375, 11.5, 0.25, 11.6875], "texture": "#main"}
			}
		},
		{
			"name": "right_arm",
			"from": [12, 12, 4],
			"to": [15, 23, 7],
			"faces": {
				"north": {"uv": [1.5625, 9.3125, 1.375, 9.9375], "texture": "#main"},
				"east": {"uv": [1.9375, 9.3125, 2.125, 9.9375], "texture": "#main"},
				"south": {"uv": [1.9375, 9.3125, 1.75, 9.9375], "texture": "#main"},
				"west": {"uv": [1.5625, 9.3125, 1.75, 9.9375], "texture": "#main"},
				"up": {"uv": [3.5, 8.375, 3.6875, 8.1875], "texture": "#main"},
				"down": {"uv": [0.4375, 11.5, 0.25, 11.6875], "texture": "#main"}
			}
		},
		{
			"name": "torso",
			"from": [4, 10, 3],
			"to": [12, 23, 7],
			"faces": {
				"north": {"uv": [0.875, 9.3125, 1.375, 10.0625], "texture": "#main"},
				"east": {"uv": [0.625, 10.8125, 0.875, 11.5625], "texture": "#main"},
				"south": {"uv": [0, 9.4375, 0.5, 10.1875], "texture": "#main"},
				"west": {"uv": [0.875, 11, 1.125, 11.75], "texture": "#main"},
				"up": {"uv": [0.5, 11.5, 0, 11.25], "texture": "#main"},
				"down": {"uv": [3.75, 9, 3.25, 9.25], "texture": "#main"}
			}
		},
		{
			"name": "belt",
			"from": [4, 10, 3],
			"to": [12, 15, 3],
			"faces": {
				"north": {"uv": [5, 12.5625, 8, 15.0625], "texture": "#main"},
				"east": {"uv": [0, 8, 0, 10.5], "texture": "#main"},
				"south": {"uv": [5, 12.5625, 8, 15.0625], "texture": "#main"},
				"west": {"uv": [0, 8, 0, 10.5], "texture": "#main"},
				"up": {"uv": [0, 8, 4, 8], "texture": "#main"},
				"down": {"uv": [0, 8, 4, 8], "texture": "#main"}
			}
		},
		{
			"name": "left_leg",
			"from": [4, -1, 3],
			"to": [8, 10, 7],
			"faces": {
				"north": {"uv": [5.3125, 15.3125, 5.5625, 16], "texture": "#main"},
				"east": {"uv": [5.0625, 15.3125, 5.3125, 16], "texture": "#main"},
				"south": {"uv": [4.8125, 15.3125, 5.0625, 16], "texture": "#main"},
				"west": {"uv": [4.5625, 15.3125, 4.8125, 16], "texture": "#main"},
				"up": {"uv": [4.5625, 15.0625, 4.8125, 15.3125], "texture": "#main"},
				"down": {"uv": [5.3125, 15.0625, 5.5625, 15.3125], "texture": "#main"}
			}
		},
		{
			"name": "right_leg",
			"from": [8, -1, 3],
			"to": [12, 10, 7],
			"faces": {
				"north": {"uv": [5.5625, 15.3125, 5.3125, 16], "texture": "#main"},
				"east": {"uv": [4.8125, 15.3125, 4.5625, 16], "texture": "#main"},
				"south": {"uv": [5.0625, 15.3125, 4.8125, 16], "texture": "#main"},
				"west": {"uv": [5.0625, 15.3125, 5.3125, 16], "texture": "#main"},
				"up": {"uv": [4.5625, 15.0625, 4.8125, 15.3125], "texture": "#main"},
				"down": {"uv": [5.3125, 15.0625, 5.5625, 15.3125], "texture": "#main"}
			}
		},
		{
			"name": "handle",
			"from": [13, 13, -6],
			"to": [14, 14, 20],
			"rotation": {"angle": 0, "axis": "y", "origin": [0, 0, 5]},
			"faces": {
				"north": {"uv": [7.875, 11.5, 7.9375, 11.5625], "texture": "#main"},
				"east": {"uv": [6.375, 11.375, 8, 11.4375], "texture": "#main"},
				"south": {"uv": [7.9375, 11.5, 8, 11.5625], "texture": "#main"},
				"west": {"uv": [6.375, 11.4375, 8, 11.5], "texture": "#main"},
				"up": {"uv": [6.25, 10.625, 6.3125, 12.25], "texture": "#main"},
				"down": {"uv": [6.1875, 10.625, 6.25, 12.25], "texture": "#main"}
			}
		},
		{
			"name": "snake",
			"from": [13, 13, -8],
			"to": [14, 14, -3],
			"rotation": {"angle": 0, "axis": "y", "origin": [0, 0, 5]},
			"faces": {
				"north": {"uv": [3.625, 10.25, 4.125, 10.75], "texture": "#main"},
				"east": {"uv": [3.6875, 9.75, 6.1875, 10.25], "texture": "#main"},
				"south": {"uv": [4.125, 10.25, 4.625, 10.75], "texture": "#main"},
				"west": {"uv": [6.1875, 9.25, 3.6875, 9.75], "texture": "#main"},
				"up": {"uv": [3.125, 9.75, 3.625, 12.25], "texture": "#main"},
				"down": {"uv": [3.625, 13.25, 4.125, 10.75], "texture": "#main"}
			}
		},
		{
			"name": "inside_snake",
			"from": [13, 14, -8],
			"to": [14, 14, -3],
			"rotation": {"angle": 0, "axis": "y", "origin": [0, 0, 5]},
			"faces": {
				"north": {"uv": [3.625, 10.25, 4.125, 10.75], "texture": "#main"},
				"east": {"uv": [3.6875, 9.75, 6.1875, 10.25], "texture": "#main"},
				"south": {"uv": [4.125, 10.25, 4.625, 10.75], "texture": "#main"},
				"west": {"uv": [6.1875, 9.25, 3.6875, 9.75], "texture": "#main"},
				"up": {"uv": [3.125, 9.75, 3.625, 12.25], "texture": "#main"},
				"down": {"uv": [3.125, 12.25, 3.625, 9.75], "texture": "#main"}
			}
		},
		{
			"name": "inside_snake",
			"from": [14, 13, -8],
			"to": [14, 14, -3],
			"rotation": {"angle": 0, "axis": "y", "origin": [0, 0, 5]},
			"faces": {
				"north": {"uv": [3.625, 10.25, 4.125, 10.75], "texture": "#main"},
				"east": {"uv": [3.6875, 9.75, 6.1875, 10.25], "texture": "#main"},
				"south": {"uv": [4.125, 10.25, 4.625, 10.75], "texture": "#main"},
				"west": {"uv": [6.1875, 9.75, 3.6875, 10.25], "texture": "#main"},
				"up": {"uv": [3.125, 9.75, 3.625, 12.25], "texture": "#main"},
				"down": {"uv": [3.625, 13.25, 4.125, 10.75], "texture": "#main"}
			}
		},
		{
			"name": "inside_snake",
			"from": [13, 13, -8],
			"to": [13, 14, -3],
			"rotation": {"angle": 0, "axis": "y", "origin": [0, 0, 5]},
			"faces": {
				"north": {"uv": [3.625, 10.25, 4.125, 10.75], "texture": "#main"},
				"east": {"uv": [3.6875, 9.25, 6.1875, 9.75], "texture": "#main"},
				"south": {"uv": [4.125, 10.25, 4.625, 10.75], "texture": "#main"},
				"west": {"uv": [6.1875, 9.25, 3.6875, 9.75], "texture": "#main"},
				"up": {"uv": [3.125, 9.75, 3.625, 12.25], "texture": "#main"},
				"down": {"uv": [3.625, 13.25, 4.125, 10.75], "texture": "#main"}
			}
		},
		{
			"name": "inside_snake",
			"from": [13, 13, -8],
			"to": [14, 13, -3],
			"rotation": {"angle": 0, "axis": "y", "origin": [0, 0, 5]},
			"faces": {
				"north": {"uv": [3.625, 10.25, 4.125, 10.75], "texture": "#main"},
				"east": {"uv": [3.6875, 9.75, 6.1875, 10.25], "texture": "#main"},
				"south": {"uv": [4.125, 10.25, 4.625, 10.75], "texture": "#main"},
				"west": {"uv": [6.1875, 9.25, 3.6875, 9.75], "texture": "#main"},
				"up": {"uv": [3.625, 10.75, 4.125, 13.25], "texture": "#main"},
				"down": {"uv": [3.625, 13.25, 4.125, 10.75], "texture": "#main"}
			}
		},
		{
			"name": "tip",
			"from": [0, 18, -10],
			"to": [0, 20, -4],
			"rotation": {"angle": -45, "axis": "z", "origin": [0, 0, 5]},
			"faces": {
				"north": {"uv": [0, 8, 0, 9], "texture": "#main"},
				"east": {"uv": [0, 12.4375, 3, 13.4375], "texture": "#main"},
				"south": {"uv": [0, 8, 0, 9], "texture": "#main"},
				"west": {"uv": [3, 12.4375, 0, 13.4375], "texture": "#main"},
				"up": {"uv": [0, 8, 0, 11], "texture": "#main"},
				"down": {"uv": [0, 8, 0, 11], "texture": "#main"}
			}
		},
		{
			"name": "tip",
			"from": [19, -1, -10],
			"to": [19, 1, -4],
			"rotation": {"angle": 45, "axis": "z", "origin": [0, 0, 5]},
			"faces": {
				"north": {"uv": [0, 8, 0, 9], "texture": "#main"},
				"east": {"uv": [0, 12.4375, 3, 13.4375], "texture": "#main"},
				"south": {"uv": [0, 8, 0, 9], "texture": "#main"},
				"west": {"uv": [3, 12.4375, 0, 13.4375], "texture": "#main"},
				"up": {"uv": [0, 8, 0, 11], "texture": "#main"},
				"down": {"uv": [0, 8, 0, 11], "texture": "#main"}
			}
		},
		{
			"name": "shield",
			"from": [0, 8, 0],
			"to": [1, 19, 11],
			"faces": {
				"north": {"uv": [6.8125, 8.125, 6.875, 8.8125], "texture": "#main"},
				"east": {"uv": [6.0625, 8.125, 6.75, 8.8125], "texture": "#main"},
				"south": {"uv": [6.875, 8.125, 6.9375, 8.8125], "texture": "#main"},
				"west": {"uv": [7.1875, 8.125, 7.875, 8.8125], "texture": "#main"},
				"up": {"uv": [6.9375, 8.125, 7, 8.8125], "texture": "#main"},
				"down": {"uv": [7, 8.125, 7.0625, 8.8125], "texture": "#main"}
			}
		},
		{
			"name": "outer_layers",
			"from": [0, 7, 1],
			"to": [1, 20, 10],
			"faces": {
				"north": {"uv": [6.875, 8.9375, 6.9375, 9.5], "texture": "#main"},
				"east": {"uv": [6.3125, 8.875, 6.875, 9.6875], "texture": "#main"},
				"south": {"uv": [6.9375, 8.9375, 7, 9.5], "texture": "#main"},
				"west": {"uv": [7.25, 8.875, 7.8125, 9.6875], "texture": "#main"},
				"up": {"uv": [7, 8.9375, 7.0625, 9.5], "texture": "#main"},
				"down": {"uv": [7.0625, 8.9375, 7.125, 9.5], "texture": "#main"}
			}
		},
		{
			"name": "outer_layers",
			"from": [0, 9, -1],
			"to": [1, 18, 12],
			"faces": {
				"north": {"uv": [7.3125, 9.75, 7.375, 10.3125], "texture": "#main"},
				"east": {"uv": [7.125, 10.3125, 7.9375, 10.875], "texture": "#main"},
				"south": {"uv": [7.25, 9.75, 7.3125, 10.3125], "texture": "#main"},
				"west": {"uv": [7.125, 9, 7.9375, 9.5625], "texture": "#main"},
				"up": {"uv": [7.1875, 9.75, 7.25, 10.3125], "texture": "#main"},
				"down": {"uv": [7.125, 9.75, 7.1875, 10.3125], "texture": "#main"}
			}
		},
		{
			"name": "head",
			"from": [4, 23, 2],
			"to": [12, 31, 8],
			"faces": {
				"north": {"uv": [2, 2.375, 2.5, 2.875], "texture": "#main"},
				"east": {"uv": [0.5, 1.375, 0.875, 1.875], "texture": "#main"},
				"south": {"uv": [2.5, 0, 3, 0.5], "texture": "#main"},
				"west": {"uv": [1.125, 2.9375, 1.5, 3.4375], "texture": "#main"},
				"up": {"uv": [2, 3.3125, 1.5, 2.9375], "texture": "#main"},
				"down": {"uv": [3.5, 0, 3, 0.375], "texture": "#main"}
			}
		},
		{
			"name": "hair",
			"from": [5, 24, 8],
			"to": [11, 30, 10],
			"faces": {
				"north": {"uv": [0, 0.375, 0.4375, 0.75], "texture": "#main"},
				"east": {"uv": [0.5625, 0.25, 0.6875, 0.625], "texture": "#main"},
				"south": {"uv": [0, 0, 0.4375, 0.375], "texture": "#main"},
				"west": {"uv": [0.4375, 0.25, 0.5625, 0.625], "texture": "#main"},
				"up": {"uv": [0.4375, 0, 0.875, 0.125], "texture": "#main"},
				"down": {"uv": [0.4375, 0.125, 0.875, 0.25], "texture": "#main"}
			}
		},
		{
			"name": "hair",
			"from": [6, 25, 10],
			"to": [10, 29, 11],
			"faces": {
				"north": {"uv": [1.1875, 0.1875, 1.5, 0.375], "texture": "#main"},
				"east": {"uv": [1.5625, 0.125, 1.625, 0.3125], "texture": "#main"},
				"south": {"uv": [1.1875, 0, 1.5, 0.1875], "texture": "#main"},
				"west": {"uv": [1.5, 0.125, 1.5625, 0.3125], "texture": "#main"},
				"up": {"uv": [1.5, 0, 1.75, 0.0625], "texture": "#main"},
				"down": {"uv": [1.5, 0.0625, 1.75, 0.125], "texture": "#main"}
			}
		},
		{
			"name": "hair_tails",
			"from": [4, 20, 8],
			"to": [12, 23, 8],
			"faces": {
				"north": {"uv": [0.75, 0.8125, 0, 1.1875], "texture": "#main"},
				"east": {"uv": [1.5625, 0.5, 1.625, 0.6875], "texture": "#main"},
				"south": {"uv": [0, 0.8125, 0.75, 1.1875], "texture": "#main"},
				"west": {"uv": [1.5, 0.5, 1.5625, 0.6875], "texture": "#main"},
				"up": {"uv": [1.5, 0.375, 1.75, 0.4375], "texture": "#main"},
				"down": {"uv": [1.5, 0.4375, 1.75, 0.5], "texture": "#main"}
			}
		},
		{
			"name": "hair_tails",
			"from": [5, 22, 10],
			"to": [11, 25, 10],
			"faces": {
				"north": {"uv": [1.5625, 0.4375, 0.9375, 0.8125], "texture": "#main"},
				"east": {"uv": [1.5625, 0.5, 1.625, 0.6875], "texture": "#main"},
				"south": {"uv": [0.9375, 0.4375, 1.5625, 0.8125], "texture": "#main"},
				"west": {"uv": [1.5, 0.5, 1.5625, 0.6875], "texture": "#main"},
				"up": {"uv": [1.5, 0.375, 1.75, 0.4375], "texture": "#main"},
				"down": {"uv": [1.5, 0.4375, 1.75, 0.5], "texture": "#main"}
			}
		},
		{
			"name": "hair_tails",
			"from": [6, 23, 11],
			"to": [10, 26, 11],
			"faces": {
				"north": {"uv": [0.9375, 0.8125, 1.4375, 1.1875], "texture": "#main"},
				"east": {"uv": [1.5625, 0.5, 1.625, 0.6875], "texture": "#main"},
				"south": {"uv": [1.4375, 0.8125, 0.9375, 1.1875], "texture": "#main"},
				"west": {"uv": [1.5, 0.5, 1.5625, 0.6875], "texture": "#main"},
				"up": {"uv": [1.5, 0.375, 1.75, 0.4375], "texture": "#main"},
				"down": {"uv": [1.5, 0.4375, 1.75, 0.5], "texture": "#main"}
			}
		},
		{
			"name": "left_arm",
			"from": [1, 12, 4],
			"to": [4, 23, 7],
			"faces": {
				"north": {"uv": [2, 3.25, 2.1875, 3.875], "texture": "#main"},
				"east": {"uv": [2.1875, 3.25, 2.375, 3.875], "texture": "#main"},
				"south": {"uv": [2.375, 3.25, 2.5625, 3.875], "texture": "#main"},
				"west": {"uv": [2.5625, 3.25, 2.75, 3.875], "texture": "#main"},
				"up": {"uv": [3.6875, 0.375, 3.5, 0.1875], "texture": "#main"},
				"down": {"uv": [0.4375, 3.5, 0.25, 3.6875], "texture": "#main"}
			}
		},
		{
			"name": "right_arm",
			"from": [12, 12, 4],
			"to": [15, 23, 7],
			"faces": {
				"north": {"uv": [1.5625, 1.3125, 1.375, 1.9375], "texture": "#main"},
				"east": {"uv": [1.9375, 1.3125, 2.125, 1.9375], "texture": "#main"},
				"south": {"uv": [1.9375, 1.3125, 1.75, 1.9375], "texture": "#main"},
				"west": {"uv": [1.5625, 1.3125, 1.75, 1.9375], "texture": "#main"},
				"up": {"uv": [3.5, 0.375, 3.6875, 0.1875], "texture": "#main"},
				"down": {"uv": [0.4375, 3.5, 0.25, 3.6875], "texture": "#main"}
			}
		},
		{
			"name": "torso",
			"from": [4, 10, 3],
			"to": [12, 23, 7],
			"faces": {
				"north": {"uv": [0.875, 1.3125, 1.375, 2.0625], "texture": "#main"},
				"east": {"uv": [0.625, 2.8125, 0.875, 3.5625], "texture": "#main"},
				"south": {"uv": [0, 1.4375, 0.5, 2.1875], "texture": "#main"},
				"west": {"uv": [0.875, 3, 1.125, 3.75], "texture": "#main"},
				"up": {"uv": [0.5, 3.5, 0, 3.25], "texture": "#main"},
				"down": {"uv": [3.75, 1, 3.25, 1.25], "texture": "#main"}
			}
		},
		{
			"name": "belt",
			"from": [4, 10, 3],
			"to": [12, 15, 3],
			"faces": {
				"north": {"uv": [5, 4.5625, 8, 7.0625], "texture": "#main"},
				"east": {"uv": [0, 0, 0, 2.5], "texture": "#main"},
				"south": {"uv": [5, 4.5625, 8, 7.0625], "texture": "#main"},
				"west": {"uv": [0, 0, 0, 2.5], "texture": "#main"},
				"up": {"uv": [0, 0, 4, 0], "texture": "#main"},
				"down": {"uv": [0, 0, 4, 0], "texture": "#main"}
			}
		},
		{
			"name": "left_leg",
			"from": [4, -1, 3],
			"to": [8, 10, 7],
			"faces": {
				"north": {"uv": [5.3125, 7.3125, 5.5625, 8], "texture": "#main"},
				"east": {"uv": [5.0625, 7.3125, 5.3125, 8], "texture": "#main"},
				"south": {"uv": [4.8125, 7.3125, 5.0625, 8], "texture": "#main"},
				"west": {"uv": [4.5625, 7.3125, 4.8125, 8], "texture": "#main"},
				"up": {"uv": [4.5625, 7.0625, 4.8125, 7.3125], "texture": "#main"},
				"down": {"uv": [5.3125, 7.0625, 5.5625, 7.3125], "texture": "#main"}
			}
		},
		{
			"name": "right_leg",
			"from": [8, -1, 3],
			"to": [12, 10, 7],
			"faces": {
				"north": {"uv": [5.5625, 7.3125, 5.3125, 8], "texture": "#main"},
				"east": {"uv": [4.8125, 7.3125, 4.5625, 8], "texture": "#main"},
				"south": {"uv": [5.0625, 7.3125, 4.8125, 8], "texture": "#main"},
				"west": {"uv": [5.0625, 7.3125, 5.3125, 8], "texture": "#main"},
				"up": {"uv": [4.5625, 7.0625, 4.8125, 7.3125], "texture": "#main"},
				"down": {"uv": [5.3125, 7.0625, 5.5625, 7.3125], "texture": "#main"}
			}
		},
		{
			"name": "handle",
			"from": [13, 13, -6],
			"to": [14, 14, 20],
			"rotation": {"angle": 0, "axis": "y", "origin": [0, 0, 5]},
			"faces": {
				"north": {"uv": [7.875, 3.5, 7.9375, 3.5625], "texture": "#main"},
				"east": {"uv": [6.375, 3.375, 8, 3.4375], "texture": "#main"},
				"south": {"uv": [7.9375, 3.5, 8, 3.5625], "texture": "#main"},
				"west": {"uv": [6.375, 3.4375, 8, 3.5], "texture": "#main"},
				"up": {"uv": [6.25, 2.625, 6.3125, 4.25], "texture": "#main"},
				"down": {"uv": [6.1875, 2.625, 6.25, 4.25], "texture": "#main"}
			}
		},
		{
			"name": "snake",
			"from": [13, 13, -8],
			"to": [14, 14, -3],
			"rotation": {"angle": 0, "axis": "y", "origin": [0, 0, 5]},
			"faces": {
				"north": {"uv": [3.625, 2.25, 4.125, 2.75], "texture": "#main"},
				"east": {"uv": [3.6875, 1.75, 6.1875, 2.25], "texture": "#main"},
				"south": {"uv": [4.125, 2.25, 4.625, 2.75], "texture": "#main"},
				"west": {"uv": [6.1875, 1.25, 3.6875, 1.75], "texture": "#main"},
				"up": {"uv": [3.125, 1.75, 3.625, 4.25], "texture": "#main"},
				"down": {"uv": [3.625, 5.25, 4.125, 2.75], "texture": "#main"}
			}
		},
		{
			"name": "inside_snake",
			"from": [13, 14, -8],
			"to": [14, 14, -3],
			"rotation": {"angle": 0, "axis": "y", "origin": [0, 0, 5]},
			"faces": {
				"north": {"uv": [3.625, 2.25, 4.125, 2.75], "texture": "#main"},
				"east": {"uv": [3.6875, 1.75, 6.1875, 2.25], "texture": "#main"},
				"south": {"uv": [4.125, 2.25, 4.625, 2.75], "texture": "#main"},
				"west": {"uv": [6.1875, 1.25, 3.6875, 1.75], "texture": "#main"},
				"up": {"uv": [3.125, 1.75, 3.625, 4.25], "texture": "#main"},
				"down": {"uv": [3.125, 4.25, 3.625, 1.75], "texture": "#main"}
			}
		},
		{
			"name": "inside_snake",
			"from": [14, 13, -8],
			"to": [14, 14, -3],
			"rotation": {"angle": 0, "axis": "y", "origin": [0, 0, 5]},
			"faces": {
				"north": {"uv": [3.625, 2.25, 4.125, 2.75], "texture": "#main"},
				"east": {"uv": [3.6875, 1.75, 6.1875, 2.25], "texture": "#main"},
				"south": {"uv": [4.125, 2.25, 4.625, 2.75], "texture": "#main"},
				"west": {"uv": [6.1875, 1.75, 3.6875, 2.25], "texture": "#main"},
				"up": {"uv": [3.125, 1.75, 3.625, 4.25], "texture": "#main"},
				"down": {"uv": [3.625, 5.25, 4.125, 2.75], "texture": "#main"}
			}
		},
		{
			"name": "inside_snake",
			"from": [13, 13, -8],
			"to": [13, 14, -3],
			"rotation": {"angle": 0, "axis": "y", "origin": [0, 0, 5]},
			"faces": {
				"north": {"uv": [3.625, 2.25, 4.125, 2.75], "texture": "#main"},
				"east": {"uv": [3.6875, 1.25, 6.1875, 1.75], "texture": "#main"},
				"south": {"uv": [4.125, 2.25, 4.625, 2.75], "texture": "#main"},
				"west": {"uv": [6.1875, 1.25, 3.6875, 1.75], "texture": "#main"},
				"up": {"uv": [3.125, 1.75, 3.625, 4.25], "texture": "#main"},
				"down": {"uv": [3.625, 5.25, 4.125, 2.75], "texture": "#main"}
			}
		},
		{
			"name": "inside_snake",
			"from": [13, 13, -8],
			"to": [14, 13, -3],
			"rotation": {"angle": 0, "axis": "y", "origin": [0, 0, 5]},
			"faces": {
				"north": {"uv": [3.625, 2.25, 4.125, 2.75], "texture": "#main"},
				"east": {"uv": [3.6875, 1.75, 6.1875, 2.25], "texture": "#main"},
				"south": {"uv": [4.125, 2.25, 4.625, 2.75], "texture": "#main"},
				"west": {"uv": [6.1875, 1.25, 3.6875, 1.75], "texture": "#main"},
				"up": {"uv": [3.625, 2.75, 4.125, 5.25], "texture": "#main"},
				"down": {"uv": [3.625, 5.25, 4.125, 2.75], "texture": "#main"}
			}
		},
		{
			"name": "tip",
			"from": [0, 18, -10],
			"to": [0, 20, -4],
			"rotation": {"angle": -45, "axis": "z", "origin": [0, 0, 5]},
			"faces": {
				"north": {"uv": [0, 0, 0, 1], "texture": "#main"},
				"east": {"uv": [0, 4.4375, 3, 5.4375], "texture": "#main"},
				"south": {"uv": [0, 0, 0, 1], "texture": "#main"},
				"west": {"uv": [3, 4.4375, 0, 5.4375], "texture": "#main"},
				"up": {"uv": [0, 0, 0, 3], "texture": "#main"},
				"down": {"uv": [0, 0, 0, 3], "texture": "#main"}
			}
		},
		{
			"name": "tip",
			"from": [19, -1, -10],
			"to": [19, 1, -4],
			"rotation": {"angle": 45, "axis": "z", "origin": [0, 0, 5]},
			"faces": {
				"north": {"uv": [0, 0, 0, 1], "texture": "#main"},
				"east": {"uv": [0, 4.4375, 3, 5.4375], "texture": "#main"},
				"south": {"uv": [0, 0, 0, 1], "texture": "#main"},
				"west": {"uv": [3, 4.4375, 0, 5.4375], "texture": "#main"},
				"up": {"uv": [0, 0, 0, 3], "texture": "#main"},
				"down": {"uv": [0, 0, 0, 3], "texture": "#main"}
			}
		},
		{
			"name": "shield",
			"from": [0, 8, 0],
			"to": [1, 19, 11],
			"faces": {
				"north": {"uv": [6.8125, 0.125, 6.875, 0.8125], "texture": "#main"},
				"east": {"uv": [6.0625, 0.125, 6.75, 0.8125], "texture": "#main"},
				"south": {"uv": [6.875, 0.125, 6.9375, 0.8125], "texture": "#main"},
				"west": {"uv": [7.1875, 0.125, 7.875, 0.8125], "texture": "#main"},
				"up": {"uv": [6.9375, 0.125, 7, 0.8125], "texture": "#main"},
				"down": {"uv": [7, 0.125, 7.0625, 0.8125], "texture": "#main"}
			}
		},
		{
			"name": "outer_layers",
			"from": [0, 7, 1],
			"to": [1, 20, 10],
			"faces": {
				"north": {"uv": [6.875, 0.9375, 6.9375, 1.5], "texture": "#main"},
				"east": {"uv": [6.3125, 0.875, 6.875, 1.6875], "texture": "#main"},
				"south": {"uv": [6.9375, 0.9375, 7, 1.5], "texture": "#main"},
				"west": {"uv": [7.25, 0.875, 7.8125, 1.6875], "texture": "#main"},
				"up": {"uv": [7, 0.9375, 7.0625, 1.5], "texture": "#main"},
				"down": {"uv": [7.0625, 0.9375, 7.125, 1.5], "texture": "#main"}
			}
		},
		{
			"name": "outer_layers",
			"from": [0, 9, -1],
			"to": [1, 18, 12],
			"faces": {
				"north": {"uv": [7.3125, 1.75, 7.375, 2.3125], "texture": "#main"},
				"east": {"uv": [7.125, 2.3125, 7.9375, 2.875], "texture": "#main"},
				"south": {"uv": [7.25, 1.75, 7.3125, 2.3125], "texture": "#main"},
				"west": {"uv": [7.125, 1, 7.9375, 1.5625], "texture": "#main"},
				"up": {"uv": [7.1875, 1.75, 7.25, 2.3125], "texture": "#main"},
				"down": {"uv": [7.125, 1.75, 7.1875, 2.3125], "texture": "#main"}
			}
		}
	],
	"display": {
		"gui": {
			"rotation": [0, 160, 0],
			"translation": [0, -3.75, 0],
			"scale": [0.5, 0.5, 0.5]
		},
		"head": {
			"translation": [0, -30.25, 3.5],
			"scale": [1.7, 1.7, 1.7]
		}
	},
	"groups": [
		0,
		1,
		2,
		3,
		4,
		5,
		6,
		7,
		8,
		9,
		10,
		11,
		12,
		13,
		14,
		15,
		16,
		17,
		18,
		19,
		20,
		21,
		22,
		23,
		24,
		25,
		26,
		27,
		28,
		29,
		30,
		31,
		32,
		33,
		34,
		35,
		36,
		37,
		38,
		39,
		40,
		41,
		42,
		43,
		44,
		45,
		{
			"name": "athena",
			"origin": [8, 8, 8],
			"color": 0,
			"children": [
				{
					"name": "head",
					"origin": [8, 8, 8],
					"color": 0,
					"children": [46, 47, 48, 49, 50, 51]
				},
				{
					"name": "arms",
					"origin": [8, 8, 8],
					"color": 0,
					"children": [52, 53]
				},
				{
					"name": "body",
					"origin": [8, 8, 8],
					"color": 0,
					"children": [54, 55]
				},
				{
					"name": "legs",
					"origin": [8, 8, 8],
					"color": 0,
					"children": [56, 57]
				}
			]
		},
		{
			"name": "spear",
			"origin": [0, 0, 0],
			"color": 0,
			"children": [58, 59, 60, 61, 62, 63, 64, 65]
		},
		{
			"name": "shield",
			"origin": [0, 0, 0],
			"color": 0,
			"children": [66, 67, 68]
		}
	]
}