{
	"credit": "Made with Blockbench",
	"textures": {
		"0": "item/athena/athena_death",
		"particle": "item/athena/athena_death"
	},
	"elements": [
		{
			"name": "head",
			"from": [4, 23, 2],
			"to": [12, 31, 8],
			"faces": {
				"north": {"uv": [1.375, 10.875, 2.375, 11.875], "texture": "#0"},
				"east": {"uv": [1, 2.75, 1.75, 3.75], "texture": "#0"},
				"south": {"uv": [5, 0, 6, 1], "texture": "#0"},
				"west": {"uv": [2.25, 5.875, 3, 6.875], "texture": "#0"},
				"up": {"uv": [4, 6.625, 3, 5.875], "texture": "#0"},
				"down": {"uv": [7, 0, 6, 0.75], "texture": "#0"}
			}
		},
		{
			"name": "hair",
			"from": [5, 24, 8],
			"to": [11, 30, 10],
			"faces": {
				"north": {"uv": [0, 0.75, 0.875, 1.5], "texture": "#0"},
				"east": {"uv": [1.125, 0.5, 1.375, 1.25], "texture": "#0"},
				"south": {"uv": [0, 0, 0.875, 0.75], "texture": "#0"},
				"west": {"uv": [0.875, 0.5, 1.125, 1.25], "texture": "#0"},
				"up": {"uv": [0.875, 0, 1.75, 0.25], "texture": "#0"},
				"down": {"uv": [0.875, 0.25, 1.75, 0.5], "texture": "#0"}
			}
		},
		{
			"name": "hair",
			"from": [6, 25, 10],
			"to": [10, 29, 11],
			"faces": {
				"north": {"uv": [2.375, 0.375, 3, 0.75], "texture": "#0"},
				"east": {"uv": [3.125, 0.25, 3.25, 0.625], "texture": "#0"},
				"south": {"uv": [2.375, 0, 3, 0.375], "texture": "#0"},
				"west": {"uv": [3, 0.25, 3.125, 0.625], "texture": "#0"},
				"up": {"uv": [3, 0, 3.5, 0.125], "texture": "#0"},
				"down": {"uv": [3, 0.125, 3.5, 0.25], "texture": "#0"}
			}
		},
		{
			"name": "hair_tails",
			"from": [4, 20, 8],
			"to": [12, 23, 8],
			"faces": {
				"north": {"uv": [1.5, 1.625, 0, 2.375], "texture": "#0"},
				"east": {"uv": [3.125, 1, 3.25, 1.375], "texture": "#0"},
				"south": {"uv": [0, 1.625, 1.5, 2.375], "texture": "#0"},
				"west": {"uv": [3, 1, 3.125, 1.375], "texture": "#0"},
				"up": {"uv": [3, 0.75, 3.5, 0.875], "texture": "#0"},
				"down": {"uv": [3, 0.875, 3.5, 1], "texture": "#0"}
			}
		},
		{
			"name": "hair_tails",
			"from": [5, 22, 10],
			"to": [11, 25, 10],
			"faces": {
				"north": {"uv": [3.125, 0.875, 1.875, 1.625], "texture": "#0"},
				"east": {"uv": [3.125, 1, 3.25, 1.375], "texture": "#0"},
				"south": {"uv": [1.875, 0.875, 3.125, 1.625], "texture": "#0"},
				"west": {"uv": [3, 1, 3.125, 1.375], "texture": "#0"},
				"up": {"uv": [3, 0.75, 3.5, 0.875], "texture": "#0"},
				"down": {"uv": [3, 0.875, 3.5, 1], "texture": "#0"}
			}
		},
		{
			"name": "hair_tails",
			"from": [6, 23, 11],
			"to": [10, 26, 11],
			"faces": {
				"north": {"uv": [1.875, 1.625, 2.875, 2.375], "texture": "#0"},
				"east": {"uv": [3.125, 1, 3.25, 1.375], "texture": "#0"},
				"south": {"uv": [2.875, 1.625, 1.875, 2.375], "texture": "#0"},
				"west": {"uv": [3, 1, 3.125, 1.375], "texture": "#0"},
				"up": {"uv": [3, 0.75, 3.5, 0.875], "texture": "#0"},
				"down": {"uv": [3, 0.875, 3.5, 1], "texture": "#0"}
			}
		},
		{
			"name": "left_arm",
			"from": [1, 12, 4],
			"to": [4, 23, 7],
			"faces": {
				"north": {"uv": [4, 6.5, 4.375, 7.75], "texture": "#0"},
				"east": {"uv": [4.375, 6.5, 4.75, 7.75], "texture": "#0"},
				"south": {"uv": [4.75, 6.5, 5.125, 7.75], "texture": "#0"},
				"west": {"uv": [5.125, 6.5, 5.5, 7.75], "texture": "#0"},
				"up": {"uv": [7.375, 0.75, 7, 0.375], "texture": "#0"},
				"down": {"uv": [0.875, 7, 0.5, 7.375], "texture": "#0"}
			}
		},
		{
			"name": "right_arm",
			"from": [12, 12, 4],
			"to": [15, 23, 7],
			"faces": {
				"north": {"uv": [3.125, 2.625, 2.75, 3.875], "texture": "#0"},
				"east": {"uv": [3.875, 2.625, 4.25, 3.875], "texture": "#0"},
				"south": {"uv": [3.875, 2.625, 3.5, 3.875], "texture": "#0"},
				"west": {"uv": [3.125, 2.625, 3.5, 3.875], "texture": "#0"},
				"up": {"uv": [7, 0.75, 7.375, 0.375], "texture": "#0"},
				"down": {"uv": [0.875, 7, 0.5, 7.375], "texture": "#0"}
			}
		},
		{
			"name": "torso",
			"from": [4, 10, 3],
			"to": [12, 23, 7],
			"faces": {
				"north": {"uv": [1.75, 2.625, 2.75, 4.125], "texture": "#0"},
				"east": {"uv": [1.25, 5.625, 1.75, 7.125], "texture": "#0"},
				"south": {"uv": [0, 2.875, 1, 4.375], "texture": "#0"},
				"west": {"uv": [1.75, 6, 2.25, 7.5], "texture": "#0"},
				"up": {"uv": [1, 7, 0, 6.5], "texture": "#0"},
				"down": {"uv": [7.5, 2, 6.5, 2.5], "texture": "#0"}
			}
		},
		{
			"name": "belt",
			"from": [4, 10, 3],
			"to": [12, 15, 3],
			"faces": {
				"north": {"uv": [10, 9.125, 16, 14.125], "texture": "#0"},
				"east": {"uv": [0, 0, 0, 5], "texture": "#0"},
				"south": {"uv": [10, 9.125, 16, 14.125], "texture": "#0"},
				"west": {"uv": [0, 0, 0, 5], "texture": "#0"},
				"up": {"uv": [0, 0, 8, 0], "texture": "#0"},
				"down": {"uv": [0, 0, 8, 0], "texture": "#0"}
			}
		},
		{
			"name": "left_leg",
			"from": [4, -1, 3],
			"to": [8, 10, 7],
			"faces": {
				"north": {"uv": [10.625, 14.625, 11.125, 16], "texture": "#0"},
				"east": {"uv": [10.125, 14.625, 10.625, 16], "texture": "#0"},
				"south": {"uv": [9.625, 14.625, 10.125, 16], "texture": "#0"},
				"west": {"uv": [9.125, 14.625, 9.625, 16], "texture": "#0"},
				"up": {"uv": [9.125, 14.125, 9.625, 14.625], "texture": "#0"},
				"down": {"uv": [10.625, 14.125, 11.125, 14.625], "texture": "#0"}
			}
		},
		{
			"name": "right_leg",
			"from": [8, -1, 3],
			"to": [12, 10, 7],
			"faces": {
				"north": {"uv": [11.125, 14.625, 10.625, 16], "texture": "#0"},
				"east": {"uv": [9.625, 14.625, 9.125, 16], "texture": "#0"},
				"south": {"uv": [10.125, 14.625, 9.625, 16], "texture": "#0"},
				"west": {"uv": [10.125, 14.625, 10.625, 16], "texture": "#0"},
				"up": {"uv": [9.125, 14.125, 9.625, 14.625], "texture": "#0"},
				"down": {"uv": [10.625, 14.125, 11.125, 14.625], "texture": "#0"}
			}
		},
		{
			"name": "handle",
			"from": [13, 13, -6],
			"to": [14, 14, 20],
			"rotation": {"angle": 0, "axis": "y", "origin": [0, 0, 5]},
			"faces": {
				"north": {"uv": [15.75, 7, 15.875, 7.125], "texture": "#0"},
				"east": {"uv": [12.75, 6.75, 16, 6.875], "texture": "#0"},
				"south": {"uv": [15.875, 7, 16, 7.125], "texture": "#0"},
				"west": {"uv": [12.75, 6.875, 16, 7], "texture": "#0"},
				"up": {"uv": [12.5, 5.25, 12.625, 8.5], "texture": "#0"},
				"down": {"uv": [12.375, 5.25, 12.5, 8.5], "texture": "#0"}
			}
		},
		{
			"name": "snake",
			"from": [13, 13, -8],
			"to": [14, 14, -3],
			"rotation": {"angle": 0, "axis": "y", "origin": [0, 0, 5]},
			"faces": {
				"north": {"uv": [7.25, 4.5, 8.25, 5.5], "texture": "#0"},
				"east": {"uv": [7.375, 3.5, 12.375, 4.5], "texture": "#0"},
				"south": {"uv": [8.25, 4.5, 9.25, 5.5], "texture": "#0"},
				"west": {"uv": [12.375, 2.5, 7.375, 3.5], "texture": "#0"},
				"up": {"uv": [6.25, 3.5, 7.25, 8.5], "texture": "#0"},
				"down": {"uv": [7.25, 10.5, 8.25, 5.5], "texture": "#0"}
			}
		},
		{
			"name": "inside_snake",
			"from": [13, 14, -8],
			"to": [14, 14, -3],
			"rotation": {"angle": 0, "axis": "y", "origin": [0, 0, 5]},
			"faces": {
				"north": {"uv": [7.25, 4.5, 8.25, 5.5], "texture": "#0"},
				"east": {"uv": [7.375, 3.5, 12.375, 4.5], "texture": "#0"},
				"south": {"uv": [8.25, 4.5, 9.25, 5.5], "texture": "#0"},
				"west": {"uv": [12.375, 2.5, 7.375, 3.5], "texture": "#0"},
				"up": {"uv": [6.25, 3.5, 7.25, 8.5], "texture": "#0"},
				"down": {"uv": [6.25, 8.5, 7.25, 3.5], "texture": "#0"}
			}
		},
		{
			"name": "inside_snake",
			"from": [14, 13, -8],
			"to": [14, 14, -3],
			"rotation": {"angle": 0, "axis": "y", "origin": [0, 0, 5]},
			"faces": {
				"north": {"uv": [7.25, 4.5, 8.25, 5.5], "texture": "#0"},
				"east": {"uv": [7.375, 3.5, 12.375, 4.5], "texture": "#0"},
				"south": {"uv": [8.25, 4.5, 9.25, 5.5], "texture": "#0"},
				"west": {"uv": [12.375, 3.5, 7.375, 4.5], "texture": "#0"},
				"up": {"uv": [6.25, 3.5, 7.25, 8.5], "texture": "#0"},
				"down": {"uv": [7.25, 10.5, 8.25, 5.5], "texture": "#0"}
			}
		},
		{
			"name": "inside_snake",
			"from": [13, 13, -8],
			"to": [13, 14, -3],
			"rotation": {"angle": 0, "axis": "y", "origin": [0, 0, 5]},
			"faces": {
				"north": {"uv": [7.25, 4.5, 8.25, 5.5], "texture": "#0"},
				"east": {"uv": [7.375, 2.5, 12.375, 3.5], "texture": "#0"},
				"south": {"uv": [8.25, 4.5, 9.25, 5.5], "texture": "#0"},
				"west": {"uv": [12.375, 2.5, 7.375, 3.5], "texture": "#0"},
				"up": {"uv": [6.25, 3.5, 7.25, 8.5], "texture": "#0"},
				"down": {"uv": [7.25, 10.5, 8.25, 5.5], "texture": "#0"}
			}
		},
		{
			"name": "inside_snake",
			"from": [13, 13, -8],
			"to": [14, 13, -3],
			"rotation": {"angle": 0, "axis": "y", "origin": [0, 0, 5]},
			"faces": {
				"north": {"uv": [7.25, 4.5, 8.25, 5.5], "texture": "#0"},
				"east": {"uv": [7.375, 3.5, 12.375, 4.5], "texture": "#0"},
				"south": {"uv": [8.25, 4.5, 9.25, 5.5], "texture": "#0"},
				"west": {"uv": [12.375, 2.5, 7.375, 3.5], "texture": "#0"},
				"up": {"uv": [7.25, 5.5, 8.25, 10.5], "texture": "#0"},
				"down": {"uv": [7.25, 10.5, 8.25, 5.5], "texture": "#0"}
			}
		},
		{
			"name": "tip",
			"from": [0, 18, -10],
			"to": [0, 20, -4],
			"rotation": {"angle": -45, "axis": "z", "origin": [0, 0, 5]},
			"faces": {
				"north": {"uv": [0, 0, 0, 2], "texture": "#0"},
				"east": {"uv": [0, 8.875, 6, 10.875], "texture": "#0"},
				"south": {"uv": [0, 0, 0, 2], "texture": "#0"},
				"west": {"uv": [6, 8.875, 0, 10.875], "texture": "#0"},
				"up": {"uv": [0, 0, 0, 6], "texture": "#0"},
				"down": {"uv": [0, 0, 0, 6], "texture": "#0"}
			}
		},
		{
			"name": "tip",
			"from": [19, -1, -10],
			"to": [19, 1, -4],
			"rotation": {"angle": 45, "axis": "z", "origin": [0, 0, 5]},
			"faces": {
				"north": {"uv": [0, 0, 0, 2], "texture": "#0"},
				"east": {"uv": [0, 8.875, 6, 10.875], "texture": "#0"},
				"south": {"uv": [0, 0, 0, 2], "texture": "#0"},
				"west": {"uv": [6, 8.875, 0, 10.875], "texture": "#0"},
				"up": {"uv": [0, 0, 0, 6], "texture": "#0"},
				"down": {"uv": [0, 0, 0, 6], "texture": "#0"}
			}
		},
		{
			"name": "shield",
			"from": [0, 8, 0],
			"to": [1, 19, 11],
			"faces": {
				"north": {"uv": [13.625, 0.25, 13.75, 1.625], "texture": "#0"},
				"east": {"uv": [12.125, 0.25, 13.5, 1.625], "texture": "#0"},
				"south": {"uv": [13.75, 0.25, 13.875, 1.625], "texture": "#0"},
				"west": {"uv": [14.375, 0.25, 15.75, 1.625], "texture": "#0"},
				"up": {"uv": [13.875, 0.25, 14, 1.625], "texture": "#0"},
				"down": {"uv": [14, 0.25, 14.125, 1.625], "texture": "#0"}
			}
		},
		{
			"name": "outer_layers",
			"from": [0, 7, 1],
			"to": [1, 20, 10],
			"faces": {
				"north": {"uv": [13.75, 1.875, 13.875, 3], "texture": "#0"},
				"east": {"uv": [12.625, 1.75, 13.75, 3.375], "texture": "#0"},
				"south": {"uv": [13.875, 1.875, 14, 3], "texture": "#0"},
				"west": {"uv": [14.5, 1.75, 15.625, 3.375], "texture": "#0"},
				"up": {"uv": [14, 1.875, 14.125, 3], "texture": "#0"},
				"down": {"uv": [14.125, 1.875, 14.25, 3], "texture": "#0"}
			}
		},
		{
			"name": "outer_layers",
			"from": [0, 9, -1],
			"to": [1, 18, 12],
			"faces": {
				"north": {"uv": [14.625, 3.5, 14.75, 4.625], "texture": "#0"},
				"east": {"uv": [14.25, 4.625, 15.875, 5.75], "texture": "#0"},
				"south": {"uv": [14.5, 3.5, 14.625, 4.625], "texture": "#0"},
				"west": {"uv": [14.25, 2, 15.875, 3.125], "texture": "#0"},
				"up": {"uv": [14.375, 3.5, 14.5, 4.625], "texture": "#0"},
				"down": {"uv": [14.25, 3.5, 14.375, 4.625], "texture": "#0"}
			}
		}
	],
	"display": {
		"gui": {
			"rotation": [0, 160, 0],
			"translation": [0, -3.75, 0],
			"scale": [0.5, 0.5, 0.5]
		},
		"head": {
			"translation": [0, -30.25, 3.5],
			"scale": [1.7, 1.7, 1.7]
		}
	},
	"groups": [
		{
			"name": "athena",
			"origin": [8, 8, 8],
			"color": 0,
			"children": [
				{
					"name": "head",
					"origin": [8, 8, 8],
					"color": 0,
					"children": [0, 1, 2, 3, 4, 5]
				},
				{
					"name": "arms",
					"origin": [8, 8, 8],
					"color": 0,
					"children": [6, 7]
				},
				{
					"name": "body",
					"origin": [8, 8, 8],
					"color": 0,
					"children": [8, 9]
				},
				{
					"name": "legs",
					"origin": [8, 8, 8],
					"color": 0,
					"children": [10, 11]
				}
			]
		},
		{
			"name": "spear",
			"origin": [0, 0, 0],
			"color": 0,
			"children": [12, 13, 14, 15, 16, 17, 18, 19]
		},
		{
			"name": "shield",
			"origin": [0, 0, 0],
			"color": 0,
			"children": [20, 21, 22]
		}
	]
}