{
	"credit": "Made with Blockbench",
	"textures": {
		"0": "block/bluebell_stems",
		"1": "block/bluebell_top",
		"2": "block/bluebell_bottom",
		"particle": "block/bluebell_stems"
	},
	"elements": [
		{
			"name": "stem",
			"from": [7, 0, 11],
			"to": [11, 7, 11],
			"rotation": {"angle": 45, "axis": "y", "origin": [9, 0, 7]},
			"faces": {
				"north": {"uv": [6, 1, 10, 7], "texture": "#0"},
				"east": {"uv": [0, 0, 0, 7], "texture": "#0"},
				"south": {"uv": [6, 1, 10, 7], "texture": "#0"},
				"west": {"uv": [0, 0, 0, 7], "texture": "#0"},
				"up": {"uv": [0, 0, 4, 0], "texture": "#0"},
				"down": {"uv": [0, 0, 4, 0], "texture": "#0"}
			}
		},
		{
			"name": "bell_top",
			"from": [13, 3, 8],
			"to": [14, 4, 9],
			"rotation": {"angle": 0, "axis": "y", "origin": [6, 0, 3]},
			"faces": {
				"north": {"uv": [0, 0, 3, 3], "texture": "#1"},
				"east": {"uv": [0, 0, 3, 3], "texture": "#1"},
				"south": {"uv": [0, 0, 3, 3], "texture": "#1"},
				"west": {"uv": [0, 0, 3, 3], "texture": "#1"},
				"up": {"uv": [6, 3, 3, 0], "texture": "#1"},
				"down": {"uv": [9, 0, 6, 3], "texture": "#1"}
			}
		},
		{
			"name": "bell_bottom",
			"from": [13, 2, 8],
			"to": [14, 3, 9],
			"rotation": {"angle": 0, "axis": "y", "origin": [6, 0, 3]},
			"faces": {
				"north": {"uv": [0, 0, 3, 3], "texture": "#2"},
				"east": {"uv": [0, 0, 3, 3], "texture": "#2"},
				"south": {"uv": [0, 0, 3, 3], "texture": "#2"},
				"west": {"uv": [0, 0, 3, 3], "texture": "#2"},
				"up": {"uv": [3, 0, 6, 3], "texture": "#2"},
				"down": {"uv": [6, 0, 9, 3], "texture": "#2"}
			}
		},
		{
			"name": "bell_top",
			"from": [10, 3, 11],
			"to": [11, 4, 12],
			"rotation": {"angle": 0, "axis": "y", "origin": [6, 0, 3]},
			"faces": {
				"north": {"uv": [0, 0, 3, 3], "texture": "#1"},
				"east": {"uv": [0, 0, 3, 3], "texture": "#1"},
				"south": {"uv": [0, 0, 3, 3], "texture": "#1"},
				"west": {"uv": [0, 0, 3, 3], "texture": "#1"},
				"up": {"uv": [3, 0, 6, 3], "texture": "#1"},
				"down": {"uv": [9, 0, 6, 3], "texture": "#1"}
			}
		},
		{
			"name": "bell_bottom",
			"from": [10, 2, 11],
			"to": [11, 3, 12],
			"rotation": {"angle": 0, "axis": "y", "origin": [6, 0, 3]},
			"faces": {
				"north": {"uv": [0, 0, 3, 3], "texture": "#2"},
				"east": {"uv": [0, 0, 3, 3], "texture": "#2"},
				"south": {"uv": [0, 0, 3, 3], "texture": "#2"},
				"west": {"uv": [0, 0, 3, 3], "texture": "#2"},
				"up": {"uv": [6, 3, 3, 0], "texture": "#2"},
				"down": {"uv": [6, 0, 9, 3], "texture": "#2"}
			}
		},
		{
			"name": "stem",
			"from": [13, 0, 11],
			"to": [17, 7, 11],
			"rotation": {"angle": -45, "axis": "y", "origin": [15, 0, 7]},
			"faces": {
				"north": {"uv": [6, 1, 10, 7], "texture": "#0"},
				"east": {"uv": [0, 0, 0, 7], "texture": "#0"},
				"south": {"uv": [6, 1, 10, 7], "texture": "#0"},
				"west": {"uv": [0, 0, 0, 7], "texture": "#0"},
				"up": {"uv": [0, 0, 4, 0], "texture": "#0"},
				"down": {"uv": [0, 0, 4, 0], "texture": "#0"}
			}
		},
		{
			"name": "bell_top",
			"from": [13, 3, 11],
			"to": [14, 4, 12],
			"rotation": {"angle": 0, "axis": "y", "origin": [12, 0, 3]},
			"faces": {
				"north": {"uv": [0, 0, 3, 3], "texture": "#1"},
				"east": {"uv": [0, 0, 3, 3], "texture": "#1"},
				"south": {"uv": [0, 0, 3, 3], "texture": "#1"},
				"west": {"uv": [0, 0, 3, 3], "texture": "#1"},
				"up": {"uv": [6, 3, 3, 0], "rotation": 90, "texture": "#1"},
				"down": {"uv": [9, 0, 6, 3], "rotation": 270, "texture": "#1"}
			}
		},
		{
			"name": "bell_bottom",
			"from": [13, 2, 11],
			"to": [14, 3, 12],
			"rotation": {"angle": 0, "axis": "y", "origin": [12, 0, 3]},
			"faces": {
				"north": {"uv": [0, 0, 3, 3], "texture": "#2"},
				"east": {"uv": [0, 0, 3, 3], "texture": "#2"},
				"south": {"uv": [0, 0, 3, 3], "texture": "#2"},
				"west": {"uv": [0, 0, 3, 3], "texture": "#2"},
				"up": {"uv": [3, 0, 6, 3], "rotation": 90, "texture": "#2"},
				"down": {"uv": [6, 0, 9, 3], "rotation": 270, "texture": "#2"}
			}
		},
		{
			"name": "bell_top",
			"from": [10, 3, 8],
			"to": [11, 4, 9],
			"rotation": {"angle": 0, "axis": "y", "origin": [12, 0, 3]},
			"faces": {
				"north": {"uv": [0, 0, 3, 3], "texture": "#1"},
				"east": {"uv": [0, 0, 3, 3], "texture": "#1"},
				"south": {"uv": [0, 0, 3, 3], "texture": "#1"},
				"west": {"uv": [0, 0, 3, 3], "texture": "#1"},
				"up": {"uv": [3, 0, 6, 3], "rotation": 90, "texture": "#1"},
				"down": {"uv": [9, 0, 6, 3], "rotation": 270, "texture": "#1"}
			}
		},
		{
			"name": "bell_bottom",
			"from": [10, 2, 8],
			"to": [11, 3, 9],
			"rotation": {"angle": 0, "axis": "y", "origin": [12, 0, 3]},
			"faces": {
				"north": {"uv": [0, 0, 3, 3], "texture": "#2"},
				"east": {"uv": [0, 0, 3, 3], "texture": "#2"},
				"south": {"uv": [0, 0, 3, 3], "texture": "#2"},
				"west": {"uv": [0, 0, 3, 3], "texture": "#2"},
				"up": {"uv": [6, 3, 3, 0], "rotation": 90, "texture": "#2"},
				"down": {"uv": [6, 0, 9, 3], "rotation": 270, "texture": "#2"}
			}
		},
		{
			"name": "stem",
			"from": [4, 0, 5],
			"to": [8, 7, 5],
			"rotation": {"angle": 45, "axis": "y", "origin": [6, 0, 1]},
			"faces": {
				"north": {"uv": [6, 1, 10, 7], "texture": "#0"},
				"east": {"uv": [0, 0, 0, 7], "texture": "#0"},
				"south": {"uv": [6, 1, 10, 7], "texture": "#0"},
				"west": {"uv": [0, 0, 0, 7], "texture": "#0"},
				"up": {"uv": [0, 0, 4, 0], "texture": "#0"},
				"down": {"uv": [0, 0, 4, 0], "texture": "#0"}
			}
		},
		{
			"name": "bell_top",
			"from": [10, 3, 2],
			"to": [11, 4, 3],
			"rotation": {"angle": 0, "axis": "y", "origin": [3, 0, -3]},
			"faces": {
				"north": {"uv": [0, 0, 3, 3], "texture": "#1"},
				"east": {"uv": [0, 0, 3, 3], "texture": "#1"},
				"south": {"uv": [0, 0, 3, 3], "texture": "#1"},
				"west": {"uv": [0, 0, 3, 3], "texture": "#1"},
				"up": {"uv": [6, 3, 3, 0], "texture": "#1"},
				"down": {"uv": [9, 0, 6, 3], "texture": "#1"}
			}
		},
		{
			"name": "bell_bottom",
			"from": [10, 2, 2],
			"to": [11, 3, 3],
			"rotation": {"angle": 0, "axis": "y", "origin": [3, 0, -3]},
			"faces": {
				"north": {"uv": [0, 0, 3, 3], "texture": "#2"},
				"east": {"uv": [0, 0, 3, 3], "texture": "#2"},
				"south": {"uv": [0, 0, 3, 3], "texture": "#2"},
				"west": {"uv": [0, 0, 3, 3], "texture": "#2"},
				"up": {"uv": [3, 0, 6, 3], "texture": "#2"},
				"down": {"uv": [6, 0, 9, 3], "texture": "#2"}
			}
		},
		{
			"name": "bell_top",
			"from": [7, 3, 5],
			"to": [8, 4, 6],
			"rotation": {"angle": 0, "axis": "y", "origin": [3, 0, -3]},
			"faces": {
				"north": {"uv": [0, 0, 3, 3], "texture": "#1"},
				"east": {"uv": [0, 0, 3, 3], "texture": "#1"},
				"south": {"uv": [0, 0, 3, 3], "texture": "#1"},
				"west": {"uv": [0, 0, 3, 3], "texture": "#1"},
				"up": {"uv": [3, 0, 6, 3], "texture": "#1"},
				"down": {"uv": [9, 0, 6, 3], "texture": "#1"}
			}
		},
		{
			"name": "bell_bottom",
			"from": [7, 2, 5],
			"to": [8, 3, 6],
			"rotation": {"angle": 0, "axis": "y", "origin": [3, 0, -3]},
			"faces": {
				"north": {"uv": [0, 0, 3, 3], "texture": "#2"},
				"east": {"uv": [0, 0, 3, 3], "texture": "#2"},
				"south": {"uv": [0, 0, 3, 3], "texture": "#2"},
				"west": {"uv": [0, 0, 3, 3], "texture": "#2"},
				"up": {"uv": [6, 3, 3, 0], "texture": "#2"},
				"down": {"uv": [6, 0, 9, 3], "texture": "#2"}
			}
		},
		{
			"name": "stem",
			"from": [10, 0, 5],
			"to": [14, 7, 5],
			"rotation": {"angle": -45, "axis": "y", "origin": [12, 0, 1]},
			"faces": {
				"north": {"uv": [6, 1, 10, 7], "texture": "#0"},
				"east": {"uv": [0, 0, 0, 7], "texture": "#0"},
				"south": {"uv": [6, 1, 10, 7], "texture": "#0"},
				"west": {"uv": [0, 0, 0, 7], "texture": "#0"},
				"up": {"uv": [0, 0, 4, 0], "texture": "#0"},
				"down": {"uv": [0, 0, 4, 0], "texture": "#0"}
			}
		},
		{
			"name": "bell_top",
			"from": [10, 3, 5],
			"to": [11, 4, 6],
			"rotation": {"angle": 0, "axis": "y", "origin": [9, 0, -3]},
			"faces": {
				"north": {"uv": [0, 0, 3, 3], "texture": "#1"},
				"east": {"uv": [0, 0, 3, 3], "texture": "#1"},
				"south": {"uv": [0, 0, 3, 3], "texture": "#1"},
				"west": {"uv": [0, 0, 3, 3], "texture": "#1"},
				"up": {"uv": [6, 3, 3, 0], "rotation": 90, "texture": "#1"},
				"down": {"uv": [9, 0, 6, 3], "rotation": 270, "texture": "#1"}
			}
		},
		{
			"name": "bell_bottom",
			"from": [10, 2, 5],
			"to": [11, 3, 6],
			"rotation": {"angle": 0, "axis": "y", "origin": [9, 0, -3]},
			"faces": {
				"north": {"uv": [0, 0, 3, 3], "texture": "#2"},
				"east": {"uv": [0, 0, 3, 3], "texture": "#2"},
				"south": {"uv": [0, 0, 3, 3], "texture": "#2"},
				"west": {"uv": [0, 0, 3, 3], "texture": "#2"},
				"up": {"uv": [3, 0, 6, 3], "rotation": 90, "texture": "#2"},
				"down": {"uv": [6, 0, 9, 3], "rotation": 270, "texture": "#2"}
			}
		},
		{
			"name": "bell_top",
			"from": [7, 3, 2],
			"to": [8, 4, 3],
			"rotation": {"angle": 0, "axis": "y", "origin": [9, 0, -3]},
			"faces": {
				"north": {"uv": [0, 0, 3, 3], "texture": "#1"},
				"east": {"uv": [0, 0, 3, 3], "texture": "#1"},
				"south": {"uv": [0, 0, 3, 3], "texture": "#1"},
				"west": {"uv": [0, 0, 3, 3], "texture": "#1"},
				"up": {"uv": [3, 0, 6, 3], "rotation": 90, "texture": "#1"},
				"down": {"uv": [9, 0, 6, 3], "rotation": 270, "texture": "#1"}
			}
		},
		{
			"name": "bell_bottom",
			"from": [7, 2, 2],
			"to": [8, 3, 3],
			"rotation": {"angle": 0, "axis": "y", "origin": [9, 0, -3]},
			"faces": {
				"north": {"uv": [0, 0, 3, 3], "texture": "#2"},
				"east": {"uv": [0, 0, 3, 3], "texture": "#2"},
				"south": {"uv": [0, 0, 3, 3], "texture": "#2"},
				"west": {"uv": [0, 0, 3, 3], "texture": "#2"},
				"up": {"uv": [6, 3, 3, 0], "rotation": 90, "texture": "#2"},
				"down": {"uv": [6, 0, 9, 3], "rotation": 270, "texture": "#2"}
			}
		},
		{
			"name": "stem",
			"from": [-1, 0, 8],
			"to": [3, 7, 8],
			"rotation": {"angle": 45, "axis": "y", "origin": [1, 0, 4]},
			"faces": {
				"north": {"uv": [6, 1, 10, 7], "texture": "#0"},
				"east": {"uv": [0, 0, 0, 7], "texture": "#0"},
				"south": {"uv": [6, 1, 10, 7], "texture": "#0"},
				"west": {"uv": [0, 0, 0, 7], "texture": "#0"},
				"up": {"uv": [0, 0, 4, 0], "texture": "#0"},
				"down": {"uv": [0, 0, 4, 0], "texture": "#0"}
			}
		},
		{
			"name": "bell_top",
			"from": [5, 3, 5],
			"to": [6, 4, 6],
			"rotation": {"angle": 0, "axis": "y", "origin": [-2, 0, 0]},
			"faces": {
				"north": {"uv": [0, 0, 3, 3], "texture": "#1"},
				"east": {"uv": [0, 0, 3, 3], "texture": "#1"},
				"south": {"uv": [0, 0, 3, 3], "texture": "#1"},
				"west": {"uv": [0, 0, 3, 3], "texture": "#1"},
				"up": {"uv": [6, 3, 3, 0], "texture": "#1"},
				"down": {"uv": [9, 0, 6, 3], "texture": "#1"}
			}
		},
		{
			"name": "bell_bottom",
			"from": [5, 2, 5],
			"to": [6, 3, 6],
			"rotation": {"angle": 0, "axis": "y", "origin": [-2, 0, 0]},
			"faces": {
				"north": {"uv": [0, 0, 3, 3], "texture": "#2"},
				"east": {"uv": [0, 0, 3, 3], "texture": "#2"},
				"south": {"uv": [0, 0, 3, 3], "texture": "#2"},
				"west": {"uv": [0, 0, 3, 3], "texture": "#2"},
				"up": {"uv": [3, 0, 6, 3], "texture": "#2"},
				"down": {"uv": [6, 0, 9, 3], "texture": "#2"}
			}
		},
		{
			"name": "bell_top",
			"from": [2, 3, 8],
			"to": [3, 4, 9],
			"rotation": {"angle": 0, "axis": "y", "origin": [-2, 0, 0]},
			"faces": {
				"north": {"uv": [0, 0, 3, 3], "texture": "#1"},
				"east": {"uv": [0, 0, 3, 3], "texture": "#1"},
				"south": {"uv": [0, 0, 3, 3], "texture": "#1"},
				"west": {"uv": [0, 0, 3, 3], "texture": "#1"},
				"up": {"uv": [3, 0, 6, 3], "texture": "#1"},
				"down": {"uv": [9, 0, 6, 3], "texture": "#1"}
			}
		},
		{
			"name": "bell_bottom",
			"from": [2, 2, 8],
			"to": [3, 3, 9],
			"rotation": {"angle": 0, "axis": "y", "origin": [-2, 0, 0]},
			"faces": {
				"north": {"uv": [0, 0, 3, 3], "texture": "#2"},
				"east": {"uv": [0, 0, 3, 3], "texture": "#2"},
				"south": {"uv": [0, 0, 3, 3], "texture": "#2"},
				"west": {"uv": [0, 0, 3, 3], "texture": "#2"},
				"up": {"uv": [6, 3, 3, 0], "texture": "#2"},
				"down": {"uv": [6, 0, 9, 3], "texture": "#2"}
			}
		},
		{
			"name": "stem",
			"from": [5, 0, 8],
			"to": [9, 7, 8],
			"rotation": {"angle": -45, "axis": "y", "origin": [7, 0, 4]},
			"faces": {
				"north": {"uv": [6, 1, 10, 7], "texture": "#0"},
				"east": {"uv": [0, 0, 0, 7], "texture": "#0"},
				"south": {"uv": [6, 1, 10, 7], "texture": "#0"},
				"west": {"uv": [0, 0, 0, 7], "texture": "#0"},
				"up": {"uv": [0, 0, 4, 0], "texture": "#0"},
				"down": {"uv": [0, 0, 4, 0], "texture": "#0"}
			}
		},
		{
			"name": "bell_top",
			"from": [5, 3, 8],
			"to": [6, 4, 9],
			"rotation": {"angle": 0, "axis": "y", "origin": [4, 0, 0]},
			"faces": {
				"north": {"uv": [0, 0, 3, 3], "texture": "#1"},
				"east": {"uv": [0, 0, 3, 3], "texture": "#1"},
				"south": {"uv": [0, 0, 3, 3], "texture": "#1"},
				"west": {"uv": [0, 0, 3, 3], "texture": "#1"},
				"up": {"uv": [6, 3, 3, 0], "rotation": 90, "texture": "#1"},
				"down": {"uv": [9, 0, 6, 3], "rotation": 270, "texture": "#1"}
			}
		},
		{
			"name": "bell_bottom",
			"from": [5, 2, 8],
			"to": [6, 3, 9],
			"rotation": {"angle": 0, "axis": "y", "origin": [4, 0, 0]},
			"faces": {
				"north": {"uv": [0, 0, 3, 3], "texture": "#2"},
				"east": {"uv": [0, 0, 3, 3], "texture": "#2"},
				"south": {"uv": [0, 0, 3, 3], "texture": "#2"},
				"west": {"uv": [0, 0, 3, 3], "texture": "#2"},
				"up": {"uv": [3, 0, 6, 3], "rotation": 90, "texture": "#2"},
				"down": {"uv": [6, 0, 9, 3], "rotation": 270, "texture": "#2"}
			}
		},
		{
			"name": "bell_top",
			"from": [2, 3, 5],
			"to": [3, 4, 6],
			"rotation": {"angle": 0, "axis": "y", "origin": [4, 0, 0]},
			"faces": {
				"north": {"uv": [0, 0, 3, 3], "texture": "#1"},
				"east": {"uv": [0, 0, 3, 3], "texture": "#1"},
				"south": {"uv": [0, 0, 3, 3], "texture": "#1"},
				"west": {"uv": [0, 0, 3, 3], "texture": "#1"},
				"up": {"uv": [3, 0, 6, 3], "rotation": 90, "texture": "#1"},
				"down": {"uv": [9, 0, 6, 3], "rotation": 270, "texture": "#1"}
			}
		},
		{
			"name": "bell_bottom",
			"from": [2, 2, 5],
			"to": [3, 3, 6],
			"rotation": {"angle": 0, "axis": "y", "origin": [4, 0, 0]},
			"faces": {
				"north": {"uv": [0, 0, 3, 3], "texture": "#2"},
				"east": {"uv": [0, 0, 3, 3], "texture": "#2"},
				"south": {"uv": [0, 0, 3, 3], "texture": "#2"},
				"west": {"uv": [0, 0, 3, 3], "texture": "#2"},
				"up": {"uv": [6, 3, 3, 0], "rotation": 90, "texture": "#2"},
				"down": {"uv": [6, 0, 9, 3], "rotation": 270, "texture": "#2"}
			}
		},
		{
			"name": "stem",
			"from": [2, 0, 13],
			"to": [6, 7, 13],
			"rotation": {"angle": 45, "axis": "y", "origin": [4, 0, 9]},
			"faces": {
				"north": {"uv": [6, 1, 10, 7], "texture": "#0"},
				"east": {"uv": [0, 0, 0, 7], "texture": "#0"},
				"south": {"uv": [6, 1, 10, 7], "texture": "#0"},
				"west": {"uv": [0, 0, 0, 7], "texture": "#0"},
				"up": {"uv": [0, 0, 4, 0], "texture": "#0"},
				"down": {"uv": [0, 0, 4, 0], "texture": "#0"}
			}
		},
		{
			"name": "bell_top",
			"from": [8, 3, 10],
			"to": [9, 4, 11],
			"rotation": {"angle": 0, "axis": "y", "origin": [1, 0, 5]},
			"faces": {
				"north": {"uv": [0, 0, 3, 3], "texture": "#1"},
				"east": {"uv": [0, 0, 3, 3], "texture": "#1"},
				"south": {"uv": [0, 0, 3, 3], "texture": "#1"},
				"west": {"uv": [0, 0, 3, 3], "texture": "#1"},
				"up": {"uv": [6, 3, 3, 0], "texture": "#1"},
				"down": {"uv": [9, 0, 6, 3], "texture": "#1"}
			}
		},
		{
			"name": "bell_bottom",
			"from": [8, 2, 10],
			"to": [9, 3, 11],
			"rotation": {"angle": 0, "axis": "y", "origin": [1, 0, 5]},
			"faces": {
				"north": {"uv": [0, 0, 3, 3], "texture": "#2"},
				"east": {"uv": [0, 0, 3, 3], "texture": "#2"},
				"south": {"uv": [0, 0, 3, 3], "texture": "#2"},
				"west": {"uv": [0, 0, 3, 3], "texture": "#2"},
				"up": {"uv": [3, 0, 6, 3], "texture": "#2"},
				"down": {"uv": [6, 0, 9, 3], "texture": "#2"}
			}
		},
		{
			"name": "bell_top",
			"from": [5, 3, 13],
			"to": [6, 4, 14],
			"rotation": {"angle": 0, "axis": "y", "origin": [1, 0, 5]},
			"faces": {
				"north": {"uv": [0, 0, 3, 3], "texture": "#1"},
				"east": {"uv": [0, 0, 3, 3], "texture": "#1"},
				"south": {"uv": [0, 0, 3, 3], "texture": "#1"},
				"west": {"uv": [0, 0, 3, 3], "texture": "#1"},
				"up": {"uv": [3, 0, 6, 3], "texture": "#1"},
				"down": {"uv": [9, 0, 6, 3], "texture": "#1"}
			}
		},
		{
			"name": "bell_bottom",
			"from": [5, 2, 13],
			"to": [6, 3, 14],
			"rotation": {"angle": 0, "axis": "y", "origin": [1, 0, 5]},
			"faces": {
				"north": {"uv": [0, 0, 3, 3], "texture": "#2"},
				"east": {"uv": [0, 0, 3, 3], "texture": "#2"},
				"south": {"uv": [0, 0, 3, 3], "texture": "#2"},
				"west": {"uv": [0, 0, 3, 3], "texture": "#2"},
				"up": {"uv": [6, 3, 3, 0], "texture": "#2"},
				"down": {"uv": [6, 0, 9, 3], "texture": "#2"}
			}
		},
		{
			"name": "stem",
			"from": [8, 0, 13],
			"to": [12, 7, 13],
			"rotation": {"angle": -45, "axis": "y", "origin": [10, 0, 9]},
			"faces": {
				"north": {"uv": [6, 1, 10, 7], "texture": "#0"},
				"east": {"uv": [0, 0, 0, 7], "texture": "#0"},
				"south": {"uv": [6, 1, 10, 7], "texture": "#0"},
				"west": {"uv": [0, 0, 0, 7], "texture": "#0"},
				"up": {"uv": [0, 0, 4, 0], "texture": "#0"},
				"down": {"uv": [0, 0, 4, 0], "texture": "#0"}
			}
		},
		{
			"name": "bell_top",
			"from": [8, 3, 13],
			"to": [9, 4, 14],
			"rotation": {"angle": 0, "axis": "y", "origin": [7, 0, 5]},
			"faces": {
				"north": {"uv": [0, 0, 3, 3], "texture": "#1"},
				"east": {"uv": [0, 0, 3, 3], "texture": "#1"},
				"south": {"uv": [0, 0, 3, 3], "texture": "#1"},
				"west": {"uv": [0, 0, 3, 3], "texture": "#1"},
				"up": {"uv": [6, 3, 3, 0], "rotation": 90, "texture": "#1"},
				"down": {"uv": [9, 0, 6, 3], "rotation": 270, "texture": "#1"}
			}
		},
		{
			"name": "bell_bottom",
			"from": [8, 2, 13],
			"to": [9, 3, 14],
			"rotation": {"angle": 0, "axis": "y", "origin": [7, 0, 5]},
			"faces": {
				"north": {"uv": [0, 0, 3, 3], "texture": "#2"},
				"east": {"uv": [0, 0, 3, 3], "texture": "#2"},
				"south": {"uv": [0, 0, 3, 3], "texture": "#2"},
				"west": {"uv": [0, 0, 3, 3], "texture": "#2"},
				"up": {"uv": [3, 0, 6, 3], "rotation": 90, "texture": "#2"},
				"down": {"uv": [6, 0, 9, 3], "rotation": 270, "texture": "#2"}
			}
		},
		{
			"name": "bell_top",
			"from": [5, 3, 10],
			"to": [6, 4, 11],
			"rotation": {"angle": 0, "axis": "y", "origin": [7, 0, 5]},
			"faces": {
				"north": {"uv": [0, 0, 3, 3], "texture": "#1"},
				"east": {"uv": [0, 0, 3, 3], "texture": "#1"},
				"south": {"uv": [0, 0, 3, 3], "texture": "#1"},
				"west": {"uv": [0, 0, 3, 3], "texture": "#1"},
				"up": {"uv": [3, 0, 6, 3], "rotation": 90, "texture": "#1"},
				"down": {"uv": [9, 0, 6, 3], "rotation": 270, "texture": "#1"}
			}
		},
		{
			"name": "bell_bottom",
			"from": [5, 2, 10],
			"to": [6, 3, 11],
			"rotation": {"angle": 0, "axis": "y", "origin": [7, 0, 5]},
			"faces": {
				"north": {"uv": [0, 0, 3, 3], "texture": "#2"},
				"east": {"uv": [0, 0, 3, 3], "texture": "#2"},
				"south": {"uv": [0, 0, 3, 3], "texture": "#2"},
				"west": {"uv": [0, 0, 3, 3], "texture": "#2"},
				"up": {"uv": [6, 3, 3, 0], "rotation": 90, "texture": "#2"},
				"down": {"uv": [6, 0, 9, 3], "rotation": 270, "texture": "#2"}
			}
		},
		{
			"name": "stem",
			"from": [7, 0, 11],
			"to": [11, 7, 11],
			"rotation": {"angle": 45, "axis": "y", "origin": [9, 0, 7]},
			"faces": {
				"north": {"uv": [6, 1, 10, 7], "texture": "#0"},
				"east": {"uv": [0, 0, 0, 7], "texture": "#0"},
				"south": {"uv": [6, 1, 10, 7], "texture": "#0"},
				"west": {"uv": [0, 0, 0, 7], "texture": "#0"},
				"up": {"uv": [0, 0, 4, 0], "texture": "#0"},
				"down": {"uv": [0, 0, 4, 0], "texture": "#0"}
			}
		},
		{
			"name": "bell_top",
			"from": [13, 3, 8],
			"to": [14, 4, 9],
			"rotation": {"angle": 0, "axis": "y", "origin": [6, 0, 3]},
			"faces": {
				"north": {"uv": [0, 0, 3, 3], "texture": "#1"},
				"east": {"uv": [0, 0, 3, 3], "texture": "#1"},
				"south": {"uv": [0, 0, 3, 3], "texture": "#1"},
				"west": {"uv": [0, 0, 3, 3], "texture": "#1"},
				"up": {"uv": [6, 3, 3, 0], "texture": "#1"},
				"down": {"uv": [9, 0, 6, 3], "texture": "#1"}
			}
		},
		{
			"name": "bell_bottom",
			"from": [13, 2, 8],
			"to": [14, 3, 9],
			"rotation": {"angle": 0, "axis": "y", "origin": [6, 0, 3]},
			"faces": {
				"north": {"uv": [0, 0, 3, 3], "texture": "#2"},
				"east": {"uv": [0, 0, 3, 3], "texture": "#2"},
				"south": {"uv": [0, 0, 3, 3], "texture": "#2"},
				"west": {"uv": [0, 0, 3, 3], "texture": "#2"},
				"up": {"uv": [3, 0, 6, 3], "texture": "#2"},
				"down": {"uv": [6, 0, 9, 3], "texture": "#2"}
			}
		},
		{
			"name": "bell_top",
			"from": [10, 3, 11],
			"to": [11, 4, 12],
			"rotation": {"angle": 0, "axis": "y", "origin": [6, 0, 3]},
			"faces": {
				"north": {"uv": [0, 0, 3, 3], "texture": "#1"},
				"east": {"uv": [0, 0, 3, 3], "texture": "#1"},
				"south": {"uv": [0, 0, 3, 3], "texture": "#1"},
				"west": {"uv": [0, 0, 3, 3], "texture": "#1"},
				"up": {"uv": [3, 0, 6, 3], "texture": "#1"},
				"down": {"uv": [9, 0, 6, 3], "texture": "#1"}
			}
		},
		{
			"name": "bell_bottom",
			"from": [10, 2, 11],
			"to": [11, 3, 12],
			"rotation": {"angle": 0, "axis": "y", "origin": [6, 0, 3]},
			"faces": {
				"north": {"uv": [0, 0, 3, 3], "texture": "#2"},
				"east": {"uv": [0, 0, 3, 3], "texture": "#2"},
				"south": {"uv": [0, 0, 3, 3], "texture": "#2"},
				"west": {"uv": [0, 0, 3, 3], "texture": "#2"},
				"up": {"uv": [6, 3, 3, 0], "texture": "#2"},
				"down": {"uv": [6, 0, 9, 3], "texture": "#2"}
			}
		},
		{
			"name": "stem",
			"from": [13, 0, 11],
			"to": [17, 7, 11],
			"rotation": {"angle": -45, "axis": "y", "origin": [15, 0, 7]},
			"faces": {
				"north": {"uv": [6, 1, 10, 7], "texture": "#0"},
				"east": {"uv": [0, 0, 0, 7], "texture": "#0"},
				"south": {"uv": [6, 1, 10, 7], "texture": "#0"},
				"west": {"uv": [0, 0, 0, 7], "texture": "#0"},
				"up": {"uv": [0, 0, 4, 0], "texture": "#0"},
				"down": {"uv": [0, 0, 4, 0], "texture": "#0"}
			}
		},
		{
			"name": "bell_top",
			"from": [13, 3, 11],
			"to": [14, 4, 12],
			"rotation": {"angle": 0, "axis": "y", "origin": [12, 0, 3]},
			"faces": {
				"north": {"uv": [0, 0, 3, 3], "texture": "#1"},
				"east": {"uv": [0, 0, 3, 3], "texture": "#1"},
				"south": {"uv": [0, 0, 3, 3], "texture": "#1"},
				"west": {"uv": [0, 0, 3, 3], "texture": "#1"},
				"up": {"uv": [6, 3, 3, 0], "rotation": 90, "texture": "#1"},
				"down": {"uv": [9, 0, 6, 3], "rotation": 270, "texture": "#1"}
			}
		},
		{
			"name": "bell_bottom",
			"from": [13, 2, 11],
			"to": [14, 3, 12],
			"rotation": {"angle": 0, "axis": "y", "origin": [12, 0, 3]},
			"faces": {
				"north": {"uv": [0, 0, 3, 3], "texture": "#2"},
				"east": {"uv": [0, 0, 3, 3], "texture": "#2"},
				"south": {"uv": [0, 0, 3, 3], "texture": "#2"},
				"west": {"uv": [0, 0, 3, 3], "texture": "#2"},
				"up": {"uv": [3, 0, 6, 3], "rotation": 90, "texture": "#2"},
				"down": {"uv": [6, 0, 9, 3], "rotation": 270, "texture": "#2"}
			}
		},
		{
			"name": "bell_top",
			"from": [10, 3, 8],
			"to": [11, 4, 9],
			"rotation": {"angle": 0, "axis": "y", "origin": [12, 0, 3]},
			"faces": {
				"north": {"uv": [0, 0, 3, 3], "texture": "#1"},
				"east": {"uv": [0, 0, 3, 3], "texture": "#1"},
				"south": {"uv": [0, 0, 3, 3], "texture": "#1"},
				"west": {"uv": [0, 0, 3, 3], "texture": "#1"},
				"up": {"uv": [3, 0, 6, 3], "rotation": 90, "texture": "#1"},
				"down": {"uv": [9, 0, 6, 3], "rotation": 270, "texture": "#1"}
			}
		},
		{
			"name": "bell_bottom",
			"from": [10, 2, 8],
			"to": [11, 3, 9],
			"rotation": {"angle": 0, "axis": "y", "origin": [12, 0, 3]},
			"faces": {
				"north": {"uv": [0, 0, 3, 3], "texture": "#2"},
				"east": {"uv": [0, 0, 3, 3], "texture": "#2"},
				"south": {"uv": [0, 0, 3, 3], "texture": "#2"},
				"west": {"uv": [0, 0, 3, 3], "texture": "#2"},
				"up": {"uv": [6, 3, 3, 0], "rotation": 90, "texture": "#2"},
				"down": {"uv": [6, 0, 9, 3], "rotation": 270, "texture": "#2"}
			}
		}
	],
	"gui_light": "front",
	"display": {
		"thirdperson_righthand": {
			"translation": [0, 4, 3.25],
			"scale": [0.5, 0.5, 0.5]
		},
		"thirdperson_lefthand": {
			"translation": [0, 4, 3.25],
			"scale": [0.5, 0.5, 0.5]
		},
		"firstperson_righthand": {
			"rotation": [-10, 0, 0],
			"translation": [1.5, 7, 0]
		},
		"firstperson_lefthand": {
			"rotation": [-10, 0, 0],
			"translation": [1.5, 6.5, 0]
		},
		"ground": {
			"translation": [0, 5, 0]
		},
		"gui": {
			"rotation": [30, 0, 0],
			"translation": [0, 4.5, 0]
		},
		"head": {
			"translation": [0, 14.5, 0]
		},
		"fixed": {
			"rotation": [-90, 0, 0],
			"translation": [0, 0, -20],
			"scale": [2.5, 2.5, 2.5]
		}
	},
	"groups": [
		{
			"name": "small_flowers",
			"origin": [8, 8, 8],
			"color": 0,
			"children": [
				{
					"name": "small_flower",
					"origin": [8, 8, 8],
					"color": 0,
					"children": [
						{
							"name": "stem1",
							"origin": [8, 8, 8],
							"color": 0,
							"children": [
								0,
								{
									"name": "bells",
									"origin": [0, 0, 0],
									"color": 0,
									"children": [
										{
											"name": "bell1",
											"origin": [8, 8, 8],
											"color": 0,
											"children": [1, 2]
										},
										{
											"name": "bell2",
											"origin": [8, 8, 8],
											"color": 0,
											"children": [3, 4]
										}
									]
								}
							]
						},
						{
							"name": "stem2",
							"origin": [8, 8, 8],
							"color": 0,
							"children": [
								5,
								{
									"name": "bells",
									"origin": [0, 0, 0],
									"color": 0,
									"children": [
										{
											"name": "bell1",
											"origin": [8, 8, 8],
											"color": 0,
											"children": [6, 7]
										},
										{
											"name": "bell2",
											"origin": [8, 8, 8],
											"color": 0,
											"children": [8, 9]
										}
									]
								}
							]
						}
					]
				},
				{
					"name": "small_flower",
					"origin": [8, 8, 8],
					"color": 0,
					"children": [
						{
							"name": "stem1",
							"origin": [8, 8, 8],
							"color": 0,
							"children": [
								10,
								{
									"name": "bells",
									"origin": [0, 0, 0],
									"color": 0,
									"children": [
										{
											"name": "bell1",
											"origin": [8, 8, 8],
											"color": 0,
											"children": [11, 12]
										},
										{
											"name": "bell2",
											"origin": [8, 8, 8],
											"color": 0,
											"children": [13, 14]
										}
									]
								}
							]
						},
						{
							"name": "stem2",
							"origin": [8, 8, 8],
							"color": 0,
							"children": [
								15,
								{
									"name": "bells",
									"origin": [0, 0, 0],
									"color": 0,
									"children": [
										{
											"name": "bell1",
											"origin": [8, 8, 8],
											"color": 0,
											"children": [16, 17]
										},
										{
											"name": "bell2",
											"origin": [8, 8, 8],
											"color": 0,
											"children": [18, 19]
										}
									]
								}
							]
						}
					]
				},
				{
					"name": "small_flower",
					"origin": [8, 8, 8],
					"color": 0,
					"children": [
						{
							"name": "stem1",
							"origin": [8, 8, 8],
							"color": 0,
							"children": [
								20,
								{
									"name": "bells",
									"origin": [0, 0, 0],
									"color": 0,
									"children": [
										{
											"name": "bell1",
											"origin": [8, 8, 8],
											"color": 0,
											"children": [21, 22]
										},
										{
											"name": "bell2",
											"origin": [8, 8, 8],
											"color": 0,
											"children": [23, 24]
										}
									]
								}
							]
						},
						{
							"name": "stem2",
							"origin": [8, 8, 8],
							"color": 0,
							"children": [
								25,
								{
									"name": "bells",
									"origin": [0, 0, 0],
									"color": 0,
									"children": [
										{
											"name": "bell1",
											"origin": [8, 8, 8],
											"color": 0,
											"children": [26, 27]
										},
										{
											"name": "bell2",
											"origin": [8, 8, 8],
											"color": 0,
											"children": [28, 29]
										}
									]
								}
							]
						}
					]
				},
				{
					"name": "small_flower",
					"origin": [8, 8, 8],
					"color": 0,
					"children": [
						{
							"name": "stem1",
							"origin": [8, 8, 8],
							"color": 0,
							"children": [
								30,
								{
									"name": "bells",
									"origin": [0, 0, 0],
									"color": 0,
									"children": [
										{
											"name": "bell1",
											"origin": [8, 8, 8],
											"color": 0,
											"children": [31, 32]
										},
										{
											"name": "bell2",
											"origin": [8, 8, 8],
											"color": 0,
											"children": [33, 34]
										}
									]
								}
							]
						},
						{
							"name": "stem2",
							"origin": [8, 8, 8],
							"color": 0,
							"children": [
								35,
								{
									"name": "bells",
									"origin": [0, 0, 0],
									"color": 0,
									"children": [
										{
											"name": "bell1",
											"origin": [8, 8, 8],
											"color": 0,
											"children": [36, 37]
										},
										{
											"name": "bell2",
											"origin": [8, 8, 8],
											"color": 0,
											"children": [38, 39]
										}
									]
								}
							]
						}
					]
				},
				{
					"name": "small_flower",
					"origin": [8, 8, 8],
					"color": 0,
					"children": [
						{
							"name": "stem1",
							"origin": [8, 8, 8],
							"color": 0,
							"children": [
								40,
								{
									"name": "bells",
									"origin": [0, 0, 0],
									"color": 0,
									"children": [
										{
											"name": "bell1",
											"origin": [8, 8, 8],
											"color": 0,
											"children": [41, 42]
										},
										{
											"name": "bell2",
											"origin": [8, 8, 8],
											"color": 0,
											"children": [43, 44]
										}
									]
								}
							]
						},
						{
							"name": "stem2",
							"origin": [8, 8, 8],
							"color": 0,
							"children": [
								45,
								{
									"name": "bells",
									"origin": [0, 0, 0],
									"color": 0,
									"children": [
										{
											"name": "bell1",
											"origin": [8, 8, 8],
											"color": 0,
											"children": [46, 47]
										},
										{
											"name": "bell2",
											"origin": [8, 8, 8],
											"color": 0,
											"children": [48, 49]
										}
									]
								}
							]
						}
					]
				}
			]
		}
	]
}