{
	"credit": "Made with Blockbench",
	"textures": {
		"0": "block/blue_berry_bush_stage2",
		"1": "block/blue_berry_bush_stage21",
		"particle": "block/blue_berry_bush_stage2"
	},
	"elements": [
		{
			"name": "sweet_berry_bush_1",
			"from": [0, -2, 3],
			"to": [0, 14, 19],
			"rotation": {"angle": 45, "axis": "y", "origin": [0, 0, 0]},
			"faces": {
				"north": {"uv": [0, 0, 0, 16], "texture": "#0"},
				"east": {"uv": [0, 0, 16, 16], "texture": "#0"},
				"south": {"uv": [0, 0, 0, 16], "texture": "#0"},
				"west": {"uv": [0, 0, 16, 16], "texture": "#0"},
				"up": {"uv": [0, 0, 0, 16], "texture": "#0"},
				"down": {"uv": [0, 0, 0, 16], "texture": "#0"}
			}
		},
		{
			"name": "sweet_berry_bush_2",
			"from": [-8, -2, 11],
			"to": [8, 14, 11],
			"rotation": {"angle": 45, "axis": "y", "origin": [0, 0, 0]},
			"faces": {
				"north": {"uv": [0, 0, 16, 16], "texture": "#1"},
				"east": {"uv": [0, 0, 0, 16], "texture": "#1"},
				"south": {"uv": [0, 0, 16, 16], "texture": "#1"},
				"west": {"uv": [0, 0, 0, 16], "texture": "#1"},
				"up": {"uv": [0, 0, 0, 16], "rotation": 270, "texture": "#1"},
				"down": {"uv": [0, 0, 0, 16], "rotation": 90, "texture": "#1"}
			}
		}
	],
	"display": {
		"gui": {
			"rotation": [0, -30, 0],
			"translation": [0, 1.75, 0],
			"scale": [0.9, 0.9, 0.9]
		},
		"fixed": {
			"rotation": [-90, 0, 0],
			"translation": [0, 0, -19.25],
			"scale": [2.5, 2.1, 2.5]
		}
	}
}