{
	"credit": "Made with Blockbench",
	"textures": {
		"0": "block/reeds_bottom",
		"1": "block/reeds_top",
		"stem": "block/small_dripleaf_stem_bottom",
		"particle": "block/big_dripleaf_stem"
	},
	"elements": [
		{
			"name": "bottom_reeds",
			"from": [0.8, 0, 8],
			"to": [15.2, 16, 8],
			"shade": false,
			"rotation": {"angle": 45, "axis": "y", "origin": [8, 8, 8], "rescale": true},
			"faces": {
				"north": {"uv": [0, 0, 16, 16], "texture": "#0", "tintindex": 0},
				"east": {"uv": [0, 0, 0, 0], "texture": "#0"},
				"south": {"uv": [0, 0, 16, 16], "texture": "#0", "tintindex": 0},
				"west": {"uv": [0, 0, 0, 0], "texture": "#0"},
				"up": {"uv": [0, 0, 0, 0], "texture": "#0"},
				"down": {"uv": [0, 0, 0, 0], "texture": "#0"}
			}
		},
		{
			"name": "bottom_reeds1",
			"from": [8, 0, 0.8],
			"to": [8, 16, 15.2],
			"shade": false,
			"rotation": {"angle": 45, "axis": "y", "origin": [8, 8, 8], "rescale": true},
			"faces": {
				"north": {"uv": [0, 0, 0, 0], "texture": "#0"},
				"east": {"uv": [0, 0, 16, 16], "texture": "#0", "tintindex": 0},
				"south": {"uv": [0, 0, 0, 0], "texture": "#0"},
				"west": {"uv": [0, 0, 16, 16], "texture": "#0", "tintindex": 0},
				"up": {"uv": [0, 0, 0, 0], "texture": "#0"},
				"down": {"uv": [0, 0, 0, 0], "texture": "#0"}
			}
		},
		{
			"name": "top_reeds",
			"from": [0.8, 16, 8],
			"to": [15.2, 32, 8],
			"shade": false,
			"rotation": {"angle": 45, "axis": "y", "origin": [8, 8, 8], "rescale": true},
			"faces": {
				"north": {"uv": [0, 0, 16, 16], "texture": "#1", "tintindex": 0},
				"east": {"uv": [0, 0, 0, 0], "texture": "#1"},
				"south": {"uv": [0, 0, 16, 16], "texture": "#1", "tintindex": 0},
				"west": {"uv": [0, 0, 0, 0], "texture": "#1"},
				"up": {"uv": [0, 0, 0, 0], "texture": "#1"},
				"down": {"uv": [0, 0, 0, 0], "texture": "#1"}
			}
		},
		{
			"name": "top_reeds1",
			"from": [8, 16, 0.8],
			"to": [8, 32, 15.2],
			"shade": false,
			"rotation": {"angle": 45, "axis": "y", "origin": [8, 8, 8], "rescale": true},
			"faces": {
				"north": {"uv": [0, 0, 0, 0], "texture": "#1"},
				"east": {"uv": [0, 0, 16, 16], "texture": "#1", "tintindex": 0},
				"south": {"uv": [0, 0, 0, 0], "texture": "#1"},
				"west": {"uv": [0, 0, 16, 16], "texture": "#1", "tintindex": 0},
				"up": {"uv": [0, 0, 0, 0], "texture": "#1"},
				"down": {"uv": [0, 0, 0, 0], "texture": "#1"}
			}
		},
		{
			"name": "dripleaf1",
			"from": [4.5, 0, 12],
			"to": [11.5, 17, 12],
			"shade": false,
			"rotation": {"angle": 45, "axis": "y", "origin": [8, 8, 12]},
			"faces": {
				"north": {"uv": [3, 0, 14, 16], "texture": "#stem"},
				"south": {"uv": [3, 0, 14, 16], "texture": "#stem"}
			}
		},
		{
			"name": "dripleaf2",
			"from": [4.5, 0, 13],
			"to": [11.5, 14, 13],
			"shade": false,
			"rotation": {"angle": -45, "axis": "y", "origin": [8, 8, 12]},
			"faces": {
				"north": {"uv": [3, 0, 14, 16], "texture": "#stem"},
				"south": {"uv": [3, 0, 14, 16], "texture": "#stem"}
			}
		},
		{
			"name": "dripleaf1",
			"from": [5.5, 0, 2],
			"to": [12.5, 15, 2],
			"shade": false,
			"rotation": {"angle": 45, "axis": "y", "origin": [9, 8, 3]},
			"faces": {
				"north": {"uv": [3, 0, 14, 16], "texture": "#stem"},
				"south": {"uv": [3, 0, 14, 16], "texture": "#stem"}
			}
		},
		{
			"name": "dripleaf2",
			"from": [5.5, 0, 3],
			"to": [12.5, 15, 3],
			"shade": false,
			"rotation": {"angle": -45, "axis": "y", "origin": [9, 8, 3]},
			"faces": {
				"north": {"uv": [3, 0, 14, 16], "texture": "#stem"},
				"south": {"uv": [3, 0, 14, 16], "texture": "#stem"}
			}
		},
		{
			"name": "dripleaf1",
			"from": [7.5, 0, 8],
			"to": [14.5, 13, 8],
			"shade": false,
			"rotation": {"angle": 45, "axis": "y", "origin": [11, 8, 8]},
			"faces": {
				"north": {"uv": [3, 0, 14, 16], "texture": "#stem"},
				"south": {"uv": [3, 0, 14, 16], "texture": "#stem"}
			}
		},
		{
			"name": "dripleaf2",
			"from": [8.5, 0, 8],
			"to": [15.5, 13, 8],
			"shade": false,
			"rotation": {"angle": -45, "axis": "y", "origin": [11, 8, 8]},
			"faces": {
				"north": {"uv": [3, 0, 14, 16], "texture": "#stem"},
				"south": {"uv": [3, 0, 14, 16], "texture": "#stem"}
			}
		},
		{
			"name": "dripleaf1",
			"from": [-0.5, 0, 8],
			"to": [6.5, 16, 8],
			"shade": false,
			"rotation": {"angle": 45, "axis": "y", "origin": [2, 8, 8]},
			"faces": {
				"north": {"uv": [3, 0, 14, 16], "texture": "#stem"},
				"south": {"uv": [3, 0, 14, 16], "texture": "#stem"}
			}
		},
		{
			"name": "dripleaf2",
			"from": [-1.5, 0, 8],
			"to": [5.5, 15, 8],
			"shade": false,
			"rotation": {"angle": -45, "axis": "y", "origin": [2, 8, 8]},
			"faces": {
				"north": {"uv": [3, 0, 14, 16], "texture": "#stem"},
				"south": {"uv": [3, 0, 14, 16], "texture": "#stem"}
			}
		}
	],
	"gui_light": "front",
	"display": {
		"thirdperson_righthand": {
			"rotation": [-90, -90, -90],
			"translation": [-1.25, -2.25, 1.25],
			"scale": [0.15, 0.45, 0.3]
		},
		"thirdperson_lefthand": {
			"rotation": [-90, -90, -90],
			"translation": [-1.25, -2.25, 1.5],
			"scale": [0.15, 0.45, 0.3]
		},
		"firstperson_righthand": {
			"rotation": [-7.5, -5.5, 2],
			"translation": [0, -0.5, 3],
			"scale": [0.5, 0.42813, 0.01]
		},
		"firstperson_lefthand": {
			"rotation": [-7.5, -5.5, 2],
			"translation": [0, -0.5, 3],
			"scale": [0.5, 0.42813, 0.01]
		},
		"ground": {
			"scale": [0.47773, 0.35, 0.15]
		},
		"gui": {
			"translation": [0.5, -3.5, 0],
			"scale": [0.85, 0.5, 0.02]
		},
		"head": {
			"translation": [0, 10.25, 0],
			"scale": [0.5, 0.5, 0.5]
		},
		"fixed": {
			"rotation": [-90, 0, 0],
			"translation": [0, 0, -16.4],
			"scale": [2.2, 2.8, 2.2]
		}
	},
	"groups": [
		{
			"name": "bottom",
			"origin": [8, 8, 8],
			"color": 0,
			"children": [0, 1]
		},
		{
			"name": "top",
			"origin": [8, 8, 8],
			"color": 0,
			"children": [2, 3]
		},
		{
			"name": "hider",
			"origin": [0, 0, 0],
			"color": 0,
			"children": [
				{
					"name": "dripleaf1",
					"origin": [8, 8, 8],
					"color": 0,
					"children": [4, 5]
				},
				{
					"name": "dripleaf2",
					"origin": [8, 8, 8],
					"color": 0,
					"children": [6, 7]
				},
				{
					"name": "dripleaf3",
					"origin": [8, 8, 8],
					"color": 0,
					"children": [8, 9]
				},
				{
					"name": "dripleaf4",
					"origin": [8, 8, 8],
					"color": 0,
					"children": [10, 11]
				}
			]
		}
	]
}