{
	"credit": "Made with Blockbench",
	"parent": "minecraft:block/cube_all",
	"textures": {
		"all": "block/spawner"
	},
	"elements": [
		{
			"from": [0.025, 0.025, 0.025],
			"to": [15.975, 15.975, 15.975],
			"faces": {
				"north": {"uv": [0, 0, 15.9, 15.9], "texture": "#all"},
				"east": {"uv": [0, 0, 15.9, 15.9], "texture": "#all"},
				"south": {"uv": [0, 0, 15.9, 15.9], "texture": "#all"},
				"west": {"uv": [0, 0, 15.9, 15.9], "texture": "#all"},
				"up": {"uv": [0, 0, 15.9, 15.9], "texture": "#all"},
				"down": {"uv": [0, 0, 15.9, 15.9], "texture": "#all"}
			}
		}
	]
}