{
	"credit": "Made with Blockbench",
	"parent": "minecraft:block/cube_all",
	"textures": {
		"2_all": "block/titanium_ore",
		"particle": "block/titanium_ore"
	},
	"elements": [
		{
			"name": "titanium ore",
			"from": [0, 0, 0],
			"to": [16, 16, 16],
			"faces": {
				"north": {"uv": [0, 0, 16, 16], "texture": "#2_all"},
				"east": {"uv": [0, 0, 16, 16], "texture": "#2_all"},
				"south": {"uv": [0, 0, 16, 16], "texture": "#2_all"},
				"west": {"uv": [0, 0, 16, 16], "texture": "#2_all"},
				"up": {"uv": [0, 0, 16, 16], "texture": "#2_all"},
				"down": {"uv": [0, 0, 16, 16], "texture": "#2_all"}
			}
		}
	],
	"display": {
		"thirdperson_righthand": {
			"rotation": [75, -45, 0],
			"translation": [0, 2.75, 0],
			"scale": [0.375, 0.375, 0.375]
		},
		"thirdperson_lefthand": {
			"rotation": [75, -45, 0],
			"translation": [0, 2.75, 0],
			"scale": [0.375, 0.375, 0.375]
		},
		"firstperson_righthand": {
			"rotation": [0, -45, 0],
			"translation": [1.5, -1.5, -1.75],
			"scale": [0.45, 0.45, 0.45]
		},
		"firstperson_lefthand": {
			"rotation": [0, -45, 0],
			"translation": [1.5, -1.5, -1.75],
			"scale": [0.45, 0.45, 0.45]
		},
		"ground": {
			"translation": [0, 3, 0],
			"scale": [0.33, 0.33, 0.33]
		},
		"gui": {
			"rotation": [25, -45, 0],
			"scale": [0.625, 0.625, 0.625]
		},
		"head": {
			"scale": [0.91, 0.91, 0.91]
		},
		"fixed": {
			"scale": [0.5, 0.5, 0.5]
		}
	}
}