{
	"credit": "Made with Blockbench",
	"parent": "block/cube_all",
	"textures": {
		"2": "block/tree_brown_mushroom",
		"3": "block/hider2",
		"4": "block/hider1",
		"particle": "block/tree_brown_mushroom"
	},
	"elements": [
		{
			"name": "3",
			"from": [0, 2, 3],
			"to": [8, 3, 4],
			"faces": {
				"north": {"uv": [3.75, 6.25, 6, 6.5], "texture": "#2"},
				"east": {"uv": [5.25, 5.75, 5.5, 6], "texture": "#2"},
				"south": {"uv": [6, 6.25, 8.25, 6.5], "texture": "#2"},
				"west": {"uv": [2, 7.75, 2.25, 8], "texture": "#2"},
				"up": {"uv": [8.75, 2.25, 6.5, 2], "texture": "#2"},
				"down": {"uv": [8.75, 2.25, 6.5, 2.5], "texture": "#2"}
			}
		},
		{
			"name": "2",
			"from": [1, 3, 3],
			"to": [7, 4, 4],
			"faces": {
				"north": {"uv": [0, 6.5, 1.75, 6.75], "texture": "#2"},
				"east": {"uv": [2.25, 7.75, 2.5, 8], "texture": "#2"},
				"south": {"uv": [0, 6.75, 1.75, 7], "texture": "#2"},
				"west": {"uv": [2.5, 7.75, 2.75, 8], "texture": "#2"},
				"up": {"uv": [8.5, 5.25, 6.75, 5], "texture": "#2"},
				"down": {"uv": [7.75, 6.75, 6, 7], "texture": "#2"}
			}
		},
		{
			"name": "1",
			"from": [0, 0, 3],
			"to": [9, 2, 4],
			"faces": {
				"north": {"uv": [3.25, 0, 6, 1], "texture": "#2"},
				"east": {"uv": [4.75, 7.5, 5, 8.5], "texture": "#2"},
				"south": {"uv": [3.25, 1, 6, 2], "texture": "#2"},
				"west": {"uv": [5, 7.5, 5.25, 8.5], "texture": "#2"},
				"up": {"uv": [8.25, 3.75, 5.5, 3.5], "texture": "#2"},
				"down": {"uv": [8.75, 1.5, 6, 1.75], "texture": "#2"}
			}
		},
		{
			"name": "4",
			"from": [2, 2, 2],
			"to": [7, 3, 3],
			"faces": {
				"north": {"uv": [6.75, 6, 8.5, 6.25], "texture": "#2"},
				"east": {"uv": [2.75, 7.75, 3, 8], "texture": "#2"},
				"south": {"uv": [0, 7, 1.75, 7.25], "texture": "#2"},
				"west": {"uv": [3, 7.75, 3.25, 8], "texture": "#2"},
				"up": {"uv": [5.5, 7.25, 3.75, 7], "texture": "#2"},
				"down": {"uv": [7.25, 7, 5.5, 7.25], "texture": "#2"}
			}
		},
		{
			"name": "5",
			"from": [1, 0, 2],
			"to": [8, 2, 3],
			"faces": {
				"north": {"uv": [0, 3.75, 2.25, 4.75], "texture": "#2"},
				"east": {"uv": [5.25, 7.5, 5.5, 8.5], "texture": "#2"},
				"south": {"uv": [2.25, 3.75, 4.5, 4.75], "texture": "#2"},
				"west": {"uv": [5.5, 7.5, 5.75, 8.5], "texture": "#2"},
				"up": {"uv": [6, 6.75, 3.75, 6.5], "texture": "#2"},
				"down": {"uv": [8.25, 6.5, 6, 6.75], "texture": "#2"}
			}
		},
		{
			"name": "3",
			"from": [3, 2, 9],
			"to": [12, 3, 10],
			"faces": {
				"north": {"uv": [3.75, 6.25, 6, 6.5], "texture": "#2"},
				"east": {"uv": [5.25, 5.75, 5.5, 6], "texture": "#2"},
				"south": {"uv": [6, 6.25, 8.25, 6.5], "texture": "#2"},
				"west": {"uv": [2, 7.75, 2.25, 8], "texture": "#2"},
				"up": {"uv": [8.75, 2.25, 6.5, 2], "texture": "#2"},
				"down": {"uv": [8.75, 2.25, 6.5, 2.5], "texture": "#2"}
			}
		},
		{
			"name": "2",
			"from": [4, 3, 9],
			"to": [11, 4, 10],
			"faces": {
				"north": {"uv": [0, 6.5, 1.75, 6.75], "texture": "#2"},
				"east": {"uv": [2.25, 7.75, 2.5, 8], "texture": "#2"},
				"south": {"uv": [0, 6.75, 1.75, 7], "texture": "#2"},
				"west": {"uv": [2.5, 7.75, 2.75, 8], "texture": "#2"},
				"up": {"uv": [8.5, 5.25, 6.75, 5], "texture": "#2"},
				"down": {"uv": [7.75, 6.75, 6, 7], "texture": "#2"}
			}
		},
		{
			"name": "1",
			"from": [2, 0, 9],
			"to": [13, 2, 10],
			"faces": {
				"north": {"uv": [3.25, 0, 6, 1], "texture": "#2"},
				"east": {"uv": [4.75, 7.5, 5, 8.5], "texture": "#2"},
				"south": {"uv": [3.25, 1, 6, 2], "texture": "#2"},
				"west": {"uv": [5, 7.5, 5.25, 8.5], "texture": "#2"},
				"up": {"uv": [8.25, 3.75, 5.5, 3.5], "texture": "#2"},
				"down": {"uv": [8.75, 1.5, 6, 1.75], "texture": "#2"}
			}
		},
		{
			"name": "4",
			"from": [4, 2, 8],
			"to": [11, 3, 9],
			"faces": {
				"north": {"uv": [6.75, 6, 8.5, 6.25], "texture": "#2"},
				"east": {"uv": [2.75, 7.75, 3, 8], "texture": "#2"},
				"south": {"uv": [0, 7, 1.75, 7.25], "texture": "#2"},
				"west": {"uv": [3, 7.75, 3.25, 8], "texture": "#2"},
				"up": {"uv": [5.5, 7.25, 3.75, 7], "texture": "#2"},
				"down": {"uv": [7.25, 7, 5.5, 7.25], "texture": "#2"}
			}
		},
		{
			"name": "5",
			"from": [3, 0, 8],
			"to": [12, 2, 9],
			"faces": {
				"north": {"uv": [0, 3.75, 2.25, 4.75], "texture": "#2"},
				"east": {"uv": [5.25, 7.5, 5.5, 8.5], "texture": "#2"},
				"south": {"uv": [2.25, 3.75, 4.5, 4.75], "texture": "#2"},
				"west": {"uv": [5.5, 7.5, 5.75, 8.5], "texture": "#2"},
				"up": {"uv": [6, 6.75, 3.75, 6.5], "texture": "#2"},
				"down": {"uv": [8.25, 6.5, 6, 6.75], "texture": "#2"}
			}
		},
		{
			"name": "6",
			"from": [5, 3, 6],
			"to": [15, 4, 8],
			"faces": {
				"north": {"uv": [6, 1.75, 8.75, 2], "texture": "#2"},
				"east": {"uv": [6.75, 7.5, 7.25, 7.75], "texture": "#2"},
				"south": {"uv": [4, 6, 6.75, 6.25], "texture": "#2"},
				"west": {"uv": [7.25, 7.5, 7.75, 7.75], "texture": "#2"},
				"up": {"uv": [2.75, 5.75, 0, 5.25], "texture": "#2"},
				"down": {"uv": [5.5, 5.25, 2.75, 5.75], "texture": "#2"}
			}
		},
		{
			"name": "7",
			"from": [4, 0, 6],
			"to": [16, 3, 8],
			"faces": {
				"north": {"uv": [0, 0, 3.25, 1.25], "texture": "#2"},
				"east": {"uv": [1.75, 6.25, 2.25, 7.5], "texture": "#2"},
				"south": {"uv": [0, 1.25, 3.25, 2.5], "texture": "#2"},
				"west": {"uv": [2.25, 6.25, 2.75, 7.5], "texture": "#2"},
				"up": {"uv": [6.5, 2.5, 3.25, 2], "texture": "#2"},
				"down": {"uv": [3.25, 4.75, 0, 5.25], "texture": "#2"}
			}
		},
		{
			"name": "8",
			"from": [6, 4, 6],
			"to": [14, 5, 8],
			"faces": {
				"north": {"uv": [3.75, 6.75, 6, 7], "texture": "#2"},
				"east": {"uv": [0, 7.75, 0.5, 8], "texture": "#2"},
				"south": {"uv": [6.75, 3.75, 9, 4], "texture": "#2"},
				"west": {"uv": [0.5, 7.75, 1, 8], "texture": "#2"},
				"up": {"uv": [4, 6.25, 1.75, 5.75], "texture": "#2"},
				"down": {"uv": [8.25, 0, 6, 0.5], "texture": "#2"}
			}
		},
		{
			"name": "9",
			"from": [6, 3, 5],
			"to": [14, 4, 7],
			"faces": {
				"north": {"uv": [6.75, 4, 9, 4.25], "texture": "#2"},
				"east": {"uv": [1, 7.75, 1.5, 8], "texture": "#2"},
				"south": {"uv": [6.75, 4.25, 9, 4.5], "texture": "#2"},
				"west": {"uv": [1.5, 7.75, 2, 8], "texture": "#2"},
				"up": {"uv": [8.25, 1, 6, 0.5], "texture": "#2"},
				"down": {"uv": [8.25, 1, 6, 1.5], "texture": "#2"}
			}
		},
		{
			"name": "10",
			"from": [7, 4, 5],
			"to": [13, 5, 6],
			"faces": {
				"north": {"uv": [0, 7.25, 1.75, 7.5], "texture": "#2"},
				"east": {"uv": [3.25, 7.75, 3.5, 8], "texture": "#2"},
				"south": {"uv": [3.75, 7.25, 5.5, 7.5], "texture": "#2"},
				"west": {"uv": [3.5, 7.75, 3.75, 8], "texture": "#2"},
				"up": {"uv": [9, 5.5, 7.25, 5.25], "texture": "#2"},
				"down": {"uv": [7.25, 7.25, 5.5, 7.5], "texture": "#2"}
			}
		},
		{
			"name": "11",
			"from": [5, 0, 5],
			"to": [15, 3, 6],
			"faces": {
				"north": {"uv": [0, 2.5, 2.75, 3.75], "texture": "#2"},
				"east": {"uv": [2.75, 6.25, 3.25, 7.5], "texture": "#2"},
				"south": {"uv": [2.75, 2.5, 5.5, 3.75], "texture": "#2"},
				"west": {"uv": [3.25, 6.25, 3.75, 7.5], "texture": "#2"},
				"up": {"uv": [8.25, 3, 5.5, 2.5], "texture": "#2"},
				"down": {"uv": [8.25, 3, 5.5, 3.5], "texture": "#2"}
			}
		},
		{
			"name": "12",
			"from": [9, 1, 13],
			"to": [15, 2, 14],
			"faces": {
				"north": {"uv": [7.25, 5.5, 9, 5.75], "texture": "#2"},
				"east": {"uv": [3.75, 7.75, 4, 8], "texture": "#2"},
				"south": {"uv": [7.25, 5.75, 9, 6], "texture": "#2"},
				"west": {"uv": [4, 7.75, 4.25, 8], "texture": "#2"},
				"up": {"uv": [9, 7.25, 7.25, 7], "texture": "#2"},
				"down": {"uv": [9, 7.25, 7.25, 7.5], "texture": "#2"}
			}
		},
		{
			"name": "13",
			"from": [8, 0, 13],
			"to": [16, 1, 14],
			"faces": {
				"north": {"uv": [4.5, 3.75, 6.75, 4.5], "texture": "#2"},
				"east": {"uv": [5.75, 7.5, 6, 8.25], "texture": "#2"},
				"south": {"uv": [4.5, 4.5, 6.75, 5.25], "texture": "#2"},
				"west": {"uv": [6, 7.5, 6.25, 8.25], "texture": "#2"},
				"up": {"uv": [9, 4.75, 6.75, 4.5], "texture": "#2"},
				"down": {"uv": [9, 4.75, 6.75, 5], "texture": "#2"}
			}
		},
		{
			"name": "14",
			"from": [10, 1, 12],
			"to": [14, 2, 13],
			"faces": {
				"north": {"uv": [3.25, 4.75, 4.5, 5], "texture": "#2"},
				"east": {"uv": [4.25, 7.75, 4.5, 8], "texture": "#2"},
				"south": {"uv": [3.25, 5, 4.5, 5.25], "texture": "#2"},
				"west": {"uv": [4.5, 7.75, 4.75, 8], "texture": "#2"},
				"up": {"uv": [5.25, 6, 4, 5.75], "texture": "#2"},
				"down": {"uv": [4.75, 7.5, 3.5, 7.75], "texture": "#2"}
			}
		},
		{
			"name": "15",
			"from": [9, 0, 12],
			"to": [15, 1, 13],
			"faces": {
				"north": {"uv": [5.5, 5.25, 7.25, 6], "texture": "#2"},
				"east": {"uv": [6.25, 7.5, 6.5, 8.25], "texture": "#2"},
				"south": {"uv": [0, 5.75, 1.75, 6.5], "texture": "#2"},
				"west": {"uv": [6.5, 7.5, 6.75, 8.25], "texture": "#2"},
				"up": {"uv": [1.75, 7.75, 0, 7.5], "texture": "#2"},
				"down": {"uv": [3.5, 7.5, 1.75, 7.75], "texture": "#2"}
			}
		},
		{
			"name": "12",
			"from": [1, 1, 15],
			"to": [7, 2, 16],
			"faces": {
				"north": {"uv": [7.25, 5.5, 9, 5.75], "texture": "#2"},
				"east": {"uv": [3.75, 7.75, 4, 8], "texture": "#2"},
				"south": {"uv": [7.25, 5.75, 9, 6], "texture": "#2"},
				"west": {"uv": [4, 7.75, 4.25, 8], "texture": "#2"},
				"up": {"uv": [9, 7.25, 7.25, 7], "texture": "#2"},
				"down": {"uv": [9, 7.25, 7.25, 7.5], "texture": "#2"}
			}
		},
		{
			"name": "13",
			"from": [0, 0, 15],
			"to": [8, 1, 16],
			"faces": {
				"north": {"uv": [4.5, 3.75, 6.75, 4.5], "texture": "#2"},
				"east": {"uv": [5.75, 7.5, 6, 8.25], "texture": "#2"},
				"south": {"uv": [4.5, 4.5, 6.75, 5.25], "texture": "#2"},
				"west": {"uv": [6, 7.5, 6.25, 8.25], "texture": "#2"},
				"up": {"uv": [9, 4.75, 6.75, 4.5], "texture": "#2"},
				"down": {"uv": [9, 4.75, 6.75, 5], "texture": "#2"}
			}
		},
		{
			"name": "14",
			"from": [2, 1, 14],
			"to": [6, 2, 15],
			"faces": {
				"north": {"uv": [3.25, 4.75, 4.5, 5], "texture": "#2"},
				"east": {"uv": [4.25, 7.75, 4.5, 8], "texture": "#2"},
				"south": {"uv": [3.25, 5, 4.5, 5.25], "texture": "#2"},
				"west": {"uv": [4.5, 7.75, 4.75, 8], "texture": "#2"},
				"up": {"uv": [5.25, 6, 4, 5.75], "texture": "#2"},
				"down": {"uv": [4.75, 7.5, 3.5, 7.75], "texture": "#2"}
			}
		},
		{
			"name": "15",
			"from": [1, 0, 14],
			"to": [7, 1, 15],
			"faces": {
				"north": {"uv": [5.5, 5.25, 7.25, 6], "texture": "#2"},
				"east": {"uv": [6.25, 7.5, 6.5, 8.25], "texture": "#2"},
				"south": {"uv": [0, 5.75, 1.75, 6.5], "texture": "#2"},
				"west": {"uv": [6.5, 7.5, 6.75, 8.25], "texture": "#2"},
				"up": {"uv": [1.75, 7.75, 0, 7.5], "texture": "#2"},
				"down": {"uv": [3.5, 7.5, 1.75, 7.75], "texture": "#2"}
			}
		},
		{
			"name": "hider1",
			"from": [5, 2, 10],
			"to": [11, 3, 11],
			"faces": {
				"north": {"uv": [0, 0, 6, 1], "texture": "#4"},
				"east": {"uv": [0, 4, 1, 5], "texture": "#4"},
				"south": {"uv": [0, 1, 6, 2], "texture": "#4"},
				"west": {"uv": [1, 4, 2, 5], "texture": "#4"},
				"up": {"uv": [6, 3, 0, 2], "texture": "#4"},
				"down": {"uv": [6, 3, 0, 4], "texture": "#4"}
			}
		},
		{
			"name": "hider2",
			"from": [4, 0, 10],
			"to": [12, 2, 11],
			"faces": {
				"north": {"uv": [0, 0, 4, 3], "texture": "#3"},
				"east": {"uv": [5, 0, 6, 3], "texture": "#3"},
				"south": {"uv": [0, 0, 4, 3], "texture": "#3"},
				"west": {"uv": [4, 0, 5, 3], "texture": "#3"},
				"up": {"uv": [0, 3, 4, 4], "texture": "#3"},
				"down": {"uv": [0, 4, 4, 5], "texture": "#3"}
			}
		}
	],
	"gui_light": "front",
	"display": {
		"thirdperson_righthand": {
			"rotation": [0, -180, 0],
			"translation": [0, 4, 3.25],
			"scale": [0.35, 0.5, 0.5]
		},
		"thirdperson_lefthand": {
			"rotation": [0, -180, 0],
			"translation": [0, 3.75, 4.25],
			"scale": [0.35, 0.5, 0.5]
		},
		"firstperson_righthand": {
			"translation": [0, 7.5, 4.25]
		},
		"firstperson_lefthand": {
			"translation": [6.25, 4.75, -3]
		},
		"ground": {
			"translation": [0, 4, 0],
			"scale": [0.9, 0.9, 0.9]
		},
		"gui": {
			"rotation": [90, 0, 0],
			"translation": [-0.5, 0, 0],
			"scale": [0.90547, 1.05, 1.01875]
		},
		"head": {
			"rotation": [0, -180, 0],
			"translation": [0, 14.25, 0.25]
		},
		"fixed": {
			"rotation": [90, 0, -180],
			"translation": [0, 0, -16],
			"scale": [2, 2, 2]
		}
	},
	"groups": [
		{
			"name": "tree_mushroom",
			"origin": [8, 8, 8],
			"color": 0,
			"children": [
				{
					"name": "medium_mushroom_1",
					"origin": [0, 0, 0],
					"color": 0,
					"children": [
						{
							"name": "bottom_layer",
							"origin": [0, 0, 0],
							"color": 0,
							"children": [0, 1, 2]
						},
						{
							"name": "top_layer",
							"origin": [0, 0, 0],
							"color": 0,
							"children": [3, 4]
						}
					]
				},
				{
					"name": "medium_mushroom_2",
					"origin": [0, 0, 0],
					"color": 0,
					"children": [
						{
							"name": "bottom_layer",
							"origin": [0, 0, 0],
							"color": 0,
							"children": [5, 6, 7]
						},
						{
							"name": "top_layer",
							"origin": [0, 0, 0],
							"color": 0,
							"children": [8, 9]
						}
					]
				},
				{
					"name": "big_mushroom_2",
					"origin": [0, 0, 0],
					"color": 0,
					"children": [
						{
							"name": "bottom_layer",
							"origin": [0, 0, 0],
							"color": 0,
							"children": [10, 11, 12]
						},
						{
							"name": "top_layer",
							"origin": [0, 0, 0],
							"color": 0,
							"children": [13, 14, 15]
						}
					]
				},
				{
					"name": "small_mushroom_1",
					"origin": [0, 0, 0],
					"color": 0,
					"children": [
						{
							"name": "bottom_layer",
							"origin": [0, 0, 0],
							"color": 0,
							"children": [16, 17]
						},
						{
							"name": "top_layer",
							"origin": [0, 0, 0],
							"color": 0,
							"children": [18, 19]
						}
					]
				},
				{
					"name": "small_mushroom_2",
					"origin": [0, 0, 0],
					"color": 0,
					"children": [
						{
							"name": "bottom_layer",
							"origin": [0, 0, 0],
							"color": 0,
							"children": [20, 21]
						},
						{
							"name": "top_layer",
							"origin": [0, 0, 0],
							"color": 0,
							"children": [22, 23]
						}
					]
				}
			]
		},
		{
			"name": "Hider",
			"origin": [8, 8, 8],
			"color": 0,
			"children": [24, 25]
		}
	]
}