{
	"credit": "Made with Blockbench",
	"ambientocclusion": false,
	"textures": {
		"particle": "block/tripwire",
		"texture": "block/tripwire"
	},
	"elements": [
		{
			"from": [7.75, 0.5, 0],
			"to": [8.25, 0.5, 4],
			"shade": false,
			"faces": {
				"up": {"uv": [0, 13, 16, 15], "rotation": 90, "texture": "#texture"},
				"down": {"uv": [16, 2, 0, 4], "rotation": 90, "texture": "#texture"}
			}
		},
		{
			"from": [7.75, 0.5, 4],
			"to": [8.25, 0.5, 8],
			"shade": false,
			"faces": {
				"up": {"uv": [0, 8, 16, 10], "rotation": 90, "texture": "#texture"},
				"down": {"uv": [16, 2, 0, 4], "rotation": 90, "texture": "#texture"}
			}
		},
		{
			"from": [7.75, 0.5, 8],
			"to": [8.25, 0.5, 12],
			"shade": false,
			"faces": {
				"up": {"uv": [16, 8, 0, 10], "rotation": 90, "texture": "#texture"},
				"down": {"uv": [16, 2, 0, 4], "rotation": 90, "texture": "#texture"}
			}
		},
		{
			"from": [7.75, 0.5, 12],
			"to": [8.25, 0.5, 16],
			"shade": false,
			"faces": {
				"up": {"uv": [16, 13, 0, 15], "rotation": 90, "texture": "#texture"},
				"down": {"uv": [16, 2, 0, 4], "rotation": 90, "texture": "#texture"}
			}
		}
	]
}