{
	"credit": "Made with Blockbench",
	"textures": {
		"0": "block/urn",
		"particle": "block/urn"
	},
	"elements": [
		{
			"from": [2, 13, 2],
			"to": [14, 15, 14],
			"faces": {
				"north": {"uv": [7.25, 3.625, 8.75, 3.875], "texture": "#0"},
				"east": {"uv": [7.25, 3.375, 8.75, 3.625], "texture": "#0"},
				"south": {"uv": [7.25, 3.125, 8.75, 3.375], "texture": "#0"},
				"west": {"uv": [7.25, 2.875, 8.75, 3.125], "texture": "#0"},
				"up": {"uv": [7.25, 7.5, 5.75, 6], "texture": "#0"},
				"down": {"uv": [5.25, 6.75, 3.75, 8.25], "texture": "#0"}
			}
		},
		{
			"from": [0, 1, 1],
			"to": [16, 13, 15],
			"faces": {
				"north": {"uv": [1.75, 4, 3.75, 5.5], "texture": "#0"},
				"east": {"uv": [5.5, 1.5, 7.25, 3], "texture": "#0"},
				"south": {"uv": [3.75, 5.25, 5.75, 6.75], "texture": "#0"},
				"west": {"uv": [2, 5.5, 3.75, 7], "texture": "#0"},
				"up": {"uv": [2, 1.75, 0, 0], "texture": "#0"},
				"down": {"uv": [2, 1.75, 0, 3.5], "texture": "#0"}
			}
		},
		{
			"from": [1, 1, 0],
			"to": [15, 13, 16],
			"faces": {
				"north": {"uv": [5.5, 3, 7.25, 4.5], "texture": "#0"},
				"east": {"uv": [0, 5.5, 2, 7], "texture": "#0"},
				"south": {"uv": [5.75, 4.5, 7.5, 6], "texture": "#0"},
				"west": {"uv": [5.5, 0, 7.5, 1.5], "texture": "#0"},
				"up": {"uv": [3.75, 2, 2, 0], "texture": "#0"},
				"down": {"uv": [3.75, 2, 2, 4], "texture": "#0"}
			}
		},
		{
			"from": [1, 0, 1],
			"to": [15, 1, 15],
			"faces": {
				"north": {"uv": [0, 5.25, 1.75, 5.375], "texture": "#0"},
				"east": {"uv": [0, 5.375, 1.75, 5.5], "texture": "#0"},
				"south": {"uv": [2, 7, 3.75, 7.125], "texture": "#0"},
				"west": {"uv": [2, 7.125, 3.75, 7.25], "texture": "#0"},
				"up": {"uv": [1.75, 5.25, 0, 3.5], "texture": "#0"},
				"down": {"uv": [5.5, 0, 3.75, 1.75], "texture": "#0"}
			}
		}
	],
	"gui_light": "front",
	"display": {
		"thirdperson_righthand": {
			"scale": [0.33, 0.33, 0.33]
		},
		"thirdperson_lefthand": {
			"scale": [0.33, 0.33, 0.33]
		},
		"firstperson_righthand": {
			"scale": [0.7, 0.5, 0.5]
		},
		"firstperson_lefthand": {
			"scale": [0.7, 0.5, 0.5]
		},
		"ground": {
			"translation": [0, 1, 0],
			"scale": [0.5, 0.5, 0.5]
		},
		"gui": {
			"rotation": [20, -20, 0],
			"translation": [0, 0.5, 0],
			"scale": [0.66, 0.66, 0.66]
		},
		"fixed": {
			"rotation": [-90, 0, 0],
			"translation": [0, 0, -16.25],
			"scale": [1.9, 1.9, 1.9]
		}
	},
	"groups": [
		{
			"name": "urn",
			"origin": [8, 8, 8],
			"color": 0,
			"children": [
				{
					"name": "top_part",
					"origin": [0, 0, 0],
					"color": 0,
					"children": [0]
				},
				{
					"name": "bottom_part",
					"origin": [0, 0, 0],
					"color": 0,
					"children": [1, 2, 3]
				}
			]
		}
	]
}