{
	"credit": "Made with Blockbench",
	"parent": "block/block",
	"texture_size": [32, 32],
	"textures": {
		"1": "block/violet_heads",
		"2": "block/violet_stem",
		"particle": "block/violet_stem"
	},
	"elements": [
		{
			"name": "violet_stem1",
			"from": [13, 0, 10],
			"to": [13, 3, 14],
			"faces": {
				"north": {"uv": [0, 0, 0, 8], "texture": "#2"},
				"east": {"uv": [2, 0.5, 0, 3], "texture": "#2"},
				"south": {"uv": [0, 0, 0, 8], "texture": "#2"},
				"west": {"uv": [0, 0.5, 2, 3], "texture": "#2"},
				"up": {"uv": [0, 8, 0, 0], "rotation": 180, "texture": "#2"},
				"down": {"uv": [0, 0, 0, 8], "rotation": 180, "texture": "#2"}
			}
		},
		{
			"name": "violet_stem2",
			"from": [8, 0, 9],
			"to": [8, 2, 12],
			"faces": {
				"north": {"uv": [0, 0, 0, 8], "texture": "#2"},
				"east": {"uv": [4, 1, 2.5, 3], "texture": "#2"},
				"south": {"uv": [0, 0, 0, 8], "texture": "#2"},
				"west": {"uv": [2.5, 1, 4, 3], "texture": "#2"},
				"up": {"uv": [0, 8, 0, 0], "rotation": 180, "texture": "#2"},
				"down": {"uv": [0, 0, 0, 8], "rotation": 180, "texture": "#2"}
			}
		},
		{
			"name": "violet_stem3",
			"from": [12, 0, 6],
			"to": [12, 5, 10],
			"faces": {
				"north": {"uv": [0, 0, 0, 8], "texture": "#2"},
				"east": {"uv": [4, 0, 6, 3], "texture": "#2"},
				"south": {"uv": [0, 0, 0, 8], "texture": "#2"},
				"west": {"uv": [6, 0, 4, 3], "texture": "#2"},
				"up": {"uv": [0, 8, 0, 0], "rotation": 180, "texture": "#2"},
				"down": {"uv": [0, 0, 0, 8], "rotation": 180, "texture": "#2"}
			}
		},
		{
			"name": "violet_stem4",
			"from": [3, 0, 10],
			"to": [3, 4, 13],
			"faces": {
				"north": {"uv": [0, 0, 0, 8], "texture": "#2"},
				"east": {"uv": [6.5, 0.5, 8, 3], "texture": "#2"},
				"south": {"uv": [0, 0, 0, 8], "texture": "#2"},
				"west": {"uv": [8, 0.5, 6.5, 3], "texture": "#2"},
				"up": {"uv": [0, 8, 0, 0], "rotation": 180, "texture": "#2"},
				"down": {"uv": [0, 0, 0, 8], "rotation": 180, "texture": "#2"}
			}
		},
		{
			"name": "violet_stem5",
			"from": [5, 0, 5],
			"to": [5, 4, 9],
			"faces": {
				"north": {"uv": [0, 0, 0, 8], "texture": "#2"},
				"east": {"uv": [0, 0.5, 2, 3], "texture": "#2"},
				"south": {"uv": [0, 0, 0, 8], "texture": "#2"},
				"west": {"uv": [2, 0.5, 0, 3], "texture": "#2"},
				"up": {"uv": [0, 8, 0, 0], "rotation": 180, "texture": "#2"},
				"down": {"uv": [0, 0, 0, 8], "rotation": 180, "texture": "#2"}
			}
		},
		{
			"name": "violet_stem6",
			"from": [6, 0, 1],
			"to": [6, 5, 5],
			"faces": {
				"north": {"uv": [0, 0, 0, 8], "texture": "#2"},
				"east": {"uv": [4, 0, 6, 3], "texture": "#2"},
				"south": {"uv": [0, 0, 0, 8], "texture": "#2"},
				"west": {"uv": [6, 0, 4, 3], "texture": "#2"},
				"up": {"uv": [0, 8, 0, 0], "rotation": 180, "texture": "#2"},
				"down": {"uv": [0, 0, 0, 8], "rotation": 180, "texture": "#2"}
			}
		},
		{
			"name": "violet_stem7",
			"from": [9, 0, 4],
			"to": [9, 3, 7],
			"faces": {
				"north": {"uv": [0, 0, 0, 8], "texture": "#2"},
				"east": {"uv": [6.5, 0.5, 8, 3], "texture": "#2"},
				"south": {"uv": [0, 0, 0, 8], "texture": "#2"},
				"west": {"uv": [8, 0.5, 6.5, 3], "texture": "#2"},
				"up": {"uv": [0, 8, 0, 0], "rotation": 180, "texture": "#2"},
				"down": {"uv": [0, 0, 0, 8], "rotation": 180, "texture": "#2"}
			}
		},
		{
			"name": "violet_stem8",
			"from": [13, 0, 1],
			"to": [13, 2, 4],
			"faces": {
				"north": {"uv": [0, 0, 0, 8], "texture": "#2"},
				"east": {"uv": [4, 1, 2.5, 3], "texture": "#2"},
				"south": {"uv": [0, 0, 0, 8], "texture": "#2"},
				"west": {"uv": [2.5, 1, 4, 3], "texture": "#2"},
				"up": {"uv": [0, 8, 0, 0], "rotation": 180, "texture": "#2"},
				"down": {"uv": [0, 0, 0, 8], "rotation": 180, "texture": "#2"}
			}
		},
		{
			"name": "violet_stem1",
			"from": [12, 0, 11],
			"to": [12, 3, 15],
			"faces": {
				"north": {"uv": [0, 0, 0, 8], "texture": "#2"},
				"east": {"uv": [0, 0.5, 2, 3], "texture": "#2"},
				"south": {"uv": [0, 0, 0, 8], "texture": "#2"},
				"west": {"uv": [2, 0.5, 0, 3], "texture": "#2"},
				"up": {"uv": [0, 8, 0, 0], "rotation": 180, "texture": "#2"},
				"down": {"uv": [0, 0, 0, 8], "rotation": 180, "texture": "#2"}
			}
		},
		{
			"name": "violet_stem2",
			"from": [9, 0, 9],
			"to": [9, 2, 12],
			"faces": {
				"north": {"uv": [0, 0, 0, 8], "texture": "#2"},
				"east": {"uv": [4, 1, 2.5, 3], "texture": "#2"},
				"south": {"uv": [0, 0, 0, 8], "texture": "#2"},
				"west": {"uv": [4, 1, 2.5, 3], "texture": "#2"},
				"up": {"uv": [0, 8, 0, 0], "rotation": 180, "texture": "#2"},
				"down": {"uv": [0, 0, 0, 8], "rotation": 180, "texture": "#2"}
			}
		},
		{
			"name": "violet_stem3",
			"from": [11, 0, 6],
			"to": [11, 5, 10],
			"faces": {
				"north": {"uv": [0, 0, 0, 8], "texture": "#2"},
				"east": {"uv": [4, 0, 6, 3], "texture": "#2"},
				"south": {"uv": [0, 0, 0, 8], "texture": "#2"},
				"west": {"uv": [6, 0, 4, 3], "texture": "#2"},
				"up": {"uv": [0, 8, 0, 0], "rotation": 180, "texture": "#2"},
				"down": {"uv": [0, 0, 0, 8], "rotation": 180, "texture": "#2"}
			}
		},
		{
			"name": "violet_stem4",
			"from": [4, 0, 10],
			"to": [4, 4, 13],
			"faces": {
				"north": {"uv": [0, 0, 0, 8], "texture": "#2"},
				"east": {"uv": [6.5, 0.5, 8, 3], "texture": "#2"},
				"south": {"uv": [0, 0, 0, 8], "texture": "#2"},
				"west": {"uv": [6.5, 0.5, 8, 3], "texture": "#2"},
				"up": {"uv": [0, 8, 0, 0], "rotation": 180, "texture": "#2"},
				"down": {"uv": [0, 0, 0, 8], "rotation": 180, "texture": "#2"}
			}
		},
		{
			"name": "violet_stem5",
			"from": [4, 0, 4],
			"to": [4, 4, 8],
			"faces": {
				"north": {"uv": [0, 0, 0, 8], "texture": "#2"},
				"east": {"uv": [2, 0.5, 0, 3], "texture": "#2"},
				"south": {"uv": [0, 0, 0, 8], "texture": "#2"},
				"west": {"uv": [0, 0.5, 2, 3], "texture": "#2"},
				"up": {"uv": [0, 8, 0, 0], "rotation": 180, "texture": "#2"},
				"down": {"uv": [0, 0, 0, 8], "rotation": 180, "texture": "#2"}
			}
		},
		{
			"name": "violet_stem6",
			"from": [5, 0, 0],
			"to": [5, 5, 4],
			"faces": {
				"north": {"uv": [0, 0, 0, 8], "texture": "#2"},
				"east": {"uv": [6, 0, 4, 3], "texture": "#2"},
				"south": {"uv": [0, 0, 0, 8], "texture": "#2"},
				"west": {"uv": [4, 0, 6, 3], "texture": "#2"},
				"up": {"uv": [0, 8, 0, 0], "rotation": 180, "texture": "#2"},
				"down": {"uv": [0, 0, 0, 8], "rotation": 180, "texture": "#2"}
			}
		},
		{
			"name": "violet_stem7",
			"from": [8, 0, 4],
			"to": [8, 3, 7],
			"faces": {
				"north": {"uv": [0, 0, 0, 8], "texture": "#2"},
				"east": {"uv": [6.5, 0.5, 8, 3], "texture": "#2"},
				"south": {"uv": [0, 0, 0, 8], "texture": "#2"},
				"west": {"uv": [6.5, 0.5, 8, 3], "texture": "#2"},
				"up": {"uv": [0, 8, 0, 0], "rotation": 180, "texture": "#2"},
				"down": {"uv": [0, 0, 0, 8], "rotation": 180, "texture": "#2"}
			}
		},
		{
			"name": "violet_stem8",
			"from": [12, 0, 1],
			"to": [12, 2, 4],
			"faces": {
				"north": {"uv": [0, 0, 0, 8], "texture": "#2"},
				"east": {"uv": [4, 1, 2.5, 3], "texture": "#2"},
				"south": {"uv": [0, 0, 0, 8], "texture": "#2"},
				"west": {"uv": [4, 1, 2.5, 3], "texture": "#2"},
				"up": {"uv": [0, 8, 0, 0], "rotation": 180, "texture": "#2"},
				"down": {"uv": [0, 0, 0, 8], "rotation": 180, "texture": "#2"}
			}
		},
		{
			"name": "violet_stem1",
			"from": [11, 0, 12],
			"to": [15, 3, 12],
			"faces": {
				"north": {"uv": [0, 0.5, 2, 3], "texture": "#2"},
				"east": {"uv": [0, 0, 0, 8], "texture": "#2"},
				"south": {"uv": [2, 0.5, 0, 3], "texture": "#2"},
				"west": {"uv": [0, 0, 0, 8], "texture": "#2"},
				"up": {"uv": [0, 8, 0, 0], "rotation": 270, "texture": "#2"},
				"down": {"uv": [0, 0, 0, 8], "rotation": 90, "texture": "#2"}
			}
		},
		{
			"name": "violet_stem2",
			"from": [7, 0, 11],
			"to": [10, 2, 11],
			"faces": {
				"north": {"uv": [2.5, 1, 4, 3], "texture": "#2"},
				"east": {"uv": [0, 0, 0, 8], "texture": "#2"},
				"south": {"uv": [4, 1, 2.5, 3], "texture": "#2"},
				"west": {"uv": [0, 0, 0, 8], "texture": "#2"},
				"up": {"uv": [0, 8, 0, 0], "rotation": 270, "texture": "#2"},
				"down": {"uv": [0, 0, 0, 8], "rotation": 90, "texture": "#2"}
			}
		},
		{
			"name": "violet_stem3",
			"from": [9, 0, 7],
			"to": [13, 5, 7],
			"faces": {
				"north": {"uv": [6, 0, 4, 3], "texture": "#2"},
				"east": {"uv": [0, 0, 0, 8], "texture": "#2"},
				"south": {"uv": [4, 0, 6, 3], "texture": "#2"},
				"west": {"uv": [0, 0, 0, 8], "texture": "#2"},
				"up": {"uv": [0, 8, 0, 0], "rotation": 270, "texture": "#2"},
				"down": {"uv": [0, 0, 0, 8], "rotation": 90, "texture": "#2"}
			}
		},
		{
			"name": "violet_stem4",
			"from": [2, 0, 12],
			"to": [5, 4, 12],
			"faces": {
				"north": {"uv": [8, 0.5, 6.5, 3], "texture": "#2"},
				"east": {"uv": [0, 0, 0, 8], "texture": "#2"},
				"south": {"uv": [6.5, 0.5, 8, 3], "texture": "#2"},
				"west": {"uv": [0, 0, 0, 8], "texture": "#2"},
				"up": {"uv": [0, 8, 0, 0], "rotation": 270, "texture": "#2"},
				"down": {"uv": [0, 0, 0, 8], "rotation": 90, "texture": "#2"}
			}
		},
		{
			"name": "violet_stem5",
			"from": [2, 0, 7],
			"to": [6, 4, 7],
			"faces": {
				"north": {"uv": [2, 0.5, 0, 3], "texture": "#2"},
				"east": {"uv": [0, 0, 0, 8], "texture": "#2"},
				"south": {"uv": [0, 0.5, 2, 3], "texture": "#2"},
				"west": {"uv": [0, 0, 0, 8], "texture": "#2"},
				"up": {"uv": [0, 8, 0, 0], "rotation": 270, "texture": "#2"},
				"down": {"uv": [0, 0, 0, 8], "rotation": 90, "texture": "#2"}
			}
		},
		{
			"name": "violet_stem6",
			"from": [3, 0, 2],
			"to": [7, 5, 2],
			"faces": {
				"north": {"uv": [6, 0, 4, 3], "texture": "#2"},
				"east": {"uv": [0, 0, 0, 8], "texture": "#2"},
				"south": {"uv": [4, 0, 6, 3], "texture": "#2"},
				"west": {"uv": [0, 0, 0, 8], "texture": "#2"},
				"up": {"uv": [0, 8, 0, 0], "rotation": 270, "texture": "#2"},
				"down": {"uv": [0, 0, 0, 8], "rotation": 90, "texture": "#2"}
			}
		},
		{
			"name": "violet_stem7",
			"from": [7, 0, 5],
			"to": [10, 3, 5],
			"faces": {
				"north": {"uv": [8, 0.5, 6.5, 3], "texture": "#2"},
				"east": {"uv": [0, 0, 0, 8], "texture": "#2"},
				"south": {"uv": [6.5, 0.5, 8, 3], "texture": "#2"},
				"west": {"uv": [0, 0, 0, 8], "texture": "#2"},
				"up": {"uv": [0, 8, 0, 0], "rotation": 270, "texture": "#2"},
				"down": {"uv": [0, 0, 0, 8], "rotation": 90, "texture": "#2"}
			}
		},
		{
			"name": "violet_stem8",
			"from": [11, 0, 2],
			"to": [14, 2, 2],
			"faces": {
				"north": {"uv": [2.5, 1, 4, 3], "texture": "#2"},
				"east": {"uv": [0, 0, 0, 8], "texture": "#2"},
				"south": {"uv": [4, 1, 2.5, 3], "texture": "#2"},
				"west": {"uv": [0, 0, 0, 8], "texture": "#2"},
				"up": {"uv": [0, 8, 0, 0], "rotation": 270, "texture": "#2"},
				"down": {"uv": [0, 0, 0, 8], "rotation": 90, "texture": "#2"}
			}
		},
		{
			"name": "violet_stem1",
			"from": [10, 0, 13],
			"to": [14, 3, 13],
			"faces": {
				"north": {"uv": [2, 0.5, 0, 3], "texture": "#2"},
				"east": {"uv": [0, 0, 0, 8], "texture": "#2"},
				"south": {"uv": [0, 0.5, 2, 3], "texture": "#2"},
				"west": {"uv": [0, 0, 0, 8], "texture": "#2"},
				"up": {"uv": [0, 8, 0, 0], "rotation": 270, "texture": "#2"},
				"down": {"uv": [0, 0, 0, 8], "rotation": 90, "texture": "#2"}
			}
		},
		{
			"name": "violet_stem2",
			"from": [7, 0, 10],
			"to": [10, 2, 10],
			"faces": {
				"north": {"uv": [4, 0.5, 2.5, 3], "texture": "#2"},
				"east": {"uv": [0, 0, 0, 8], "texture": "#2"},
				"south": {"uv": [2.5, 0.5, 4, 3], "texture": "#2"},
				"west": {"uv": [0, 0, 0, 8], "texture": "#2"},
				"up": {"uv": [0, 8, 0, 0], "rotation": 270, "texture": "#2"},
				"down": {"uv": [0, 0, 0, 8], "rotation": 90, "texture": "#2"}
			}
		},
		{
			"name": "violet_stem3",
			"from": [10, 0, 8],
			"to": [14, 5, 8],
			"faces": {
				"north": {"uv": [4, 0, 6, 3], "texture": "#2"},
				"east": {"uv": [0, 0, 0, 8], "texture": "#2"},
				"south": {"uv": [6, 0, 4, 3], "texture": "#2"},
				"west": {"uv": [0, 0, 0, 8], "texture": "#2"},
				"up": {"uv": [0, 8, 0, 0], "rotation": 270, "texture": "#2"},
				"down": {"uv": [0, 0, 0, 8], "rotation": 90, "texture": "#2"}
			}
		},
		{
			"name": "violet_stem4",
			"from": [2, 0, 11],
			"to": [5, 4, 11],
			"faces": {
				"north": {"uv": [8, 0.5, 6.5, 3], "texture": "#2"},
				"east": {"uv": [0, 0, 0, 8], "texture": "#2"},
				"south": {"uv": [6.5, 0.5, 8, 3], "texture": "#2"},
				"west": {"uv": [0, 0, 0, 8], "texture": "#2"},
				"up": {"uv": [0, 8, 0, 0], "rotation": 270, "texture": "#2"},
				"down": {"uv": [0, 0, 0, 8], "rotation": 90, "texture": "#2"}
			}
		},
		{
			"name": "violet_stem5",
			"from": [3, 0, 6],
			"to": [7, 4, 6],
			"faces": {
				"north": {"uv": [0, 0.5, 2, 3], "texture": "#2"},
				"east": {"uv": [0, 0, 0, 8], "texture": "#2"},
				"south": {"uv": [2, 0.5, 0, 3], "texture": "#2"},
				"west": {"uv": [0, 0, 0, 8], "texture": "#2"},
				"up": {"uv": [0, 8, 0, 0], "rotation": 270, "texture": "#2"},
				"down": {"uv": [0, 0, 0, 8], "rotation": 90, "texture": "#2"}
			}
		},
		{
			"name": "violet_stem6",
			"from": [4, 0, 3],
			"to": [8, 5, 3],
			"faces": {
				"north": {"uv": [4, 0, 6, 3], "texture": "#2"},
				"east": {"uv": [0, 0, 0, 8], "texture": "#2"},
				"south": {"uv": [6, 0, 4, 3], "texture": "#2"},
				"west": {"uv": [0, 0, 0, 8], "texture": "#2"},
				"up": {"uv": [0, 8, 0, 0], "rotation": 270, "texture": "#2"},
				"down": {"uv": [0, 0, 0, 8], "rotation": 90, "texture": "#2"}
			}
		},
		{
			"name": "violet_stem7",
			"from": [7, 0, 6],
			"to": [10, 3, 6],
			"faces": {
				"north": {"uv": [8, 0.5, 6.5, 3], "texture": "#2"},
				"east": {"uv": [0, 0, 0, 8], "texture": "#2"},
				"south": {"uv": [6.5, 0.5, 8, 3], "texture": "#2"},
				"west": {"uv": [0, 0, 0, 8], "texture": "#2"},
				"up": {"uv": [0, 8, 0, 0], "rotation": 270, "texture": "#2"},
				"down": {"uv": [0, 0, 0, 8], "rotation": 90, "texture": "#2"}
			}
		},
		{
			"name": "violet_stem8",
			"from": [11, 0, 3],
			"to": [14, 2, 3],
			"faces": {
				"north": {"uv": [2.5, 1, 4, 3], "texture": "#2"},
				"east": {"uv": [0, 0, 0, 8], "texture": "#2"},
				"south": {"uv": [4, 1, 2.5, 3], "texture": "#2"},
				"west": {"uv": [0, 0, 0, 8], "texture": "#2"},
				"up": {"uv": [0, 8, 0, 0], "rotation": 270, "texture": "#2"},
				"down": {"uv": [0, 0, 0, 8], "rotation": 90, "texture": "#2"}
			}
		},
		{
			"name": "violet_head1",
			"from": [11, 3, 11],
			"to": [14, 3, 14],
			"faces": {
				"north": {"uv": [0, 0, 8, 0], "texture": "#1"},
				"east": {"uv": [0, 0, 8, 0], "texture": "#1"},
				"south": {"uv": [0, 0, 8, 0], "texture": "#1"},
				"west": {"uv": [0, 0, 8, 0], "texture": "#1"},
				"up": {"uv": [1.5, 1.5, 0, 0], "texture": "#1"},
				"down": {"uv": [1.5, 2, 0, 3.5], "texture": "#1"}
			}
		},
		{
			"name": "violet_head2",
			"from": [7, 2, 9],
			"to": [10, 2, 12],
			"faces": {
				"north": {"uv": [0, 0, 8, 0], "texture": "#1"},
				"east": {"uv": [0, 0, 8, 0], "texture": "#1"},
				"south": {"uv": [0, 0, 8, 0], "texture": "#1"},
				"west": {"uv": [0, 0, 8, 0], "texture": "#1"},
				"up": {"uv": [3.5, 1.5, 2, 0], "texture": "#1"},
				"down": {"uv": [1.5, 2, 0, 3.5], "texture": "#1"}
			}
		},
		{
			"name": "violet_head3",
			"from": [10, 5, 6],
			"to": [13, 5, 9],
			"faces": {
				"north": {"uv": [0, 0, 8, 0], "texture": "#1"},
				"east": {"uv": [0, 0, 8, 0], "texture": "#1"},
				"south": {"uv": [0, 0, 8, 0], "texture": "#1"},
				"west": {"uv": [0, 0, 8, 0], "texture": "#1"},
				"up": {"uv": [5.5, 1.5, 4, 0], "texture": "#1"},
				"down": {"uv": [1.5, 2, 0, 3.5], "texture": "#1"}
			}
		},
		{
			"name": "violet_head4",
			"from": [2, 4, 10],
			"to": [5, 4, 13],
			"faces": {
				"north": {"uv": [0, 0, 8, 0], "texture": "#1"},
				"east": {"uv": [0, 0, 8, 0], "texture": "#1"},
				"south": {"uv": [0, 0, 8, 0], "texture": "#1"},
				"west": {"uv": [0, 0, 8, 0], "texture": "#1"},
				"up": {"uv": [7.5, 1.5, 6, 0], "texture": "#1"},
				"down": {"uv": [1.5, 2, 0, 3.5], "texture": "#1"}
			}
		},
		{
			"name": "violet_head5",
			"from": [3, 4, 5],
			"to": [6, 4, 8],
			"faces": {
				"north": {"uv": [0, 0, 8, 0], "texture": "#1"},
				"east": {"uv": [0, 0, 8, 0], "texture": "#1"},
				"south": {"uv": [0, 0, 8, 0], "texture": "#1"},
				"west": {"uv": [0, 0, 8, 0], "texture": "#1"},
				"up": {"uv": [5.5, 0, 4, 1.5], "texture": "#1"},
				"down": {"uv": [1.5, 2, 0, 3.5], "texture": "#1"}
			}
		},
		{
			"name": "violet_head6",
			"from": [4, 5, 1],
			"to": [7, 5, 4],
			"faces": {
				"north": {"uv": [0, 0, 8, 0], "texture": "#1"},
				"east": {"uv": [0, 0, 8, 0], "texture": "#1"},
				"south": {"uv": [0, 0, 8, 0], "texture": "#1"},
				"west": {"uv": [0, 0, 8, 0], "texture": "#1"},
				"up": {"uv": [7.5, 1.5, 6, 0], "texture": "#1"},
				"down": {"uv": [1.5, 2, 0, 3.5], "texture": "#1"}
			}
		},
		{
			"name": "violet_head7",
			"from": [7, 3, 4],
			"to": [10, 3, 7],
			"faces": {
				"north": {"uv": [0, 0, 8, 0], "texture": "#1"},
				"east": {"uv": [0, 0, 8, 0], "texture": "#1"},
				"south": {"uv": [0, 0, 8, 0], "texture": "#1"},
				"west": {"uv": [0, 0, 8, 0], "texture": "#1"},
				"up": {"uv": [6, 0, 7.5, 1.5], "texture": "#1"},
				"down": {"uv": [1.5, 2, 0, 3.5], "texture": "#1"}
			}
		},
		{
			"name": "violet_head8",
			"from": [11, 2, 1],
			"to": [14, 2, 4],
			"faces": {
				"north": {"uv": [0, 0, 8, 0], "texture": "#1"},
				"east": {"uv": [0, 0, 8, 0], "texture": "#1"},
				"south": {"uv": [0, 0, 8, 0], "texture": "#1"},
				"west": {"uv": [0, 0, 8, 0], "texture": "#1"},
				"up": {"uv": [6, 0, 7.5, 1.5], "rotation": 90, "texture": "#1"},
				"down": {"uv": [1.5, 2, 0, 3.5], "rotation": 270, "texture": "#1"}
			}
		}
	],
	"gui_light": "front",
	"display": {
		"thirdperson_righthand": {
			"translation": [0, 4, 3.25],
			"scale": [0.5, 0.5, 0.5]
		},
		"thirdperson_lefthand": {
			"translation": [0, 4, 3.25],
			"scale": [0.5, 0.5, 0.5]
		},
		"firstperson_righthand": {
			"rotation": [-10, 0, 0],
			"translation": [1.5, 4.75, 0]
		},
		"firstperson_lefthand": {
			"rotation": [-10, 0, 0],
			"translation": [1.5, 4.75, 0]
		},
		"ground": {
			"translation": [0, 5, 0]
		},
		"gui": {
			"rotation": [53, 0, 0],
			"translation": [0, 2.5, 0]
		},
		"head": {
			"translation": [0, 14.5, 0]
		},
		"fixed": {
			"rotation": [-90, 0, 0],
			"translation": [0, 0, -15],
			"scale": [1.8, 1.8, 1.8]
		}
	},
	"groups": [
		{
			"name": "stems",
			"origin": [0, 0, 0],
			"color": 0,
			"children": [
				{
					"name": "stem1",
					"origin": [0, 0, 0],
					"color": 0,
					"children": [0, 1, 2, 3, 4, 5, 6, 7]
				},
				{
					"name": "stem2",
					"origin": [0, 0, 0],
					"color": 0,
					"children": [8, 9, 10, 11, 12, 13, 14, 15]
				},
				{
					"name": "stem3",
					"origin": [0, 0, 0],
					"color": 0,
					"children": [16, 17, 18, 19, 20, 21, 22, 23]
				},
				{
					"name": "stem4",
					"origin": [0, 0, 0],
					"color": 0,
					"children": [24, 25, 26, 27, 28, 29, 30, 31]
				}
			]
		},
		{
			"name": "heads",
			"origin": [0, 0, 0],
			"color": 0,
			"children": [32, 33, 34, 35, 36, 37, 38, 39]
		}
	]
}