{
	"credit": "Made with Blockbench",
	"textures": {
		"1": "item/medusa/medusa_human"
	},
	"elements": [
		{
			"name": "head",
			"from": [4, 23, 2],
			"to": [12, 31, 8],
			"faces": {
				"north": {"uv": [4, 4.75, 5, 5.75], "texture": "#1"},
				"east": {"uv": [1, 2.75, 1.75, 3.75], "texture": "#1"},
				"south": {"uv": [5, 0, 6, 1], "texture": "#1"},
				"west": {"uv": [2.25, 5.875, 3, 6.875], "texture": "#1"},
				"up": {"uv": [4, 6.625, 3, 5.875], "texture": "#1"},
				"down": {"uv": [7, 0, 6, 0.75], "texture": "#1"}
			}
		},
		{
			"name": "hair",
			"from": [5, 24, 8],
			"to": [11, 30, 10],
			"faces": {
				"north": {"uv": [0, 0.75, 0.875, 1.5], "texture": "#1"},
				"east": {"uv": [1.125, 0.5, 1.375, 1.25], "texture": "#1"},
				"south": {"uv": [0, 0, 0.875, 0.75], "texture": "#1"},
				"west": {"uv": [0.875, 0.5, 1.125, 1.25], "texture": "#1"},
				"up": {"uv": [0.875, 0, 1.75, 0.25], "texture": "#1"},
				"down": {"uv": [0.875, 0.25, 1.75, 0.5], "texture": "#1"}
			}
		},
		{
			"name": "hair",
			"from": [6, 25, 10],
			"to": [10, 29, 11],
			"faces": {
				"north": {"uv": [2.375, 0.375, 3, 0.75], "texture": "#1"},
				"east": {"uv": [3.125, 0.25, 3.25, 0.625], "texture": "#1"},
				"south": {"uv": [2.375, 0, 3, 0.375], "texture": "#1"},
				"west": {"uv": [3, 0.25, 3.125, 0.625], "texture": "#1"},
				"up": {"uv": [3, 0, 3.5, 0.125], "texture": "#1"},
				"down": {"uv": [3, 0.125, 3.5, 0.25], "texture": "#1"}
			}
		},
		{
			"name": "hair_tails",
			"from": [4, 20, 8],
			"to": [12, 23, 8],
			"faces": {
				"north": {"uv": [1.5, 1.625, 0, 2.375], "texture": "#1"},
				"east": {"uv": [3.125, 1, 3.25, 1.375], "texture": "#1"},
				"south": {"uv": [0, 1.625, 1.5, 2.375], "texture": "#1"},
				"west": {"uv": [3, 1, 3.125, 1.375], "texture": "#1"},
				"up": {"uv": [3, 0.75, 3.5, 0.875], "texture": "#1"},
				"down": {"uv": [3, 0.875, 3.5, 1], "texture": "#1"}
			}
		},
		{
			"name": "hair_tails",
			"from": [5, 22, 10],
			"to": [11, 25, 10],
			"faces": {
				"north": {"uv": [3.125, 0.875, 1.875, 1.625], "texture": "#1"},
				"east": {"uv": [3.125, 1, 3.25, 1.375], "texture": "#1"},
				"south": {"uv": [1.875, 0.875, 3.125, 1.625], "texture": "#1"},
				"west": {"uv": [3, 1, 3.125, 1.375], "texture": "#1"},
				"up": {"uv": [3, 0.75, 3.5, 0.875], "texture": "#1"},
				"down": {"uv": [3, 0.875, 3.5, 1], "texture": "#1"}
			}
		},
		{
			"name": "hair_tails",
			"from": [6, 23, 11],
			"to": [10, 26, 11],
			"faces": {
				"north": {"uv": [1.875, 1.625, 2.875, 2.375], "texture": "#1"},
				"east": {"uv": [3.125, 1, 3.25, 1.375], "texture": "#1"},
				"south": {"uv": [2.875, 1.625, 1.875, 2.375], "texture": "#1"},
				"west": {"uv": [3, 1, 3.125, 1.375], "texture": "#1"},
				"up": {"uv": [3, 0.75, 3.5, 0.875], "texture": "#1"},
				"down": {"uv": [3, 0.875, 3.5, 1], "texture": "#1"}
			}
		},
		{
			"name": "left_arm",
			"from": [1, 16, 3],
			"to": [4, 19, 14],
			"rotation": {"angle": -22.5, "axis": "x", "origin": [0, 0, 0]},
			"faces": {
				"north": {"uv": [3.75, 12.625, 3.375, 13], "rotation": 180, "texture": "#1"},
				"east": {"uv": [3.75, 13, 4.125, 14.25], "rotation": 270, "texture": "#1"},
				"south": {"uv": [4.125, 13, 3.75, 12.625], "texture": "#1"},
				"west": {"uv": [4.5, 13, 4.875, 14.25], "rotation": 90, "texture": "#1"},
				"up": {"uv": [3.375, 13, 3.75, 14.25], "rotation": 180, "texture": "#1"},
				"down": {"uv": [4.125, 13, 4.5, 14.25], "texture": "#1"}
			}
		},
		{
			"name": "right_arm",
			"from": [12, 16, 3],
			"to": [15, 19, 14],
			"rotation": {"angle": -22.5, "axis": "x", "origin": [0, 0, 0]},
			"faces": {
				"north": {"uv": [3.75, 12.625, 3.375, 13], "rotation": 180, "texture": "#1"},
				"east": {"uv": [4.5, 13, 4.875, 14.25], "rotation": 270, "texture": "#1"},
				"south": {"uv": [3.75, 13, 4.125, 12.625], "texture": "#1"},
				"west": {"uv": [3.75, 13, 4.125, 14.25], "rotation": 90, "texture": "#1"},
				"up": {"uv": [3.75, 13, 3.375, 14.25], "rotation": 180, "texture": "#1"},
				"down": {"uv": [4.5, 13, 4.125, 14.25], "texture": "#1"}
			}
		},
		{
			"name": "torso",
			"from": [4, 10, 3],
			"to": [12, 23, 7],
			"faces": {
				"north": {"uv": [1.75, 2.625, 2.75, 4.125], "texture": "#1"},
				"east": {"uv": [1.25, 5.625, 1.75, 7.125], "texture": "#1"},
				"south": {"uv": [0, 2.875, 1, 4.375], "texture": "#1"},
				"west": {"uv": [1.75, 6, 2.25, 7.5], "texture": "#1"},
				"up": {"uv": [1, 7, 0, 6.5], "texture": "#1"},
				"down": {"uv": [7.5, 2, 6.5, 2.5], "texture": "#1"}
			}
		},
		{
			"name": "left_leg",
			"from": [4, -1, 3],
			"to": [8, 10, 7],
			"faces": {
				"north": {"uv": [10.625, 14.625, 11.125, 16], "texture": "#1"},
				"east": {"uv": [10.125, 14.625, 10.625, 16], "texture": "#1"},
				"south": {"uv": [9.625, 14.625, 10.125, 16], "texture": "#1"},
				"west": {"uv": [9.125, 14.625, 9.625, 16], "texture": "#1"},
				"up": {"uv": [9.125, 14.125, 9.625, 14.625], "texture": "#1"},
				"down": {"uv": [10.625, 14.125, 11.125, 14.625], "texture": "#1"}
			}
		},
		{
			"name": "right_leg",
			"from": [8, -1, 3],
			"to": [12, 10, 7],
			"faces": {
				"north": {"uv": [11.125, 14.625, 10.625, 16], "texture": "#1"},
				"east": {"uv": [9.625, 14.625, 9.125, 16], "texture": "#1"},
				"south": {"uv": [10.125, 14.625, 9.625, 16], "texture": "#1"},
				"west": {"uv": [10.125, 14.625, 10.625, 16], "texture": "#1"},
				"up": {"uv": [9.125, 14.125, 9.625, 14.625], "texture": "#1"},
				"down": {"uv": [10.625, 14.125, 11.125, 14.625], "texture": "#1"}
			}
		}
	],
	"display": {
		"gui": {
			"rotation": [0, 160, 0],
			"translation": [0, -3.75, 0],
			"scale": [0.5, 0.5, 0.5]
		},
		"head": {
			"translation": [0, -32.5, 3.5],
			"scale": [1.7, 1.7, 1.7]
		}
	},
	"groups": [
		{
			"name": "medusa",
			"origin": [8, 8, 8],
			"color": 0,
			"children": [
				{
					"name": "head",
					"origin": [8, 8, 8],
					"color": 0,
					"children": [0, 1, 2, 3, 4, 5]
				},
				{
					"name": "arms",
					"origin": [8, 8, 8],
					"color": 0,
					"children": [6, 7]
				},
				{
					"name": "body",
					"origin": [8, 8, 8],
					"color": 0,
					"children": [8]
				},
				{
					"name": "legs",
					"origin": [8, 8, 8],
					"color": 0,
					"children": [9, 10]
				}
			]
		}
	]
}