{
	"credit": "Made with Blockbench",
	"textures": {
		"main": "item/medusa/human_hurt"
	},
	"elements": [
		{
			"name": "head",
			"from": [4, 23, 2],
			"to": [12, 31, 8],
			"faces": {
				"north": {"uv": [5, 1.1875, 5.25, 1.4375], "texture": "#main"},
				"east": {"uv": [4.25, 0.6875, 4.4375, 0.9375], "texture": "#main"},
				"south": {"uv": [5.25, 0, 5.5, 0.25], "texture": "#main"},
				"west": {"uv": [4.5625, 1.46875, 4.75, 1.71875], "texture": "#main"},
				"up": {"uv": [5, 1.65625, 4.75, 1.46875], "texture": "#main"},
				"down": {"uv": [5.75, 0, 5.5, 0.1875], "texture": "#main"}
			}
		},
		{
			"name": "hair",
			"from": [5, 24, 8],
			"to": [11, 30, 10],
			"faces": {
				"north": {"uv": [4, 0.1875, 4.21875, 0.375], "texture": "#main"},
				"east": {"uv": [4.28125, 0.125, 4.34375, 0.3125], "texture": "#main"},
				"south": {"uv": [4, 0, 4.21875, 0.1875], "texture": "#main"},
				"west": {"uv": [4.21875, 0.125, 4.28125, 0.3125], "texture": "#main"},
				"up": {"uv": [4.21875, 0, 4.4375, 0.0625], "texture": "#main"},
				"down": {"uv": [4.21875, 0.0625, 4.4375, 0.125], "texture": "#main"}
			}
		},
		{
			"name": "hair",
			"from": [6, 25, 10],
			"to": [10, 29, 11],
			"faces": {
				"north": {"uv": [4.59375, 0.09375, 4.75, 0.1875], "texture": "#main"},
				"east": {"uv": [4.78125, 0.0625, 4.8125, 0.15625], "texture": "#main"},
				"south": {"uv": [4.59375, 0, 4.75, 0.09375], "texture": "#main"},
				"west": {"uv": [4.75, 0.0625, 4.78125, 0.15625], "texture": "#main"},
				"up": {"uv": [4.75, 0, 4.875, 0.03125], "texture": "#main"},
				"down": {"uv": [4.75, 0.03125, 4.875, 0.0625], "texture": "#main"}
			}
		},
		{
			"name": "hair_tails",
			"from": [4, 20, 8],
			"to": [12, 23, 8],
			"faces": {
				"north": {"uv": [4.375, 0.40625, 4, 0.59375], "texture": "#main"},
				"east": {"uv": [4.78125, 0.25, 4.8125, 0.34375], "texture": "#main"},
				"south": {"uv": [4, 0.40625, 4.375, 0.59375], "texture": "#main"},
				"west": {"uv": [4.75, 0.25, 4.78125, 0.34375], "texture": "#main"},
				"up": {"uv": [4.75, 0.1875, 4.875, 0.21875], "texture": "#main"},
				"down": {"uv": [4.75, 0.21875, 4.875, 0.25], "texture": "#main"}
			}
		},
		{
			"name": "hair_tails",
			"from": [5, 22, 10],
			"to": [11, 25, 10],
			"faces": {
				"north": {"uv": [4.78125, 0.21875, 4.46875, 0.40625], "texture": "#main"},
				"east": {"uv": [4.78125, 0.25, 4.8125, 0.34375], "texture": "#main"},
				"south": {"uv": [4.46875, 0.21875, 4.78125, 0.40625], "texture": "#main"},
				"west": {"uv": [4.75, 0.25, 4.78125, 0.34375], "texture": "#main"},
				"up": {"uv": [4.75, 0.1875, 4.875, 0.21875], "texture": "#main"},
				"down": {"uv": [4.75, 0.21875, 4.875, 0.25], "texture": "#main"}
			}
		},
		{
			"name": "hair_tails",
			"from": [6, 23, 11],
			"to": [10, 26, 11],
			"faces": {
				"north": {"uv": [4.46875, 0.40625, 4.71875, 0.59375], "texture": "#main"},
				"east": {"uv": [4.78125, 0.25, 4.8125, 0.34375], "texture": "#main"},
				"south": {"uv": [4.71875, 0.40625, 4.46875, 0.59375], "texture": "#main"},
				"west": {"uv": [4.75, 0.25, 4.78125, 0.34375], "texture": "#main"},
				"up": {"uv": [4.75, 0.1875, 4.875, 0.21875], "texture": "#main"},
				"down": {"uv": [4.75, 0.21875, 4.875, 0.25], "texture": "#main"}
			}
		},
		{
			"name": "left_arm",
			"from": [1, 8, 11],
			"to": [4, 19, 14],
			"rotation": {"angle": -22.5, "axis": "x", "origin": [0, 0, 0]},
			"faces": {
				"north": {"uv": [5, 1.625, 5.09375, 1.9375], "texture": "#main"},
				"east": {"uv": [5.09375, 1.625, 5.1875, 1.9375], "texture": "#main"},
				"south": {"uv": [5.1875, 1.625, 5.28125, 1.9375], "texture": "#main"},
				"west": {"uv": [5.28125, 1.625, 5.375, 1.9375], "texture": "#main"},
				"up": {"uv": [5.84375, 0.1875, 5.75, 0.09375], "texture": "#main"},
				"down": {"uv": [4.21875, 1.75, 4.125, 1.84375], "texture": "#main"}
			}
		},
		{
			"name": "right_arm",
			"from": [12, 12, -5],
			"to": [15, 23, -2],
			"rotation": {"angle": 22.5, "axis": "x", "origin": [0, 0, 0]},
			"faces": {
				"north": {"uv": [5.09375, 1.625, 5, 1.9375], "texture": "#main"},
				"east": {"uv": [5.28125, 1.625, 5.375, 1.9375], "texture": "#main"},
				"south": {"uv": [5.28125, 1.625, 5.1875, 1.9375], "texture": "#main"},
				"west": {"uv": [5.09375, 1.625, 5.1875, 1.9375], "texture": "#main"},
				"up": {"uv": [5.75, 0.1875, 5.84375, 0.09375], "texture": "#main"},
				"down": {"uv": [4.21875, 1.75, 4.125, 1.84375], "texture": "#main"}
			}
		},
		{
			"name": "torso",
			"from": [4, 10, 3],
			"to": [12, 23, 7],
			"faces": {
				"north": {"uv": [4.4375, 0.65625, 4.6875, 1.03125], "texture": "#main"},
				"east": {"uv": [4.3125, 1.40625, 4.4375, 1.78125], "texture": "#main"},
				"south": {"uv": [4, 0.71875, 4.25, 1.09375], "texture": "#main"},
				"west": {"uv": [4.4375, 1.5, 4.5625, 1.875], "texture": "#main"},
				"up": {"uv": [4.25, 1.75, 4, 1.625], "texture": "#main"},
				"down": {"uv": [5.875, 0.5, 5.625, 0.625], "texture": "#main"}
			}
		},
		{
			"name": "left_leg",
			"from": [4, 0, -1],
			"to": [8, 11, 3],
			"rotation": {"angle": 22.5, "axis": "x", "origin": [0, 0, 0]},
			"faces": {
				"north": {"uv": [6.65625, 3.65625, 6.78125, 4], "texture": "#main"},
				"east": {"uv": [6.53125, 3.65625, 6.65625, 4], "texture": "#main"},
				"south": {"uv": [6.40625, 3.65625, 6.53125, 4], "texture": "#main"},
				"west": {"uv": [6.28125, 3.65625, 6.40625, 4], "texture": "#main"},
				"up": {"uv": [6.28125, 3.53125, 6.40625, 3.65625], "texture": "#main"},
				"down": {"uv": [6.65625, 3.53125, 6.78125, 3.65625], "texture": "#main"}
			}
		},
		{
			"name": "right_leg",
			"from": [8, -4, 7],
			"to": [12, 7, 11],
			"rotation": {"angle": -22.5, "axis": "x", "origin": [0, 0, 0]},
			"faces": {
				"north": {"uv": [6.78125, 3.65625, 6.65625, 4], "texture": "#main"},
				"east": {"uv": [6.40625, 3.65625, 6.28125, 4], "texture": "#main"},
				"south": {"uv": [6.53125, 3.65625, 6.40625, 4], "texture": "#main"},
				"west": {"uv": [6.53125, 3.65625, 6.65625, 4], "texture": "#main"},
				"up": {"uv": [6.28125, 3.53125, 6.40625, 3.65625], "texture": "#main"},
				"down": {"uv": [6.65625, 3.53125, 6.78125, 3.65625], "texture": "#main"}
			}
		},
		{
			"name": "head",
			"from": [4, 23, 2],
			"to": [12, 31, 8],
			"faces": {
				"north": {"uv": [9, 1.1875, 9.25, 1.4375], "texture": "#main"},
				"east": {"uv": [8.25, 0.6875, 8.4375, 0.9375], "texture": "#main"},
				"south": {"uv": [9.25, 0, 9.5, 0.25], "texture": "#main"},
				"west": {"uv": [8.5625, 1.46875, 8.75, 1.71875], "texture": "#main"},
				"up": {"uv": [9, 1.65625, 8.75, 1.46875], "texture": "#main"},
				"down": {"uv": [9.75, 0, 9.5, 0.1875], "texture": "#main"}
			}
		},
		{
			"name": "hair",
			"from": [5, 24, 8],
			"to": [11, 30, 10],
			"faces": {
				"north": {"uv": [8, 0.1875, 8.21875, 0.375], "texture": "#main"},
				"east": {"uv": [8.28125, 0.125, 8.34375, 0.3125], "texture": "#main"},
				"south": {"uv": [8, 0, 8.21875, 0.1875], "texture": "#main"},
				"west": {"uv": [8.21875, 0.125, 8.28125, 0.3125], "texture": "#main"},
				"up": {"uv": [8.21875, 0, 8.4375, 0.0625], "texture": "#main"},
				"down": {"uv": [8.21875, 0.0625, 8.4375, 0.125], "texture": "#main"}
			}
		},
		{
			"name": "hair",
			"from": [6, 25, 10],
			"to": [10, 29, 11],
			"faces": {
				"north": {"uv": [8.59375, 0.09375, 8.75, 0.1875], "texture": "#main"},
				"east": {"uv": [8.78125, 0.0625, 8.8125, 0.15625], "texture": "#main"},
				"south": {"uv": [8.59375, 0, 8.75, 0.09375], "texture": "#main"},
				"west": {"uv": [8.75, 0.0625, 8.78125, 0.15625], "texture": "#main"},
				"up": {"uv": [8.75, 0, 8.875, 0.03125], "texture": "#main"},
				"down": {"uv": [8.75, 0.03125, 8.875, 0.0625], "texture": "#main"}
			}
		},
		{
			"name": "hair_tails",
			"from": [4, 20, 8],
			"to": [12, 23, 8],
			"faces": {
				"north": {"uv": [8.375, 0.40625, 8, 0.59375], "texture": "#main"},
				"east": {"uv": [8.78125, 0.25, 8.8125, 0.34375], "texture": "#main"},
				"south": {"uv": [8, 0.40625, 8.375, 0.59375], "texture": "#main"},
				"west": {"uv": [8.75, 0.25, 8.78125, 0.34375], "texture": "#main"},
				"up": {"uv": [8.75, 0.1875, 8.875, 0.21875], "texture": "#main"},
				"down": {"uv": [8.75, 0.21875, 8.875, 0.25], "texture": "#main"}
			}
		},
		{
			"name": "hair_tails",
			"from": [5, 22, 10],
			"to": [11, 25, 10],
			"faces": {
				"north": {"uv": [8.78125, 0.21875, 8.46875, 0.40625], "texture": "#main"},
				"east": {"uv": [8.78125, 0.25, 8.8125, 0.34375], "texture": "#main"},
				"south": {"uv": [8.46875, 0.21875, 8.78125, 0.40625], "texture": "#main"},
				"west": {"uv": [8.75, 0.25, 8.78125, 0.34375], "texture": "#main"},
				"up": {"uv": [8.75, 0.1875, 8.875, 0.21875], "texture": "#main"},
				"down": {"uv": [8.75, 0.21875, 8.875, 0.25], "texture": "#main"}
			}
		},
		{
			"name": "hair_tails",
			"from": [6, 23, 11],
			"to": [10, 26, 11],
			"faces": {
				"north": {"uv": [8.46875, 0.40625, 8.71875, 0.59375], "texture": "#main"},
				"east": {"uv": [8.78125, 0.25, 8.8125, 0.34375], "texture": "#main"},
				"south": {"uv": [8.71875, 0.40625, 8.46875, 0.59375], "texture": "#main"},
				"west": {"uv": [8.75, 0.25, 8.78125, 0.34375], "texture": "#main"},
				"up": {"uv": [8.75, 0.1875, 8.875, 0.21875], "texture": "#main"},
				"down": {"uv": [8.75, 0.21875, 8.875, 0.25], "texture": "#main"}
			}
		},
		{
			"name": "left_arm",
			"from": [1, 2, 17],
			"to": [4, 13, 20],
			"rotation": {"angle": -45, "axis": "x", "origin": [0, 0, 0]},
			"faces": {
				"north": {"uv": [9, 1.625, 9.09375, 1.9375], "texture": "#main"},
				"east": {"uv": [9.09375, 1.625, 9.1875, 1.9375], "texture": "#main"},
				"south": {"uv": [9.1875, 1.625, 9.28125, 1.9375], "texture": "#main"},
				"west": {"uv": [9.28125, 1.625, 9.375, 1.9375], "texture": "#main"},
				"up": {"uv": [9.84375, 0.1875, 9.75, 0.09375], "texture": "#main"},
				"down": {"uv": [8.21875, 1.75, 8.125, 1.84375], "texture": "#main"}
			}
		},
		{
			"name": "right_arm",
			"from": [12, 9, -13],
			"to": [15, 20, -10],
			"rotation": {"angle": 45, "axis": "x", "origin": [0, 0, 0]},
			"faces": {
				"north": {"uv": [9.09375, 1.625, 9, 1.9375], "texture": "#main"},
				"east": {"uv": [9.28125, 1.625, 9.375, 1.9375], "texture": "#main"},
				"south": {"uv": [9.28125, 1.625, 9.1875, 1.9375], "texture": "#main"},
				"west": {"uv": [9.09375, 1.625, 9.1875, 1.9375], "texture": "#main"},
				"up": {"uv": [9.75, 0.1875, 9.84375, 0.09375], "texture": "#main"},
				"down": {"uv": [8.21875, 1.75, 8.125, 1.84375], "texture": "#main"}
			}
		},
		{
			"name": "torso",
			"from": [4, 10, 3],
			"to": [12, 23, 7],
			"faces": {
				"north": {"uv": [8.4375, 0.65625, 8.6875, 1.03125], "texture": "#main"},
				"east": {"uv": [8.3125, 1.40625, 8.4375, 1.78125], "texture": "#main"},
				"south": {"uv": [8, 0.71875, 8.25, 1.09375], "texture": "#main"},
				"west": {"uv": [8.4375, 1.5, 8.5625, 1.875], "texture": "#main"},
				"up": {"uv": [8.25, 1.75, 8, 1.625], "texture": "#main"},
				"down": {"uv": [9.875, 0.5, 9.625, 0.625], "texture": "#main"}
			}
		},
		{
			"name": "left_leg",
			"from": [4, 0, -5],
			"to": [8, 11, -1],
			"rotation": {"angle": 45, "axis": "x", "origin": [0, 0, 0]},
			"faces": {
				"north": {"uv": [10.65625, 3.65625, 10.78125, 4], "texture": "#main"},
				"east": {"uv": [10.53125, 3.65625, 10.65625, 4], "texture": "#main"},
				"south": {"uv": [10.40625, 3.65625, 10.53125, 4], "texture": "#main"},
				"west": {"uv": [10.28125, 3.65625, 10.40625, 4], "texture": "#main"},
				"up": {"uv": [10.28125, 3.53125, 10.40625, 3.65625], "texture": "#main"},
				"down": {"uv": [10.65625, 3.53125, 10.78125, 3.65625], "texture": "#main"}
			}
		},
		{
			"name": "right_leg",
			"from": [8, -7, 8],
			"to": [12, 4, 12],
			"rotation": {"angle": -45, "axis": "x", "origin": [0, 0, 0]},
			"faces": {
				"north": {"uv": [10.78125, 3.65625, 10.65625, 4], "texture": "#main"},
				"east": {"uv": [10.40625, 3.65625, 10.28125, 4], "texture": "#main"},
				"south": {"uv": [10.53125, 3.65625, 10.40625, 4], "texture": "#main"},
				"west": {"uv": [10.53125, 3.65625, 10.65625, 4], "texture": "#main"},
				"up": {"uv": [10.28125, 3.53125, 10.40625, 3.65625], "texture": "#main"},
				"down": {"uv": [10.65625, 3.53125, 10.78125, 3.65625], "texture": "#main"}
			}
		},
		{
			"name": "head",
			"from": [4, 23, 2],
			"to": [12, 31, 8],
			"faces": {
				"north": {"uv": [13, 1.1875, 13.25, 1.4375], "texture": "#main"},
				"east": {"uv": [12.25, 0.6875, 12.4375, 0.9375], "texture": "#main"},
				"south": {"uv": [13.25, 0, 13.5, 0.25], "texture": "#main"},
				"west": {"uv": [12.5625, 1.46875, 12.75, 1.71875], "texture": "#main"},
				"up": {"uv": [13, 1.65625, 12.75, 1.46875], "texture": "#main"},
				"down": {"uv": [13.75, 0, 13.5, 0.1875], "texture": "#main"}
			}
		},
		{
			"name": "hair",
			"from": [5, 24, 8],
			"to": [11, 30, 10],
			"faces": {
				"north": {"uv": [12, 0.1875, 12.21875, 0.375], "texture": "#main"},
				"east": {"uv": [12.28125, 0.125, 12.34375, 0.3125], "texture": "#main"},
				"south": {"uv": [12, 0, 12.21875, 0.1875], "texture": "#main"},
				"west": {"uv": [12.21875, 0.125, 12.28125, 0.3125], "texture": "#main"},
				"up": {"uv": [12.21875, 0, 12.4375, 0.0625], "texture": "#main"},
				"down": {"uv": [12.21875, 0.0625, 12.4375, 0.125], "texture": "#main"}
			}
		},
		{
			"name": "hair",
			"from": [6, 25, 10],
			"to": [10, 29, 11],
			"faces": {
				"north": {"uv": [12.59375, 0.09375, 12.75, 0.1875], "texture": "#main"},
				"east": {"uv": [12.78125, 0.0625, 12.8125, 0.15625], "texture": "#main"},
				"south": {"uv": [12.59375, 0, 12.75, 0.09375], "texture": "#main"},
				"west": {"uv": [12.75, 0.0625, 12.78125, 0.15625], "texture": "#main"},
				"up": {"uv": [12.75, 0, 12.875, 0.03125], "texture": "#main"},
				"down": {"uv": [12.75, 0.03125, 12.875, 0.0625], "texture": "#main"}
			}
		},
		{
			"name": "hair_tails",
			"from": [4, 20, 8],
			"to": [12, 23, 8],
			"faces": {
				"north": {"uv": [12.375, 0.40625, 12, 0.59375], "texture": "#main"},
				"east": {"uv": [12.78125, 0.25, 12.8125, 0.34375], "texture": "#main"},
				"south": {"uv": [12, 0.40625, 12.375, 0.59375], "texture": "#main"},
				"west": {"uv": [12.75, 0.25, 12.78125, 0.34375], "texture": "#main"},
				"up": {"uv": [12.75, 0.1875, 12.875, 0.21875], "texture": "#main"},
				"down": {"uv": [12.75, 0.21875, 12.875, 0.25], "texture": "#main"}
			}
		},
		{
			"name": "hair_tails",
			"from": [5, 22, 10],
			"to": [11, 25, 10],
			"faces": {
				"north": {"uv": [12.78125, 0.21875, 12.46875, 0.40625], "texture": "#main"},
				"east": {"uv": [12.78125, 0.25, 12.8125, 0.34375], "texture": "#main"},
				"south": {"uv": [12.46875, 0.21875, 12.78125, 0.40625], "texture": "#main"},
				"west": {"uv": [12.75, 0.25, 12.78125, 0.34375], "texture": "#main"},
				"up": {"uv": [12.75, 0.1875, 12.875, 0.21875], "texture": "#main"},
				"down": {"uv": [12.75, 0.21875, 12.875, 0.25], "texture": "#main"}
			}
		},
		{
			"name": "hair_tails",
			"from": [6, 23, 11],
			"to": [10, 26, 11],
			"faces": {
				"north": {"uv": [12.46875, 0.40625, 12.71875, 0.59375], "texture": "#main"},
				"east": {"uv": [12.78125, 0.25, 12.8125, 0.34375], "texture": "#main"},
				"south": {"uv": [12.71875, 0.40625, 12.46875, 0.59375], "texture": "#main"},
				"west": {"uv": [12.75, 0.25, 12.78125, 0.34375], "texture": "#main"},
				"up": {"uv": [12.75, 0.1875, 12.875, 0.21875], "texture": "#main"},
				"down": {"uv": [12.75, 0.21875, 12.875, 0.25], "texture": "#main"}
			}
		},
		{
			"name": "left_arm",
			"from": [1, 12, -5],
			"to": [4, 23, -2],
			"rotation": {"angle": 22.5, "axis": "x", "origin": [0, 0, 0]},
			"faces": {
				"north": {"uv": [13, 1.625, 13.09375, 1.9375], "texture": "#main"},
				"east": {"uv": [13.09375, 1.625, 13.1875, 1.9375], "texture": "#main"},
				"south": {"uv": [13.1875, 1.625, 13.28125, 1.9375], "texture": "#main"},
				"west": {"uv": [13.28125, 1.625, 13.375, 1.9375], "texture": "#main"},
				"up": {"uv": [13.84375, 0.1875, 13.75, 0.09375], "texture": "#main"},
				"down": {"uv": [12.21875, 1.75, 12.125, 1.84375], "texture": "#main"}
			}
		},
		{
			"name": "right_arm",
			"from": [12, 8, 12],
			"to": [15, 19, 15],
			"rotation": {"angle": -22.5, "axis": "x", "origin": [0, 0, 0]},
			"faces": {
				"north": {"uv": [13.09375, 1.625, 13, 1.9375], "texture": "#main"},
				"east": {"uv": [13.28125, 1.625, 13.375, 1.9375], "texture": "#main"},
				"south": {"uv": [13.28125, 1.625, 13.1875, 1.9375], "texture": "#main"},
				"west": {"uv": [13.09375, 1.625, 13.1875, 1.9375], "texture": "#main"},
				"up": {"uv": [13.75, 0.1875, 13.84375, 0.09375], "texture": "#main"},
				"down": {"uv": [12.21875, 1.75, 12.125, 1.84375], "texture": "#main"}
			}
		},
		{
			"name": "torso",
			"from": [4, 10, 3],
			"to": [12, 23, 7],
			"faces": {
				"north": {"uv": [12.4375, 0.65625, 12.6875, 1.03125], "texture": "#main"},
				"east": {"uv": [12.3125, 1.40625, 12.4375, 1.78125], "texture": "#main"},
				"south": {"uv": [12, 0.71875, 12.25, 1.09375], "texture": "#main"},
				"west": {"uv": [12.4375, 1.5, 12.5625, 1.875], "texture": "#main"},
				"up": {"uv": [12.25, 1.75, 12, 1.625], "texture": "#main"},
				"down": {"uv": [13.875, 0.5, 13.625, 0.625], "texture": "#main"}
			}
		},
		{
			"name": "left_leg",
			"from": [4, -4, 7],
			"to": [8, 7, 11],
			"rotation": {"angle": -22.5, "axis": "x", "origin": [0, 0, 0]},
			"faces": {
				"north": {"uv": [14.65625, 3.65625, 14.78125, 4], "texture": "#main"},
				"east": {"uv": [14.53125, 3.65625, 14.65625, 4], "texture": "#main"},
				"south": {"uv": [14.40625, 3.65625, 14.53125, 4], "texture": "#main"},
				"west": {"uv": [14.28125, 3.65625, 14.40625, 4], "texture": "#main"},
				"up": {"uv": [14.28125, 3.53125, 14.40625, 3.65625], "texture": "#main"},
				"down": {"uv": [14.65625, 3.53125, 14.78125, 3.65625], "texture": "#main"}
			}
		},
		{
			"name": "right_leg",
			"from": [8, 0, -1],
			"to": [12, 11, 3],
			"rotation": {"angle": 22.5, "axis": "x", "origin": [0, 0, 0]},
			"faces": {
				"north": {"uv": [14.78125, 3.65625, 14.65625, 4], "texture": "#main"},
				"east": {"uv": [14.40625, 3.65625, 14.28125, 4], "texture": "#main"},
				"south": {"uv": [14.53125, 3.65625, 14.40625, 4], "texture": "#main"},
				"west": {"uv": [14.53125, 3.65625, 14.65625, 4], "texture": "#main"},
				"up": {"uv": [14.28125, 3.53125, 14.40625, 3.65625], "texture": "#main"},
				"down": {"uv": [14.65625, 3.53125, 14.78125, 3.65625], "texture": "#main"}
			}
		},
		{
			"name": "head",
			"from": [4, 23, 2],
			"to": [12, 31, 8],
			"faces": {
				"north": {"uv": [1, 5.1875, 1.25, 5.4375], "texture": "#main"},
				"east": {"uv": [0.25, 4.6875, 0.4375, 4.9375], "texture": "#main"},
				"south": {"uv": [1.25, 4, 1.5, 4.25], "texture": "#main"},
				"west": {"uv": [0.5625, 5.46875, 0.75, 5.71875], "texture": "#main"},
				"up": {"uv": [1, 5.65625, 0.75, 5.46875], "texture": "#main"},
				"down": {"uv": [1.75, 4, 1.5, 4.1875], "texture": "#main"}
			}
		},
		{
			"name": "hair",
			"from": [5, 24, 8],
			"to": [11, 30, 10],
			"faces": {
				"north": {"uv": [0, 4.1875, 0.21875, 4.375], "texture": "#main"},
				"east": {"uv": [0.28125, 4.125, 0.34375, 4.3125], "texture": "#main"},
				"south": {"uv": [0, 4, 0.21875, 4.1875], "texture": "#main"},
				"west": {"uv": [0.21875, 4.125, 0.28125, 4.3125], "texture": "#main"},
				"up": {"uv": [0.21875, 4, 0.4375, 4.0625], "texture": "#main"},
				"down": {"uv": [0.21875, 4.0625, 0.4375, 4.125], "texture": "#main"}
			}
		},
		{
			"name": "hair",
			"from": [6, 25, 10],
			"to": [10, 29, 11],
			"faces": {
				"north": {"uv": [0.59375, 4.09375, 0.75, 4.1875], "texture": "#main"},
				"east": {"uv": [0.78125, 4.0625, 0.8125, 4.15625], "texture": "#main"},
				"south": {"uv": [0.59375, 4, 0.75, 4.09375], "texture": "#main"},
				"west": {"uv": [0.75, 4.0625, 0.78125, 4.15625], "texture": "#main"},
				"up": {"uv": [0.75, 4, 0.875, 4.03125], "texture": "#main"},
				"down": {"uv": [0.75, 4.03125, 0.875, 4.0625], "texture": "#main"}
			}
		},
		{
			"name": "hair_tails",
			"from": [4, 20, 8],
			"to": [12, 23, 8],
			"faces": {
				"north": {"uv": [0.375, 4.40625, 0, 4.59375], "texture": "#main"},
				"east": {"uv": [0.78125, 4.25, 0.8125, 4.34375], "texture": "#main"},
				"south": {"uv": [0, 4.40625, 0.375, 4.59375], "texture": "#main"},
				"west": {"uv": [0.75, 4.25, 0.78125, 4.34375], "texture": "#main"},
				"up": {"uv": [0.75, 4.1875, 0.875, 4.21875], "texture": "#main"},
				"down": {"uv": [0.75, 4.21875, 0.875, 4.25], "texture": "#main"}
			}
		},
		{
			"name": "hair_tails",
			"from": [5, 22, 10],
			"to": [11, 25, 10],
			"faces": {
				"north": {"uv": [0.78125, 4.21875, 0.46875, 4.40625], "texture": "#main"},
				"east": {"uv": [0.78125, 4.25, 0.8125, 4.34375], "texture": "#main"},
				"south": {"uv": [0.46875, 4.21875, 0.78125, 4.40625], "texture": "#main"},
				"west": {"uv": [0.75, 4.25, 0.78125, 4.34375], "texture": "#main"},
				"up": {"uv": [0.75, 4.1875, 0.875, 4.21875], "texture": "#main"},
				"down": {"uv": [0.75, 4.21875, 0.875, 4.25], "texture": "#main"}
			}
		},
		{
			"name": "hair_tails",
			"from": [6, 23, 11],
			"to": [10, 26, 11],
			"faces": {
				"north": {"uv": [0.46875, 4.40625, 0.71875, 4.59375], "texture": "#main"},
				"east": {"uv": [0.78125, 4.25, 0.8125, 4.34375], "texture": "#main"},
				"south": {"uv": [0.71875, 4.40625, 0.46875, 4.59375], "texture": "#main"},
				"west": {"uv": [0.75, 4.25, 0.78125, 4.34375], "texture": "#main"},
				"up": {"uv": [0.75, 4.1875, 0.875, 4.21875], "texture": "#main"},
				"down": {"uv": [0.75, 4.21875, 0.875, 4.25], "texture": "#main"}
			}
		},
		{
			"name": "left_arm",
			"from": [1, 9, -13],
			"to": [4, 20, -10],
			"rotation": {"angle": 45, "axis": "x", "origin": [0, 0, 0]},
			"faces": {
				"north": {"uv": [1, 5.625, 1.09375, 5.9375], "texture": "#main"},
				"east": {"uv": [1.09375, 5.625, 1.1875, 5.9375], "texture": "#main"},
				"south": {"uv": [1.1875, 5.625, 1.28125, 5.9375], "texture": "#main"},
				"west": {"uv": [1.28125, 5.625, 1.375, 5.9375], "texture": "#main"},
				"up": {"uv": [1.84375, 4.1875, 1.75, 4.09375], "texture": "#main"},
				"down": {"uv": [0.21875, 5.75, 0.125, 5.84375], "texture": "#main"}
			}
		},
		{
			"name": "right_arm",
			"from": [12, 2, 17],
			"to": [15, 13, 20],
			"rotation": {"angle": -45, "axis": "x", "origin": [0, 0, 0]},
			"faces": {
				"north": {"uv": [1.09375, 5.625, 1, 5.9375], "texture": "#main"},
				"east": {"uv": [1.28125, 5.625, 1.375, 5.9375], "texture": "#main"},
				"south": {"uv": [1.28125, 5.625, 1.1875, 5.9375], "texture": "#main"},
				"west": {"uv": [1.09375, 5.625, 1.1875, 5.9375], "texture": "#main"},
				"up": {"uv": [1.75, 4.1875, 1.84375, 4.09375], "texture": "#main"},
				"down": {"uv": [0.21875, 5.75, 0.125, 5.84375], "texture": "#main"}
			}
		},
		{
			"name": "torso",
			"from": [4, 10, 3],
			"to": [12, 23, 7],
			"faces": {
				"north": {"uv": [0.4375, 4.65625, 0.6875, 5.03125], "texture": "#main"},
				"east": {"uv": [0.3125, 5.40625, 0.4375, 5.78125], "texture": "#main"},
				"south": {"uv": [0, 4.71875, 0.25, 5.09375], "texture": "#main"},
				"west": {"uv": [0.4375, 5.5, 0.5625, 5.875], "texture": "#main"},
				"up": {"uv": [0.25, 5.75, 0, 5.625], "texture": "#main"},
				"down": {"uv": [1.875, 4.5, 1.625, 4.625], "texture": "#main"}
			}
		},
		{
			"name": "left_leg",
			"from": [4, -7, 8],
			"to": [8, 4, 12],
			"rotation": {"angle": -45, "axis": "x", "origin": [0, 0, 0]},
			"faces": {
				"north": {"uv": [2.65625, 7.65625, 2.78125, 8], "texture": "#main"},
				"east": {"uv": [2.53125, 7.65625, 2.65625, 8], "texture": "#main"},
				"south": {"uv": [2.40625, 7.65625, 2.53125, 8], "texture": "#main"},
				"west": {"uv": [2.28125, 7.65625, 2.40625, 8], "texture": "#main"},
				"up": {"uv": [2.28125, 7.53125, 2.40625, 7.65625], "texture": "#main"},
				"down": {"uv": [2.65625, 7.53125, 2.78125, 7.65625], "texture": "#main"}
			}
		},
		{
			"name": "right_leg",
			"from": [8, 0, -5],
			"to": [12, 11, -1],
			"rotation": {"angle": 45, "axis": "x", "origin": [0, 0, 0]},
			"faces": {
				"north": {"uv": [2.78125, 7.65625, 2.65625, 8], "texture": "#main"},
				"east": {"uv": [2.40625, 7.65625, 2.28125, 8], "texture": "#main"},
				"south": {"uv": [2.53125, 7.65625, 2.40625, 8], "texture": "#main"},
				"west": {"uv": [2.53125, 7.65625, 2.65625, 8], "texture": "#main"},
				"up": {"uv": [2.28125, 7.53125, 2.40625, 7.65625], "texture": "#main"},
				"down": {"uv": [2.65625, 7.53125, 2.78125, 7.65625], "texture": "#main"}
			}
		},
		{
			"name": "head",
			"from": [4, 23, 2],
			"to": [12, 31, 8],
			"faces": {
				"north": {"uv": [1, 1.1875, 1.25, 1.4375], "texture": "#main"},
				"east": {"uv": [0.25, 0.6875, 0.4375, 0.9375], "texture": "#main"},
				"south": {"uv": [1.25, 0, 1.5, 0.25], "texture": "#main"},
				"west": {"uv": [0.5625, 1.46875, 0.75, 1.71875], "texture": "#main"},
				"up": {"uv": [1, 1.65625, 0.75, 1.46875], "texture": "#main"},
				"down": {"uv": [1.75, 0, 1.5, 0.1875], "texture": "#main"}
			}
		},
		{
			"name": "hair",
			"from": [5, 24, 8],
			"to": [11, 30, 10],
			"faces": {
				"north": {"uv": [0, 0.1875, 0.21875, 0.375], "texture": "#main"},
				"east": {"uv": [0.28125, 0.125, 0.34375, 0.3125], "texture": "#main"},
				"south": {"uv": [0, 0, 0.21875, 0.1875], "texture": "#main"},
				"west": {"uv": [0.21875, 0.125, 0.28125, 0.3125], "texture": "#main"},
				"up": {"uv": [0.21875, 0, 0.4375, 0.0625], "texture": "#main"},
				"down": {"uv": [0.21875, 0.0625, 0.4375, 0.125], "texture": "#main"}
			}
		},
		{
			"name": "hair",
			"from": [6, 25, 10],
			"to": [10, 29, 11],
			"faces": {
				"north": {"uv": [0.59375, 0.09375, 0.75, 0.1875], "texture": "#main"},
				"east": {"uv": [0.78125, 0.0625, 0.8125, 0.15625], "texture": "#main"},
				"south": {"uv": [0.59375, 0, 0.75, 0.09375], "texture": "#main"},
				"west": {"uv": [0.75, 0.0625, 0.78125, 0.15625], "texture": "#main"},
				"up": {"uv": [0.75, 0, 0.875, 0.03125], "texture": "#main"},
				"down": {"uv": [0.75, 0.03125, 0.875, 0.0625], "texture": "#main"}
			}
		},
		{
			"name": "hair_tails",
			"from": [4, 20, 8],
			"to": [12, 23, 8],
			"faces": {
				"north": {"uv": [0.375, 0.40625, 0, 0.59375], "texture": "#main"},
				"east": {"uv": [0.78125, 0.25, 0.8125, 0.34375], "texture": "#main"},
				"south": {"uv": [0, 0.40625, 0.375, 0.59375], "texture": "#main"},
				"west": {"uv": [0.75, 0.25, 0.78125, 0.34375], "texture": "#main"},
				"up": {"uv": [0.75, 0.1875, 0.875, 0.21875], "texture": "#main"},
				"down": {"uv": [0.75, 0.21875, 0.875, 0.25], "texture": "#main"}
			}
		},
		{
			"name": "hair_tails",
			"from": [5, 22, 10],
			"to": [11, 25, 10],
			"faces": {
				"north": {"uv": [0.78125, 0.21875, 0.46875, 0.40625], "texture": "#main"},
				"east": {"uv": [0.78125, 0.25, 0.8125, 0.34375], "texture": "#main"},
				"south": {"uv": [0.46875, 0.21875, 0.78125, 0.40625], "texture": "#main"},
				"west": {"uv": [0.75, 0.25, 0.78125, 0.34375], "texture": "#main"},
				"up": {"uv": [0.75, 0.1875, 0.875, 0.21875], "texture": "#main"},
				"down": {"uv": [0.75, 0.21875, 0.875, 0.25], "texture": "#main"}
			}
		},
		{
			"name": "hair_tails",
			"from": [6, 23, 11],
			"to": [10, 26, 11],
			"faces": {
				"north": {"uv": [0.46875, 0.40625, 0.71875, 0.59375], "texture": "#main"},
				"east": {"uv": [0.78125, 0.25, 0.8125, 0.34375], "texture": "#main"},
				"south": {"uv": [0.71875, 0.40625, 0.46875, 0.59375], "texture": "#main"},
				"west": {"uv": [0.75, 0.25, 0.78125, 0.34375], "texture": "#main"},
				"up": {"uv": [0.75, 0.1875, 0.875, 0.21875], "texture": "#main"},
				"down": {"uv": [0.75, 0.21875, 0.875, 0.25], "texture": "#main"}
			}
		},
		{
			"name": "left_arm",
			"from": [1, 12, 4],
			"to": [4, 23, 7],
			"faces": {
				"north": {"uv": [1, 1.625, 1.09375, 1.9375], "texture": "#main"},
				"east": {"uv": [1.09375, 1.625, 1.1875, 1.9375], "texture": "#main"},
				"south": {"uv": [1.1875, 1.625, 1.28125, 1.9375], "texture": "#main"},
				"west": {"uv": [1.28125, 1.625, 1.375, 1.9375], "texture": "#main"},
				"up": {"uv": [1.84375, 0.1875, 1.75, 0.09375], "texture": "#main"},
				"down": {"uv": [0.21875, 1.75, 0.125, 1.84375], "texture": "#main"}
			}
		},
		{
			"name": "right_arm",
			"from": [12, 12, 4],
			"to": [15, 23, 7],
			"faces": {
				"north": {"uv": [1.09375, 1.625, 1, 1.9375], "texture": "#main"},
				"east": {"uv": [1.28125, 1.625, 1.375, 1.9375], "texture": "#main"},
				"south": {"uv": [1.28125, 1.625, 1.1875, 1.9375], "texture": "#main"},
				"west": {"uv": [1.09375, 1.625, 1.1875, 1.9375], "texture": "#main"},
				"up": {"uv": [1.75, 0.1875, 1.84375, 0.09375], "texture": "#main"},
				"down": {"uv": [0.21875, 1.75, 0.125, 1.84375], "texture": "#main"}
			}
		},
		{
			"name": "torso",
			"from": [4, 10, 3],
			"to": [12, 23, 7],
			"faces": {
				"north": {"uv": [0.4375, 0.65625, 0.6875, 1.03125], "texture": "#main"},
				"east": {"uv": [0.3125, 1.40625, 0.4375, 1.78125], "texture": "#main"},
				"south": {"uv": [0, 0.71875, 0.25, 1.09375], "texture": "#main"},
				"west": {"uv": [0.4375, 1.5, 0.5625, 1.875], "texture": "#main"},
				"up": {"uv": [0.25, 1.75, 0, 1.625], "texture": "#main"},
				"down": {"uv": [1.875, 0.5, 1.625, 0.625], "texture": "#main"}
			}
		},
		{
			"name": "left_leg",
			"from": [4, -1, 3],
			"to": [8, 10, 7],
			"faces": {
				"north": {"uv": [2.65625, 3.65625, 2.78125, 4], "texture": "#main"},
				"east": {"uv": [2.53125, 3.65625, 2.65625, 4], "texture": "#main"},
				"south": {"uv": [2.40625, 3.65625, 2.53125, 4], "texture": "#main"},
				"west": {"uv": [2.28125, 3.65625, 2.40625, 4], "texture": "#main"},
				"up": {"uv": [2.28125, 3.53125, 2.40625, 3.65625], "texture": "#main"},
				"down": {"uv": [2.65625, 3.53125, 2.78125, 3.65625], "texture": "#main"}
			}
		},
		{
			"name": "right_leg",
			"from": [8, -1, 3],
			"to": [12, 10, 7],
			"faces": {
				"north": {"uv": [2.78125, 3.65625, 2.65625, 4], "texture": "#main"},
				"east": {"uv": [2.40625, 3.65625, 2.28125, 4], "texture": "#main"},
				"south": {"uv": [2.53125, 3.65625, 2.40625, 4], "texture": "#main"},
				"west": {"uv": [2.53125, 3.65625, 2.65625, 4], "texture": "#main"},
				"up": {"uv": [2.28125, 3.53125, 2.40625, 3.65625], "texture": "#main"},
				"down": {"uv": [2.65625, 3.53125, 2.78125, 3.65625], "texture": "#main"}
			}
		}
	],
	"display": {
		"gui": {
			"rotation": [0, 160, 0],
			"translation": [0, -3.75, 0],
			"scale": [0.5, 0.5, 0.5]
		},
		"head": {
			"translation": [0, -32.5, 3.5],
			"scale": [1.7, 1.7, 1.7]
		}
	},
	"groups": [
		0,
		1,
		2,
		3,
		4,
		5,
		6,
		7,
		8,
		9,
		10,
		11,
		12,
		13,
		14,
		15,
		16,
		17,
		18,
		19,
		20,
		21,
		22,
		23,
		24,
		25,
		26,
		27,
		28,
		29,
		30,
		31,
		32,
		33,
		34,
		35,
		36,
		37,
		38,
		39,
		40,
		41,
		42,
		43,
		{
			"name": "medusa",
			"origin": [8, 8, 8],
			"color": 0,
			"children": [
				{
					"name": "head",
					"origin": [8, 8, 8],
					"color": 0,
					"children": [44, 45, 46, 47, 48, 49]
				},
				{
					"name": "arms",
					"origin": [8, 8, 8],
					"color": 0,
					"children": [50, 51]
				},
				{
					"name": "body",
					"origin": [8, 8, 8],
					"color": 0,
					"children": [52]
				},
				{
					"name": "legs",
					"origin": [8, 8, 8],
					"color": 0,
					"children": [53, 54]
				}
			]
		}
	]
}