{
	"credit": "Made with Blockbench",
	"textures": {
		"main": "item/medusa/medusa_statue_anim"
	},
	"elements": [
		{
			"name": "head",
			"from": [6, 21, -2],
			"to": [14, 29, 4],
			"rotation": {"angle": -22.5, "axis": "y", "origin": [0, 0, 0]},
			"faces": {
				"north": {"uv": [8.5, 6.0625, 9, 6.5625], "texture": "#main"},
				"east": {"uv": [8.5, 1.375, 8.875, 1.875], "texture": "#main"},
				"south": {"uv": [10.5, 0, 11, 0.5], "texture": "#main"},
				"west": {"uv": [9.125, 2.9375, 9.5, 3.4375], "texture": "#main"},
				"up": {"uv": [10, 3.3125, 9.5, 2.9375], "texture": "#main"},
				"down": {"uv": [11.5, 0, 11, 0.375], "texture": "#main"}
			}
		},
		{
			"name": "snakes_1",
			"from": [3, 22, -1],
			"to": [17, 32, -1],
			"rotation": {"angle": -22.5, "axis": "y", "origin": [0, 0, 0]},
			"faces": {
				"north": {"uv": [13.125, 0, 14.875, 1.25], "texture": "#main"},
				"east": {"uv": [8, 0, 8, 0.625], "texture": "#main"},
				"south": {"uv": [13.125, 0, 14.875, 1.25], "texture": "#main"},
				"west": {"uv": [8, 0, 8, 0.625], "texture": "#main"},
				"up": {"uv": [8.875, 0, 8, 0], "texture": "#main"},
				"down": {"uv": [8.875, 0, 8, 0], "texture": "#main"}
			}
		},
		{
			"name": "snakes_2",
			"from": [3, 21, 1],
			"to": [17, 32, 1],
			"rotation": {"angle": -22.5, "axis": "y", "origin": [0, 0, 0]},
			"faces": {
				"north": {"uv": [13.125, 1.25, 14.875, 2.5], "texture": "#main"},
				"east": {"uv": [8, 0, 8, 0.6875], "texture": "#main"},
				"south": {"uv": [13.125, 1.25, 14.875, 2.5], "texture": "#main"},
				"west": {"uv": [8, 0, 8, 0.6875], "texture": "#main"},
				"up": {"uv": [8.875, 0, 8, 0], "texture": "#main"},
				"down": {"uv": [8.875, 0, 8, 0], "texture": "#main"}
			}
		},
		{
			"name": "snakes_3",
			"from": [7, 21, -1],
			"to": [7, 32, 7],
			"rotation": {"angle": -22.5, "axis": "y", "origin": [0, 0, 0]},
			"faces": {
				"north": {"uv": [8, 0, 8, 0.6875], "texture": "#main"},
				"east": {"uv": [14.0625, 2.5, 13.0625, 3.875], "texture": "#main"},
				"south": {"uv": [8, 0, 8, 0.6875], "texture": "#main"},
				"west": {"uv": [13.0625, 2.5, 14.0625, 3.875], "texture": "#main"},
				"up": {"uv": [8, 0.5, 8, 0], "texture": "#main"},
				"down": {"uv": [8, 0, 8, 0.5], "texture": "#main"}
			}
		},
		{
			"name": "snakes_4",
			"from": [10, 21, -1],
			"to": [10, 32, 7],
			"rotation": {"angle": -22.5, "axis": "y", "origin": [0, 0, 0]},
			"faces": {
				"north": {"uv": [8, 0, 8, 0.6875], "texture": "#main"},
				"east": {"uv": [14, 3.875, 13, 5.25], "texture": "#main"},
				"south": {"uv": [8, 0, 8, 0.6875], "texture": "#main"},
				"west": {"uv": [13, 3.875, 14, 5.25], "texture": "#main"},
				"up": {"uv": [8, 0.5, 8, 0], "texture": "#main"},
				"down": {"uv": [8, 0, 8, 0.5], "texture": "#main"}
			}
		},
		{
			"name": "snakes_5",
			"from": [13, 21, -1],
			"to": [13, 32, 7],
			"rotation": {"angle": -22.5, "axis": "y", "origin": [0, 0, 0]},
			"faces": {
				"north": {"uv": [8, 0, 8, 0.6875], "texture": "#main"},
				"east": {"uv": [14.125, 2.5, 13.125, 3.875], "texture": "#main"},
				"south": {"uv": [8, 0, 8, 0.6875], "texture": "#main"},
				"west": {"uv": [13.125, 2.5, 14.125, 3.875], "texture": "#main"},
				"up": {"uv": [8, 0.5, 8, 0], "texture": "#main"},
				"down": {"uv": [8, 0, 8, 0.5], "texture": "#main"}
			}
		},
		{
			"name": "left_arm",
			"from": [-6, 11, 4],
			"to": [-3, 21, 7],
			"rotation": {"angle": -22.5, "axis": "z", "origin": [0, 0, 0]},
			"faces": {
				"north": {"uv": [10, 3.25, 10.1875, 3.875], "texture": "#main"},
				"east": {"uv": [10.1875, 3.25, 10.375, 3.875], "texture": "#main"},
				"south": {"uv": [10.875, 3.25, 11.0625, 3.875], "texture": "#main"},
				"west": {"uv": [10.5625, 3.25, 10.75, 3.875], "texture": "#main"},
				"up": {"uv": [11.6875, 0.375, 11.5, 0.1875], "texture": "#main"},
				"down": {"uv": [8.4375, 3.5, 8.25, 3.6875], "texture": "#main"}
			}
		},
		{
			"name": "right_arm",
			"from": [12, 18, -8],
			"to": [15, 21, 2],
			"rotation": {"angle": -22.5, "axis": "y", "origin": [0, 0, 0]},
			"faces": {
				"north": {"uv": [8.4375, 3.5, 8.25, 3.6875], "rotation": 180, "texture": "#main"},
				"east": {"uv": [10.5625, 3.25, 10.75, 3.875], "rotation": 270, "texture": "#main"},
				"south": {"uv": [11.5, 0.375, 11.6875, 0.1875], "texture": "#main"},
				"west": {"uv": [10.1875, 3.25, 10.375, 3.875], "rotation": 90, "texture": "#main"},
				"up": {"uv": [10.1875, 3.25, 10, 3.875], "rotation": 180, "texture": "#main"},
				"down": {"uv": [10.5625, 3.25, 10.375, 3.875], "texture": "#main"}
			}
		},
		{
			"name": "torso",
			"from": [4, 9, 3],
			"to": [12, 21, 7],
			"faces": {
				"north": {"uv": [8.875, 1.3125, 9.375, 2.0625], "texture": "#main"},
				"east": {"uv": [8.625, 2.8125, 8.875, 3.5625], "texture": "#main"},
				"south": {"uv": [8, 1.4375, 8.5, 2.1875], "texture": "#main"},
				"west": {"uv": [8.875, 3, 9.125, 3.75], "texture": "#main"},
				"up": {"uv": [8.5, 3.5, 8, 3.25], "texture": "#main"},
				"down": {"uv": [11.75, 1, 11.25, 1.25], "texture": "#main"}
			}
		},
		{
			"name": "belly",
			"from": [3, 7, 2],
			"to": [13, 10, 8],
			"faces": {
				"north": {"uv": [11.25, 1.75, 11.875, 1.9375], "texture": "#main"},
				"east": {"uv": [8.5, 1.875, 8.875, 2.0625], "texture": "#main"},
				"south": {"uv": [11.25, 1.9375, 11.875, 2.125], "texture": "#main"},
				"west": {"uv": [9, 2.0625, 9.375, 2.25], "texture": "#main"},
				"up": {"uv": [11.25, 1.375, 10.625, 1], "texture": "#main"},
				"down": {"uv": [11.25, 1.375, 10.625, 1.75], "texture": "#main"}
			}
		},
		{
			"name": "tail_body",
			"from": [2, 0, 2],
			"to": [14, 7, 10],
			"faces": {
				"north": {"uv": [9.375, 1.25, 10.125, 1.75], "texture": "#main"},
				"east": {"uv": [10.5, 0.5, 11, 1], "texture": "#main"},
				"south": {"uv": [9.75, 0, 10.5, 0.5], "texture": "#main"},
				"west": {"uv": [10.5, 2.375, 11, 2.875], "texture": "#main"},
				"up": {"uv": [10.5, 1, 9.75, 0.5], "texture": "#main"},
				"down": {"uv": [10.125, 1.75, 9.375, 2.25], "texture": "#main"}
			}
		},
		{
			"name": "tail_1",
			"from": [1, 0, 10],
			"to": [11, 6, 16],
			"faces": {
				"north": {"uv": [10.625, 1.75, 11.25, 2.125], "texture": "#main"},
				"east": {"uv": [11, 2.125, 11.375, 2.5], "texture": "#main"},
				"south": {"uv": [8, 2.875, 8.625, 3.25], "texture": "#main"},
				"west": {"uv": [11, 2.5, 11.375, 2.875], "texture": "#main"},
				"up": {"uv": [10.625, 3.25, 10, 2.875], "texture": "#main"},
				"down": {"uv": [11.25, 2.875, 10.625, 3.25], "texture": "#main"}
			}
		},
		{
			"name": "tail_2",
			"from": [0, 0, 16],
			"to": [8, 5, 20],
			"faces": {
				"north": {"uv": [11, 0.375, 11.5, 0.6875], "texture": "#main"},
				"east": {"uv": [9.6875, 3.3125, 9.9375, 3.625], "texture": "#main"},
				"south": {"uv": [11, 0.6875, 11.5, 1], "texture": "#main"},
				"west": {"uv": [9.125, 3.4375, 9.375, 3.75], "texture": "#main"},
				"up": {"uv": [11.75, 1.5, 11.25, 1.25], "texture": "#main"},
				"down": {"uv": [11.75, 1.5, 11.25, 1.75], "texture": "#main"}
			}
		},
		{
			"name": "tail_3",
			"from": [3, 0, 20],
			"to": [9, 4, 24],
			"faces": {
				"north": {"uv": [9.75, 1, 10.125, 1.25], "texture": "#main"},
				"east": {"uv": [11.375, 2.625, 11.625, 2.875], "texture": "#main"},
				"south": {"uv": [10.625, 2.125, 11, 2.375], "texture": "#main"},
				"west": {"uv": [11.4375, 2.875, 11.6875, 3.125], "texture": "#main"},
				"up": {"uv": [11.75, 2.375, 11.375, 2.125], "texture": "#main"},
				"down": {"uv": [11.75, 2.375, 11.375, 2.625], "texture": "#main"}
			}
		},
		{
			"name": "tail_4",
			"from": [6, 0, 24],
			"to": [10, 3, 27],
			"faces": {
				"north": {"uv": [11.4375, 3.125, 11.6875, 3.3125], "texture": "#main"},
				"east": {"uv": [11.5, 0.5625, 11.6875, 0.75], "texture": "#main"},
				"south": {"uv": [11.4375, 3.3125, 11.6875, 3.5], "texture": "#main"},
				"west": {"uv": [11.5, 0.75, 11.6875, 0.9375], "texture": "#main"},
				"up": {"uv": [8.25, 3.6875, 8, 3.5], "texture": "#main"},
				"down": {"uv": [11.75, 0, 11.5, 0.1875], "texture": "#main"}
			}
		},
		{
			"name": "tail_5",
			"from": [8, 0, 27],
			"to": [10, 2, 30],
			"faces": {
				"north": {"uv": [10, 2.25, 10.125, 2.375], "texture": "#main"},
				"east": {"uv": [11.125, 3.5, 11.3125, 3.625], "texture": "#main"},
				"south": {"uv": [8.5, 2.75, 8.625, 2.875], "texture": "#main"},
				"west": {"uv": [11.3125, 3.5, 11.5, 3.625], "texture": "#main"},
				"up": {"uv": [9, 2.9375, 8.875, 2.75], "texture": "#main"},
				"down": {"uv": [8.625, 3.25, 8.5, 3.4375], "texture": "#main"}
			}
		},
		{
			"name": "head",
			"from": [6, 21, -2],
			"to": [14, 29, 4],
			"rotation": {"angle": -22.5, "axis": "y", "origin": [0, 0, 0]},
			"faces": {
				"north": {"uv": [0, 14.0625, 0.5, 14.5625], "texture": "#main"},
				"east": {"uv": [0.5, 9.375, 0.875, 9.875], "texture": "#main"},
				"south": {"uv": [2.5, 8, 3, 8.5], "texture": "#main"},
				"west": {"uv": [1.125, 10.9375, 1.5, 11.4375], "texture": "#main"},
				"up": {"uv": [2, 11.3125, 1.5, 10.9375], "texture": "#main"},
				"down": {"uv": [3.5, 8, 3, 8.375], "texture": "#main"}
			}
		},
		{
			"name": "snakes_1",
			"from": [3, 22, -1],
			"to": [17, 32, -1],
			"rotation": {"angle": -22.5, "axis": "y", "origin": [0, 0, 0]},
			"faces": {
				"north": {"uv": [5.125, 8, 6.875, 9.25], "texture": "#main"},
				"east": {"uv": [0, 8, 0, 8.625], "texture": "#main"},
				"south": {"uv": [5.125, 8, 6.875, 9.25], "texture": "#main"},
				"west": {"uv": [0, 8, 0, 8.625], "texture": "#main"},
				"up": {"uv": [0.875, 8, 0, 8], "texture": "#main"},
				"down": {"uv": [0.875, 8, 0, 8], "texture": "#main"}
			}
		},
		{
			"name": "snakes_2",
			"from": [3, 21, 1],
			"to": [17, 32, 1],
			"rotation": {"angle": -22.5, "axis": "y", "origin": [0, 0, 0]},
			"faces": {
				"north": {"uv": [5.125, 9.25, 6.875, 10.5], "texture": "#main"},
				"east": {"uv": [0, 8, 0, 8.6875], "texture": "#main"},
				"south": {"uv": [5.125, 9.25, 6.875, 10.5], "texture": "#main"},
				"west": {"uv": [0, 8, 0, 8.6875], "texture": "#main"},
				"up": {"uv": [0.875, 8, 0, 8], "texture": "#main"},
				"down": {"uv": [0.875, 8, 0, 8], "texture": "#main"}
			}
		},
		{
			"name": "snakes_3",
			"from": [7, 21, -1],
			"to": [7, 32, 7],
			"rotation": {"angle": -22.5, "axis": "y", "origin": [0, 0, 0]},
			"faces": {
				"north": {"uv": [0, 8, 0, 8.6875], "texture": "#main"},
				"east": {"uv": [6.0625, 10.5, 5.0625, 11.875], "texture": "#main"},
				"south": {"uv": [0, 8, 0, 8.6875], "texture": "#main"},
				"west": {"uv": [5.0625, 10.5, 6.0625, 11.875], "texture": "#main"},
				"up": {"uv": [0, 8.5, 0, 8], "texture": "#main"},
				"down": {"uv": [0, 8, 0, 8.5], "texture": "#main"}
			}
		},
		{
			"name": "snakes_4",
			"from": [10, 21, -1],
			"to": [10, 32, 7],
			"rotation": {"angle": -22.5, "axis": "y", "origin": [0, 0, 0]},
			"faces": {
				"north": {"uv": [0, 8, 0, 8.6875], "texture": "#main"},
				"east": {"uv": [6, 11.875, 5, 13.25], "texture": "#main"},
				"south": {"uv": [0, 8, 0, 8.6875], "texture": "#main"},
				"west": {"uv": [5, 11.875, 6, 13.25], "texture": "#main"},
				"up": {"uv": [0, 8.5, 0, 8], "texture": "#main"},
				"down": {"uv": [0, 8, 0, 8.5], "texture": "#main"}
			}
		},
		{
			"name": "snakes_5",
			"from": [13, 21, -1],
			"to": [13, 32, 7],
			"rotation": {"angle": -22.5, "axis": "y", "origin": [0, 0, 0]},
			"faces": {
				"north": {"uv": [0, 8, 0, 8.6875], "texture": "#main"},
				"east": {"uv": [6.125, 10.5, 5.125, 11.875], "texture": "#main"},
				"south": {"uv": [0, 8, 0, 8.6875], "texture": "#main"},
				"west": {"uv": [5.125, 10.5, 6.125, 11.875], "texture": "#main"},
				"up": {"uv": [0, 8.5, 0, 8], "texture": "#main"},
				"down": {"uv": [0, 8, 0, 8.5], "texture": "#main"}
			}
		},
		{
			"name": "left_arm",
			"from": [-6, 11, 4],
			"to": [-3, 21, 7],
			"rotation": {"angle": -22.5, "axis": "z", "origin": [0, 0, 0]},
			"faces": {
				"north": {"uv": [2, 11.25, 2.1875, 11.875], "texture": "#main"},
				"east": {"uv": [2.1875, 11.25, 2.375, 11.875], "texture": "#main"},
				"south": {"uv": [2.875, 11.25, 3.0625, 11.875], "texture": "#main"},
				"west": {"uv": [2.5625, 11.25, 2.75, 11.875], "texture": "#main"},
				"up": {"uv": [3.6875, 8.375, 3.5, 8.1875], "texture": "#main"},
				"down": {"uv": [0.4375, 11.5, 0.25, 11.6875], "texture": "#main"}
			}
		},
		{
			"name": "right_arm",
			"from": [12, 18, -8],
			"to": [15, 21, 2],
			"rotation": {"angle": -22.5, "axis": "y", "origin": [0, 0, 0]},
			"faces": {
				"north": {"uv": [0.4375, 11.5, 0.25, 11.6875], "rotation": 180, "texture": "#main"},
				"east": {"uv": [2.5625, 11.25, 2.75, 11.875], "rotation": 270, "texture": "#main"},
				"south": {"uv": [3.5, 8.375, 3.6875, 8.1875], "texture": "#main"},
				"west": {"uv": [2.1875, 11.25, 2.375, 11.875], "rotation": 90, "texture": "#main"},
				"up": {"uv": [2.1875, 11.25, 2, 11.875], "rotation": 180, "texture": "#main"},
				"down": {"uv": [2.5625, 11.25, 2.375, 11.875], "texture": "#main"}
			}
		},
		{
			"name": "torso",
			"from": [4, 9, 3],
			"to": [12, 21, 7],
			"faces": {
				"north": {"uv": [0.875, 9.3125, 1.375, 10.0625], "texture": "#main"},
				"east": {"uv": [0.625, 10.8125, 0.875, 11.5625], "texture": "#main"},
				"south": {"uv": [0, 9.4375, 0.5, 10.1875], "texture": "#main"},
				"west": {"uv": [0.875, 11, 1.125, 11.75], "texture": "#main"},
				"up": {"uv": [0.5, 11.5, 0, 11.25], "texture": "#main"},
				"down": {"uv": [3.75, 9, 3.25, 9.25], "texture": "#main"}
			}
		},
		{
			"name": "belly",
			"from": [3, 7, 2],
			"to": [13, 10, 8],
			"faces": {
				"north": {"uv": [3.25, 9.75, 3.875, 9.9375], "texture": "#main"},
				"east": {"uv": [0.5, 9.875, 0.875, 10.0625], "texture": "#main"},
				"south": {"uv": [3.25, 9.9375, 3.875, 10.125], "texture": "#main"},
				"west": {"uv": [1, 10.0625, 1.375, 10.25], "texture": "#main"},
				"up": {"uv": [3.25, 9.375, 2.625, 9], "texture": "#main"},
				"down": {"uv": [3.25, 9.375, 2.625, 9.75], "texture": "#main"}
			}
		},
		{
			"name": "tail_body",
			"from": [2, 0, 2],
			"to": [14, 7, 10],
			"faces": {
				"north": {"uv": [1.375, 9.25, 2.125, 9.75], "texture": "#main"},
				"east": {"uv": [2.5, 8.5, 3, 9], "texture": "#main"},
				"south": {"uv": [1.75, 8, 2.5, 8.5], "texture": "#main"},
				"west": {"uv": [2.5, 10.375, 3, 10.875], "texture": "#main"},
				"up": {"uv": [2.5, 9, 1.75, 8.5], "texture": "#main"},
				"down": {"uv": [2.125, 9.75, 1.375, 10.25], "texture": "#main"}
			}
		},
		{
			"name": "tail_1",
			"from": [1, 0, 10],
			"to": [11, 6, 16],
			"faces": {
				"north": {"uv": [2.625, 9.75, 3.25, 10.125], "texture": "#main"},
				"east": {"uv": [3, 10.125, 3.375, 10.5], "texture": "#main"},
				"south": {"uv": [0, 10.875, 0.625, 11.25], "texture": "#main"},
				"west": {"uv": [3, 10.5, 3.375, 10.875], "texture": "#main"},
				"up": {"uv": [2.625, 11.25, 2, 10.875], "texture": "#main"},
				"down": {"uv": [3.25, 10.875, 2.625, 11.25], "texture": "#main"}
			}
		},
		{
			"name": "tail_2",
			"from": [0, 0, 16],
			"to": [8, 5, 20],
			"faces": {
				"north": {"uv": [3, 8.375, 3.5, 8.6875], "texture": "#main"},
				"east": {"uv": [1.6875, 11.3125, 1.9375, 11.625], "texture": "#main"},
				"south": {"uv": [3, 8.6875, 3.5, 9], "texture": "#main"},
				"west": {"uv": [1.125, 11.4375, 1.375, 11.75], "texture": "#main"},
				"up": {"uv": [3.75, 9.5, 3.25, 9.25], "texture": "#main"},
				"down": {"uv": [3.75, 9.5, 3.25, 9.75], "texture": "#main"}
			}
		},
		{
			"name": "tail_3",
			"from": [3, 0, 20],
			"to": [9, 4, 24],
			"faces": {
				"north": {"uv": [1.75, 9, 2.125, 9.25], "texture": "#main"},
				"east": {"uv": [3.375, 10.625, 3.625, 10.875], "texture": "#main"},
				"south": {"uv": [2.625, 10.125, 3, 10.375], "texture": "#main"},
				"west": {"uv": [3.4375, 10.875, 3.6875, 11.125], "texture": "#main"},
				"up": {"uv": [3.75, 10.375, 3.375, 10.125], "texture": "#main"},
				"down": {"uv": [3.75, 10.375, 3.375, 10.625], "texture": "#main"}
			}
		},
		{
			"name": "tail_4",
			"from": [6, 0, 24],
			"to": [10, 3, 27],
			"faces": {
				"north": {"uv": [3.4375, 11.125, 3.6875, 11.3125], "texture": "#main"},
				"east": {"uv": [3.5, 8.5625, 3.6875, 8.75], "texture": "#main"},
				"south": {"uv": [3.4375, 11.3125, 3.6875, 11.5], "texture": "#main"},
				"west": {"uv": [3.5, 8.75, 3.6875, 8.9375], "texture": "#main"},
				"up": {"uv": [0.25, 11.6875, 0, 11.5], "texture": "#main"},
				"down": {"uv": [3.75, 8, 3.5, 8.1875], "texture": "#main"}
			}
		},
		{
			"name": "tail_5",
			"from": [8, 0, 27],
			"to": [10, 2, 30],
			"faces": {
				"north": {"uv": [2, 10.25, 2.125, 10.375], "texture": "#main"},
				"east": {"uv": [3.125, 11.5, 3.3125, 11.625], "texture": "#main"},
				"south": {"uv": [0.5, 10.75, 0.625, 10.875], "texture": "#main"},
				"west": {"uv": [3.3125, 11.5, 3.5, 11.625], "texture": "#main"},
				"up": {"uv": [1, 10.9375, 0.875, 10.75], "texture": "#main"},
				"down": {"uv": [0.625, 11.25, 0.5, 11.4375], "texture": "#main"}
			}
		},
		{
			"name": "head",
			"from": [6, 21, -2],
			"to": [14, 29, 4],
			"rotation": {"angle": -22.5, "axis": "y", "origin": [0, 0, 0]},
			"faces": {
				"north": {"uv": [2, 2.375, 2.5, 2.875], "texture": "#main"},
				"east": {"uv": [0.5, 1.375, 0.875, 1.875], "texture": "#main"},
				"south": {"uv": [2.5, 0, 3, 0.5], "texture": "#main"},
				"west": {"uv": [1.125, 2.9375, 1.5, 3.4375], "texture": "#main"},
				"up": {"uv": [2, 3.3125, 1.5, 2.9375], "texture": "#main"},
				"down": {"uv": [3.5, 0, 3, 0.375], "texture": "#main"}
			}
		},
		{
			"name": "snakes_1",
			"from": [3, 22, -1],
			"to": [17, 32, -1],
			"rotation": {"angle": -22.5, "axis": "y", "origin": [0, 0, 0]},
			"faces": {
				"north": {"uv": [5.125, 0, 6.875, 1.25], "texture": "#main"},
				"east": {"uv": [0, 0, 0, 0.625], "texture": "#main"},
				"south": {"uv": [5.125, 0, 6.875, 1.25], "texture": "#main"},
				"west": {"uv": [0, 0, 0, 0.625], "texture": "#main"},
				"up": {"uv": [0.875, 0, 0, 0], "texture": "#main"},
				"down": {"uv": [0.875, 0, 0, 0], "texture": "#main"}
			}
		},
		{
			"name": "snakes_2",
			"from": [3, 21, 1],
			"to": [17, 32, 1],
			"rotation": {"angle": -22.5, "axis": "y", "origin": [0, 0, 0]},
			"faces": {
				"north": {"uv": [5.125, 1.25, 6.875, 2.5], "texture": "#main"},
				"east": {"uv": [0, 0, 0, 0.6875], "texture": "#main"},
				"south": {"uv": [5.125, 1.25, 6.875, 2.5], "texture": "#main"},
				"west": {"uv": [0, 0, 0, 0.6875], "texture": "#main"},
				"up": {"uv": [0.875, 0, 0, 0], "texture": "#main"},
				"down": {"uv": [0.875, 0, 0, 0], "texture": "#main"}
			}
		},
		{
			"name": "snakes_3",
			"from": [7, 21, -1],
			"to": [7, 32, 7],
			"rotation": {"angle": -22.5, "axis": "y", "origin": [0, 0, 0]},
			"faces": {
				"north": {"uv": [0, 0, 0, 0.6875], "texture": "#main"},
				"east": {"uv": [6.0625, 2.5, 5.0625, 3.875], "texture": "#main"},
				"south": {"uv": [0, 0, 0, 0.6875], "texture": "#main"},
				"west": {"uv": [5.0625, 2.5, 6.0625, 3.875], "texture": "#main"},
				"up": {"uv": [0, 0.5, 0, 0], "texture": "#main"},
				"down": {"uv": [0, 0, 0, 0.5], "texture": "#main"}
			}
		},
		{
			"name": "snakes_4",
			"from": [10, 21, -1],
			"to": [10, 32, 7],
			"rotation": {"angle": -22.5, "axis": "y", "origin": [0, 0, 0]},
			"faces": {
				"north": {"uv": [0, 0, 0, 0.6875], "texture": "#main"},
				"east": {"uv": [6, 3.875, 5, 5.25], "texture": "#main"},
				"south": {"uv": [0, 0, 0, 0.6875], "texture": "#main"},
				"west": {"uv": [5, 3.875, 6, 5.25], "texture": "#main"},
				"up": {"uv": [0, 0.5, 0, 0], "texture": "#main"},
				"down": {"uv": [0, 0, 0, 0.5], "texture": "#main"}
			}
		},
		{
			"name": "snakes_5",
			"from": [13, 21, -1],
			"to": [13, 32, 7],
			"rotation": {"angle": -22.5, "axis": "y", "origin": [0, 0, 0]},
			"faces": {
				"north": {"uv": [0, 0, 0, 0.6875], "texture": "#main"},
				"east": {"uv": [6.125, 2.5, 5.125, 3.875], "texture": "#main"},
				"south": {"uv": [0, 0, 0, 0.6875], "texture": "#main"},
				"west": {"uv": [5.125, 2.5, 6.125, 3.875], "texture": "#main"},
				"up": {"uv": [0, 0.5, 0, 0], "texture": "#main"},
				"down": {"uv": [0, 0, 0, 0.5], "texture": "#main"}
			}
		},
		{
			"name": "left_arm",
			"from": [-6, 11, 4],
			"to": [-3, 21, 7],
			"rotation": {"angle": -22.5, "axis": "z", "origin": [0, 0, 0]},
			"faces": {
				"north": {"uv": [2, 3.25, 2.1875, 3.875], "texture": "#main"},
				"east": {"uv": [2.1875, 3.25, 2.375, 3.875], "texture": "#main"},
				"south": {"uv": [2.875, 3.25, 3.0625, 3.875], "texture": "#main"},
				"west": {"uv": [2.5625, 3.25, 2.75, 3.875], "texture": "#main"},
				"up": {"uv": [3.6875, 0.375, 3.5, 0.1875], "texture": "#main"},
				"down": {"uv": [0.4375, 3.5, 0.25, 3.6875], "texture": "#main"}
			}
		},
		{
			"name": "right_arm",
			"from": [12, 18, -8],
			"to": [15, 21, 2],
			"rotation": {"angle": -22.5, "axis": "y", "origin": [0, 0, 0]},
			"faces": {
				"north": {"uv": [0.4375, 3.5, 0.25, 3.6875], "rotation": 180, "texture": "#main"},
				"east": {"uv": [2.5625, 3.25, 2.75, 3.875], "rotation": 270, "texture": "#main"},
				"south": {"uv": [3.5, 0.375, 3.6875, 0.1875], "texture": "#main"},
				"west": {"uv": [2.1875, 3.25, 2.375, 3.875], "rotation": 90, "texture": "#main"},
				"up": {"uv": [2.1875, 3.25, 2, 3.875], "rotation": 180, "texture": "#main"},
				"down": {"uv": [2.5625, 3.25, 2.375, 3.875], "texture": "#main"}
			}
		},
		{
			"name": "torso",
			"from": [4, 9, 3],
			"to": [12, 21, 7],
			"faces": {
				"north": {"uv": [0.875, 1.3125, 1.375, 2.0625], "texture": "#main"},
				"east": {"uv": [0.625, 2.8125, 0.875, 3.5625], "texture": "#main"},
				"south": {"uv": [0, 1.4375, 0.5, 2.1875], "texture": "#main"},
				"west": {"uv": [0.875, 3, 1.125, 3.75], "texture": "#main"},
				"up": {"uv": [0.5, 3.5, 0, 3.25], "texture": "#main"},
				"down": {"uv": [3.75, 1, 3.25, 1.25], "texture": "#main"}
			}
		},
		{
			"name": "belly",
			"from": [3, 7, 2],
			"to": [13, 10, 8],
			"faces": {
				"north": {"uv": [3.25, 1.75, 3.875, 1.9375], "texture": "#main"},
				"east": {"uv": [0.5, 1.875, 0.875, 2.0625], "texture": "#main"},
				"south": {"uv": [3.25, 1.9375, 3.875, 2.125], "texture": "#main"},
				"west": {"uv": [1, 2.0625, 1.375, 2.25], "texture": "#main"},
				"up": {"uv": [3.25, 1.375, 2.625, 1], "texture": "#main"},
				"down": {"uv": [3.25, 1.375, 2.625, 1.75], "texture": "#main"}
			}
		},
		{
			"name": "tail_body",
			"from": [2, 0, 2],
			"to": [14, 7, 10],
			"faces": {
				"north": {"uv": [1.375, 1.25, 2.125, 1.75], "texture": "#main"},
				"east": {"uv": [2.5, 0.5, 3, 1], "texture": "#main"},
				"south": {"uv": [1.75, 0, 2.5, 0.5], "texture": "#main"},
				"west": {"uv": [2.5, 2.375, 3, 2.875], "texture": "#main"},
				"up": {"uv": [2.5, 1, 1.75, 0.5], "texture": "#main"},
				"down": {"uv": [2.125, 1.75, 1.375, 2.25], "texture": "#main"}
			}
		},
		{
			"name": "tail_1",
			"from": [1, 0, 10],
			"to": [11, 6, 16],
			"faces": {
				"north": {"uv": [2.625, 1.75, 3.25, 2.125], "texture": "#main"},
				"east": {"uv": [3, 2.125, 3.375, 2.5], "texture": "#main"},
				"south": {"uv": [0, 2.875, 0.625, 3.25], "texture": "#main"},
				"west": {"uv": [3, 2.5, 3.375, 2.875], "texture": "#main"},
				"up": {"uv": [2.625, 3.25, 2, 2.875], "texture": "#main"},
				"down": {"uv": [3.25, 2.875, 2.625, 3.25], "texture": "#main"}
			}
		},
		{
			"name": "tail_2",
			"from": [0, 0, 16],
			"to": [8, 5, 20],
			"faces": {
				"north": {"uv": [3, 0.375, 3.5, 0.6875], "texture": "#main"},
				"east": {"uv": [1.6875, 3.3125, 1.9375, 3.625], "texture": "#main"},
				"south": {"uv": [3, 0.6875, 3.5, 1], "texture": "#main"},
				"west": {"uv": [1.125, 3.4375, 1.375, 3.75], "texture": "#main"},
				"up": {"uv": [3.75, 1.5, 3.25, 1.25], "texture": "#main"},
				"down": {"uv": [3.75, 1.5, 3.25, 1.75], "texture": "#main"}
			}
		},
		{
			"name": "tail_3",
			"from": [3, 0, 20],
			"to": [9, 4, 24],
			"faces": {
				"north": {"uv": [1.75, 1, 2.125, 1.25], "texture": "#main"},
				"east": {"uv": [3.375, 2.625, 3.625, 2.875], "texture": "#main"},
				"south": {"uv": [2.625, 2.125, 3, 2.375], "texture": "#main"},
				"west": {"uv": [3.4375, 2.875, 3.6875, 3.125], "texture": "#main"},
				"up": {"uv": [3.75, 2.375, 3.375, 2.125], "texture": "#main"},
				"down": {"uv": [3.75, 2.375, 3.375, 2.625], "texture": "#main"}
			}
		},
		{
			"name": "tail_4",
			"from": [6, 0, 24],
			"to": [10, 3, 27],
			"faces": {
				"north": {"uv": [3.4375, 3.125, 3.6875, 3.3125], "texture": "#main"},
				"east": {"uv": [3.5, 0.5625, 3.6875, 0.75], "texture": "#main"},
				"south": {"uv": [3.4375, 3.3125, 3.6875, 3.5], "texture": "#main"},
				"west": {"uv": [3.5, 0.75, 3.6875, 0.9375], "texture": "#main"},
				"up": {"uv": [0.25, 3.6875, 0, 3.5], "texture": "#main"},
				"down": {"uv": [3.75, 0, 3.5, 0.1875], "texture": "#main"}
			}
		},
		{
			"name": "tail_5",
			"from": [8, 0, 27],
			"to": [10, 2, 30],
			"faces": {
				"north": {"uv": [2, 2.25, 2.125, 2.375], "texture": "#main"},
				"east": {"uv": [3.125, 3.5, 3.3125, 3.625], "texture": "#main"},
				"south": {"uv": [0.5, 2.75, 0.625, 2.875], "texture": "#main"},
				"west": {"uv": [3.3125, 3.5, 3.5, 3.625], "texture": "#main"},
				"up": {"uv": [1, 2.9375, 0.875, 2.75], "texture": "#main"},
				"down": {"uv": [0.625, 3.25, 0.5, 3.4375], "texture": "#main"}
			}
		}
	],
	"gui_light": "front",
	"display": {
		"thirdperson_righthand": {
			"rotation": [60, 0, 0],
			"translation": [0, -2, 0],
			"scale": [0.4, 0.4, 0.4]
		},
		"thirdperson_lefthand": {
			"rotation": [60, 0, 0],
			"translation": [0, -2, 0],
			"scale": [0.4, 0.4, 0.4]
		},
		"firstperson_righthand": {
			"translation": [3.75, -1.75, 0],
			"scale": [0.33, 0.33, 0.33]
		},
		"firstperson_lefthand": {
			"translation": [3.75, -1.75, 0],
			"scale": [0.33, 0.33, 0.33]
		},
		"ground": {
			"scale": [0.33, 0.33, 0.33]
		},
		"gui": {
			"rotation": [0, -180, 0],
			"translation": [0, -3.75, 0],
			"scale": [0.45, 0.45, 0.45]
		},
		"head": {
			"translation": [0, -28.75, 4.5],
			"scale": [1.9, 1.9, 1.9]
		},
		"fixed": {
			"rotation": [-90, 0, 0],
			"translation": [0, -2.5, -4.5],
			"scale": [0.5, 0.5, 0.5]
		}
	},
	"groups": [
		0,
		1,
		2,
		3,
		4,
		5,
		6,
		7,
		8,
		9,
		10,
		11,
		12,
		13,
		14,
		15,
		16,
		17,
		18,
		19,
		20,
		21,
		22,
		23,
		24,
		25,
		26,
		27,
		28,
		29,
		30,
		31,
		{
			"name": "medusa",
			"origin": [8, 8, 8],
			"color": 0,
			"children": [
				{
					"name": "head",
					"origin": [8, 8, 8],
					"color": 0,
					"children": [32, 33, 34, 35, 36, 37]
				},
				{
					"name": "arms",
					"origin": [8, 8, 8],
					"color": 0,
					"children": [38, 39]
				},
				{
					"name": "body",
					"origin": [8, 8, 8],
					"color": 0,
					"children": [40, 41]
				},
				{
					"name": "tail",
					"origin": [8, 8, 8],
					"color": 0,
					"children": [42, 43, 44, 45, 46, 47]
				}
			]
		}
	]
}