{
	"credit": "Made with Blockbench",
	"textures": {
		"1": "item/medusa/medusa_hurt",
		"2": "item/medusa/medusa_petrified",
		"particle": "item/medusa/medusa_petrified"
	},
	"elements": [
		{
			"name": "head",
			"from": [6, 21, 0],
			"to": [14, 29, 6],
			"rotation": {"angle": -22.5, "axis": "y", "origin": [0, 0, 0]},
			"faces": {
				"north": {"uv": [4, 4.75, 5, 5.75], "texture": "#1"},
				"east": {"uv": [1, 2.75, 1.75, 3.75], "texture": "#1"},
				"south": {"uv": [5, 0, 6, 1], "texture": "#1"},
				"west": {"uv": [2.25, 5.875, 3, 6.875], "texture": "#1"},
				"up": {"uv": [4, 6.625, 3, 5.875], "texture": "#1"},
				"down": {"uv": [7, 0, 6, 0.75], "texture": "#1"}
			}
		},
		{
			"name": "snakes_1",
			"from": [3, 22, 1],
			"to": [17, 32, 1],
			"rotation": {"angle": -22.5, "axis": "y", "origin": [0, 0, 0]},
			"faces": {
				"north": {"uv": [10.25, 0, 13.75, 2.5], "texture": "#2"},
				"east": {"uv": [0, 0, 0, 1.25], "texture": "#2"},
				"south": {"uv": [10.25, 0, 13.75, 2.5], "texture": "#2"},
				"west": {"uv": [0, 0, 0, 1.25], "texture": "#2"},
				"up": {"uv": [1.75, 0, 0, 0], "texture": "#2"},
				"down": {"uv": [1.75, 0, 0, 0], "texture": "#2"}
			}
		},
		{
			"name": "snakes_2",
			"from": [3, 21, 3],
			"to": [17, 32, 3],
			"rotation": {"angle": -22.5, "axis": "y", "origin": [0, 0, 0]},
			"faces": {
				"north": {"uv": [10.25, 2.5, 13.75, 5], "texture": "#2"},
				"east": {"uv": [0, 0, 0, 1.375], "texture": "#2"},
				"south": {"uv": [10.25, 2.5, 13.75, 5], "texture": "#2"},
				"west": {"uv": [0, 0, 0, 1.375], "texture": "#2"},
				"up": {"uv": [1.75, 0, 0, 0], "texture": "#2"},
				"down": {"uv": [1.75, 0, 0, 0], "texture": "#2"}
			}
		},
		{
			"name": "snakes_3",
			"from": [7, 21, 1],
			"to": [7, 32, 9],
			"rotation": {"angle": -22.5, "axis": "y", "origin": [0, 0, 0]},
			"faces": {
				"north": {"uv": [0, 0, 0, 1.375], "texture": "#2"},
				"east": {"uv": [12.125, 5, 10.125, 7.75], "texture": "#2"},
				"south": {"uv": [0, 0, 0, 1.375], "texture": "#2"},
				"west": {"uv": [10.125, 5, 12.125, 7.75], "texture": "#2"},
				"up": {"uv": [0, 1, 0, 0], "texture": "#2"},
				"down": {"uv": [0, 0, 0, 1], "texture": "#2"}
			}
		},
		{
			"name": "snakes_4",
			"from": [10, 21, 1],
			"to": [10, 32, 9],
			"rotation": {"angle": -22.5, "axis": "y", "origin": [0, 0, 0]},
			"faces": {
				"north": {"uv": [0, 0, 0, 1.375], "texture": "#2"},
				"east": {"uv": [12, 7.75, 10, 10.5], "texture": "#2"},
				"south": {"uv": [0, 0, 0, 1.375], "texture": "#2"},
				"west": {"uv": [10, 7.75, 12, 10.5], "texture": "#2"},
				"up": {"uv": [0, 1, 0, 0], "texture": "#2"},
				"down": {"uv": [0, 0, 0, 1], "texture": "#2"}
			}
		},
		{
			"name": "snakes_5",
			"from": [13, 21, 1],
			"to": [13, 32, 9],
			"rotation": {"angle": -22.5, "axis": "y", "origin": [0, 0, 0]},
			"faces": {
				"north": {"uv": [0, 0, 0, 1.375], "texture": "#2"},
				"east": {"uv": [12.25, 5, 10.25, 7.75], "texture": "#2"},
				"south": {"uv": [0, 0, 0, 1.375], "texture": "#2"},
				"west": {"uv": [10.25, 5, 12.25, 7.75], "texture": "#2"},
				"up": {"uv": [0, 1, 0, 0], "texture": "#2"},
				"down": {"uv": [0, 0, 0, 1], "texture": "#2"}
			}
		},
		{
			"name": "left_arm",
			"from": [1, 7, 12],
			"to": [4, 17, 15],
			"rotation": {"angle": -22.5, "axis": "x", "origin": [0, 0, 0]},
			"faces": {
				"north": {"uv": [4, 6.5, 4.375, 7.75], "texture": "#1"},
				"east": {"uv": [4.375, 6.5, 4.75, 7.75], "texture": "#1"},
				"south": {"uv": [4.75, 6.5, 5.125, 7.75], "texture": "#1"},
				"west": {"uv": [5.125, 6.5, 5.5, 7.75], "texture": "#1"},
				"up": {"uv": [7.375, 0.75, 7, 0.375], "texture": "#1"},
				"down": {"uv": [0.875, 7, 0.5, 7.375], "texture": "#1"}
			}
		},
		{
			"name": "right_arm",
			"from": [12, 12, -3],
			"to": [15, 22, 0],
			"rotation": {"angle": 22.5, "axis": "x", "origin": [0, 0, 0]},
			"faces": {
				"north": {"uv": [4.375, 6.5, 4, 7.75], "texture": "#1"},
				"east": {"uv": [5.125, 6.5, 5.5, 7.75], "texture": "#1"},
				"south": {"uv": [5.125, 6.5, 4.75, 7.75], "texture": "#1"},
				"west": {"uv": [4.375, 6.5, 4.75, 7.75], "texture": "#1"},
				"up": {"uv": [7, 0.75, 7.375, 0.375], "texture": "#1"},
				"down": {"uv": [0.875, 7, 0.5, 7.375], "texture": "#1"}
			}
		},
		{
			"name": "torso",
			"from": [4, 9, 4],
			"to": [12, 21, 8],
			"faces": {
				"north": {"uv": [1.75, 2.625, 2.75, 4.125], "texture": "#1"},
				"east": {"uv": [1.25, 5.625, 1.75, 7.125], "texture": "#1"},
				"south": {"uv": [0, 2.875, 1, 4.375], "texture": "#1"},
				"west": {"uv": [1.75, 6, 2.25, 7.5], "texture": "#1"},
				"up": {"uv": [1, 7, 0, 6.5], "texture": "#1"},
				"down": {"uv": [7.5, 2, 6.5, 2.5], "texture": "#1"}
			}
		},
		{
			"name": "belly",
			"from": [3, 7, 3],
			"to": [13, 10, 9],
			"faces": {
				"north": {"uv": [6.5, 3.5, 7.75, 3.875], "texture": "#1"},
				"east": {"uv": [1, 3.75, 1.75, 4.125], "texture": "#1"},
				"south": {"uv": [6.5, 3.875, 7.75, 4.25], "texture": "#1"},
				"west": {"uv": [2, 4.125, 2.75, 4.5], "texture": "#1"},
				"up": {"uv": [6.5, 2.75, 5.25, 2], "texture": "#1"},
				"down": {"uv": [6.5, 2.75, 5.25, 3.5], "texture": "#1"}
			}
		},
		{
			"name": "tail_body",
			"from": [2, 0, 2],
			"to": [14, 7, 10],
			"faces": {
				"north": {"uv": [2.75, 2.5, 4.25, 3.5], "texture": "#2"},
				"east": {"uv": [5, 1, 6, 2], "texture": "#2"},
				"south": {"uv": [3.5, 0, 5, 1], "texture": "#2"},
				"west": {"uv": [5, 4.75, 6, 5.75], "texture": "#2"},
				"up": {"uv": [5, 2, 3.5, 1], "texture": "#2"},
				"down": {"uv": [4.25, 3.5, 2.75, 4.5], "texture": "#2"}
			}
		},
		{
			"name": "tail_1",
			"from": [1, 0, 10],
			"to": [11, 6, 16],
			"faces": {
				"north": {"uv": [5.25, 3.5, 6.5, 4.25], "texture": "#2"},
				"east": {"uv": [6, 4.25, 6.75, 5], "texture": "#2"},
				"south": {"uv": [0, 5.75, 1.25, 6.5], "texture": "#2"},
				"west": {"uv": [6, 5, 6.75, 5.75], "texture": "#2"},
				"up": {"uv": [5.25, 6.5, 4, 5.75], "texture": "#2"},
				"down": {"uv": [6.5, 5.75, 5.25, 6.5], "texture": "#2"}
			}
		},
		{
			"name": "tail_2",
			"from": [0, 0, 16],
			"to": [8, 5, 20],
			"faces": {
				"north": {"uv": [6, 0.75, 7, 1.375], "texture": "#2"},
				"east": {"uv": [3.375, 6.625, 3.875, 7.25], "texture": "#2"},
				"south": {"uv": [6, 1.375, 7, 2], "texture": "#2"},
				"west": {"uv": [2.25, 6.875, 2.75, 7.5], "texture": "#2"},
				"up": {"uv": [7.5, 3, 6.5, 2.5], "texture": "#2"},
				"down": {"uv": [7.5, 3, 6.5, 3.5], "texture": "#2"}
			}
		},
		{
			"name": "tail_3",
			"from": [3, 0, 20],
			"to": [9, 4, 24],
			"faces": {
				"north": {"uv": [3.5, 2, 4.25, 2.5], "texture": "#1"},
				"east": {"uv": [6.75, 5.25, 7.25, 5.75], "texture": "#1"},
				"south": {"uv": [5.25, 4.25, 6, 4.75], "texture": "#1"},
				"west": {"uv": [6.875, 5.75, 7.375, 6.25], "texture": "#1"},
				"up": {"uv": [7.5, 4.75, 6.75, 4.25], "texture": "#1"},
				"down": {"uv": [7.5, 4.75, 6.75, 5.25], "texture": "#1"}
			}
		},
		{
			"name": "tail_4",
			"from": [6, 0, 24],
			"to": [10, 3, 27],
			"faces": {
				"north": {"uv": [6.875, 6.25, 7.375, 6.625], "texture": "#1"},
				"east": {"uv": [7, 1.125, 7.375, 1.5], "texture": "#1"},
				"south": {"uv": [6.875, 6.625, 7.375, 7], "texture": "#1"},
				"west": {"uv": [7, 1.5, 7.375, 1.875], "texture": "#1"},
				"up": {"uv": [0.5, 7.375, 0, 7], "texture": "#1"},
				"down": {"uv": [7.5, 0, 7, 0.375], "texture": "#1"}
			}
		},
		{
			"name": "tail_5",
			"from": [8, 0, 27],
			"to": [10, 2, 30],
			"faces": {
				"north": {"uv": [4, 4.5, 4.25, 4.75], "texture": "#1"},
				"east": {"uv": [6.25, 7, 6.625, 7.25], "texture": "#1"},
				"south": {"uv": [1, 5.5, 1.25, 5.75], "texture": "#1"},
				"west": {"uv": [6.625, 7, 7, 7.25], "texture": "#1"},
				"up": {"uv": [2, 5.875, 1.75, 5.5], "texture": "#1"},
				"down": {"uv": [1.25, 6.5, 1, 6.875], "texture": "#1"}
			}
		}
	],
	"display": {
		"head": {
			"translation": [0, -31, 4],
			"scale": [1.8, 1.8, 1.8]
		}
	},
	"groups": [
		{
			"name": "medusa",
			"origin": [8, 8, 8],
			"color": 0,
			"children": [
				{
					"name": "head",
					"origin": [8, 8, 8],
					"color": 0,
					"children": [0, 1, 2, 3, 4, 5]
				},
				{
					"name": "arms",
					"origin": [8, 8, 8],
					"color": 0,
					"children": [6, 7]
				},
				{
					"name": "body",
					"origin": [8, 8, 8],
					"color": 0,
					"children": [8, 9]
				},
				{
					"name": "tail",
					"origin": [8, 8, 8],
					"color": 0,
					"children": [10, 11, 12, 13, 14, 15]
				}
			]
		}
	]
}