{
	"credit": "Made with Blockbench",
	"textures": {
		"main": "item/medusa/medusa_walking_anim"
	},
	"elements": [
		{
			"name": "head",
			"from": [4, 21, -2],
			"to": [12, 29, 4],
			"faces": {
				"north": {"uv": [5, 1.1875, 5.25, 1.4375], "texture": "#main"},
				"east": {"uv": [4.25, 0.6875, 4.4375, 0.9375], "texture": "#main"},
				"south": {"uv": [5.25, 0, 5.5, 0.25], "texture": "#main"},
				"west": {"uv": [4.5625, 1.46875, 4.75, 1.71875], "texture": "#main"},
				"up": {"uv": [5, 1.65625, 4.75, 1.46875], "texture": "#main"},
				"down": {"uv": [5.75, 0, 5.5, 0.1875], "texture": "#main"}
			}
		},
		{
			"name": "snakes_1",
			"from": [1, 22, -1],
			"to": [15, 32, -1],
			"faces": {
				"north": {"uv": [7.4375, 0, 6.5625, 0.625], "texture": "#main"},
				"east": {"uv": [4, 0, 4, 0.3125], "texture": "#main"},
				"south": {"uv": [7.4375, 0, 6.5625, 0.625], "texture": "#main"},
				"west": {"uv": [4, 0, 4, 0.3125], "texture": "#main"},
				"up": {"uv": [4.4375, 0, 4, 0], "texture": "#main"},
				"down": {"uv": [4.4375, 0, 4, 0], "texture": "#main"}
			}
		},
		{
			"name": "snakes_2",
			"from": [1, 21, 1],
			"to": [15, 32, 1],
			"faces": {
				"north": {"uv": [7.4375, 0.625, 6.5625, 1.25], "texture": "#main"},
				"east": {"uv": [4, 0, 4, 0.34375], "texture": "#main"},
				"south": {"uv": [7.4375, 0.625, 6.5625, 1.25], "texture": "#main"},
				"west": {"uv": [4, 0, 4, 0.34375], "texture": "#main"},
				"up": {"uv": [4.4375, 0, 4, 0], "texture": "#main"},
				"down": {"uv": [4.4375, 0, 4, 0], "texture": "#main"}
			}
		},
		{
			"name": "snakes_3",
			"from": [5, 21, -1],
			"to": [5, 32, 7],
			"faces": {
				"north": {"uv": [4, 0, 4, 0.34375], "texture": "#main"},
				"east": {"uv": [7.0625, 1.25, 6.5625, 1.9375], "texture": "#main"},
				"south": {"uv": [4, 0, 4, 0.34375], "texture": "#main"},
				"west": {"uv": [6.5625, 1.25, 7.0625, 1.9375], "texture": "#main"},
				"up": {"uv": [4, 0.25, 4, 0], "texture": "#main"},
				"down": {"uv": [4, 0, 4, 0.25], "texture": "#main"}
			}
		},
		{
			"name": "snakes_4",
			"from": [8, 21, -1],
			"to": [8, 32, 7],
			"faces": {
				"north": {"uv": [4, 0, 4, 0.34375], "texture": "#main"},
				"east": {"uv": [7, 1.9375, 6.5, 2.625], "texture": "#main"},
				"south": {"uv": [4, 0, 4, 0.34375], "texture": "#main"},
				"west": {"uv": [6.5, 1.9375, 7, 2.625], "texture": "#main"},
				"up": {"uv": [4, 0.25, 4, 0], "texture": "#main"},
				"down": {"uv": [4, 0, 4, 0.25], "texture": "#main"}
			}
		},
		{
			"name": "snakes_5",
			"from": [11, 21, -1],
			"to": [11, 32, 7],
			"faces": {
				"north": {"uv": [4, 0, 4, 0.34375], "texture": "#main"},
				"east": {"uv": [7.0625, 1.25, 6.5625, 1.9375], "texture": "#main"},
				"south": {"uv": [4, 0, 4, 0.34375], "texture": "#main"},
				"west": {"uv": [6.5625, 1.25, 7.0625, 1.9375], "texture": "#main"},
				"up": {"uv": [4, 0.25, 4, 0], "texture": "#main"},
				"down": {"uv": [4, 0, 4, 0.25], "texture": "#main"}
			}
		},
		{
			"name": "left_arm",
			"from": [1, 11, 0],
			"to": [4, 21, 3],
			"faces": {
				"north": {"uv": [5, 1.625, 5.09375, 1.9375], "texture": "#main"},
				"east": {"uv": [5.09375, 1.625, 5.1875, 1.9375], "texture": "#main"},
				"south": {"uv": [5.1875, 1.625, 5.28125, 1.9375], "texture": "#main"},
				"west": {"uv": [5.28125, 1.625, 5.375, 1.9375], "texture": "#main"},
				"up": {"uv": [5.84375, 0.1875, 5.75, 0.09375], "texture": "#main"},
				"down": {"uv": [4.21875, 1.75, 4.125, 1.84375], "texture": "#main"}
			}
		},
		{
			"name": "right_arm",
			"from": [12, 11, 0],
			"to": [15, 21, 3],
			"faces": {
				"north": {"uv": [5.09375, 1.625, 5, 1.9375], "texture": "#main"},
				"east": {"uv": [5.28125, 1.625, 5.375, 1.9375], "texture": "#main"},
				"south": {"uv": [5.28125, 1.625, 5.1875, 1.9375], "texture": "#main"},
				"west": {"uv": [5.09375, 1.625, 5.1875, 1.9375], "texture": "#main"},
				"up": {"uv": [5.75, 0.1875, 5.84375, 0.09375], "texture": "#main"},
				"down": {"uv": [4.21875, 1.75, 4.125, 1.84375], "texture": "#main"}
			}
		},
		{
			"name": "torso",
			"from": [4, 9, -1],
			"to": [12, 21, 3],
			"faces": {
				"north": {"uv": [4.4375, 0.65625, 4.6875, 1.03125], "texture": "#main"},
				"east": {"uv": [4.3125, 1.40625, 4.4375, 1.78125], "texture": "#main"},
				"south": {"uv": [4, 0.71875, 4.25, 1.09375], "texture": "#main"},
				"west": {"uv": [4.4375, 1.5, 4.5625, 1.875], "texture": "#main"},
				"up": {"uv": [4.25, 1.75, 4, 1.625], "texture": "#main"},
				"down": {"uv": [5.875, 0.5, 5.625, 0.625], "texture": "#main"}
			}
		},
		{
			"name": "belly",
			"from": [3, 7, 0],
			"to": [13, 10, 6],
			"faces": {
				"north": {"uv": [5.625, 0.875, 5.9375, 0.96875], "texture": "#main"},
				"east": {"uv": [4.25, 0.9375, 4.4375, 1.03125], "texture": "#main"},
				"south": {"uv": [5.625, 0.96875, 5.9375, 1.0625], "texture": "#main"},
				"west": {"uv": [4.5, 1.03125, 4.6875, 1.125], "texture": "#main"},
				"up": {"uv": [5.625, 0.6875, 5.3125, 0.5], "texture": "#main"},
				"down": {"uv": [5.625, 0.6875, 5.3125, 0.875], "texture": "#main"}
			}
		},
		{
			"name": "tail_body",
			"from": [1, 0, 1],
			"to": [13, 7, 9],
			"faces": {
				"north": {"uv": [4.6875, 0.625, 5.0625, 0.875], "texture": "#main"},
				"east": {"uv": [5.25, 0.25, 5.5, 0.5], "texture": "#main"},
				"south": {"uv": [4.875, 0, 5.25, 0.25], "texture": "#main"},
				"west": {"uv": [5.25, 1.1875, 5.5, 1.4375], "texture": "#main"},
				"up": {"uv": [5.25, 0.5, 4.875, 0.25], "texture": "#main"},
				"down": {"uv": [5.0625, 0.875, 4.6875, 1.125], "texture": "#main"}
			}
		},
		{
			"name": "tail_1",
			"from": [1, 0, 9],
			"to": [11, 6, 15],
			"faces": {
				"north": {"uv": [5.3125, 0.875, 5.625, 1.0625], "texture": "#main"},
				"east": {"uv": [5.5, 1.0625, 5.6875, 1.25], "texture": "#main"},
				"south": {"uv": [4, 1.4375, 4.3125, 1.625], "texture": "#main"},
				"west": {"uv": [5.5, 1.25, 5.6875, 1.4375], "texture": "#main"},
				"up": {"uv": [5.3125, 1.625, 5, 1.4375], "texture": "#main"},
				"down": {"uv": [5.625, 1.4375, 5.3125, 1.625], "texture": "#main"}
			}
		},
		{
			"name": "tail_2",
			"from": [1, 0, 15],
			"to": [9, 5, 19],
			"faces": {
				"north": {"uv": [5.5, 0.1875, 5.75, 0.34375], "texture": "#main"},
				"east": {"uv": [4.84375, 1.65625, 4.96875, 1.8125], "texture": "#main"},
				"south": {"uv": [5.5, 0.34375, 5.75, 0.5], "texture": "#main"},
				"west": {"uv": [4.5625, 1.71875, 4.6875, 1.875], "texture": "#main"},
				"up": {"uv": [5.875, 0.75, 5.625, 0.625], "texture": "#main"},
				"down": {"uv": [5.875, 0.75, 5.625, 0.875], "texture": "#main"}
			}
		},
		{
			"name": "tail_3",
			"from": [1, 0, 19],
			"to": [7, 4, 23],
			"faces": {
				"north": {"uv": [4.875, 0.5, 5.0625, 0.625], "texture": "#main"},
				"east": {"uv": [5.6875, 1.3125, 5.8125, 1.4375], "texture": "#main"},
				"south": {"uv": [5.3125, 1.0625, 5.5, 1.1875], "texture": "#main"},
				"west": {"uv": [5.71875, 1.4375, 5.84375, 1.5625], "texture": "#main"},
				"up": {"uv": [5.875, 1.1875, 5.6875, 1.0625], "texture": "#main"},
				"down": {"uv": [5.875, 1.1875, 5.6875, 1.3125], "texture": "#main"}
			}
		},
		{
			"name": "tail_4",
			"from": [1, 0, 23],
			"to": [5, 3, 26],
			"faces": {
				"north": {"uv": [5.71875, 1.5625, 5.84375, 1.65625], "texture": "#main"},
				"east": {"uv": [5.75, 0.28125, 5.84375, 0.375], "texture": "#main"},
				"south": {"uv": [5.71875, 1.65625, 5.84375, 1.75], "texture": "#main"},
				"west": {"uv": [5.75, 0.375, 5.84375, 0.46875], "texture": "#main"},
				"up": {"uv": [4.125, 1.84375, 4, 1.75], "texture": "#main"},
				"down": {"uv": [5.875, 0, 5.75, 0.09375], "texture": "#main"}
			}
		},
		{
			"name": "tail_5",
			"from": [1, 0, 26],
			"to": [3, 2, 29],
			"faces": {
				"north": {"uv": [5, 1.125, 5.0625, 1.1875], "texture": "#main"},
				"east": {"uv": [5.5625, 1.75, 5.65625, 1.8125], "texture": "#main"},
				"south": {"uv": [4.25, 1.375, 4.3125, 1.4375], "texture": "#main"},
				"west": {"uv": [5.65625, 1.75, 5.75, 1.8125], "texture": "#main"},
				"up": {"uv": [4.5, 1.46875, 4.4375, 1.375], "texture": "#main"},
				"down": {"uv": [4.3125, 1.625, 4.25, 1.71875], "texture": "#main"}
			}
		},
		{
			"name": "head",
			"from": [4, 21, -2],
			"to": [12, 29, 4],
			"faces": {
				"north": {"uv": [9, 1.1875, 9.25, 1.4375], "texture": "#main"},
				"east": {"uv": [8.25, 0.6875, 8.4375, 0.9375], "texture": "#main"},
				"south": {"uv": [9.25, 0, 9.5, 0.25], "texture": "#main"},
				"west": {"uv": [8.5625, 1.46875, 8.75, 1.71875], "texture": "#main"},
				"up": {"uv": [9, 1.65625, 8.75, 1.46875], "texture": "#main"},
				"down": {"uv": [9.75, 0, 9.5, 0.1875], "texture": "#main"}
			}
		},
		{
			"name": "snakes_1",
			"from": [1, 22, -1],
			"to": [15, 32, -1],
			"faces": {
				"north": {"uv": [11.4375, 0, 10.5625, 0.625], "texture": "#main"},
				"east": {"uv": [8, 0, 8, 0.3125], "texture": "#main"},
				"south": {"uv": [11.4375, 0, 10.5625, 0.625], "texture": "#main"},
				"west": {"uv": [8, 0, 8, 0.3125], "texture": "#main"},
				"up": {"uv": [8.4375, 0, 8, 0], "texture": "#main"},
				"down": {"uv": [8.4375, 0, 8, 0], "texture": "#main"}
			}
		},
		{
			"name": "snakes_2",
			"from": [1, 21, 1],
			"to": [15, 32, 1],
			"faces": {
				"north": {"uv": [11.4375, 0.625, 10.5625, 1.25], "texture": "#main"},
				"east": {"uv": [8, 0, 8, 0.34375], "texture": "#main"},
				"south": {"uv": [11.4375, 0.625, 10.5625, 1.25], "texture": "#main"},
				"west": {"uv": [8, 0, 8, 0.34375], "texture": "#main"},
				"up": {"uv": [8.4375, 0, 8, 0], "texture": "#main"},
				"down": {"uv": [8.4375, 0, 8, 0], "texture": "#main"}
			}
		},
		{
			"name": "snakes_3",
			"from": [5, 21, -1],
			"to": [5, 32, 7],
			"faces": {
				"north": {"uv": [8, 0, 8, 0.34375], "texture": "#main"},
				"east": {"uv": [11.0625, 1.25, 10.5625, 1.9375], "texture": "#main"},
				"south": {"uv": [8, 0, 8, 0.34375], "texture": "#main"},
				"west": {"uv": [10.5625, 1.25, 11.0625, 1.9375], "texture": "#main"},
				"up": {"uv": [8, 0.25, 8, 0], "texture": "#main"},
				"down": {"uv": [8, 0, 8, 0.25], "texture": "#main"}
			}
		},
		{
			"name": "snakes_4",
			"from": [8, 21, -1],
			"to": [8, 32, 7],
			"faces": {
				"north": {"uv": [8, 0, 8, 0.34375], "texture": "#main"},
				"east": {"uv": [11, 1.9375, 10.5, 2.625], "texture": "#main"},
				"south": {"uv": [8, 0, 8, 0.34375], "texture": "#main"},
				"west": {"uv": [10.5, 1.9375, 11, 2.625], "texture": "#main"},
				"up": {"uv": [8, 0.25, 8, 0], "texture": "#main"},
				"down": {"uv": [8, 0, 8, 0.25], "texture": "#main"}
			}
		},
		{
			"name": "snakes_5",
			"from": [11, 21, -1],
			"to": [11, 32, 7],
			"faces": {
				"north": {"uv": [8, 0, 8, 0.34375], "texture": "#main"},
				"east": {"uv": [11.0625, 1.25, 10.5625, 1.9375], "texture": "#main"},
				"south": {"uv": [8, 0, 8, 0.34375], "texture": "#main"},
				"west": {"uv": [10.5625, 1.25, 11.0625, 1.9375], "texture": "#main"},
				"up": {"uv": [8, 0.25, 8, 0], "texture": "#main"},
				"down": {"uv": [8, 0, 8, 0.25], "texture": "#main"}
			}
		},
		{
			"name": "left_arm",
			"from": [1, 11, 0],
			"to": [4, 21, 3],
			"faces": {
				"north": {"uv": [9, 1.625, 9.09375, 1.9375], "texture": "#main"},
				"east": {"uv": [9.09375, 1.625, 9.1875, 1.9375], "texture": "#main"},
				"south": {"uv": [9.1875, 1.625, 9.28125, 1.9375], "texture": "#main"},
				"west": {"uv": [9.28125, 1.625, 9.375, 1.9375], "texture": "#main"},
				"up": {"uv": [9.84375, 0.1875, 9.75, 0.09375], "texture": "#main"},
				"down": {"uv": [8.21875, 1.75, 8.125, 1.84375], "texture": "#main"}
			}
		},
		{
			"name": "right_arm",
			"from": [12, 11, 0],
			"to": [15, 21, 3],
			"faces": {
				"north": {"uv": [9.09375, 1.625, 9, 1.9375], "texture": "#main"},
				"east": {"uv": [9.28125, 1.625, 9.375, 1.9375], "texture": "#main"},
				"south": {"uv": [9.28125, 1.625, 9.1875, 1.9375], "texture": "#main"},
				"west": {"uv": [9.09375, 1.625, 9.1875, 1.9375], "texture": "#main"},
				"up": {"uv": [9.75, 0.1875, 9.84375, 0.09375], "texture": "#main"},
				"down": {"uv": [8.21875, 1.75, 8.125, 1.84375], "texture": "#main"}
			}
		},
		{
			"name": "torso",
			"from": [4, 9, -1],
			"to": [12, 21, 3],
			"faces": {
				"north": {"uv": [8.4375, 0.65625, 8.6875, 1.03125], "texture": "#main"},
				"east": {"uv": [8.3125, 1.40625, 8.4375, 1.78125], "texture": "#main"},
				"south": {"uv": [8, 0.71875, 8.25, 1.09375], "texture": "#main"},
				"west": {"uv": [8.4375, 1.5, 8.5625, 1.875], "texture": "#main"},
				"up": {"uv": [8.25, 1.75, 8, 1.625], "texture": "#main"},
				"down": {"uv": [9.875, 0.5, 9.625, 0.625], "texture": "#main"}
			}
		},
		{
			"name": "belly",
			"from": [3, 7, 0],
			"to": [13, 10, 6],
			"faces": {
				"north": {"uv": [9.625, 0.875, 9.9375, 0.96875], "texture": "#main"},
				"east": {"uv": [8.25, 0.9375, 8.4375, 1.03125], "texture": "#main"},
				"south": {"uv": [9.625, 0.96875, 9.9375, 1.0625], "texture": "#main"},
				"west": {"uv": [8.5, 1.03125, 8.6875, 1.125], "texture": "#main"},
				"up": {"uv": [9.625, 0.6875, 9.3125, 0.5], "texture": "#main"},
				"down": {"uv": [9.625, 0.6875, 9.3125, 0.875], "texture": "#main"}
			}
		},
		{
			"name": "tail_body",
			"from": [1, 0, 1],
			"to": [13, 7, 9],
			"faces": {
				"north": {"uv": [8.6875, 0.625, 9.0625, 0.875], "texture": "#main"},
				"east": {"uv": [9.25, 0.25, 9.5, 0.5], "texture": "#main"},
				"south": {"uv": [8.875, 0, 9.25, 0.25], "texture": "#main"},
				"west": {"uv": [9.25, 1.1875, 9.5, 1.4375], "texture": "#main"},
				"up": {"uv": [9.25, 0.5, 8.875, 0.25], "texture": "#main"},
				"down": {"uv": [9.0625, 0.875, 8.6875, 1.125], "texture": "#main"}
			}
		},
		{
			"name": "tail_1",
			"from": [0, 0, 9],
			"to": [10, 6, 15],
			"faces": {
				"north": {"uv": [9.3125, 0.875, 9.625, 1.0625], "texture": "#main"},
				"east": {"uv": [9.5, 1.0625, 9.6875, 1.25], "texture": "#main"},
				"south": {"uv": [8, 1.4375, 8.3125, 1.625], "texture": "#main"},
				"west": {"uv": [9.5, 1.25, 9.6875, 1.4375], "texture": "#main"},
				"up": {"uv": [9.3125, 1.625, 9, 1.4375], "texture": "#main"},
				"down": {"uv": [9.625, 1.4375, 9.3125, 1.625], "texture": "#main"}
			}
		},
		{
			"name": "tail_2",
			"from": [-1, 0, 15],
			"to": [7, 5, 19],
			"faces": {
				"north": {"uv": [9.5, 0.1875, 9.75, 0.34375], "texture": "#main"},
				"east": {"uv": [8.84375, 1.65625, 8.96875, 1.8125], "texture": "#main"},
				"south": {"uv": [9.5, 0.34375, 9.75, 0.5], "texture": "#main"},
				"west": {"uv": [8.5625, 1.71875, 8.6875, 1.875], "texture": "#main"},
				"up": {"uv": [9.875, 0.75, 9.625, 0.625], "texture": "#main"},
				"down": {"uv": [9.875, 0.75, 9.625, 0.875], "texture": "#main"}
			}
		},
		{
			"name": "tail_3",
			"from": [-2, 0, 19],
			"to": [4, 4, 23],
			"faces": {
				"north": {"uv": [8.875, 0.5, 9.0625, 0.625], "texture": "#main"},
				"east": {"uv": [9.6875, 1.3125, 9.8125, 1.4375], "texture": "#main"},
				"south": {"uv": [9.3125, 1.0625, 9.5, 1.1875], "texture": "#main"},
				"west": {"uv": [9.71875, 1.4375, 9.84375, 1.5625], "texture": "#main"},
				"up": {"uv": [9.875, 1.1875, 9.6875, 1.0625], "texture": "#main"},
				"down": {"uv": [9.875, 1.1875, 9.6875, 1.3125], "texture": "#main"}
			}
		},
		{
			"name": "tail_4",
			"from": [-3, 0, 23],
			"to": [1, 3, 26],
			"faces": {
				"north": {"uv": [9.71875, 1.5625, 9.84375, 1.65625], "texture": "#main"},
				"east": {"uv": [9.75, 0.28125, 9.84375, 0.375], "texture": "#main"},
				"south": {"uv": [9.71875, 1.65625, 9.84375, 1.75], "texture": "#main"},
				"west": {"uv": [9.75, 0.375, 9.84375, 0.46875], "texture": "#main"},
				"up": {"uv": [8.125, 1.84375, 8, 1.75], "texture": "#main"},
				"down": {"uv": [9.875, 0, 9.75, 0.09375], "texture": "#main"}
			}
		},
		{
			"name": "tail_5",
			"from": [-4, 0, 26],
			"to": [-2, 2, 29],
			"faces": {
				"north": {"uv": [9, 1.125, 9.0625, 1.1875], "texture": "#main"},
				"east": {"uv": [9.5625, 1.75, 9.65625, 1.8125], "texture": "#main"},
				"south": {"uv": [8.25, 1.375, 8.3125, 1.4375], "texture": "#main"},
				"west": {"uv": [9.65625, 1.75, 9.75, 1.8125], "texture": "#main"},
				"up": {"uv": [8.5, 1.46875, 8.4375, 1.375], "texture": "#main"},
				"down": {"uv": [8.3125, 1.625, 8.25, 1.71875], "texture": "#main"}
			}
		},
		{
			"name": "head",
			"from": [4, 21, -2],
			"to": [12, 29, 4],
			"faces": {
				"north": {"uv": [13, 1.1875, 13.25, 1.4375], "texture": "#main"},
				"east": {"uv": [12.25, 0.6875, 12.4375, 0.9375], "texture": "#main"},
				"south": {"uv": [13.25, 0, 13.5, 0.25], "texture": "#main"},
				"west": {"uv": [12.5625, 1.46875, 12.75, 1.71875], "texture": "#main"},
				"up": {"uv": [13, 1.65625, 12.75, 1.46875], "texture": "#main"},
				"down": {"uv": [13.75, 0, 13.5, 0.1875], "texture": "#main"}
			}
		},
		{
			"name": "snakes_1",
			"from": [1, 22, 1],
			"to": [15, 32, 1],
			"faces": {
				"north": {"uv": [12.9375, 2.03125, 13.8125, 2.65625], "texture": "#main"},
				"east": {"uv": [12, 0, 12, 0.34375], "texture": "#main"},
				"south": {"uv": [13.8125, 2.03125, 12.9375, 2.65625], "texture": "#main"},
				"west": {"uv": [12, 0, 12, 0.34375], "texture": "#main"},
				"up": {"uv": [12.4375, 0, 12, 0], "texture": "#main"},
				"down": {"uv": [12.4375, 0, 12, 0], "texture": "#main"}
			}
		},
		{
			"name": "snakes_2",
			"from": [1, 21, -1],
			"to": [15, 32, -1],
			"faces": {
				"north": {"uv": [12, 2.03125, 12.875, 2.65625], "texture": "#main"},
				"east": {"uv": [12, 0, 12, 0.3125], "texture": "#main"},
				"south": {"uv": [12.875, 2.03125, 12, 2.65625], "texture": "#main"},
				"west": {"uv": [12, 0, 12, 0.3125], "texture": "#main"},
				"up": {"uv": [12.4375, 0, 12, 0], "texture": "#main"},
				"down": {"uv": [12.4375, 0, 12, 0], "texture": "#main"}
			}
		},
		{
			"name": "snakes_3",
			"from": [5, 21, -1],
			"to": [5, 32, 7],
			"faces": {
				"north": {"uv": [12, 0, 12, 0.34375], "texture": "#main"},
				"east": {"uv": [15.0625, 1.25, 14.5625, 1.9375], "texture": "#main"},
				"south": {"uv": [12, 0, 12, 0.34375], "texture": "#main"},
				"west": {"uv": [14.5625, 1.25, 15.0625, 1.9375], "texture": "#main"},
				"up": {"uv": [12, 0.25, 12, 0], "texture": "#main"},
				"down": {"uv": [12, 0, 12, 0.25], "texture": "#main"}
			}
		},
		{
			"name": "snakes_4",
			"from": [8, 21, -1],
			"to": [8, 32, 7],
			"faces": {
				"north": {"uv": [12, 0, 12, 0.34375], "texture": "#main"},
				"east": {"uv": [15, 1.9375, 14.5, 2.625], "texture": "#main"},
				"south": {"uv": [12, 0, 12, 0.34375], "texture": "#main"},
				"west": {"uv": [14.5, 1.9375, 15, 2.625], "texture": "#main"},
				"up": {"uv": [12, 0.25, 12, 0], "texture": "#main"},
				"down": {"uv": [12, 0, 12, 0.25], "texture": "#main"}
			}
		},
		{
			"name": "snakes_5",
			"from": [11, 21, -1],
			"to": [11, 32, 7],
			"faces": {
				"north": {"uv": [12, 0, 12, 0.34375], "texture": "#main"},
				"east": {"uv": [15.0625, 1.25, 14.5625, 1.9375], "texture": "#main"},
				"south": {"uv": [12, 0, 12, 0.34375], "texture": "#main"},
				"west": {"uv": [14.5625, 1.25, 15.0625, 1.9375], "texture": "#main"},
				"up": {"uv": [12, 0.25, 12, 0], "texture": "#main"},
				"down": {"uv": [12, 0, 12, 0.25], "texture": "#main"}
			}
		},
		{
			"name": "left_arm",
			"from": [1, 11, 0],
			"to": [4, 21, 3],
			"faces": {
				"north": {"uv": [13, 1.625, 13.09375, 1.9375], "texture": "#main"},
				"east": {"uv": [13.09375, 1.625, 13.1875, 1.9375], "texture": "#main"},
				"south": {"uv": [13.1875, 1.625, 13.28125, 1.9375], "texture": "#main"},
				"west": {"uv": [13.28125, 1.625, 13.375, 1.9375], "texture": "#main"},
				"up": {"uv": [13.84375, 0.1875, 13.75, 0.09375], "texture": "#main"},
				"down": {"uv": [12.21875, 1.75, 12.125, 1.84375], "texture": "#main"}
			}
		},
		{
			"name": "right_arm",
			"from": [12, 11, 0],
			"to": [15, 21, 3],
			"faces": {
				"north": {"uv": [13.09375, 1.625, 13, 1.9375], "texture": "#main"},
				"east": {"uv": [13.28125, 1.625, 13.375, 1.9375], "texture": "#main"},
				"south": {"uv": [13.28125, 1.625, 13.1875, 1.9375], "texture": "#main"},
				"west": {"uv": [13.09375, 1.625, 13.1875, 1.9375], "texture": "#main"},
				"up": {"uv": [13.75, 0.1875, 13.84375, 0.09375], "texture": "#main"},
				"down": {"uv": [12.21875, 1.75, 12.125, 1.84375], "texture": "#main"}
			}
		},
		{
			"name": "torso",
			"from": [4, 9, -1],
			"to": [12, 21, 3],
			"faces": {
				"north": {"uv": [12.4375, 0.65625, 12.6875, 1.03125], "texture": "#main"},
				"east": {"uv": [12.3125, 1.40625, 12.4375, 1.78125], "texture": "#main"},
				"south": {"uv": [12, 0.71875, 12.25, 1.09375], "texture": "#main"},
				"west": {"uv": [12.4375, 1.5, 12.5625, 1.875], "texture": "#main"},
				"up": {"uv": [12.25, 1.75, 12, 1.625], "texture": "#main"},
				"down": {"uv": [13.875, 0.5, 13.625, 0.625], "texture": "#main"}
			}
		},
		{
			"name": "belly",
			"from": [3, 7, 0],
			"to": [13, 10, 6],
			"faces": {
				"north": {"uv": [13.625, 0.875, 13.9375, 0.96875], "texture": "#main"},
				"east": {"uv": [12.25, 0.9375, 12.4375, 1.03125], "texture": "#main"},
				"south": {"uv": [13.625, 0.96875, 13.9375, 1.0625], "texture": "#main"},
				"west": {"uv": [12.5, 1.03125, 12.6875, 1.125], "texture": "#main"},
				"up": {"uv": [13.625, 0.6875, 13.3125, 0.5], "texture": "#main"},
				"down": {"uv": [13.625, 0.6875, 13.3125, 0.875], "texture": "#main"}
			}
		},
		{
			"name": "tail_body",
			"from": [2, 0, 1],
			"to": [14, 7, 9],
			"faces": {
				"north": {"uv": [12.6875, 0.625, 13.0625, 0.875], "texture": "#main"},
				"east": {"uv": [13.25, 0.25, 13.5, 0.5], "texture": "#main"},
				"south": {"uv": [12.875, 0, 13.25, 0.25], "texture": "#main"},
				"west": {"uv": [13.25, 1.1875, 13.5, 1.4375], "texture": "#main"},
				"up": {"uv": [13.25, 0.5, 12.875, 0.25], "texture": "#main"},
				"down": {"uv": [13.0625, 0.875, 12.6875, 1.125], "texture": "#main"}
			}
		},
		{
			"name": "tail_1",
			"from": [3, 0, 9],
			"to": [13, 6, 15],
			"faces": {
				"north": {"uv": [13.3125, 0.875, 13.625, 1.0625], "texture": "#main"},
				"east": {"uv": [13.5, 1.0625, 13.6875, 1.25], "texture": "#main"},
				"south": {"uv": [12, 1.4375, 12.3125, 1.625], "texture": "#main"},
				"west": {"uv": [13.5, 1.25, 13.6875, 1.4375], "texture": "#main"},
				"up": {"uv": [13.3125, 1.625, 13, 1.4375], "texture": "#main"},
				"down": {"uv": [13.625, 1.4375, 13.3125, 1.625], "texture": "#main"}
			}
		},
		{
			"name": "tail_2",
			"from": [4, 0, 15],
			"to": [12, 5, 19],
			"faces": {
				"north": {"uv": [13.5, 0.1875, 13.75, 0.34375], "texture": "#main"},
				"east": {"uv": [12.84375, 1.65625, 12.96875, 1.8125], "texture": "#main"},
				"south": {"uv": [13.5, 0.34375, 13.75, 0.5], "texture": "#main"},
				"west": {"uv": [12.5625, 1.71875, 12.6875, 1.875], "texture": "#main"},
				"up": {"uv": [13.875, 0.75, 13.625, 0.625], "texture": "#main"},
				"down": {"uv": [13.875, 0.75, 13.625, 0.875], "texture": "#main"}
			}
		},
		{
			"name": "tail_3",
			"from": [5, 0, 19],
			"to": [11, 4, 23],
			"faces": {
				"north": {"uv": [12.875, 0.5, 13.0625, 0.625], "texture": "#main"},
				"east": {"uv": [13.6875, 1.3125, 13.8125, 1.4375], "texture": "#main"},
				"south": {"uv": [13.3125, 1.0625, 13.5, 1.1875], "texture": "#main"},
				"west": {"uv": [13.71875, 1.4375, 13.84375, 1.5625], "texture": "#main"},
				"up": {"uv": [13.875, 1.1875, 13.6875, 1.0625], "texture": "#main"},
				"down": {"uv": [13.875, 1.1875, 13.6875, 1.3125], "texture": "#main"}
			}
		},
		{
			"name": "tail_4",
			"from": [6, 0, 23],
			"to": [10, 3, 26],
			"faces": {
				"north": {"uv": [13.71875, 1.5625, 13.84375, 1.65625], "texture": "#main"},
				"east": {"uv": [13.75, 0.28125, 13.84375, 0.375], "texture": "#main"},
				"south": {"uv": [13.71875, 1.65625, 13.84375, 1.75], "texture": "#main"},
				"west": {"uv": [13.75, 0.375, 13.84375, 0.46875], "texture": "#main"},
				"up": {"uv": [12.125, 1.84375, 12, 1.75], "texture": "#main"},
				"down": {"uv": [13.875, 0, 13.75, 0.09375], "texture": "#main"}
			}
		},
		{
			"name": "tail_5",
			"from": [7, 0, 26],
			"to": [9, 2, 29],
			"faces": {
				"north": {"uv": [13, 1.125, 13.0625, 1.1875], "texture": "#main"},
				"east": {"uv": [13.5625, 1.75, 13.65625, 1.8125], "texture": "#main"},
				"south": {"uv": [12.25, 1.375, 12.3125, 1.4375], "texture": "#main"},
				"west": {"uv": [13.65625, 1.75, 13.75, 1.8125], "texture": "#main"},
				"up": {"uv": [12.5, 1.46875, 12.4375, 1.375], "texture": "#main"},
				"down": {"uv": [12.3125, 1.625, 12.25, 1.71875], "texture": "#main"}
			}
		},
		{
			"name": "head",
			"from": [4, 21, -2],
			"to": [12, 29, 4],
			"faces": {
				"north": {"uv": [1, 5.1875, 1.25, 5.4375], "texture": "#main"},
				"east": {"uv": [0.25, 4.6875, 0.4375, 4.9375], "texture": "#main"},
				"south": {"uv": [1.25, 4, 1.5, 4.25], "texture": "#main"},
				"west": {"uv": [0.5625, 5.46875, 0.75, 5.71875], "texture": "#main"},
				"up": {"uv": [1, 5.65625, 0.75, 5.46875], "texture": "#main"},
				"down": {"uv": [1.75, 4, 1.5, 4.1875], "texture": "#main"}
			}
		},
		{
			"name": "snakes_1",
			"from": [1, 22, 1],
			"to": [15, 32, 1],
			"faces": {
				"north": {"uv": [0.9375, 6.03125, 1.8125, 6.65625], "texture": "#main"},
				"east": {"uv": [0, 4, 0, 4.34375], "texture": "#main"},
				"south": {"uv": [1.8125, 6.03125, 0.9375, 6.65625], "texture": "#main"},
				"west": {"uv": [0, 4, 0, 4.34375], "texture": "#main"},
				"up": {"uv": [0.4375, 4, 0, 4], "texture": "#main"},
				"down": {"uv": [0.4375, 4, 0, 4], "texture": "#main"}
			}
		},
		{
			"name": "snakes_2",
			"from": [1, 21, -1],
			"to": [15, 32, -1],
			"faces": {
				"north": {"uv": [0, 6.03125, 0.875, 6.65625], "texture": "#main"},
				"east": {"uv": [0, 4, 0, 4.3125], "texture": "#main"},
				"south": {"uv": [0.875, 6.03125, 0, 6.65625], "texture": "#main"},
				"west": {"uv": [0, 4, 0, 4.3125], "texture": "#main"},
				"up": {"uv": [0.4375, 4, 0, 4], "texture": "#main"},
				"down": {"uv": [0.4375, 4, 0, 4], "texture": "#main"}
			}
		},
		{
			"name": "snakes_3",
			"from": [5, 21, -1],
			"to": [5, 32, 7],
			"faces": {
				"north": {"uv": [0, 4, 0, 4.34375], "texture": "#main"},
				"east": {"uv": [3.0625, 5.25, 2.5625, 5.9375], "texture": "#main"},
				"south": {"uv": [0, 4, 0, 4.34375], "texture": "#main"},
				"west": {"uv": [2.5625, 5.25, 3.0625, 5.9375], "texture": "#main"},
				"up": {"uv": [0, 4.25, 0, 4], "texture": "#main"},
				"down": {"uv": [0, 4, 0, 4.25], "texture": "#main"}
			}
		},
		{
			"name": "snakes_4",
			"from": [8, 21, -1],
			"to": [8, 32, 7],
			"faces": {
				"north": {"uv": [0, 4, 0, 4.34375], "texture": "#main"},
				"east": {"uv": [3, 5.9375, 2.5, 6.625], "texture": "#main"},
				"south": {"uv": [0, 4, 0, 4.34375], "texture": "#main"},
				"west": {"uv": [2.5, 5.9375, 3, 6.625], "texture": "#main"},
				"up": {"uv": [0, 4.25, 0, 4], "texture": "#main"},
				"down": {"uv": [0, 4, 0, 4.25], "texture": "#main"}
			}
		},
		{
			"name": "snakes_5",
			"from": [11, 21, -1],
			"to": [11, 32, 7],
			"faces": {
				"north": {"uv": [0, 4, 0, 4.34375], "texture": "#main"},
				"east": {"uv": [3.0625, 5.25, 2.5625, 5.9375], "texture": "#main"},
				"south": {"uv": [0, 4, 0, 4.34375], "texture": "#main"},
				"west": {"uv": [2.5625, 5.25, 3.0625, 5.9375], "texture": "#main"},
				"up": {"uv": [0, 4.25, 0, 4], "texture": "#main"},
				"down": {"uv": [0, 4, 0, 4.25], "texture": "#main"}
			}
		},
		{
			"name": "left_arm",
			"from": [1, 11, 0],
			"to": [4, 21, 3],
			"faces": {
				"north": {"uv": [1, 5.625, 1.09375, 5.9375], "texture": "#main"},
				"east": {"uv": [1.09375, 5.625, 1.1875, 5.9375], "texture": "#main"},
				"south": {"uv": [1.1875, 5.625, 1.28125, 5.9375], "texture": "#main"},
				"west": {"uv": [1.28125, 5.625, 1.375, 5.9375], "texture": "#main"},
				"up": {"uv": [1.84375, 4.1875, 1.75, 4.09375], "texture": "#main"},
				"down": {"uv": [0.21875, 5.75, 0.125, 5.84375], "texture": "#main"}
			}
		},
		{
			"name": "right_arm",
			"from": [12, 11, 0],
			"to": [15, 21, 3],
			"faces": {
				"north": {"uv": [1.09375, 5.625, 1, 5.9375], "texture": "#main"},
				"east": {"uv": [1.28125, 5.625, 1.375, 5.9375], "texture": "#main"},
				"south": {"uv": [1.28125, 5.625, 1.1875, 5.9375], "texture": "#main"},
				"west": {"uv": [1.09375, 5.625, 1.1875, 5.9375], "texture": "#main"},
				"up": {"uv": [1.75, 4.1875, 1.84375, 4.09375], "texture": "#main"},
				"down": {"uv": [0.21875, 5.75, 0.125, 5.84375], "texture": "#main"}
			}
		},
		{
			"name": "torso",
			"from": [4, 9, -1],
			"to": [12, 21, 3],
			"faces": {
				"north": {"uv": [0.4375, 4.65625, 0.6875, 5.03125], "texture": "#main"},
				"east": {"uv": [0.3125, 5.40625, 0.4375, 5.78125], "texture": "#main"},
				"south": {"uv": [0, 4.71875, 0.25, 5.09375], "texture": "#main"},
				"west": {"uv": [0.4375, 5.5, 0.5625, 5.875], "texture": "#main"},
				"up": {"uv": [0.25, 5.75, 0, 5.625], "texture": "#main"},
				"down": {"uv": [1.875, 4.5, 1.625, 4.625], "texture": "#main"}
			}
		},
		{
			"name": "belly",
			"from": [3, 7, 0],
			"to": [13, 10, 6],
			"faces": {
				"north": {"uv": [1.625, 4.875, 1.9375, 4.96875], "texture": "#main"},
				"east": {"uv": [0.25, 4.9375, 0.4375, 5.03125], "texture": "#main"},
				"south": {"uv": [1.625, 4.96875, 1.9375, 5.0625], "texture": "#main"},
				"west": {"uv": [0.5, 5.03125, 0.6875, 5.125], "texture": "#main"},
				"up": {"uv": [1.625, 4.6875, 1.3125, 4.5], "texture": "#main"},
				"down": {"uv": [1.625, 4.6875, 1.3125, 4.875], "texture": "#main"}
			}
		},
		{
			"name": "tail_body",
			"from": [2, 0, 1],
			"to": [14, 7, 9],
			"faces": {
				"north": {"uv": [0.6875, 4.625, 1.0625, 4.875], "texture": "#main"},
				"east": {"uv": [1.25, 4.25, 1.5, 4.5], "texture": "#main"},
				"south": {"uv": [0.875, 4, 1.25, 4.25], "texture": "#main"},
				"west": {"uv": [1.25, 5.1875, 1.5, 5.4375], "texture": "#main"},
				"up": {"uv": [1.25, 4.5, 0.875, 4.25], "texture": "#main"},
				"down": {"uv": [1.0625, 4.875, 0.6875, 5.125], "texture": "#main"}
			}
		},
		{
			"name": "tail_1",
			"from": [4, 0, 9],
			"to": [14, 6, 15],
			"faces": {
				"north": {"uv": [1.3125, 4.875, 1.625, 5.0625], "texture": "#main"},
				"east": {"uv": [1.5, 5.0625, 1.6875, 5.25], "texture": "#main"},
				"south": {"uv": [0, 5.4375, 0.3125, 5.625], "texture": "#main"},
				"west": {"uv": [1.5, 5.25, 1.6875, 5.4375], "texture": "#main"},
				"up": {"uv": [1.3125, 5.625, 1, 5.4375], "texture": "#main"},
				"down": {"uv": [1.625, 5.4375, 1.3125, 5.625], "texture": "#main"}
			}
		},
		{
			"name": "tail_2",
			"from": [6, 0, 15],
			"to": [14, 5, 19],
			"faces": {
				"north": {"uv": [1.5, 4.1875, 1.75, 4.34375], "texture": "#main"},
				"east": {"uv": [0.84375, 5.65625, 0.96875, 5.8125], "texture": "#main"},
				"south": {"uv": [1.5, 4.34375, 1.75, 4.5], "texture": "#main"},
				"west": {"uv": [0.5625, 5.71875, 0.6875, 5.875], "texture": "#main"},
				"up": {"uv": [1.875, 4.75, 1.625, 4.625], "texture": "#main"},
				"down": {"uv": [1.875, 4.75, 1.625, 4.875], "texture": "#main"}
			}
		},
		{
			"name": "tail_3",
			"from": [8, 0, 19],
			"to": [14, 4, 23],
			"faces": {
				"north": {"uv": [0.875, 4.5, 1.0625, 4.625], "texture": "#main"},
				"east": {"uv": [1.6875, 5.3125, 1.8125, 5.4375], "texture": "#main"},
				"south": {"uv": [1.3125, 5.0625, 1.5, 5.1875], "texture": "#main"},
				"west": {"uv": [1.71875, 5.4375, 1.84375, 5.5625], "texture": "#main"},
				"up": {"uv": [1.875, 5.1875, 1.6875, 5.0625], "texture": "#main"},
				"down": {"uv": [1.875, 5.1875, 1.6875, 5.3125], "texture": "#main"}
			}
		},
		{
			"name": "tail_4",
			"from": [10, 0, 23],
			"to": [14, 3, 26],
			"faces": {
				"north": {"uv": [1.71875, 5.5625, 1.84375, 5.65625], "texture": "#main"},
				"east": {"uv": [1.75, 4.28125, 1.84375, 4.375], "texture": "#main"},
				"south": {"uv": [1.71875, 5.65625, 1.84375, 5.75], "texture": "#main"},
				"west": {"uv": [1.75, 4.375, 1.84375, 4.46875], "texture": "#main"},
				"up": {"uv": [0.125, 5.84375, 0, 5.75], "texture": "#main"},
				"down": {"uv": [1.875, 4, 1.75, 4.09375], "texture": "#main"}
			}
		},
		{
			"name": "tail_5",
			"from": [12, 0, 26],
			"to": [14, 2, 29],
			"faces": {
				"north": {"uv": [1, 5.125, 1.0625, 5.1875], "texture": "#main"},
				"east": {"uv": [1.5625, 5.75, 1.65625, 5.8125], "texture": "#main"},
				"south": {"uv": [0.25, 5.375, 0.3125, 5.4375], "texture": "#main"},
				"west": {"uv": [1.65625, 5.75, 1.75, 5.8125], "texture": "#main"},
				"up": {"uv": [0.5, 5.46875, 0.4375, 5.375], "texture": "#main"},
				"down": {"uv": [0.3125, 5.625, 0.25, 5.71875], "texture": "#main"}
			}
		},
		{
			"name": "head",
			"from": [4, 21, -2],
			"to": [12, 29, 4],
			"faces": {
				"north": {"uv": [5, 5.1875, 5.25, 5.4375], "texture": "#main"},
				"east": {"uv": [4.25, 4.6875, 4.4375, 4.9375], "texture": "#main"},
				"south": {"uv": [5.25, 4, 5.5, 4.25], "texture": "#main"},
				"west": {"uv": [4.5625, 5.46875, 4.75, 5.71875], "texture": "#main"},
				"up": {"uv": [5, 5.65625, 4.75, 5.46875], "texture": "#main"},
				"down": {"uv": [5.75, 4, 5.5, 4.1875], "texture": "#main"}
			}
		},
		{
			"name": "snakes_1",
			"from": [1, 22, -1],
			"to": [15, 32, -1],
			"faces": {
				"north": {"uv": [4, 6.03125, 4.875, 6.65625], "texture": "#main"},
				"east": {"uv": [4, 4, 4, 4.3125], "texture": "#main"},
				"south": {"uv": [4.875, 6.03125, 4, 6.65625], "texture": "#main"},
				"west": {"uv": [4, 4, 4, 4.3125], "texture": "#main"},
				"up": {"uv": [4.4375, 4, 4, 4], "texture": "#main"},
				"down": {"uv": [4.4375, 4, 4, 4], "texture": "#main"}
			}
		},
		{
			"name": "snakes_2",
			"from": [1, 21, 1],
			"to": [15, 32, 1],
			"faces": {
				"north": {"uv": [4.9375, 6.03125, 5.8125, 6.65625], "texture": "#main"},
				"east": {"uv": [4, 4, 4, 4.34375], "texture": "#main"},
				"south": {"uv": [5.8125, 6.03125, 4.9375, 6.65625], "texture": "#main"},
				"west": {"uv": [4, 4, 4, 4.34375], "texture": "#main"},
				"up": {"uv": [4.4375, 4, 4, 4], "texture": "#main"},
				"down": {"uv": [4.4375, 4, 4, 4], "texture": "#main"}
			}
		},
		{
			"name": "snakes_3",
			"from": [5, 21, -1],
			"to": [5, 32, 7],
			"faces": {
				"north": {"uv": [4, 4, 4, 4.34375], "texture": "#main"},
				"east": {"uv": [7.0625, 5.25, 6.5625, 5.9375], "texture": "#main"},
				"south": {"uv": [4, 4, 4, 4.34375], "texture": "#main"},
				"west": {"uv": [6.5625, 5.25, 7.0625, 5.9375], "texture": "#main"},
				"up": {"uv": [4, 4.25, 4, 4], "texture": "#main"},
				"down": {"uv": [4, 4, 4, 4.25], "texture": "#main"}
			}
		},
		{
			"name": "snakes_4",
			"from": [8, 21, -1],
			"to": [8, 32, 7],
			"faces": {
				"north": {"uv": [4, 4, 4, 4.34375], "texture": "#main"},
				"east": {"uv": [7, 5.9375, 6.5, 6.625], "texture": "#main"},
				"south": {"uv": [4, 4, 4, 4.34375], "texture": "#main"},
				"west": {"uv": [6.5, 5.9375, 7, 6.625], "texture": "#main"},
				"up": {"uv": [4, 4.25, 4, 4], "texture": "#main"},
				"down": {"uv": [4, 4, 4, 4.25], "texture": "#main"}
			}
		},
		{
			"name": "snakes_5",
			"from": [11, 21, -1],
			"to": [11, 32, 7],
			"faces": {
				"north": {"uv": [4, 4, 4, 4.34375], "texture": "#main"},
				"east": {"uv": [7.0625, 5.25, 6.5625, 5.9375], "texture": "#main"},
				"south": {"uv": [4, 4, 4, 4.34375], "texture": "#main"},
				"west": {"uv": [6.5625, 5.25, 7.0625, 5.9375], "texture": "#main"},
				"up": {"uv": [4, 4.25, 4, 4], "texture": "#main"},
				"down": {"uv": [4, 4, 4, 4.25], "texture": "#main"}
			}
		},
		{
			"name": "left_arm",
			"from": [1, 11, 0],
			"to": [4, 21, 3],
			"faces": {
				"north": {"uv": [5, 5.625, 5.09375, 5.9375], "texture": "#main"},
				"east": {"uv": [5.09375, 5.625, 5.1875, 5.9375], "texture": "#main"},
				"south": {"uv": [5.1875, 5.625, 5.28125, 5.9375], "texture": "#main"},
				"west": {"uv": [5.28125, 5.625, 5.375, 5.9375], "texture": "#main"},
				"up": {"uv": [5.84375, 4.1875, 5.75, 4.09375], "texture": "#main"},
				"down": {"uv": [4.21875, 5.75, 4.125, 5.84375], "texture": "#main"}
			}
		},
		{
			"name": "right_arm",
			"from": [12, 11, 0],
			"to": [15, 21, 3],
			"faces": {
				"north": {"uv": [5.09375, 5.625, 5, 5.9375], "texture": "#main"},
				"east": {"uv": [5.28125, 5.625, 5.375, 5.9375], "texture": "#main"},
				"south": {"uv": [5.28125, 5.625, 5.1875, 5.9375], "texture": "#main"},
				"west": {"uv": [5.09375, 5.625, 5.1875, 5.9375], "texture": "#main"},
				"up": {"uv": [5.75, 4.1875, 5.84375, 4.09375], "texture": "#main"},
				"down": {"uv": [4.21875, 5.75, 4.125, 5.84375], "texture": "#main"}
			}
		},
		{
			"name": "torso",
			"from": [4, 9, -1],
			"to": [12, 21, 3],
			"faces": {
				"north": {"uv": [4.4375, 4.65625, 4.6875, 5.03125], "texture": "#main"},
				"east": {"uv": [4.3125, 5.40625, 4.4375, 5.78125], "texture": "#main"},
				"south": {"uv": [4, 4.71875, 4.25, 5.09375], "texture": "#main"},
				"west": {"uv": [4.4375, 5.5, 4.5625, 5.875], "texture": "#main"},
				"up": {"uv": [4.25, 5.75, 4, 5.625], "texture": "#main"},
				"down": {"uv": [5.875, 4.5, 5.625, 4.625], "texture": "#main"}
			}
		},
		{
			"name": "belly",
			"from": [3, 7, 0],
			"to": [13, 10, 6],
			"faces": {
				"north": {"uv": [5.625, 4.875, 5.9375, 4.96875], "texture": "#main"},
				"east": {"uv": [4.25, 4.9375, 4.4375, 5.03125], "texture": "#main"},
				"south": {"uv": [5.625, 4.96875, 5.9375, 5.0625], "texture": "#main"},
				"west": {"uv": [4.5, 5.03125, 4.6875, 5.125], "texture": "#main"},
				"up": {"uv": [5.625, 4.6875, 5.3125, 4.5], "texture": "#main"},
				"down": {"uv": [5.625, 4.6875, 5.3125, 4.875], "texture": "#main"}
			}
		},
		{
			"name": "tail_body",
			"from": [2, 0, 1],
			"to": [14, 7, 9],
			"faces": {
				"north": {"uv": [4.6875, 4.625, 5.0625, 4.875], "texture": "#main"},
				"east": {"uv": [5.25, 4.25, 5.5, 4.5], "texture": "#main"},
				"south": {"uv": [4.875, 4, 5.25, 4.25], "texture": "#main"},
				"west": {"uv": [5.25, 5.1875, 5.5, 5.4375], "texture": "#main"},
				"up": {"uv": [5.25, 4.5, 4.875, 4.25], "texture": "#main"},
				"down": {"uv": [5.0625, 4.875, 4.6875, 5.125], "texture": "#main"}
			}
		},
		{
			"name": "tail_1",
			"from": [5, 0, 9],
			"to": [15, 6, 15],
			"faces": {
				"north": {"uv": [5.3125, 4.875, 5.625, 5.0625], "texture": "#main"},
				"east": {"uv": [5.5, 5.0625, 5.6875, 5.25], "texture": "#main"},
				"south": {"uv": [4, 5.4375, 4.3125, 5.625], "texture": "#main"},
				"west": {"uv": [5.5, 5.25, 5.6875, 5.4375], "texture": "#main"},
				"up": {"uv": [5.3125, 5.625, 5, 5.4375], "texture": "#main"},
				"down": {"uv": [5.625, 5.4375, 5.3125, 5.625], "texture": "#main"}
			}
		},
		{
			"name": "tail_2",
			"from": [8, 0, 15],
			"to": [16, 5, 19],
			"faces": {
				"north": {"uv": [5.5, 4.1875, 5.75, 4.34375], "texture": "#main"},
				"east": {"uv": [4.84375, 5.65625, 4.96875, 5.8125], "texture": "#main"},
				"south": {"uv": [5.5, 4.34375, 5.75, 4.5], "texture": "#main"},
				"west": {"uv": [4.5625, 5.71875, 4.6875, 5.875], "texture": "#main"},
				"up": {"uv": [5.875, 4.75, 5.625, 4.625], "texture": "#main"},
				"down": {"uv": [5.875, 4.75, 5.625, 4.875], "texture": "#main"}
			}
		},
		{
			"name": "tail_3",
			"from": [11, 0, 19],
			"to": [17, 4, 23],
			"faces": {
				"north": {"uv": [4.875, 4.5, 5.0625, 4.625], "texture": "#main"},
				"east": {"uv": [5.6875, 5.3125, 5.8125, 5.4375], "texture": "#main"},
				"south": {"uv": [5.3125, 5.0625, 5.5, 5.1875], "texture": "#main"},
				"west": {"uv": [5.71875, 5.4375, 5.84375, 5.5625], "texture": "#main"},
				"up": {"uv": [5.875, 5.1875, 5.6875, 5.0625], "texture": "#main"},
				"down": {"uv": [5.875, 5.1875, 5.6875, 5.3125], "texture": "#main"}
			}
		},
		{
			"name": "tail_4",
			"from": [14, 0, 23],
			"to": [18, 3, 26],
			"faces": {
				"north": {"uv": [5.71875, 5.5625, 5.84375, 5.65625], "texture": "#main"},
				"east": {"uv": [5.75, 4.28125, 5.84375, 4.375], "texture": "#main"},
				"south": {"uv": [5.71875, 5.65625, 5.84375, 5.75], "texture": "#main"},
				"west": {"uv": [5.75, 4.375, 5.84375, 4.46875], "texture": "#main"},
				"up": {"uv": [4.125, 5.84375, 4, 5.75], "texture": "#main"},
				"down": {"uv": [5.875, 4, 5.75, 4.09375], "texture": "#main"}
			}
		},
		{
			"name": "tail_5",
			"from": [17, 0, 26],
			"to": [19, 2, 29],
			"faces": {
				"north": {"uv": [5, 5.125, 5.0625, 5.1875], "texture": "#main"},
				"east": {"uv": [5.5625, 5.75, 5.65625, 5.8125], "texture": "#main"},
				"south": {"uv": [4.25, 5.375, 4.3125, 5.4375], "texture": "#main"},
				"west": {"uv": [5.65625, 5.75, 5.75, 5.8125], "texture": "#main"},
				"up": {"uv": [4.5, 5.46875, 4.4375, 5.375], "texture": "#main"},
				"down": {"uv": [4.3125, 5.625, 4.25, 5.71875], "texture": "#main"}
			}
		},
		{
			"name": "head",
			"from": [4, 21, -2],
			"to": [12, 29, 4],
			"faces": {
				"north": {"uv": [1, 1.1875, 1.25, 1.4375], "texture": "#main"},
				"east": {"uv": [0.25, 0.6875, 0.4375, 0.9375], "texture": "#main"},
				"south": {"uv": [1.25, 0, 1.5, 0.25], "texture": "#main"},
				"west": {"uv": [0.5625, 1.46875, 0.75, 1.71875], "texture": "#main"},
				"up": {"uv": [1, 1.65625, 0.75, 1.46875], "texture": "#main"},
				"down": {"uv": [1.75, 0, 1.5, 0.1875], "texture": "#main"}
			}
		},
		{
			"name": "snakes_1",
			"from": [1, 22, -1],
			"to": [15, 32, -1],
			"faces": {
				"north": {"uv": [3.4375, 0, 2.5625, 0.625], "texture": "#main"},
				"east": {"uv": [0, 0, 0, 0.3125], "texture": "#main"},
				"south": {"uv": [2.5625, 0, 3.4375, 0.625], "texture": "#main"},
				"west": {"uv": [0, 0, 0, 0.3125], "texture": "#main"},
				"up": {"uv": [0.4375, 0, 0, 0], "texture": "#main"},
				"down": {"uv": [0.4375, 0, 0, 0], "texture": "#main"}
			}
		},
		{
			"name": "snakes_2",
			"from": [1, 21, 1],
			"to": [15, 32, 1],
			"faces": {
				"north": {"uv": [3.4375, 0.625, 2.5625, 1.25], "texture": "#main"},
				"east": {"uv": [0, 0, 0, 0.34375], "texture": "#main"},
				"south": {"uv": [2.5625, 0.625, 3.4375, 1.25], "texture": "#main"},
				"west": {"uv": [0, 0, 0, 0.34375], "texture": "#main"},
				"up": {"uv": [0.4375, 0, 0, 0], "texture": "#main"},
				"down": {"uv": [0.4375, 0, 0, 0], "texture": "#main"}
			}
		},
		{
			"name": "snakes_3",
			"from": [5, 21, -1],
			"to": [5, 32, 7],
			"faces": {
				"north": {"uv": [0, 0.34375, 0, 0], "texture": "#main"},
				"east": {"uv": [3.5625, 1.25, 3.0625, 1.9375], "texture": "#main"},
				"south": {"uv": [0, 0, 0, 0.34375], "texture": "#main"},
				"west": {"uv": [3.0625, 1.25, 3.5625, 1.9375], "texture": "#main"},
				"up": {"uv": [0, 0.25, 0, 0], "texture": "#main"},
				"down": {"uv": [0, 0, 0, 0.25], "texture": "#main"}
			}
		},
		{
			"name": "snakes_4",
			"from": [8, 21, -1],
			"to": [8, 32, 7],
			"faces": {
				"north": {"uv": [0, 0.34375, 0, 0], "texture": "#main"},
				"east": {"uv": [3.5, 1.9375, 3, 2.625], "texture": "#main"},
				"south": {"uv": [0, 0, 0, 0.34375], "texture": "#main"},
				"west": {"uv": [3, 1.9375, 3.5, 2.625], "texture": "#main"},
				"up": {"uv": [0, 0.25, 0, 0], "texture": "#main"},
				"down": {"uv": [0, 0, 0, 0.25], "texture": "#main"}
			}
		},
		{
			"name": "snakes_5",
			"from": [11, 21, -1],
			"to": [11, 32, 7],
			"faces": {
				"north": {"uv": [0, 0, 0, 0.34375], "texture": "#main"},
				"east": {"uv": [3.5625, 1.25, 3.0625, 1.9375], "texture": "#main"},
				"south": {"uv": [0, 0, 0, 0.34375], "texture": "#main"},
				"west": {"uv": [3.0625, 1.25, 3.5625, 1.9375], "texture": "#main"},
				"up": {"uv": [0, 0.25, 0, 0], "texture": "#main"},
				"down": {"uv": [0, 0, 0, 0.25], "texture": "#main"}
			}
		},
		{
			"name": "left_arm",
			"from": [1, 11, 0],
			"to": [4, 21, 3],
			"faces": {
				"north": {"uv": [1, 1.625, 1.09375, 1.9375], "texture": "#main"},
				"east": {"uv": [1.09375, 1.625, 1.1875, 1.9375], "texture": "#main"},
				"south": {"uv": [1.1875, 1.625, 1.28125, 1.9375], "texture": "#main"},
				"west": {"uv": [1.28125, 1.625, 1.375, 1.9375], "texture": "#main"},
				"up": {"uv": [1.84375, 0.1875, 1.75, 0.09375], "texture": "#main"},
				"down": {"uv": [0.21875, 1.75, 0.125, 1.84375], "texture": "#main"}
			}
		},
		{
			"name": "right_arm",
			"from": [12, 11, 0],
			"to": [15, 21, 3],
			"faces": {
				"north": {"uv": [1.09375, 1.625, 1, 1.9375], "texture": "#main"},
				"east": {"uv": [1.28125, 1.625, 1.375, 1.9375], "texture": "#main"},
				"south": {"uv": [1.28125, 1.625, 1.1875, 1.9375], "texture": "#main"},
				"west": {"uv": [1.09375, 1.625, 1.1875, 1.9375], "texture": "#main"},
				"up": {"uv": [1.75, 0.1875, 1.84375, 0.09375], "texture": "#main"},
				"down": {"uv": [0.21875, 1.75, 0.125, 1.84375], "texture": "#main"}
			}
		},
		{
			"name": "torso",
			"from": [4, 9, -1],
			"to": [12, 21, 3],
			"faces": {
				"north": {"uv": [0.4375, 0.65625, 0.6875, 1.03125], "texture": "#main"},
				"east": {"uv": [0.3125, 1.40625, 0.4375, 1.78125], "texture": "#main"},
				"south": {"uv": [0, 0.71875, 0.25, 1.09375], "texture": "#main"},
				"west": {"uv": [0.4375, 1.5, 0.5625, 1.875], "texture": "#main"},
				"up": {"uv": [0.25, 1.75, 0, 1.625], "texture": "#main"},
				"down": {"uv": [1.875, 0.5, 1.625, 0.625], "texture": "#main"}
			}
		},
		{
			"name": "belly",
			"from": [3, 7, 0],
			"to": [13, 10, 6],
			"faces": {
				"north": {"uv": [1.625, 0.875, 1.9375, 0.96875], "texture": "#main"},
				"east": {"uv": [0.25, 0.9375, 0.4375, 1.03125], "texture": "#main"},
				"south": {"uv": [1.625, 0.96875, 1.9375, 1.0625], "texture": "#main"},
				"west": {"uv": [0.5, 1.03125, 0.6875, 1.125], "texture": "#main"},
				"up": {"uv": [1.625, 0.6875, 1.3125, 0.5], "texture": "#main"},
				"down": {"uv": [1.625, 0.6875, 1.3125, 0.875], "texture": "#main"}
			}
		},
		{
			"name": "tail_body",
			"from": [2, 0, 1],
			"to": [14, 7, 9],
			"faces": {
				"north": {"uv": [0.6875, 0.625, 1.0625, 0.875], "texture": "#main"},
				"east": {"uv": [1.25, 0.25, 1.5, 0.5], "texture": "#main"},
				"south": {"uv": [0.875, 0, 1.25, 0.25], "texture": "#main"},
				"west": {"uv": [1.25, 1.1875, 1.5, 1.4375], "texture": "#main"},
				"up": {"uv": [1.25, 0.5, 0.875, 0.25], "texture": "#main"},
				"down": {"uv": [1.0625, 0.875, 0.6875, 1.125], "texture": "#main"}
			}
		},
		{
			"name": "tail_1",
			"from": [3, 0, 9],
			"to": [13, 6, 15],
			"faces": {
				"north": {"uv": [1.3125, 0.875, 1.625, 1.0625], "texture": "#main"},
				"east": {"uv": [1.5, 1.0625, 1.6875, 1.25], "texture": "#main"},
				"south": {"uv": [0, 1.4375, 0.3125, 1.625], "texture": "#main"},
				"west": {"uv": [1.5, 1.25, 1.6875, 1.4375], "texture": "#main"},
				"up": {"uv": [1.3125, 1.625, 1, 1.4375], "texture": "#main"},
				"down": {"uv": [1.625, 1.4375, 1.3125, 1.625], "texture": "#main"}
			}
		},
		{
			"name": "tail_2",
			"from": [4, 0, 15],
			"to": [12, 5, 19],
			"faces": {
				"north": {"uv": [1.5, 0.1875, 1.75, 0.34375], "texture": "#main"},
				"east": {"uv": [0.84375, 1.65625, 0.96875, 1.8125], "texture": "#main"},
				"south": {"uv": [1.5, 0.34375, 1.75, 0.5], "texture": "#main"},
				"west": {"uv": [0.5625, 1.71875, 0.6875, 1.875], "texture": "#main"},
				"up": {"uv": [1.875, 0.75, 1.625, 0.625], "texture": "#main"},
				"down": {"uv": [1.875, 0.75, 1.625, 0.875], "texture": "#main"}
			}
		},
		{
			"name": "tail_3",
			"from": [5, 0, 19],
			"to": [11, 4, 23],
			"faces": {
				"north": {"uv": [0.875, 0.5, 1.0625, 0.625], "texture": "#main"},
				"east": {"uv": [1.6875, 1.3125, 1.8125, 1.4375], "texture": "#main"},
				"south": {"uv": [1.3125, 1.0625, 1.5, 1.1875], "texture": "#main"},
				"west": {"uv": [1.71875, 1.4375, 1.84375, 1.5625], "texture": "#main"},
				"up": {"uv": [1.875, 1.1875, 1.6875, 1.0625], "texture": "#main"},
				"down": {"uv": [1.875, 1.1875, 1.6875, 1.3125], "texture": "#main"}
			}
		},
		{
			"name": "tail_4",
			"from": [6, 0, 23],
			"to": [10, 3, 26],
			"faces": {
				"north": {"uv": [1.71875, 1.5625, 1.84375, 1.65625], "texture": "#main"},
				"east": {"uv": [1.75, 0.28125, 1.84375, 0.375], "texture": "#main"},
				"south": {"uv": [1.71875, 1.65625, 1.84375, 1.75], "texture": "#main"},
				"west": {"uv": [1.75, 0.375, 1.84375, 0.46875], "texture": "#main"},
				"up": {"uv": [0.125, 1.84375, 0, 1.75], "texture": "#main"},
				"down": {"uv": [1.875, 0, 1.75, 0.09375], "texture": "#main"}
			}
		},
		{
			"name": "tail_5",
			"from": [7, 0, 26],
			"to": [9, 2, 29],
			"faces": {
				"north": {"uv": [1, 1.125, 1.0625, 1.1875], "texture": "#main"},
				"east": {"uv": [1.5625, 1.75, 1.65625, 1.8125], "texture": "#main"},
				"south": {"uv": [0.25, 1.375, 0.3125, 1.4375], "texture": "#main"},
				"west": {"uv": [1.65625, 1.75, 1.75, 1.8125], "texture": "#main"},
				"up": {"uv": [0.5, 1.46875, 0.4375, 1.375], "texture": "#main"},
				"down": {"uv": [0.3125, 1.625, 0.25, 1.71875], "texture": "#main"}
			}
		}
	],
	"display": {
		"head": {
			"translation": [0, -31, 4],
			"scale": [1.8, 1.8, 1.8]
		}
	},
	"groups": [
		0,
		1,
		2,
		3,
		4,
		5,
		6,
		7,
		8,
		9,
		10,
		11,
		12,
		13,
		14,
		15,
		16,
		17,
		18,
		19,
		20,
		21,
		22,
		23,
		24,
		25,
		26,
		27,
		28,
		29,
		30,
		31,
		32,
		33,
		34,
		35,
		36,
		37,
		38,
		39,
		40,
		41,
		42,
		43,
		44,
		45,
		46,
		47,
		48,
		49,
		50,
		51,
		52,
		53,
		54,
		55,
		56,
		57,
		58,
		59,
		60,
		61,
		62,
		63,
		64,
		65,
		66,
		67,
		68,
		69,
		70,
		71,
		72,
		73,
		74,
		75,
		76,
		77,
		78,
		79,
		{
			"name": "medusa",
			"origin": [8, 8, 8],
			"color": 0,
			"children": [
				{
					"name": "head",
					"origin": [8, 8, 8],
					"color": 0,
					"children": [80, 81, 82, 83, 84, 85]
				},
				{
					"name": "arms",
					"origin": [8, 8, 8],
					"color": 0,
					"children": [86, 87]
				},
				{
					"name": "body",
					"origin": [8, 8, 8],
					"color": 0,
					"children": [88, 89]
				},
				{
					"name": "tail",
					"origin": [8, 8, 8],
					"color": 0,
					"children": [90, 91, 92, 93, 94, 95]
				}
			]
		}
	]
}