{
	"credit": "Made with Blockbench",
	"texture_size": [128, 128],
	"textures": {
		"main": "item/medusa/medusa_anim"
	},
	"elements": [
		{
			"name": "head",
			"from": [4, 21, 2],
			"to": [12, 29, 8],
			"faces": {
				"north": {"uv": [10, 2.375, 10.5, 2.875], "texture": "#main"},
				"east": {"uv": [8.5, 1.375, 8.875, 1.875], "texture": "#main"},
				"south": {"uv": [10.5, 0, 11, 0.5], "texture": "#main"},
				"west": {"uv": [9.125, 2.9375, 9.5, 3.4375], "texture": "#main"},
				"up": {"uv": [10, 3.3125, 9.5, 2.9375], "texture": "#main"},
				"down": {"uv": [11.5, 0, 11, 0.375], "texture": "#main"}
			}
		},
		{
			"name": "snakes_1",
			"from": [1, 22, 3],
			"to": [15, 32, 3],
			"faces": {
				"north": {"uv": [8, 4.0625, 9.75, 5.3125], "texture": "#main"},
				"east": {"uv": [8, 0, 8, 0.625], "texture": "#main"},
				"south": {"uv": [9.75, 4.0625, 8, 5.3125], "texture": "#main"},
				"west": {"uv": [8, 0, 8, 0.625], "texture": "#main"},
				"up": {"uv": [8.875, 0, 8, 0], "texture": "#main"},
				"down": {"uv": [8.875, 0, 8, 0], "texture": "#main"}
			}
		},
		{
			"name": "snakes_2",
			"from": [1, 21, 5],
			"to": [15, 32, 5],
			"faces": {
				"north": {"uv": [9.875, 4.0625, 11.625, 5.3125], "texture": "#main"},
				"east": {"uv": [8, 0, 8, 0.6875], "texture": "#main"},
				"south": {"uv": [11.625, 4.0625, 9.875, 5.3125], "texture": "#main"},
				"west": {"uv": [8, 0, 8, 0.6875], "texture": "#main"},
				"up": {"uv": [8.875, 0, 8, 0], "texture": "#main"},
				"down": {"uv": [8.875, 0, 8, 0], "texture": "#main"}
			}
		},
		{
			"name": "snakes_3",
			"from": [5, 21, 3],
			"to": [5, 32, 11],
			"faces": {
				"north": {"uv": [8, 0.6875, 8, 0], "texture": "#main"},
				"east": {"uv": [15.125, 2.5, 14.125, 3.875], "texture": "#main"},
				"south": {"uv": [8, 0, 8, 0.6875], "texture": "#main"},
				"west": {"uv": [14.125, 2.5, 15.125, 3.875], "texture": "#main"},
				"up": {"uv": [8, 0.5, 8, 0], "texture": "#main"},
				"down": {"uv": [8, 0, 8, 0.5], "texture": "#main"}
			}
		},
		{
			"name": "snakes_4",
			"from": [8, 21, 3],
			"to": [8, 32, 11],
			"faces": {
				"north": {"uv": [8, 0.6875, 8, 0], "texture": "#main"},
				"east": {"uv": [15, 3.875, 14, 5.25], "texture": "#main"},
				"south": {"uv": [8, 0, 8, 0.6875], "texture": "#main"},
				"west": {"uv": [14, 3.875, 15, 5.25], "texture": "#main"},
				"up": {"uv": [8, 0.5, 8, 0], "texture": "#main"},
				"down": {"uv": [8, 0, 8, 0.5], "texture": "#main"}
			}
		},
		{
			"name": "snakes_5",
			"from": [11, 21, 3],
			"to": [11, 32, 11],
			"faces": {
				"north": {"uv": [8, 0.6875, 8, 0], "texture": "#main"},
				"east": {"uv": [15.125, 2.5, 14.125, 3.875], "texture": "#main"},
				"south": {"uv": [8, 0, 8, 0.6875], "texture": "#main"},
				"west": {"uv": [14.125, 2.5, 15.125, 3.875], "texture": "#main"},
				"up": {"uv": [8, 0.5, 8, 0], "texture": "#main"},
				"down": {"uv": [8, 0, 8, 0.5], "texture": "#main"}
			}
		},
		{
			"name": "left_arm",
			"from": [1, 11, 4],
			"to": [4, 21, 7],
			"faces": {
				"north": {"uv": [10, 3.25, 10.1875, 3.875], "texture": "#main"},
				"east": {"uv": [10.1875, 3.25, 10.375, 3.875], "texture": "#main"},
				"south": {"uv": [10.375, 3.25, 10.5625, 3.875], "texture": "#main"},
				"west": {"uv": [10.5625, 3.25, 10.75, 3.875], "texture": "#main"},
				"up": {"uv": [11.6875, 0.375, 11.5, 0.1875], "texture": "#main"},
				"down": {"uv": [8.4375, 3.5, 8.25, 3.6875], "texture": "#main"}
			}
		},
		{
			"name": "right_arm",
			"from": [12, 11, 4],
			"to": [15, 21, 7],
			"faces": {
				"north": {"uv": [10.1875, 3.25, 10, 3.875], "texture": "#main"},
				"east": {"uv": [10.5625, 3.25, 10.75, 3.875], "texture": "#main"},
				"south": {"uv": [10.5625, 3.25, 10.375, 3.875], "texture": "#main"},
				"west": {"uv": [10.1875, 3.25, 10.375, 3.875], "texture": "#main"},
				"up": {"uv": [11.5, 0.375, 11.6875, 0.1875], "texture": "#main"},
				"down": {"uv": [8.4375, 3.5, 8.25, 3.6875], "texture": "#main"}
			}
		},
		{
			"name": "torso",
			"from": [4, 9, 3],
			"to": [12, 21, 7],
			"faces": {
				"north": {"uv": [8.875, 1.3125, 9.375, 2.0625], "texture": "#main"},
				"east": {"uv": [8.625, 2.8125, 8.875, 3.5625], "texture": "#main"},
				"south": {"uv": [8, 1.4375, 8.5, 2.1875], "texture": "#main"},
				"west": {"uv": [8.875, 3, 9.125, 3.75], "texture": "#main"},
				"up": {"uv": [8.5, 3.5, 8, 3.25], "texture": "#main"},
				"down": {"uv": [11.75, 1, 11.25, 1.25], "texture": "#main"}
			}
		},
		{
			"name": "belly",
			"from": [3, 7, 2],
			"to": [13, 10, 8],
			"faces": {
				"north": {"uv": [11.25, 1.75, 11.875, 1.9375], "texture": "#main"},
				"east": {"uv": [8.5, 1.875, 8.875, 2.0625], "texture": "#main"},
				"south": {"uv": [11.25, 1.9375, 11.875, 2.125], "texture": "#main"},
				"west": {"uv": [9, 2.0625, 9.375, 2.25], "texture": "#main"},
				"up": {"uv": [11.25, 1.375, 10.625, 1], "texture": "#main"},
				"down": {"uv": [11.25, 1.375, 10.625, 1.75], "texture": "#main"}
			}
		},
		{
			"name": "tail_body",
			"from": [2, 0, 1],
			"to": [14, 7, 9],
			"faces": {
				"north": {"uv": [9.375, 1.25, 10.125, 1.75], "texture": "#main"},
				"east": {"uv": [10.5, 0.5, 11, 1], "texture": "#main"},
				"south": {"uv": [9.75, 0, 10.5, 0.5], "texture": "#main"},
				"west": {"uv": [10.5, 2.375, 11, 2.875], "texture": "#main"},
				"up": {"uv": [10.5, 1, 9.75, 0.5], "texture": "#main"},
				"down": {"uv": [10.125, 1.75, 9.375, 2.25], "texture": "#main"}
			}
		},
		{
			"name": "tail_1",
			"from": [3, 0, 9],
			"to": [13, 6, 15],
			"faces": {
				"north": {"uv": [10.625, 1.75, 11.25, 2.125], "texture": "#main"},
				"east": {"uv": [11, 2.125, 11.375, 2.5], "texture": "#main"},
				"south": {"uv": [8, 2.875, 8.625, 3.25], "texture": "#main"},
				"west": {"uv": [11, 2.5, 11.375, 2.875], "texture": "#main"},
				"up": {"uv": [10.625, 3.25, 10, 2.875], "texture": "#main"},
				"down": {"uv": [11.25, 2.875, 10.625, 3.25], "texture": "#main"}
			}
		},
		{
			"name": "tail_2",
			"from": [4, 0, 15],
			"to": [12, 5, 19],
			"faces": {
				"north": {"uv": [11, 0.375, 11.5, 0.6875], "texture": "#main"},
				"east": {"uv": [9.6875, 3.3125, 9.9375, 3.625], "texture": "#main"},
				"south": {"uv": [11, 0.6875, 11.5, 1], "texture": "#main"},
				"west": {"uv": [9.125, 3.4375, 9.375, 3.75], "texture": "#main"},
				"up": {"uv": [11.75, 1.5, 11.25, 1.25], "texture": "#main"},
				"down": {"uv": [11.75, 1.5, 11.25, 1.75], "texture": "#main"}
			}
		},
		{
			"name": "tail_3",
			"from": [5, 0, 19],
			"to": [11, 4, 23],
			"faces": {
				"north": {"uv": [9.75, 1, 10.125, 1.25], "texture": "#main"},
				"east": {"uv": [11.375, 2.625, 11.625, 2.875], "texture": "#main"},
				"south": {"uv": [10.625, 2.125, 11, 2.375], "texture": "#main"},
				"west": {"uv": [11.4375, 2.875, 11.6875, 3.125], "texture": "#main"},
				"up": {"uv": [11.75, 2.375, 11.375, 2.125], "texture": "#main"},
				"down": {"uv": [11.75, 2.375, 11.375, 2.625], "texture": "#main"}
			}
		},
		{
			"name": "tail_4",
			"from": [6, 0, 23],
			"to": [10, 3, 26],
			"faces": {
				"north": {"uv": [11.4375, 3.125, 11.6875, 3.3125], "texture": "#main"},
				"east": {"uv": [11.5, 0.5625, 11.6875, 0.75], "texture": "#main"},
				"south": {"uv": [11.4375, 3.3125, 11.6875, 3.5], "texture": "#main"},
				"west": {"uv": [11.5, 0.75, 11.6875, 0.9375], "texture": "#main"},
				"up": {"uv": [8.25, 3.6875, 8, 3.5], "texture": "#main"},
				"down": {"uv": [11.75, 0, 11.5, 0.1875], "texture": "#main"}
			}
		},
		{
			"name": "tail_5",
			"from": [7, 0, 26],
			"to": [9, 2, 29],
			"faces": {
				"north": {"uv": [10, 2.25, 10.125, 2.375], "texture": "#main"},
				"east": {"uv": [11.125, 3.5, 11.3125, 3.625], "texture": "#main"},
				"south": {"uv": [8.5, 2.75, 8.625, 2.875], "texture": "#main"},
				"west": {"uv": [11.3125, 3.5, 11.5, 3.625], "texture": "#main"},
				"up": {"uv": [9, 2.9375, 8.875, 2.75], "texture": "#main"},
				"down": {"uv": [8.625, 3.25, 8.5, 3.4375], "texture": "#main"}
			}
		},
		{
			"name": "head",
			"from": [4, 21, 2],
			"to": [12, 29, 8],
			"faces": {
				"north": {"uv": [2, 2.375, 2.5, 2.875], "texture": "#main"},
				"east": {"uv": [0.5, 1.375, 0.875, 1.875], "texture": "#main"},
				"south": {"uv": [2.5, 0, 3, 0.5], "texture": "#main"},
				"west": {"uv": [1.125, 2.9375, 1.5, 3.4375], "texture": "#main"},
				"up": {"uv": [2, 3.3125, 1.5, 2.9375], "texture": "#main"},
				"down": {"uv": [3.5, 0, 3, 0.375], "texture": "#main"}
			}
		},
		{
			"name": "snakes_1",
			"from": [1, 22, 3],
			"to": [15, 32, 3],
			"faces": {
				"north": {"uv": [5.125, 0, 6.875, 1.25], "texture": "#main"},
				"east": {"uv": [0, 0, 0, 0.625], "texture": "#main"},
				"south": {"uv": [6.875, 0, 5.125, 1.25], "texture": "#main"},
				"west": {"uv": [0, 0, 0, 0.625], "texture": "#main"},
				"up": {"uv": [0.875, 0, 0, 0], "texture": "#main"},
				"down": {"uv": [0.875, 0, 0, 0], "texture": "#main"}
			}
		},
		{
			"name": "snakes_2",
			"from": [1, 21, 5],
			"to": [15, 32, 5],
			"faces": {
				"north": {"uv": [5.125, 1.25, 6.875, 2.5], "texture": "#main"},
				"east": {"uv": [0, 0, 0, 0.6875], "texture": "#main"},
				"south": {"uv": [6.875, 1.25, 5.125, 2.5], "texture": "#main"},
				"west": {"uv": [0, 0, 0, 0.6875], "texture": "#main"},
				"up": {"uv": [0.875, 0, 0, 0], "texture": "#main"},
				"down": {"uv": [0.875, 0, 0, 0], "texture": "#main"}
			}
		},
		{
			"name": "snakes_3",
			"from": [5, 21, 3],
			"to": [5, 32, 11],
			"faces": {
				"north": {"uv": [0, 0, 0, 0.6875], "texture": "#main"},
				"east": {"uv": [6.125, 2.5, 5.125, 3.875], "texture": "#main"},
				"south": {"uv": [0, 0, 0, 0.6875], "texture": "#main"},
				"west": {"uv": [5.125, 2.5, 6.125, 3.875], "texture": "#main"},
				"up": {"uv": [0, 0.5, 0, 0], "texture": "#main"},
				"down": {"uv": [0, 0, 0, 0.5], "texture": "#main"}
			}
		},
		{
			"name": "snakes_4",
			"from": [8, 21, 3],
			"to": [8, 32, 11],
			"faces": {
				"north": {"uv": [0, 0, 0, 0.6875], "texture": "#main"},
				"east": {"uv": [6, 3.875, 5, 5.25], "texture": "#main"},
				"south": {"uv": [0, 0, 0, 0.6875], "texture": "#main"},
				"west": {"uv": [5, 3.875, 6, 5.25], "texture": "#main"},
				"up": {"uv": [0, 0.5, 0, 0], "texture": "#main"},
				"down": {"uv": [0, 0, 0, 0.5], "texture": "#main"}
			}
		},
		{
			"name": "snakes_5",
			"from": [11, 21, 3],
			"to": [11, 32, 11],
			"faces": {
				"north": {"uv": [0, 0, 0, 0.6875], "texture": "#main"},
				"east": {"uv": [6.125, 2.5, 5.125, 3.875], "texture": "#main"},
				"south": {"uv": [0, 0, 0, 0.6875], "texture": "#main"},
				"west": {"uv": [5.125, 2.5, 6.125, 3.875], "texture": "#main"},
				"up": {"uv": [0, 0.5, 0, 0], "texture": "#main"},
				"down": {"uv": [0, 0, 0, 0.5], "texture": "#main"}
			}
		},
		{
			"name": "left_arm",
			"from": [1, 11, 4],
			"to": [4, 21, 7],
			"faces": {
				"north": {"uv": [2, 3.25, 2.1875, 3.875], "texture": "#main"},
				"east": {"uv": [2.1875, 3.25, 2.375, 3.875], "texture": "#main"},
				"south": {"uv": [2.375, 3.25, 2.5625, 3.875], "texture": "#main"},
				"west": {"uv": [2.5625, 3.25, 2.75, 3.875], "texture": "#main"},
				"up": {"uv": [3.6875, 0.375, 3.5, 0.1875], "texture": "#main"},
				"down": {"uv": [0.4375, 3.5, 0.25, 3.6875], "texture": "#main"}
			}
		},
		{
			"name": "right_arm",
			"from": [12, 11, 4],
			"to": [15, 21, 7],
			"faces": {
				"north": {"uv": [2.1875, 3.25, 2, 3.875], "texture": "#main"},
				"east": {"uv": [2.5625, 3.25, 2.75, 3.875], "texture": "#main"},
				"south": {"uv": [2.5625, 3.25, 2.375, 3.875], "texture": "#main"},
				"west": {"uv": [2.1875, 3.25, 2.375, 3.875], "texture": "#main"},
				"up": {"uv": [3.5, 0.375, 3.6875, 0.1875], "texture": "#main"},
				"down": {"uv": [0.4375, 3.5, 0.25, 3.6875], "texture": "#main"}
			}
		},
		{
			"name": "torso",
			"from": [4, 9, 3],
			"to": [12, 21, 7],
			"faces": {
				"north": {"uv": [0.875, 1.3125, 1.375, 2.0625], "texture": "#main"},
				"east": {"uv": [0.625, 2.8125, 0.875, 3.5625], "texture": "#main"},
				"south": {"uv": [0, 1.4375, 0.5, 2.1875], "texture": "#main"},
				"west": {"uv": [0.875, 3, 1.125, 3.75], "texture": "#main"},
				"up": {"uv": [0.5, 3.5, 0, 3.25], "texture": "#main"},
				"down": {"uv": [3.75, 1, 3.25, 1.25], "texture": "#main"}
			}
		},
		{
			"name": "belly",
			"from": [3, 7, 2],
			"to": [13, 10, 8],
			"faces": {
				"north": {"uv": [3.25, 1.75, 3.875, 1.9375], "texture": "#main"},
				"east": {"uv": [0.5, 1.875, 0.875, 2.0625], "texture": "#main"},
				"south": {"uv": [3.25, 1.9375, 3.875, 2.125], "texture": "#main"},
				"west": {"uv": [1, 2.0625, 1.375, 2.25], "texture": "#main"},
				"up": {"uv": [3.25, 1.375, 2.625, 1], "texture": "#main"},
				"down": {"uv": [3.25, 1.375, 2.625, 1.75], "texture": "#main"}
			}
		},
		{
			"name": "tail_body",
			"from": [2, 0, 1],
			"to": [14, 7, 9],
			"faces": {
				"north": {"uv": [1.375, 1.25, 2.125, 1.75], "texture": "#main"},
				"east": {"uv": [2.5, 0.5, 3, 1], "texture": "#main"},
				"south": {"uv": [1.75, 0, 2.5, 0.5], "texture": "#main"},
				"west": {"uv": [2.5, 2.375, 3, 2.875], "texture": "#main"},
				"up": {"uv": [2.5, 1, 1.75, 0.5], "texture": "#main"},
				"down": {"uv": [2.125, 1.75, 1.375, 2.25], "texture": "#main"}
			}
		},
		{
			"name": "tail_1",
			"from": [3, 0, 9],
			"to": [13, 6, 15],
			"faces": {
				"north": {"uv": [2.625, 1.75, 3.25, 2.125], "texture": "#main"},
				"east": {"uv": [3, 2.125, 3.375, 2.5], "texture": "#main"},
				"south": {"uv": [0, 2.875, 0.625, 3.25], "texture": "#main"},
				"west": {"uv": [3, 2.5, 3.375, 2.875], "texture": "#main"},
				"up": {"uv": [2.625, 3.25, 2, 2.875], "texture": "#main"},
				"down": {"uv": [3.25, 2.875, 2.625, 3.25], "texture": "#main"}
			}
		},
		{
			"name": "tail_2",
			"from": [4, 0, 15],
			"to": [12, 5, 19],
			"faces": {
				"north": {"uv": [3, 0.375, 3.5, 0.6875], "texture": "#main"},
				"east": {"uv": [1.6875, 3.3125, 1.9375, 3.625], "texture": "#main"},
				"south": {"uv": [3, 0.6875, 3.5, 1], "texture": "#main"},
				"west": {"uv": [1.125, 3.4375, 1.375, 3.75], "texture": "#main"},
				"up": {"uv": [3.75, 1.5, 3.25, 1.25], "texture": "#main"},
				"down": {"uv": [3.75, 1.5, 3.25, 1.75], "texture": "#main"}
			}
		},
		{
			"name": "tail_3",
			"from": [5, 0, 19],
			"to": [11, 4, 23],
			"faces": {
				"north": {"uv": [1.75, 1, 2.125, 1.25], "texture": "#main"},
				"east": {"uv": [3.375, 2.625, 3.625, 2.875], "texture": "#main"},
				"south": {"uv": [2.625, 2.125, 3, 2.375], "texture": "#main"},
				"west": {"uv": [3.4375, 2.875, 3.6875, 3.125], "texture": "#main"},
				"up": {"uv": [3.75, 2.375, 3.375, 2.125], "texture": "#main"},
				"down": {"uv": [3.75, 2.375, 3.375, 2.625], "texture": "#main"}
			}
		},
		{
			"name": "tail_4",
			"from": [6, 0, 23],
			"to": [10, 3, 26],
			"faces": {
				"north": {"uv": [3.4375, 3.125, 3.6875, 3.3125], "texture": "#main"},
				"east": {"uv": [3.5, 0.5625, 3.6875, 0.75], "texture": "#main"},
				"south": {"uv": [3.4375, 3.3125, 3.6875, 3.5], "texture": "#main"},
				"west": {"uv": [3.5, 0.75, 3.6875, 0.9375], "texture": "#main"},
				"up": {"uv": [0.25, 3.6875, 0, 3.5], "texture": "#main"},
				"down": {"uv": [3.75, 0, 3.5, 0.1875], "texture": "#main"}
			}
		},
		{
			"name": "tail_5",
			"from": [7, 0, 26],
			"to": [9, 2, 29],
			"faces": {
				"north": {"uv": [2, 2.25, 2.125, 2.375], "texture": "#main"},
				"east": {"uv": [3.125, 3.5, 3.3125, 3.625], "texture": "#main"},
				"south": {"uv": [0.5, 2.75, 0.625, 2.875], "texture": "#main"},
				"west": {"uv": [3.3125, 3.5, 3.5, 3.625], "texture": "#main"},
				"up": {"uv": [1, 2.9375, 0.875, 2.75], "texture": "#main"},
				"down": {"uv": [0.625, 3.25, 0.5, 3.4375], "texture": "#main"}
			}
		}
	],
	"display": {
		"head": {
			"translation": [0, -31, 4],
			"scale": [1.8, 1.8, 1.8]
		}
	},
	"groups": [
		0,
		1,
		2,
		3,
		4,
		5,
		6,
		7,
		8,
		9,
		10,
		11,
		12,
		13,
		14,
		15,
		{
			"name": "medusa",
			"origin": [8, 8, 8],
			"color": 0,
			"children": [
				{
					"name": "head",
					"origin": [8, 8, 8],
					"color": 0,
					"children": [16, 17, 18, 19, 20, 21]
				},
				{
					"name": "arms",
					"origin": [8, 8, 8],
					"color": 0,
					"children": [22, 23]
				},
				{
					"name": "body",
					"origin": [8, 8, 8],
					"color": 0,
					"children": [24, 25]
				},
				{
					"name": "tail",
					"origin": [8, 8, 8],
					"color": 0,
					"children": [26, 27, 28, 29, 30, 31]
				}
			]
		}
	]
}