{
  "parent": "minecraft:item/generated",
  "textures": {
    "layer0": "minecraft:item/apple"
  },
  "overrides": [
    {
      "predicate": {
          "custom_model_data": 1524
      },
      "model": "entities/athena/athena_idle"
    },
    {
      "predicate": {
          "custom_model_data": 1525
      },
      "model": "entities/athena/athena_walk"
    },
    {
      "predicate": {
          "custom_model_data": 1526
      },
      "model": "entities/athena/athena_statue"
    },
    {
      "predicate": {
          "custom_model_data": 1527
      },
      "model": "entities/athena/athena_hurt"
    },
    {
      "predicate": {
          "custom_model_data": 1528
      },
      "model": "entities/athena/athena_death"
    },
    {
      "predicate": {
          "custom_model_data": 1529
      },
      "model": "entities/athena/athena_attack_1"
    },
    {
      "predicate": {
          "custom_model_data": 1530
      },
      "model": "entities/athena/athena_attack_2"
    },
    {
      "predicate": {
          "custom_model_data": 1531
      },
      "model": "entities/athena/athena_attack_3"
    },
    {
      "predicate": {
          "custom_model_data": 1532
      },
      "model": "entities/athena/athena_throw_1"
    },
    {
      "predicate": {
          "custom_model_data": 1533
      },
      "model": "entities/athena/athena_throw_2"
    },
    {
      "predicate": {
          "custom_model_data": 1534
      },
      "model": "entities/athena/athena_throw_3"
    },
    {
      "predicate": {
          "custom_model_data": 1535
      },
      "model": "entities/athena/athena_throw_4"
    },
    {
      "predicate": {
          "custom_model_data": 1536
      },
      "model": "entities/athena/athena_throw_5"
    },
    {
      "predicate": {
          "custom_model_data": 1537
      },
      "model": "entities/athena/athena_throw_6"
    },
    {
      "predicate": {
          "custom_model_data": 1538
      },
      "model": "entities/athena/athena_throw_7"
    },
    {
      "predicate": {
          "custom_model_data": 1539
      },
      "model": "entities/athena/athena_throw_8"
    },
    {
      "predicate": {
          "custom_model_data": 1540
      },
      "model": "entities/athena/athena_throw_9"
    },
    {
      "predicate": {
          "custom_model_data": 1541
      },
      "model": "entities/athena/athena_throw_10"
    },
    {
      "predicate": {
          "custom_model_data": 1542
      },
      "model": "entities/athena/athena_throw_11"
    },
    {
      "predicate": {
          "custom_model_data": 1543
      },
      "model": "entities/athena/athena_throw_12"
    },
    {
      "predicate": {
          "custom_model_data": 1544
      },
      "model": "entities/athena/athena_throw_13"
    },
    {
      "predicate": {
          "custom_model_data": 1550
      },
      "model": "entities/athena/athena_block_1"
    },
    {
      "predicate": {
          "custom_model_data": 1551
      },
      "model": "entities/athena/athena_block_2"
    },
    {
      "predicate": {
          "custom_model_data": 1552
      },
      "model": "entities/athena/athena_block_3"
    },
    {
      "predicate": {
          "custom_model_data": 1553
      },
      "model": "entities/athena/athena_block_4"
    },
    {
      "predicate": {
          "custom_model_data": 1554
      },
      "model": "entities/athena/athena_block_5"
    },
    {
      "predicate": {
          "custom_model_data": 1555
      },
      "model": "entities/athena/athena_block_6"
    },
    {
      "predicate": {
          "custom_model_data": 1556
      },
      "model": "entities/athena/athena_block_7"
    },
    {
      "predicate": {
          "custom_model_data": 1557
      },
      "model": "entities/athena/athena_block_8"
    },
    {
      "predicate": {
          "custom_model_data": 1560
      },
      "model": "entities/athena/athena_jump_1"
    },
    {
      "predicate": {
          "custom_model_data": 1561
      },
      "model": "entities/athena/athena_jump_2"
    },
    {
      "predicate": {
          "custom_model_data": 1562
      },
      "model": "entities/athena/athena_jump_3"
    },
    {
      "predicate": {
          "custom_model_data": 1565
      },
      "model": "entities/athena/athena_owl_1"
    },
    {
      "predicate": {
          "custom_model_data": 1566
      },
      "model": "entities/athena/athena_owl_2"
    },
    {
      "predicate": {
          "custom_model_data": 1567
      },
      "model": "entities/athena/athena_owl_3"
    },
    {
      "predicate": {
          "custom_model_data": 1568
      },
      "model": "entities/athena/athena_owl_4"
    },
    {
      "predicate": {
          "custom_model_data": 1569
      },
      "model": "entities/athena/athena_owl_5"
    },
    {
      "predicate": {
          "custom_model_data": 1570
      },
      "model": "entities/athena/athena_owl_6"
    }
  ]
}