{
	"credit": "Made with Blockbench",
	"textures": {
		"1": "item/athena/athena"
	},
	"elements": [
		{
			"name": "shield",
			"from": [7, 7, -1],
			"to": [8, 20, 12],
			"faces": {
				"north": {"uv": [13.625, 0.25, 13.75, 1.625], "texture": "#1"},
				"east": {"uv": [12, 0.125, 13.625, 1.75], "texture": "#1"},
				"south": {"uv": [13.75, 0.25, 13.875, 1.625], "texture": "#1"},
				"west": {"uv": [14.25, 0.125, 15.875, 1.75], "texture": "#1"},
				"up": {"uv": [13.875, 0.25, 14, 1.625], "texture": "#1"},
				"down": {"uv": [14, 0.25, 14.125, 1.625], "texture": "#1"}
			}
		},
		{
			"name": "outer_layers",
			"from": [7, 7, 1],
			"to": [8, 20, 10],
			"faces": {
				"north": {"uv": [13.75, 1.875, 13.875, 3], "texture": "#1"},
				"east": {"uv": [14.5, 1.75, 15.625, 3.375], "texture": "#1"},
				"south": {"uv": [13.875, 1.875, 14, 3], "texture": "#1"},
				"west": {"uv": [14.5, 1.75, 15.625, 3.375], "texture": "#1"},
				"up": {"uv": [14, 1.875, 14.125, 3], "texture": "#1"},
				"down": {"uv": [14.125, 1.875, 14.25, 3], "texture": "#1"}
			}
		},
		{
			"name": "outer_layers",
			"from": [7, 8, 0],
			"to": [8, 19, 11],
			"faces": {
				"north": {"uv": [13.25, 1.875, 13.375, 3], "texture": "#1"},
				"east": {"uv": [14.5, 1.75, 15.625, 3.375], "texture": "#1"},
				"south": {"uv": [13.375, 1.875, 13.5, 3], "texture": "#1"},
				"west": {"uv": [14.5, 1.75, 15.625, 3.375], "texture": "#1"},
				"up": {"uv": [13.5, 1.875, 13.625, 3], "texture": "#1"},
				"down": {"uv": [13.625, 1.875, 13.75, 3], "texture": "#1"}
			}
		},
		{
			"name": "outer_layers",
			"from": [7, 9, -1],
			"to": [8, 18, 12],
			"faces": {
				"north": {"uv": [14.625, 3.5, 14.75, 4.625], "texture": "#1"},
				"east": {"uv": [14.25, 4.625, 15.875, 5.75], "texture": "#1"},
				"south": {"uv": [14.5, 3.5, 14.625, 4.625], "texture": "#1"},
				"west": {"uv": [14.25, 2, 15.875, 3.125], "texture": "#1"},
				"up": {"uv": [14.375, 3.5, 14.5, 4.625], "texture": "#1"},
				"down": {"uv": [14.25, 3.5, 14.375, 4.625], "texture": "#1"}
			}
		},
		{
			"name": "handle",
			"from": [11, 13, 4],
			"to": [12, 14, 7],
			"faces": {
				"north": {"uv": [14, 15, 15.125, 15.25], "texture": "#1"},
				"east": {"uv": [14, 15.25, 15.125, 15.5], "texture": "#1"},
				"south": {"uv": [14, 15.5, 15.125, 15.75], "texture": "#1"},
				"west": {"uv": [14, 15.25, 15.125, 15.5], "texture": "#1"},
				"up": {"uv": [13.75, 15.25, 14, 16], "texture": "#1"},
				"down": {"uv": [13.75, 15.25, 14, 16], "texture": "#1"}
			}
		},
		{
			"name": "handle",
			"from": [8, 13, 7],
			"to": [12, 14, 8],
			"faces": {
				"north": {"uv": [14, 15, 15.125, 15.25], "texture": "#1"},
				"east": {"uv": [14, 15, 14.125, 15.25], "texture": "#1"},
				"south": {"uv": [14, 15.5, 15.125, 15.75], "texture": "#1"},
				"west": {"uv": [14, 15.75, 15.125, 16], "texture": "#1"},
				"up": {"uv": [14, 15.5, 15.125, 15.75], "texture": "#1"},
				"down": {"uv": [14, 15.5, 15.125, 15.75], "texture": "#1"}
			}
		},
		{
			"name": "handle",
			"from": [8, 13, 3],
			"to": [12, 14, 4],
			"faces": {
				"north": {"uv": [14, 15, 15.125, 15.25], "texture": "#1"},
				"east": {"uv": [14, 15, 14.125, 15.25], "texture": "#1"},
				"south": {"uv": [14, 15.5, 15.125, 15.75], "texture": "#1"},
				"west": {"uv": [14, 15.75, 15.125, 16], "texture": "#1"},
				"up": {"uv": [14, 15.5, 15.125, 15.75], "texture": "#1"},
				"down": {"uv": [14, 15.5, 15.125, 15.75], "texture": "#1"}
			}
		}
	],
	"gui_light": "front",
	"display": {
		"thirdperson_righthand": {
			"rotation": [40, -137, 0],
			"translation": [-0.5, -3.25, -5.25],
			"scale": [1.25, 1.25, 1.25]
		},
		"thirdperson_lefthand": {
			"rotation": [45, 53, 0],
			"translation": [3.75, -7.25, -2.25],
			"scale": [1.25, 1.25, 1.25]
		},
		"firstperson_righthand": {
			"rotation": [0, -82, 0],
			"translation": [-4, -6.5, 1.5],
			"scale": [1.2, 1.2, 1.2]
		},
		"firstperson_lefthand": {
			"rotation": [0, 100, 0],
			"translation": [2, -6.5, 1.5],
			"scale": [1.2, 1.2, 1.2]
		},
		"ground": {
			"translation": [0, -1.75, 2.5]
		},
		"gui": {
			"rotation": [5, 40, 0],
			"translation": [2.25, -5.5, 0],
			"scale": [1, 1, 1.2]
		},
		"head": {
			"translation": [0, -64, 3.5],
			"scale": [2.5, 2.5, 2.5]
		},
		"fixed": {
			"rotation": [0, -90, 0],
			"translation": [-2.5, -5.25, -1.25]
		}
	},
	"groups": [
		{
			"name": "shield",
			"origin": [0, 0, 0],
			"color": 0,
			"children": [0, 1, 2, 3]
		},
		4,
		5,
		6
	]
}