{
	"credit": "Made with Blockbench",
	"texture_size": [32, 32],
	"textures": {
		"0": "item/bandana",
		"particle": "item/bandana"
	},
	"elements": [
		{
			"name": "bottom",
			"from": [3, 0, 3],
			"to": [13, 6, 13],
			"faces": {
				"north": {"uv": [5, 0, 10, 3], "texture": "#0"},
				"east": {"uv": [5, 3, 10, 6], "texture": "#0"},
				"south": {"uv": [5, 6, 10, 9], "texture": "#0"},
				"west": {"uv": [5, 9, 10, 12], "texture": "#0"},
				"up": {"uv": [5, 5, 0, 0], "texture": "#0"},
				"down": {"uv": [5, 5, 0, 10], "texture": "#0"}
			}
		},
		{
			"from": [3, -5, 13],
			"to": [13, 0, 13],
			"faces": {
				"north": {"uv": [9.5, 12, 4.5, 14.5], "texture": "#0"},
				"east": {"uv": [13, 0, 13, 2.5], "texture": "#0"},
				"south": {"uv": [4.5, 12, 9.5, 14.5], "texture": "#0"},
				"west": {"uv": [13, 0, 13, 2.5], "texture": "#0"},
				"up": {"uv": [13, 0, 13, 2.5], "rotation": 270, "texture": "#0"},
				"down": {"uv": [13, 0, 13, 2.5], "rotation": 90, "texture": "#0"}
			}
		}
	],
	"gui_light": "front",
	"display": {
		"thirdperson_righthand": {
			"rotation": [55, 0, 0],
			"translation": [0.25, 3, 1.25],
			"scale": [0.66, 0.66, 0.66]
		},
		"thirdperson_lefthand": {
			"rotation": [55, 0, 0],
			"translation": [0.25, 3, 1.25],
			"scale": [0.66, 0.66, 0.66]
		},
		"firstperson_righthand": {
			"translation": [2, 4.75, 0]
		},
		"firstperson_lefthand": {
			"translation": [2, 4.75, 0]
		},
		"ground": {
			"translation": [0, 4.75, 0],
			"scale": [0.8, 0.8, 0.8]
		},
		"gui": {
			"rotation": [20, 158, 0],
			"translation": [0, 5.25, 0],
			"scale": [1.1, 1.2, 1.2]
		},
		"head": {
			"rotation": [5, 0, 0],
			"translation": [0, 12, 1.25],
			"scale": [1.5, 1.5, 1.6]
		},
		"fixed": {
			"translation": [0, 7.5, 5.5],
			"scale": [1.5, 1.5, 1.5]
		}
	}
}