{
	"credit": "Made with Blockbench",
	"parent": "item",
	"texture_size": [64, 64],
	"textures": {
		"2": "block/bear_leather"
	},
	"elements": [
		{
			"name": "nose",
			"from": [-12, 1, 5],
			"to": [-9, 2, 11],
			"faces": {
				"north": {"uv": [13.5, 10.75, 14, 11], "texture": "#2"},
				"east": {"uv": [14.75, 9.75, 15.25, 9.5], "texture": "#2"},
				"south": {"uv": [14, 10.75, 13.5, 11], "texture": "#2"},
				"west": {"uv": [13.75, 12.5, 15.25, 12.75], "texture": "#2"},
				"up": {"uv": [12.5, 3.75, 11.25, 5.25], "texture": "#2"},
				"down": {"uv": [13.75, 10.75, 14.75, 12.25], "texture": "#2"}
			}
		},
		{
			"name": "head",
			"from": [-9, 1, 3],
			"to": [-2, 2, 13],
			"faces": {
				"north": {"uv": [9.5, 10.5, 7.75, 10.75], "texture": "#2"},
				"east": {"uv": [1.75, 14.25, 4.25, 14.5], "texture": "#2"},
				"south": {"uv": [7.75, 10.5, 9.5, 10.75], "texture": "#2"},
				"west": {"uv": [2.75, 6, 4.75, 6.25], "texture": "#2"},
				"up": {"uv": [7.75, 12, 6, 14], "texture": "#2"},
				"down": {"uv": [9.5, 12, 7.75, 14], "texture": "#2"}
			}
		},
		{
			"name": "back",
			"from": [3, 1, 0],
			"to": [14, 2, 16],
			"faces": {
				"north": {"uv": [0, 0, 2.5, 0.25], "texture": "#2"},
				"east": {"uv": [0, 14.5, 4, 14.75], "texture": "#2"},
				"south": {"uv": [0, 0, 2.5, 0.25], "texture": "#2"},
				"west": {"uv": [0, 14.25, 4, 14.5], "texture": "#2"},
				"up": {"uv": [1.75, 6.75, 0, 10.25], "texture": "#2"},
				"down": {"uv": [3, 6.5, 6, 10.25], "texture": "#2"}
			}
		},
		{
			"name": "top_back",
			"from": [-2, 1, -3],
			"to": [3, 2, 19],
			"faces": {
				"north": {"uv": [0, 0, 0.75, 0], "texture": "#2"},
				"east": {"uv": [0, 0, 5, 0], "texture": "#2"},
				"south": {"uv": [0, 0, 0.75, 0], "texture": "#2"},
				"west": {"uv": [3.75, 0.25, 7.75, 0.5], "texture": "#2"},
				"up": {"uv": [1.25, 10.25, 0, 14.25], "texture": "#2"},
				"down": {"uv": [5.5, 6.5, 6.25, 10], "texture": "#2"}
			}
		},
		{
			"name": "lower_back",
			"from": [14, 1, -2],
			"to": [26, 2, 18],
			"faces": {
				"north": {"uv": [0, 0, 3, 0], "texture": "#2"},
				"east": {"uv": [3.75, 3.75, 7.5, 4], "texture": "#2"},
				"south": {"uv": [0, 0, 3, 0], "texture": "#2"},
				"west": {"uv": [0, 0, 5, 0], "texture": "#2"},
				"up": {"uv": [0, 0, 3.75, 4], "texture": "#2"},
				"down": {"uv": [3.75, 0, 7.5, 4], "texture": "#2"}
			}
		},
		{
			"name": "tail",
			"from": [26, 1, 6],
			"to": [27, 2, 11],
			"faces": {
				"north": {"uv": [0, 0, 0.25, 0.25], "texture": "#2"},
				"east": {"uv": [0, 0, 1.25, 0.25], "texture": "#2"},
				"south": {"uv": [0, 0, 0.25, 0.25], "texture": "#2"},
				"west": {"uv": [0, 0, 1.25, 0.25], "texture": "#2"},
				"up": {"uv": [0, 0, 0.25, 1.25], "texture": "#2"},
				"down": {"uv": [0, 0, 0.25, 1.25], "texture": "#2"}
			}
		},
		{
			"name": "left_front_leg",
			"from": [-7, 1, 15],
			"to": [-2, 2, 20],
			"faces": {
				"north": {"uv": [12, 13, 13.25, 13.25], "texture": "#2"},
				"east": {"uv": [13.75, 6, 13, 5.75], "texture": "#2"},
				"south": {"uv": [13.25, 13, 12, 13.25], "texture": "#2"},
				"west": {"uv": [13.75, 7.5, 12.75, 7.75], "texture": "#2"},
				"up": {"uv": [13.75, 6.5, 12.75, 7.75], "rotation": 90, "texture": "#2"},
				"down": {"uv": [8, 2.75, 11.5, 5.25], "texture": "#2"}
			}
		},
		{
			"name": "right_front_leg",
			"from": [-7, 1, -4],
			"to": [-2, 2, 1],
			"faces": {
				"north": {"uv": [12, 13, 13.25, 13.25], "texture": "#2"},
				"east": {"uv": [13, 6, 13.75, 5.75], "texture": "#2"},
				"south": {"uv": [13.25, 13, 12, 13.25], "texture": "#2"},
				"west": {"uv": [12.75, 7.5, 13.75, 7.75], "texture": "#2"},
				"up": {"uv": [12.75, 6.5, 13.75, 7.75], "rotation": 90, "texture": "#2"},
				"down": {"uv": [11.5, 2.75, 8, 5.25], "texture": "#2"}
			}
		},
		{
			"name": "right_back_leg",
			"from": [24, 1, -5],
			"to": [28, 2, 2],
			"faces": {
				"north": {"uv": [12.75, 15.25, 13.75, 15.5], "texture": "#2"},
				"east": {"uv": [11.75, 13.25, 13.25, 13], "texture": "#2"},
				"south": {"uv": [11.75, 13.25, 12.5, 13], "texture": "#2"},
				"west": {"uv": [13.75, 8.5, 14.5, 8.75], "texture": "#2"},
				"up": {"uv": [13.5, 9.75, 12.5, 11.5], "rotation": 180, "texture": "#2"},
				"down": {"uv": [10.5, 9.5, 9.5, 11.25], "rotation": 180, "texture": "#2"}
			}
		},
		{
			"name": "left_back_leg",
			"from": [24, 1, 14],
			"to": [28, 2, 21],
			"faces": {
				"north": {"uv": [11.75, 13.25, 12.5, 13], "texture": "#2"},
				"east": {"uv": [13.25, 13, 11.75, 13.25], "texture": "#2"},
				"south": {"uv": [13.75, 15.25, 12.75, 15.5], "texture": "#2"},
				"west": {"uv": [13.75, 8.75, 14.5, 8.5], "texture": "#2"},
				"up": {"uv": [13.5, 11.5, 12.5, 9.75], "rotation": 180, "texture": "#2"},
				"down": {"uv": [10.5, 11.25, 9.5, 9.5], "rotation": 180, "texture": "#2"}
			}
		}
	],
	"gui_light": "front",
	"display": {
		"thirdperson_righthand": {
			"translation": [-1, 3.75, 1],
			"scale": [0.5, 0.5, 0.5]
		},
		"thirdperson_lefthand": {
			"rotation": [0, -180, 0],
			"translation": [-1, 3.5, 1],
			"scale": [0.5, 0.5, 0.5]
		},
		"firstperson_righthand": {
			"rotation": [0, -180, -80],
			"translation": [-5.25, 3.5, 2.25],
			"scale": [0.5, 0.5, 0.5]
		},
		"firstperson_lefthand": {
			"rotation": [0, 0, 80],
			"translation": [-5.25, 3.5, 2.25],
			"scale": [0.5, 0.5, 0.5]
		},
		"ground": {
			"translation": [0, 4.5, 0],
			"scale": [0.5, 0.5, 0.5]
		},
		"gui": {
			"rotation": [90, -90, 18.5],
			"translation": [0, 2, 0],
			"scale": [0.38, 0.8, 0.45]
		},
		"head": {
			"rotation": [0, -90, 0],
			"translation": [0, 27, 0],
			"scale": [3, 3, 3]
		},
		"fixed": {
			"rotation": [-90, 0, 0],
			"translation": [0, -1, -16.5],
			"scale": [2.5, 2.5, 2.5]
		}
	},
	"groups": [
		{
			"name": "hide",
			"origin": [0, 0, 0],
			"color": 0,
			"children": [
				{
					"name": "head",
					"origin": [0, 0, 0],
					"color": 0,
					"children": [0, 1]
				},
				{
					"name": "back",
					"origin": [0, 0, 0],
					"color": 0,
					"children": [2, 3, 4, 5]
				},
				{
					"name": "front_legs",
					"origin": [0, 0, 0],
					"color": 0,
					"children": [6, 7]
				},
				{
					"name": "back_legs",
					"origin": [0, 0, 0],
					"color": 0,
					"children": [8, 9]
				}
			]
		}
	]
}