{
	"credit": "Made with Blockbench",
	"texture_size": [8, 8],
	"textures": {
		"1": "item/blacksmith_goggles"
	},
	"elements": [
		{
			"name": "inside",
			"from": [5, 0, 5],
			"to": [11, 5, 5],
			"faces": {
				"north": {"uv": [4, 0, 8, 3], "texture": "#1"},
				"east": {"uv": [0, 0, 0, 10], "texture": "#1"},
				"south": {"uv": [8, 0, 4, 3], "texture": "#1"},
				"west": {"uv": [0, 0, 0, 10], "texture": "#1"},
				"up": {"uv": [0, 0, 16, 0], "texture": "#1"},
				"down": {"uv": [0, 0, 16, 0], "texture": "#1"}
			}
		},
		{
			"name": "inside",
			"from": [5, 0, 11],
			"to": [11, 5, 11],
			"faces": {
				"north": {"uv": [12, 0.5, 16, 3], "texture": "#1"},
				"east": {"uv": [0, 0, 0, 10], "texture": "#1"},
				"south": {"uv": [16, 0.5, 12, 3], "texture": "#1"},
				"west": {"uv": [0, 0, 0, 10], "texture": "#1"},
				"up": {"uv": [0, 0, 16, 0], "texture": "#1"},
				"down": {"uv": [0, 0, 16, 0], "texture": "#1"}
			}
		},
		{
			"name": "inside",
			"from": [11, 0, 5],
			"to": [11, 5, 11],
			"faces": {
				"north": {"uv": [4.5, 6.5, 8.5, 9], "texture": "#1"},
				"east": {"uv": [0, 0.5, 4, 3], "texture": "#1"},
				"south": {"uv": [8.5, 6.5, 4.5, 9], "texture": "#1"},
				"west": {"uv": [8, 0.5, 12, 3], "texture": "#1"},
				"up": {"uv": [0, 0, 16, 0], "texture": "#1"},
				"down": {"uv": [0, 0, 16, 0], "texture": "#1"}
			}
		},
		{
			"name": "inside",
			"from": [5, 0, 5],
			"to": [5, 5, 11],
			"faces": {
				"north": {"uv": [4, 5.5, 8, 8], "texture": "#1"},
				"east": {"uv": [0, 0.5, 4, 3], "texture": "#1"},
				"south": {"uv": [8, 5.5, 4, 8], "texture": "#1"},
				"west": {"uv": [8, 0.5, 12, 3], "texture": "#1"},
				"up": {"uv": [0, 0, 16, 0], "texture": "#1"},
				"down": {"uv": [0, 0, 16, 0], "texture": "#1"}
			}
		}
	],
	"gui_light": "front",
	"display": {
		"thirdperson_righthand": {
			"rotation": [-180, 0, 0],
			"translation": [0, -3.5, -2]
		},
		"thirdperson_lefthand": {
			"rotation": [-180, 0, 0],
			"translation": [0, -3.5, -2]
		},
		"firstperson_righthand": {
			"rotation": [-70, -180, 0],
			"translation": [-2.5, 3.5, -1.5]
		},
		"firstperson_lefthand": {
			"rotation": [-70, -180, 0],
			"translation": [-2.5, 3.5, -1.5]
		},
		"ground": {
			"translation": [0, 4.75, 0]
		},
		"gui": {
			"rotation": [23, 162, 0],
			"translation": [0, 11, 0],
			"scale": [2, 2, 2]
		},
		"head": {
			"translation": [0, 14, 0],
			"scale": [2.5, 2.5, 2.5]
		},
		"fixed": {
			"translation": [-0.25, 11.75, 4],
			"scale": [2, 2, 2]
		}
	}
}