{
	"credit": "Made with Blockbench",
	"parent": "minecraft:item/generated",
	"textures": {
		"layer0": "item/blue_berries"
	},
	"display": {
		"thirdperson_righthand": {
			"translation": [0, 3.25, 0.75],
			"scale": [0.5, 0.5, 0.5]
		},
		"thirdperson_lefthand": {
			"translation": [0, 3.25, 0.75],
			"scale": [0.5, 0.5, 0.5]
		},
		"firstperson_righthand": {
			"rotation": [0, 90, 0],
			"translation": [1, 3, 0],
			"scale": [0.8, 0.8, 0.8]
		},
		"firstperson_lefthand": {
			"rotation": [0, -100, 0],
			"translation": [1, 3, 0],
			"scale": [0.8, 0.8, 0.8]
		},
		"ground": {
			"scale": [0.66, 0.66, 0.66]
		},
		"gui": {
			"rotation": [0, -180, 0],
			"translation": [-0.25, 0, 0]
		},
		"head": {
			"rotation": [0, 0, 45],
			"translation": [0, 12.25, 0]
		},
		"fixed": {
			"rotation": [0, -180, 0]
		}
	}
}