{
	"credit": "Made with Blockbench",
	"parent": "minecraft:item/handheld",
	"textures": {
		"particle": "item/blue_fireball",
		"layer0": "item/blue_fireball"
	},
	"display": {
		"thirdperson_righthand": {
			"rotation": [90, 90, -50],
			"translation": [0, 2.75, 1],
			"scale": [0.5, 0.5, 0.5]
		},
		"thirdperson_lefthand": {
			"rotation": [0, 90, -50],
			"translation": [0, 2.75, 1],
			"scale": [0.5, 0.5, 0.5]
		},
		"firstperson_righthand": {
			"rotation": [105, 95, -30],
			"translation": [2, 2.25, 0.5]
		},
		"firstperson_lefthand": {
			"rotation": [15, 95, -30],
			"translation": [2, 2.25, 0.5]
		},
		"ground": {
			"translation": [0, 1, 0],
			"scale": [0.5, 0.5, 0.5]
		},
		"gui": {
			"rotation": [0, 180, 0]
		},
		"head": {
			"rotation": [0, 0, -135],
			"translation": [0, 10, 0]
		},
		"fixed": {
			"translation": [-0.5, 0.25, -0.5]
		}
	},
	"groups": [
		{
			"name": "blue_fireball",
			"origin": [8, 8, 8],
			"color": 0,
			"children": []
		}
	]
}