{
	"credit": "Made with Blockbench",
	"parent": "minecraft:item/handheld",
	"textures": {
		"particle": "item/bonfire_sword",
		"layer0": "item/bonfire_sword"
	},
	"gui_light": "front",
	"display": {
		"thirdperson_righthand": {
			"rotation": [0, 90, 40],
			"translation": [0, 3.75, 0.5],
			"scale": [0.8, 0.8, 0.8]
		},
		"thirdperson_lefthand": {
			"rotation": [0, 90, -50],
			"translation": [0, 4, 0.75],
			"scale": [0.8, 0.8, 0.8]
		},
		"firstperson_righthand": {
			"rotation": [90, 85, -30],
			"translation": [2, 2.5, 0],
			"scale": [0.8, 0.8, 0.8]
		},
		"firstperson_lefthand": {
			"rotation": [30, -88, -30],
			"translation": [1, 3.5, 1.25],
			"scale": [0.8, 0.8, 0.8]
		},
		"ground": {
			"translation": [0, 2.25, 0],
			"scale": [0.5, 0.5, 0.5]
		},
		"fixed": {
			"rotation": [80, 45, 45],
			"translation": [0, 0, -20.5],
			"scale": [2, 2, 2]
		}
	}
}