{
	"credit": "Made with Blockbench",
	"texture_size": [8, 8],
	"textures": {
		"0": "item/book_hat",
		"particle": "item/book_hat"
	},
	"elements": [
		{
			"name": "cover",
			"from": [4, 2, 4],
			"to": [12, 5, 12],
			"faces": {
				"north": {"uv": [4, 4, 8, 5.5], "texture": "#0"},
				"east": {"uv": [0, 4, 4, 5.5], "texture": "#0"},
				"south": {"uv": [12, 4, 16, 5.5], "texture": "#0"},
				"west": {"uv": [8, 4, 12, 5.5], "texture": "#0"},
				"up": {"uv": [4, 0, 8, 4], "texture": "#0"},
				"down": {"uv": [4, 0, 8, 4], "texture": "#0"}
			}
		},
		{
			"name": "cover1",
			"from": [4, 0, 4],
			"to": [12, 2, 4],
			"faces": {
				"north": {"uv": [4, 5.5, 8, 6.5], "texture": "#0"},
				"east": {"uv": [0, 5.5, 4, 7], "texture": "#0"},
				"south": {"uv": [8, 5.5, 4, 6.5], "texture": "#0"},
				"west": {"uv": [8, 5.5, 12, 7], "texture": "#0"},
				"up": {"uv": [8, 0, 12, 4], "texture": "#0"},
				"down": {"uv": [8, 0, 12, 4], "texture": "#0"}
			}
		},
		{
			"name": "cover_back",
			"from": [4, 0, 12],
			"to": [12, 2, 12],
			"faces": {
				"north": {"uv": [16, 5.5, 12, 6.5], "texture": "#0"},
				"east": {"uv": [0, 5.5, 4, 7], "texture": "#0"},
				"south": {"uv": [12, 5.5, 16, 6.5], "texture": "#0"},
				"west": {"uv": [8, 5.5, 12, 7], "texture": "#0"},
				"up": {"uv": [8, 0, 12, 4], "texture": "#0"},
				"down": {"uv": [8, 0, 12, 4], "texture": "#0"}
			}
		}
	],
	"display": {
		"thirdperson_righthand": {
			"rotation": [90, 0, 0],
			"translation": [0, 3, 3.75]
		},
		"thirdperson_lefthand": {
			"rotation": [90, 0, 0],
			"translation": [0, 3, 3.75]
		},
		"firstperson_righthand": {
			"rotation": [9, 0, 0],
			"translation": [-0.75, 7.5, -0.25]
		},
		"firstperson_lefthand": {
			"rotation": [9, 0, 0],
			"translation": [-0.75, 7.5, -0.25]
		},
		"ground": {
			"translation": [0, 4.75, 0]
		},
		"gui": {
			"rotation": [20, -20, 0],
			"translation": [0.25, 4, 0],
			"scale": [1.1, 1.1, 1.5]
		},
		"head": {
			"translation": [0, 13.5, 0],
			"scale": [2, 2, 2]
		},
		"fixed": {
			"translation": [0, 6, 0],
			"scale": [1.5, 1.5, 1.5]
		}
	}
}