{
	"credit": "Made with Blockbench",
	"texture_size": [32, 32],
	"textures": {
		"2": "item/pirate_captain_hat",
		"particle": "item/pirate_captain_hat"
	},
	"elements": [
		{
			"name": "cover",
			"from": [4, 0, 4],
			"to": [12, 1, 12],
			"faces": {
				"north": {"uv": [0, 3, 8, 4], "texture": "#2"},
				"east": {"uv": [0, 3, 8, 4], "texture": "#2"},
				"south": {"uv": [8, 3, 16, 4], "texture": "#2"},
				"west": {"uv": [0, 3, 8, 4], "texture": "#2"},
				"up": {"uv": [15, 0, 16, 2], "texture": "#2"},
				"down": {"uv": [15, 0, 16, 2], "texture": "#2"}
			}
		},
		{
			"from": [4, -1, 12],
			"to": [12, 0, 12],
			"faces": {
				"north": {"uv": [16, 4, 8, 5], "texture": "#2"},
				"east": {"uv": [0, 0, 0, 2.5], "texture": "#2"},
				"south": {"uv": [8, 4, 16, 5], "texture": "#2"},
				"west": {"uv": [0, 0, 0, 2.5], "texture": "#2"},
				"up": {"uv": [0, 0, 12, 0], "texture": "#2"},
				"down": {"uv": [0, 0, 12, 0], "texture": "#2"}
			}
		},
		{
			"name": "updown",
			"from": [4, 0, 4],
			"to": [12, 1, 12],
			"faces": {
				"north": {"uv": [13.5, 0, 15, 1.5], "texture": "#2"},
				"east": {"uv": [13.5, 0, 15, 1.5], "texture": "#2"},
				"south": {"uv": [13, 0, 15, 1.5], "texture": "#2"},
				"west": {"uv": [13.5, 0, 15, 1.5], "texture": "#2"},
				"up": {"uv": [0, 3, 6, 8.5], "texture": "#2"},
				"down": {"uv": [0, 3, 6, 8.5], "texture": "#2"}
			}
		},
		{
			"name": "inside",
			"from": [5, 0, 11],
			"to": [11, 1, 11],
			"faces": {
				"north": {"uv": [0, 3, 8, 4], "texture": "#2"},
				"east": {"uv": [0, 0, 2, 2], "texture": "#2"},
				"south": {"uv": [0, 0, 2, 2], "texture": "#2"},
				"west": {"uv": [0, 0, 2, 2], "texture": "#2"},
				"up": {"uv": [0, 0, 2, 2], "texture": "#2"},
				"down": {"uv": [0, 0, 2, 2], "texture": "#2"}
			}
		},
		{
			"name": "inside",
			"from": [5, 0, 5],
			"to": [11, 1, 5],
			"faces": {
				"north": {"uv": [0, 0, 2, 2], "texture": "#2"},
				"east": {"uv": [0, 0, 2, 2], "texture": "#2"},
				"south": {"uv": [0, 3, 8, 4], "texture": "#2"},
				"west": {"uv": [0, 0, 2, 2], "texture": "#2"},
				"up": {"uv": [0, 0, 2, 2], "texture": "#2"},
				"down": {"uv": [0, 0, 2, 2], "texture": "#2"}
			}
		},
		{
			"name": "inside",
			"from": [5, 0, 5],
			"to": [5, 1, 11],
			"faces": {
				"north": {"uv": [0, 0, 2, 2], "texture": "#2"},
				"east": {"uv": [0, 3, 8, 4], "texture": "#2"},
				"south": {"uv": [0, 0, 2, 2], "texture": "#2"},
				"west": {"uv": [0, 0, 2, 2], "texture": "#2"},
				"up": {"uv": [0, 0, 2, 2], "rotation": 270, "texture": "#2"},
				"down": {"uv": [0, 0, 2, 2], "rotation": 90, "texture": "#2"}
			}
		},
		{
			"name": "inside",
			"from": [11, 0, 5],
			"to": [11, 1, 11],
			"faces": {
				"north": {"uv": [0, 0, 2, 2], "texture": "#2"},
				"east": {"uv": [0, 0, 2, 2], "texture": "#2"},
				"south": {"uv": [0, 0, 2, 2], "texture": "#2"},
				"west": {"uv": [0, 3, 8, 4], "texture": "#2"},
				"up": {"uv": [0, 0, 2, 2], "rotation": 90, "texture": "#2"},
				"down": {"uv": [0, 0, 2, 2], "rotation": 270, "texture": "#2"}
			}
		},
		{
			"name": "skull",
			"from": [7, 2, 4],
			"to": [9, 4, 4],
			"faces": {
				"north": {"uv": [1.5, 0, 5, 3], "texture": "#2"},
				"east": {"uv": [0, 0, 0, 1], "texture": "#2"},
				"south": {"uv": [0, 0, 1, 0], "texture": "#2"},
				"west": {"uv": [0, 0, 0, 1], "texture": "#2"},
				"up": {"uv": [0, 0, 1, 0], "texture": "#2"},
				"down": {"uv": [0, 0, 1, 0], "texture": "#2"}
			}
		},
		{
			"name": "hat",
			"from": [4, 1, 4],
			"to": [12, 6, 12],
			"faces": {
				"north": {"uv": [8, 11, 12, 13.5], "texture": "#2"},
				"east": {"uv": [8, 13.5, 12, 16], "texture": "#2"},
				"south": {"uv": [12, 11, 16, 13.5], "texture": "#2"},
				"west": {"uv": [12, 13.5, 16, 16], "texture": "#2"},
				"up": {"uv": [8, 16, 4, 12], "texture": "#2"},
				"down": {"uv": [4, 12, 0, 16], "texture": "#2"}
			}
		},
		{
			"name": "left_side",
			"from": [7, 1, 24],
			"to": [12, 5, 29],
			"rotation": {"angle": 45, "axis": "y", "origin": [-12, 0, 15]},
			"faces": {
				"north": {"uv": [0, 8.5, 2.5, 10.5], "texture": "#2"},
				"east": {"uv": [7.5, 8.5, 10, 10.5], "texture": "#2"},
				"south": {"uv": [5, 8.5, 7.5, 10.5], "texture": "#2"},
				"west": {"uv": [0, 13, 2.5, 15], "texture": "#2"},
				"up": {"uv": [0, 10.5, 2.5, 13], "rotation": 180, "texture": "#2"},
				"down": {"uv": [2.5, 8.5, 5, 11], "rotation": 180, "texture": "#2"}
			}
		},
		{
			"name": "right_side",
			"from": [2, 1, 19],
			"to": [7, 5, 24],
			"rotation": {"angle": 45, "axis": "y", "origin": [-12, 0, 15]},
			"faces": {
				"north": {"uv": [0, 8.5, 2.5, 10.5], "texture": "#2"},
				"east": {"uv": [7.5, 8.5, 10, 10.5], "texture": "#2"},
				"south": {"uv": [5, 8.5, 7.5, 10.5], "texture": "#2"},
				"west": {"uv": [0, 13, 2.5, 15], "texture": "#2"},
				"up": {"uv": [0, 10.5, 2.5, 13], "rotation": 180, "texture": "#2"},
				"down": {"uv": [2.5, 8.5, 5, 11], "rotation": 180, "texture": "#2"}
			}
		}
	],
	"gui_light": "front",
	"display": {
		"thirdperson_righthand": {
			"translation": [0, 3.75, -2.75]
		},
		"thirdperson_lefthand": {
			"translation": [0, 3.75, -2.75]
		},
		"firstperson_righthand": {
			"rotation": [0, -180, 0],
			"translation": [2, 6.25, -3.5]
		},
		"firstperson_lefthand": {
			"rotation": [0, -180, 0],
			"translation": [3.25, 6.25, -3.5]
		},
		"ground": {
			"translation": [0, 5, 0]
		},
		"gui": {
			"rotation": [30, 145, 0],
			"translation": [0, 5, 0],
			"scale": [1.2, 1.2, 1.2]
		},
		"head": {
			"translation": [0, 15.5, 0.25],
			"scale": [1.9, 1.9, 1.9]
		},
		"fixed": {
			"translation": [0, 8.75, 1.75],
			"scale": [1.5, 1.5, 1.5]
		}
	},
	"groups": [
		{
			"name": "headband",
			"origin": [0, 0, 0],
			"color": 0,
			"children": [0, 1, 2, 3, 4, 5, 6]
		},
		{
			"name": "hat",
			"origin": [0, 0, 0],
			"color": 0,
			"children": [7, 8, 9, 10]
		}
	]
}