{
  "parent": "minecraft:item/handheld_rod",
  "textures": {
    "layer0": "minecraft:item/carrot_on_a_stick"
  },
  "overrides": [
    {
        "predicate": {
          "custom_model_data": 1524
        },
        "model": "item/magic_wand/magic_wand"
    },
    {
      "predicate": {
        "custom_model_data": 1525
      },
      "model": "item/magic_wand/magic_wand_used"
    },
    {
      "predicate": {
          "custom_model_data": 2520
      },
      "model": "item/nothing"
    },
    {
      "predicate": {
          "custom_model_data": 2524
      },
      "model": "item/spear"
    },
    {
      "predicate": {
          "custom_model_data": 2526
      },
      "model": "item/spear_backwards"
    },
    {
      "predicate": {
          "custom_model_data": 3524
      },
      "model": "item/repair_box_anim"
    },
    {
      "predicate": {
          "custom_model_data": 4524
      },
      "model": "item/humanity"
    },
    {
      "predicate": {
          "custom_model_data": 4624
      },
      "model": "item/soul_remnants"
    },
    {
      "predicate": {
          "custom_model_data": 5524
      },
      "model": "item/dragon_eye"
    },
    {
      "predicate": {
        "custom_model_data": 6524
      },
      "model": "item/chalice"
    }
  ]
}