{
  "parent": "minecraft:block/carved_pumpkin",
  "overrides": [
        {
            "predicate": {
                "custom_model_data": 1524
            },
            "model": "item/medusa_head"
        },
        {
          "predicate": {
              "custom_model_data": 2524
          },
          "model": "item/farmer_hat"
        },
        {
          "predicate": {
              "custom_model_data": 3524
          },
          "model": "item/blacksmith_goggles"
        },
        {
          "predicate": {
              "custom_model_data": 4524
          },
          "model": "item/headband"
        },
        {
          "predicate": {
              "custom_model_data": 5524
          },
          "model": "item/fisherman_hat"
        },
        {
          "predicate": {
              "custom_model_data": 6524
          },
          "model": "item/robin_hat"
        },
        {
          "predicate": {
              "custom_model_data": 7524
          },
          "model": "item/book_hat"
        },
        {
          "predicate": {
              "custom_model_data": 8524
          },
          "model": "item/shepherd_hat"
        },
        {
          "predicate": {
              "custom_model_data": 9524
          },
          "model": "item/monocle"
        },
        {
          "predicate": {
              "custom_model_data": 10524
          },
          "model": "item/eyepatch"
        },
        {
          "predicate": {
              "custom_model_data": 11524
          },
          "model": "item/witch_hat"
        },
        {
          "predicate": {
              "custom_model_data": 12524
          },
          "model": "item/bandana"
        },
        {
          "predicate": {
              "custom_model_data": 13524
          },
          "model": "entities/pirate/pirate_head"
        },
        {
          "predicate": {
              "custom_model_data": 13525
          },
          "model": "entities/pirate/pirate_skeleton_head"
        },
        {
          "predicate": {
              "custom_model_data": 14524
          },
          "model": "item/captain_hat"
        },
        {
          "predicate": {
              "custom_model_data": 15524
          },
          "model": "entities/pirate/pirate_captain_head"
        },
        {
          "predicate": {
              "custom_model_data": 15525
          },
          "model": "entities/pirate/pirate_skeleton_captain_head"
        },
        {
          "predicate": {
              "custom_model_data": 16525
          },
          "model": "item/giants_crown"
        }
  ]
}