{
	"credit": "Made with Blockbench",
	"texture_size": [64, 64],
	"textures": {
		"0": "item/chalice",
		"particle": "item/chalice"
	},
	"elements": [
		{
			"name": "bottom",
			"from": [0, 0, 0],
			"to": [16, 2, 16],
			"faces": {
				"north": {"uv": [11.5, 1.5, 15.5, 2], "texture": "#0"},
				"east": {"uv": [11.5, 2, 15.5, 2.5], "texture": "#0"},
				"south": {"uv": [11.5, 2.5, 15.5, 3], "texture": "#0"},
				"west": {"uv": [11.5, 3, 15.5, 3.5], "texture": "#0"},
				"up": {"uv": [4, 4, 0, 0], "texture": "#0"},
				"down": {"uv": [4, 4, 0, 8], "texture": "#0"}
			}
		},
		{
			"name": "middle",
			"from": [1, 1, 1],
			"to": [15, 6, 15],
			"faces": {
				"north": {"uv": [3.5, 10.75, 7, 11.5], "texture": "#0"},
				"east": {"uv": [0, 11.5, 3.5, 12.25], "texture": "#0"},
				"south": {"uv": [11.5, 0, 15, 0.75], "texture": "#0"},
				"west": {"uv": [11.5, 0.75, 15, 1.5], "texture": "#0"},
				"up": {"uv": [3.5, 11.5, 0, 8], "texture": "#0"},
				"down": {"uv": [11.5, 0, 8, 3.5], "texture": "#0"}
			}
		},
		{
			"name": "top",
			"from": [0, 5, 0],
			"to": [16, 17, 16],
			"faces": {
				"north": {"uv": [8, 3.5, 12, 6.5], "texture": "#0"},
				"east": {"uv": [8, 3.5, 12, 6.5], "texture": "#0"},
				"south": {"uv": [8, 6.5, 12, 9.5], "texture": "#0"},
				"west": {"uv": [8, 6.5, 12, 9.5], "texture": "#0"},
				"up": {"uv": [8, 4, 4, 0], "texture": "#0"},
				"down": {"uv": [8, 4.25, 4, 8.25], "texture": "#0"}
			}
		}
	],
	"gui_light": "front",
	"display": {
		"thirdperson_righthand": {
			"translation": [-1, 0, 0],
			"scale": [0.25, 0.25, 0.25]
		},
		"thirdperson_lefthand": {
			"translation": [-1, 0, 0],
			"scale": [0.25, 0.25, 0.25]
		},
		"firstperson_righthand": {
			"translation": [0, 0.5, 0],
			"scale": [0.4, 0.4, 0.4]
		},
		"firstperson_lefthand": {
			"translation": [0, 0.5, 0],
			"scale": [0.4, 0.4, 0.4]
		},
		"ground": {
			"translation": [0, 2, 0],
			"scale": [0.25, 0.25, 0.25]
		},
		"gui": {
			"rotation": [25, -25, 0],
			"scale": [0.5, 0.5, 0.5]
		},
		"fixed": {
			"scale": [0.5, 0.5, 0.05]
		}
	}
}