{
  "parent": "minecraft:item/generated",
  "textures": {
    "layer0": "minecraft:item/clay_ball"
  },
  "overrides": [
        {
          "predicate": {
              "custom_model_data": 1524
          },
          "model": "entities/atlantan/atlantan_idle"
        },
        {
          "predicate": {
              "custom_model_data": 2524
          },
          "model": "entities/atlantan/atlantan_move"
        },
        {
          "predicate": {
              "custom_model_data": 3524
          },
          "model": "entities/atlantan/atlantan_hurt"
        },
        {
          "predicate": {
              "custom_model_data": 4524
          },
          "model": "entities/atlantan/atlantan_eyes_closed"
        }
  ]
}