{
  "parent": "minecraft:block/dragon_egg",
  "overrides": [
    {
        "predicate": {
            "custom_model_data": 1524
        },
        "model": "entities/dragon_pet/idle"
    },
    {
      "predicate": {
          "custom_model_data": 1525
      },
      "model": "entities/dragon_pet/idle_anim"
    },
    {
      "predicate": {
        "custom_model_data": 1526
      },
      "model": "entities/dragon_pet/hurt"
    },
    {
      "predicate": {
        "custom_model_data": 1527
      },
      "model": "entities/dragon_pet/walk_anim"
    }
  ]
}