{
	"credit": "Made with Blockbench",
	"parent": "minecraft:item/generated",
	"textures": {
		"layer0": "item/dragon_eye"
	},
	"display": {
		"thirdperson_righthand": {
			"translation": [0, 3.25, 0.75],
			"scale": [0.5, 0.5, 0.5]
		},
		"thirdperson_lefthand": {
			"translation": [0, 3.25, 0.75],
			"scale": [0.5, 0.5, 0.5]
		},
		"firstperson_righthand": {
			"rotation": [-20, -71, 0],
			"translation": [1.25, 3, 0],
			"scale": [0.6, 0.6, 0.6]
		},
		"firstperson_lefthand": {
			"rotation": [-20, 115, 0],
			"translation": [1.25, 3, 0],
			"scale": [0.6, 0.6, 0.6]
		},
		"ground": {
			"translation": [0, 4, 0],
			"scale": [0.5, 0.5, 0.5]
		},
		"gui": {
			"translation": [-0.25, 0.375, 0]
		},
		"head": {
			"rotation": [0, 0, 45],
			"translation": [0, 12.25, 0]
		},
		"fixed": {
			"rotation": [0, -180, 0],
			"translation": [0, 1, 0]
		}
	}
}