{
	"credit": "Made with Blockbench",
	"texture_size": [32, 32],
	"textures": {
		"0": "item/duck_egg",
		"particle": "item/duck_egg"
	},
	"elements": [
		{
			"name": "egg",
			"from": [0, 0, 8],
			"to": [16, 16, 8],
			"faces": {
				"north": {"uv": [0, 0, 8, 8], "texture": "#0"},
				"east": {"uv": [0, 0, 0, 16], "texture": "#0"},
				"south": {"uv": [0, 8, 8, 16], "texture": "#0"},
				"west": {"uv": [0, 0, 0, 16], "texture": "#0"},
				"up": {"uv": [0, 0, 16, 0], "texture": "#0"},
				"down": {"uv": [0, 0, 16, 0], "texture": "#0"}
			}
		},
		{
			"name": "egg",
			"from": [0, 0, 9],
			"to": [16, 16, 9],
			"faces": {
				"north": {"uv": [0, 0, 8, 8], "texture": "#0"},
				"east": {"uv": [0, 0, 0, 8], "texture": "#0"},
				"south": {"uv": [0, 8, 8, 16], "texture": "#0"},
				"west": {"uv": [0, 0, 0, 8], "texture": "#0"},
				"up": {"uv": [8, 0, 0, 0], "texture": "#0"},
				"down": {"uv": [8, 0, 0, 0], "texture": "#0"}
			}
		},
		{
			"name": "fill",
			"from": [5, 2, 8],
			"to": [11, 3, 9],
			"faces": {
				"north": {"uv": [11, 13, 14, 13.5], "texture": "#0"},
				"east": {"uv": [10, 13, 10.5, 13.5], "texture": "#0"},
				"south": {"uv": [11, 13, 14, 13.5], "texture": "#0"},
				"west": {"uv": [10.5, 13, 11, 13.5], "texture": "#0"},
				"up": {"uv": [11, 12, 14, 12.5], "texture": "#0"},
				"down": {"uv": [11, 12.5, 14, 13], "texture": "#0"}
			}
		},
		{
			"name": "fill",
			"from": [4, 3, 8],
			"to": [12, 4, 9],
			"faces": {
				"north": {"uv": [11, 13, 15, 13.5], "texture": "#0"},
				"east": {"uv": [10, 13, 10.5, 13.5], "texture": "#0"},
				"south": {"uv": [11, 13, 15, 13.5], "texture": "#0"},
				"west": {"uv": [10.5, 13, 11, 13.5], "texture": "#0"},
				"up": {"uv": [11, 12, 15, 12.5], "texture": "#0"},
				"down": {"uv": [11, 12.5, 15, 13], "texture": "#0"}
			}
		},
		{
			"name": "fill",
			"from": [3, 4, 8],
			"to": [13, 10, 9],
			"faces": {
				"north": {"uv": [11, 13, 16, 16], "texture": "#0"},
				"east": {"uv": [10, 13, 10.5, 16], "texture": "#0"},
				"south": {"uv": [11, 13, 16, 16], "texture": "#0"},
				"west": {"uv": [10.5, 13, 11, 16], "texture": "#0"},
				"up": {"uv": [11, 12, 16, 12.5], "texture": "#0"},
				"down": {"uv": [11, 12.5, 16, 13], "texture": "#0"}
			}
		},
		{
			"name": "fill",
			"from": [4, 10, 8],
			"to": [12, 12, 9],
			"faces": {
				"north": {"uv": [11, 13, 15, 14], "texture": "#0"},
				"east": {"uv": [10, 13, 10.5, 14], "texture": "#0"},
				"south": {"uv": [11, 13, 15, 14], "texture": "#0"},
				"west": {"uv": [9.5, 13, 10, 14], "texture": "#0"},
				"up": {"uv": [11, 12, 15, 12.5], "texture": "#0"},
				"down": {"uv": [11, 12.5, 15, 13], "texture": "#0"}
			}
		},
		{
			"name": "fill",
			"from": [5, 12, 8],
			"to": [11, 13, 9],
			"faces": {
				"north": {"uv": [11, 13, 14, 13.5], "texture": "#0"},
				"east": {"uv": [10, 13, 10.5, 13.5], "texture": "#0"},
				"south": {"uv": [11, 13, 14, 13.5], "texture": "#0"},
				"west": {"uv": [10.5, 13, 11, 13.5], "texture": "#0"},
				"up": {"uv": [11, 12, 14, 12.5], "texture": "#0"},
				"down": {"uv": [11, 12.5, 14, 13], "texture": "#0"}
			}
		},
		{
			"name": "fill",
			"from": [6, 13, 8],
			"to": [10, 14, 9],
			"faces": {
				"north": {"uv": [11, 13, 13, 13.5], "texture": "#0"},
				"east": {"uv": [10, 13, 10.5, 13.5], "texture": "#0"},
				"south": {"uv": [11, 13, 13, 13.5], "texture": "#0"},
				"west": {"uv": [10.5, 13, 11, 13.5], "texture": "#0"},
				"up": {"uv": [11, 12, 13, 12.5], "texture": "#0"},
				"down": {"uv": [11, 12.5, 13, 13], "texture": "#0"}
			}
		}
	],
	"gui_light": "front",
	"display": {
		"thirdperson_righthand": {
			"translation": [0.25, 2.75, 0.5],
			"scale": [0.5, 0.5, 0.5]
		},
		"thirdperson_lefthand": {
			"translation": [0.25, 2.75, 0.5],
			"scale": [0.5, 0.5, 0.5]
		},
		"firstperson_righthand": {
			"rotation": [0, -80, 15],
			"translation": [2.25, 2.5, 0],
			"scale": [0.8, 1, 1]
		},
		"firstperson_lefthand": {
			"rotation": [0, -80, 15],
			"translation": [2.25, 2.5, 0],
			"scale": [0.8, 1, 1]
		},
		"ground": {
			"scale": [0.5, 0.5, 0.5]
		},
		"fixed": {
			"translation": [0, 0, -1]
		}
	}
}