{
	"credit": "Made with Blockbench",
	"texture_size": [8, 8],
	"textures": {
		"0": "item/eyepatch",
		"particle": "item/eyepatch"
	},
	"elements": [
		{
			"name": "inside",
			"from": [4, 0, 4],
			"to": [12, 5, 4],
			"faces": {
				"north": {"uv": [4, 5.5, 8, 8], "texture": "#0"},
				"east": {"uv": [0, 0, 0, 10], "texture": "#0"},
				"south": {"uv": [8, 5.5, 4, 8], "texture": "#0"},
				"west": {"uv": [0, 0, 0, 10], "texture": "#0"},
				"up": {"uv": [0, 0, 16, 0], "texture": "#0"},
				"down": {"uv": [0, 0, 16, 0], "texture": "#0"}
			}
		},
		{
			"name": "inside",
			"from": [4, 0, 12],
			"to": [12, 5, 12],
			"faces": {
				"north": {"uv": [16, 5.5, 12, 8], "texture": "#0"},
				"east": {"uv": [0, 0, 0, 10], "texture": "#0"},
				"south": {"uv": [12, 5.5, 16, 8], "texture": "#0"},
				"west": {"uv": [0, 0, 0, 10], "texture": "#0"},
				"up": {"uv": [0, 0, 16, 0], "texture": "#0"},
				"down": {"uv": [0, 0, 16, 0], "texture": "#0"}
			}
		},
		{
			"name": "inside",
			"from": [4, 0, 4],
			"to": [4, 5, 12],
			"faces": {
				"north": {"uv": [12, 1, 16, 3.5], "texture": "#0"},
				"east": {"uv": [12, 5.5, 8, 8], "texture": "#0"},
				"south": {"uv": [16, 1, 12, 3.5], "texture": "#0"},
				"west": {"uv": [8, 5.5, 12, 8], "texture": "#0"},
				"up": {"uv": [0, 0, 16, 0], "texture": "#0"},
				"down": {"uv": [0, 0, 16, 0], "texture": "#0"}
			}
		},
		{
			"name": "inside",
			"from": [12, 0, 4],
			"to": [12, 5, 12],
			"faces": {
				"north": {"uv": [12, 1, 16, 3.5], "texture": "#0"},
				"east": {"uv": [4, 5.5, 0, 8], "texture": "#0"},
				"south": {"uv": [16, 1, 12, 3.5], "texture": "#0"},
				"west": {"uv": [4, 5.5, 0, 8], "texture": "#0"},
				"up": {"uv": [0, 0, 16, 0], "texture": "#0"},
				"down": {"uv": [0, 0, 16, 0], "texture": "#0"}
			}
		}
	],
	"display": {
		"thirdperson_righthand": {
			"translation": [0, 3.75, -2.75]
		},
		"thirdperson_lefthand": {
			"translation": [0, 3.75, -2.75]
		},
		"firstperson_righthand": {
			"rotation": [0, -180, -70],
			"translation": [-2.5, 3.5, -3.5]
		},
		"firstperson_lefthand": {
			"rotation": [0, -180, 115],
			"translation": [9, -0.5, -3.5]
		},
		"ground": {
			"translation": [0, 3.75, 0]
		},
		"gui": {
			"rotation": [25, 145, 0],
			"translation": [0, 5, 0],
			"scale": [1.2, 1.2, 1.2]
		},
		"head": {
			"translation": [0, 11.75, 0],
			"scale": [1.9, 1.9, 1.9]
		},
		"fixed": {
			"translation": [0, 8.75, 4],
			"scale": [1.5, 1.5, 1.5]
		}
	}
}