{
	"credit": "Made with Blockbench",
	"texture_size": [8, 8],
	"textures": {
		"0": "item/farmer_hat",
		"particle": "item/farmer_hat"
	},
	"elements": [
		{
			"name": "tip",
			"from": [2.05, 0, 2.05],
			"to": [13.95, 0, 13.95],
			"faces": {
				"north": {"uv": [0, 0, 24, 0], "texture": "#0"},
				"east": {"uv": [0, 0, 26, 0], "texture": "#0"},
				"south": {"uv": [0, 0, 24, 0], "texture": "#0"},
				"west": {"uv": [0, 0, 26, 0], "texture": "#0"},
				"up": {"uv": [0, 6, 8, 14], "texture": "#0"},
				"down": {"uv": [0, 6, 8, 14], "rotation": 270, "texture": "#0"}
			}
		},
		{
			"name": "cover",
			"from": [5, 0, 5],
			"to": [11, 3, 11],
			"faces": {
				"north": {"uv": [4, 4, 8, 6], "texture": "#0"},
				"east": {"uv": [8, 4, 12, 6], "texture": "#0"},
				"south": {"uv": [12, 4, 16, 6], "texture": "#0"},
				"west": {"uv": [0, 4, 4, 6], "texture": "#0"},
				"up": {"uv": [4, 0, 8, 4], "texture": "#0"},
				"down": {"uv": [8, 0, 12, 4], "texture": "#0"}
			}
		}
	],
	"display": {
		"thirdperson_righthand": {
			"rotation": [90, 0, 0],
			"translation": [0, 3.25, 8.5]
		},
		"thirdperson_lefthand": {
			"rotation": [90, 0, 0],
			"translation": [0, 3.25, 8.5]
		},
		"firstperson_righthand": {
			"translation": [0, 9.25, 0]
		},
		"firstperson_lefthand": {
			"translation": [0, 9.25, 0]
		},
		"ground": {
			"translation": [0, 4.75, 0]
		},
		"gui": {
			"rotation": [20, -20, 0],
			"translation": [0.25, 6.5, 0],
			"scale": [1.1, 1.1, 1.1]
		},
		"head": {
			"translation": [0, 20.75, 0],
			"scale": [2.5, 2.5, 2.5]
		},
		"fixed": {
			"translation": [0, 11.5, 0],
			"scale": [1.5, 1.5, 1.5]
		}
	}
}