{
    "parent": "item/generated",
    "textures": {
        "layer0": "item/feather"
    },
    "display": {
        "head": {
            "rotation": [ 0, 0, 45 ],
            "translation": [ -1, 13, 7],
            "scale":[ 1, 1, 1]
        }
    },
    "overrides": [
        {
            "predicate": {
                "custom_model_data": 1520
            },
            "model": "item/owl_feather"
        },
        {
            "predicate": {
                "custom_model_data": 1524
            },
            "model": "entities/owl/owl"
        },
        {
            "predicate": {
                "custom_model_data": 1525
            },
            "model": "entities/owl/owl_flight"
        },
        {
            "predicate": {
                "custom_model_data": 1526
            },
            "model": "entities/owl/owl_hurt"
        },
        {
            "predicate": {
                "custom_model_data": 1527
            },
            "model": "entities/owl/owl_attack_1"
        },
        {
            "predicate": {
                "custom_model_data": 1528
            },
            "model": "entities/owl/owl_attack_2"
        },
        {
            "predicate": {
                "custom_model_data": 1529
            },
            "model": "entities/owl/owl_attack_3"
        },
        {
            "predicate": {
                "custom_model_data": 1530
            },
            "model": "entities/owl/owl_attack_4"
        },
        {
            "predicate": {
                "custom_model_data": 1531
            },
            "model": "entities/owl/owl_attack_5"
        },
        {
            "predicate": {
                "custom_model_data": 2524
            },
            "model": "entities/owl/friendly_owl/owl"
        },
        {
            "predicate": {
                "custom_model_data": 2525
            },
            "model": "entities/owl/friendly_owl/owl_flight"
        },
        {
            "predicate": {
                "custom_model_data": 2526
            },
            "model": "entities/owl/friendly_owl/owl_hurt"
        },
        {
            "predicate": {
                "custom_model_data": 2527
            },
            "model": "entities/owl/friendly_owl/owl_hurts"
        },
        {
            "predicate": {
                "custom_model_data": 2528
            },
            "model": "entities/owl/friendly_owl/owl_death"
        },
        {
            "predicate": {
                "custom_model_data": 2529
            },
            "model": "entities/owl/friendly_owl/owl_walk"
        },
        {
            "predicate": {
                "custom_model_data": 2530
            },
            "model": "entities/owl/friendly_owl/owl_sit"
        },
        {
            "predicate": {
                "custom_model_data": 2531
            },
            "model": "entities/owl/friendly_owl/owl_flying"
        }
    ]
}
