{
	"credit": "Made with Blockbench",
	"texture_size": [8, 8],
	"textures": {
		"1": "item/fisherman_hat"
	},
	"elements": [
		{
			"name": "tip",
			"from": [3, 0, 3],
			"to": [13, 0, 13],
			"faces": {
				"north": {"uv": [0, 0, 48, 0], "texture": "#1"},
				"east": {"uv": [0, 0, 52, 0], "texture": "#1"},
				"south": {"uv": [0, 0, 48, 0], "texture": "#1"},
				"west": {"uv": [0, 0, 52, 0], "texture": "#1"},
				"up": {"uv": [0, 7.5, 6, 13.5], "texture": "#1"},
				"down": {"uv": [0, 7.5, 6, 13.5], "rotation": 270, "texture": "#1"}
			}
		},
		{
			"name": "cover",
			"from": [5, 0, 5],
			"to": [11, 4, 11],
			"faces": {
				"north": {"uv": [4, 4, 8, 5.5], "texture": "#1"},
				"east": {"uv": [0, 4, 4, 5.5], "texture": "#1"},
				"south": {"uv": [12, 4, 16, 5.5], "texture": "#1"},
				"west": {"uv": [8, 4, 12, 5.5], "texture": "#1"},
				"up": {"uv": [4, 0, 8, 4], "texture": "#1"},
				"down": {"uv": [0, 0, 4, 4], "texture": "#1"}
			}
		},
		{
			"name": "cover1",
			"from": [4, 0, 4],
			"to": [12, 2, 12],
			"faces": {
				"north": {"uv": [4, 6, 8, 7], "texture": "#1"},
				"east": {"uv": [0, 6, 4, 7], "texture": "#1"},
				"south": {"uv": [12, 6, 16, 7], "texture": "#1"},
				"west": {"uv": [8, 6, 12, 7], "texture": "#1"},
				"up": {"uv": [9, 0, 13, 4], "texture": "#1"},
				"down": {"uv": [0, 0, 4, 4], "texture": "#1"}
			}
		}
	],
	"display": {
		"thirdperson_righthand": {
			"rotation": [90, 0, 0],
			"translation": [0, 3.25, 8.5]
		},
		"thirdperson_lefthand": {
			"rotation": [90, 0, 0],
			"translation": [0, 3.25, 8.5]
		},
		"firstperson_righthand": {
			"translation": [0, 9.25, 0]
		},
		"firstperson_lefthand": {
			"translation": [0, 9.25, 0]
		},
		"ground": {
			"translation": [0, 4.75, 0]
		},
		"gui": {
			"rotation": [20, -20, 0],
			"translation": [0.25, 7, 0],
			"scale": [1.2, 1.2, 1.2]
		},
		"head": {
			"translation": [0, 19.25, 0],
			"scale": [2, 2, 2]
		},
		"fixed": {
			"translation": [0, 11.5, 0],
			"scale": [1.5, 1.5, 1.5]
		}
	}
}