{
  "parent": "minecraft:item/generated",
  "textures": {
    "layer0": "minecraft:item/flint"
  },
  "overrides": [
		{
			"predicate": {
				"custom_model_data": 1524
			},
			"model": "entities/duck/duck"
		},
    	{
			"predicate": {
				"custom_model_data": 1525
			},
			"model": "entities/duck/duck_hurt"
		},
    	{
			"predicate": {
				"custom_model_data": 1526
			},
			"model": "entities/duck/duck_walk"
		},
		{
			"predicate": {
				"custom_model_data": 1527
			},
			"model": "entities/duck/duck_flying"
		},
    	{
			"predicate": {
				"custom_model_data": 1528
			},
			"model": "entities/duck/duck_death_1"
		},
    	{
			"predicate": {
				"custom_model_data": 1529
			},
			"model": "entities/duck/duck_death_2"
		},
    	{
			"predicate": {
				"custom_model_data": 1530
			},
			"model": "entities/duck/duck_death_3"
		},
    	{
			"predicate": {
				"custom_model_data": 1531
			},
			"model": "entities/duck/duck_death_4"
		},
    	{
			"predicate": {
				"custom_model_data": 1540
			},
			"model": "entities/duck/duck_baby"
		},
    	{
			"predicate": {
				"custom_model_data": 1541
			},
			"model": "entities/duck/duck_baby_hurt"
		},
    	{
			"predicate": {
				"custom_model_data": 1542
			},
			"model": "entities/duck/duck_baby_walk"
		},
    	{
			"predicate": {
				"custom_model_data": 1543
			},
			"model": "entities/duck/duck_baby_flying"
		},
    	{
			"predicate": {
				"custom_model_data": 1544
			},
			"model": "entities/duck/duck_baby_death"
		},
    	{
			"predicate": {
				"custom_model_data": 1545
			},
			"model": "entities/duck/idle"
		},
    	{
			"predicate": {
				"custom_model_data": 1546
			},
			"model": "entities/duck/baby_idle"
		}
  ]
}