{
    "parent": "minecraft:item/generated",
    "textures": {
      "layer0": "minecraft:item/ghast_tear"
    },
    "overrides": [
          {
              "predicate": {
                  "custom_model_data": 1524
              },
              "model": "entities/medusa/medusa_standby"
          },
          {
              "predicate": {
                  "custom_model_data": 1525
              },
              "model": "entities/medusa/medusa_idlee"
          },
          {
              "predicate": {
                  "custom_model_data": 1526
              },
              "model": "entities/medusa/medusa_walk"
          },
          {
              "predicate": {
                  "custom_model_data": 1532
              },
              "model": "entities/medusa/medusa_hurt_1"
          },
          {
              "predicate": {
                  "custom_model_data": 1533
              },
              "model": "entities/medusa/medusa_hurt_2"
          },
          {
              "predicate": {
                  "custom_model_data": 1534
              },
              "model": "entities/medusa/medusa_death_1"
          },
          {
              "predicate": {
                  "custom_model_data": 1535
              },
              "model": "entities/medusa/medusa_death_2"
          },
          {
              "predicate": {
                  "custom_model_data": 1536
              },
              "model": "entities/medusa/medusa_death_3"
          },
          {
              "predicate": {
                  "custom_model_data": 1537
              },
              "model": "entities/medusa/medusa_death_4"
          },
          {
              "predicate": {
                  "custom_model_data": 1538
              },
              "model": "entities/medusa/medusa_death_5"
          },
          {
              "predicate": {
                  "custom_model_data": 1539
              },
              "model": "entities/medusa/medusa_spell_cast_0"
          },
          {
              "predicate": {
                  "custom_model_data": 1540
              },
              "model": "entities/medusa/medusa_spell_cast_1"
          },
          {
              "predicate": {
                  "custom_model_data": 1541
              },
              "model": "entities/medusa/medusa_spell_cast_2"
          },
          {
              "predicate": {
                  "custom_model_data": 1542
              },
              "model": "entities/medusa/medusa_spell_cast_3"
          },
          {
              "predicate": {
                  "custom_model_data": 1543
              },
              "model": "entities/medusa/medusa_spell_cast_4"
          },
          {
              "predicate": {
                  "custom_model_data": 1544
              },
              "model": "entities/medusa/medusa_spell_cast_5"
          },
          {
              "predicate": {
                  "custom_model_data": 1545
              },
              "model": "entities/medusa/medusa_dagger_slash_0"
          },
          {
              "predicate": {
                  "custom_model_data": 1546
              },
              "model": "entities/medusa/medusa_dagger_slash_1"
          },
          {
              "predicate": {
                  "custom_model_data": 1547
              },
              "model": "entities/medusa/medusa_dagger_slash_2"
          },
          {
              "predicate": {
                  "custom_model_data": 1548
              },
              "model": "entities/medusa/medusa_dagger_slash_3"
          },
          {
              "predicate": {
                  "custom_model_data": 1549
              },
              "model": "entities/medusa/medusa_dagger_slash_4"
          },
          {
              "predicate": {
                  "custom_model_data": 1550
              },
              "model": "entities/medusa/medusa_dagger_slash_5"
          },
          {
              "predicate": {
                  "custom_model_data": 1551
              },
              "model": "entities/medusa/medusa_dagger_slash_6"
          },
          {
              "predicate": {
                  "custom_model_data": 1552
              },
              "model": "entities/medusa/medusa_dagger_slash_7"
          },
          {
              "predicate": {
                  "custom_model_data": 1553
              },
              "model": "entities/medusa/medusa_dagger_slash_8"
          },
          {
              "predicate": {
                  "custom_model_data": 1554
              },
              "model": "entities/medusa/medusa_dagger_slash_9"
          },
          {
              "predicate": {
                  "custom_model_data": 1555
              },
              "model": "entities/medusa/medusa_blind_spell_0"
          },
          {
              "predicate": {
                  "custom_model_data": 1556
              },
              "model": "entities/medusa/medusa_blind_spell_1"
          },
          {
              "predicate": {
                  "custom_model_data": 1557
              },
              "model": "entities/medusa/medusa_blind_spell_2"
          },
          {
              "predicate": {
                  "custom_model_data": 1558
              },
              "model": "entities/medusa/medusa_blind_spell_3"
          },
          {
              "predicate": {
                  "custom_model_data": 1600
              },
              "model": "entities/medusa/human_idle"
          },
          {
            "predicate": {
                "custom_model_data": 1610
            },
            "model": "entities/medusa/medusa_sleep"
          },
          {
              "predicate": {
                  "custom_model_data": 1624
              },
              "model": "entities/medusa/human_walk"
          },
          {
              "predicate": {
                  "custom_model_data": 1625
              },
              "model": "entities/medusa/human_hurt"
          },
          {
              "predicate": {
                  "custom_model_data": 1626
              },
              "model": "entities/medusa/human_death"
          },
          {
              "predicate": {
                  "custom_model_data": 1627
              },
              "model": "entities/medusa/human_buff_1"
          },
          {
            "predicate": {
                "custom_model_data": 1628
            },
            "model": "entities/medusa/human_buff_2"
          },
          {
              "predicate": {
                  "custom_model_data": 1629
              },
              "model": "entities/medusa/human_buff_3"
          },
          {
              "predicate": {
                  "custom_model_data": 1630
              },
              "model": "entities/medusa/human_buff_4"
          },
          {
              "predicate": {
                  "custom_model_data": 1631
              },
              "model": "entities/medusa/human_buff_5"
          },
          {
              "predicate": {
                  "custom_model_data": 1632
              },
              "model": "entities/medusa/human_anim_1"
          },
          {
            "predicate": {
                "custom_model_data": 1633
            },
            "model": "entities/medusa/human_anim_2"
          },
          {
              "predicate": {
                  "custom_model_data": 1634
              },
              "model": "entities/medusa/human_anim_3"
          },
          {
              "predicate": {
                  "custom_model_data": 1635
              },
              "model": "entities/medusa/human_anim_4"
          },
          {
              "predicate": {
                  "custom_model_data": 1636
              },
              "model": "entities/medusa/human_anim_5"
          }
        ]
  }