{
	"credit": "Made with Blockbench",
	"textures": {
		"0": "item/giants_crown",
		"particle": "item/giants_crown"
	},
	"elements": [
		{
			"name": "north",
			"from": [4, 0, 4],
			"to": [12, 4, 4],
			"faces": {
				"north": {"uv": [8, 0, 16, 4], "texture": "#0"},
				"east": {"uv": [0, 0, 0, 4], "texture": "#0"},
				"south": {"uv": [8, 0, 16, 4], "texture": "#0"},
				"west": {"uv": [0, 0, 0, 4], "texture": "#0"},
				"up": {"uv": [0, 0, 8, 0], "texture": "#0"},
				"down": {"uv": [0, 0, 8, 0], "texture": "#0"}
			}
		},
		{
			"name": "south",
			"from": [4, 0, 12],
			"to": [12, 4, 12],
			"faces": {
				"north": {"uv": [8, 0, 16, 4], "texture": "#0"},
				"east": {"uv": [0, 0, 0, 4], "texture": "#0"},
				"south": {"uv": [8, 0, 16, 4], "texture": "#0"},
				"west": {"uv": [0, 0, 0, 4], "texture": "#0"},
				"up": {"uv": [0, 0, 8, 0], "texture": "#0"},
				"down": {"uv": [0, 0, 8, 0], "texture": "#0"}
			}
		},
		{
			"name": "east",
			"from": [4, 0, 4],
			"to": [4, 4, 12],
			"faces": {
				"north": {"uv": [0, 0, 0, 4], "texture": "#0"},
				"east": {"uv": [8, 0, 16, 4], "texture": "#0"},
				"south": {"uv": [0, 0, 0, 4], "texture": "#0"},
				"west": {"uv": [8, 0, 16, 4], "texture": "#0"},
				"up": {"uv": [0, 0, 0, 8], "texture": "#0"},
				"down": {"uv": [0, 0, 0, 8], "texture": "#0"}
			}
		},
		{
			"name": "west",
			"from": [12, 0, 4],
			"to": [12, 4, 12],
			"faces": {
				"north": {"uv": [0, 0, 0, 4], "texture": "#0"},
				"east": {"uv": [8, 0, 16, 4], "texture": "#0"},
				"south": {"uv": [0, 0, 0, 4], "texture": "#0"},
				"west": {"uv": [8, 0, 16, 4], "texture": "#0"},
				"up": {"uv": [0, 0, 0, 8], "texture": "#0"},
				"down": {"uv": [0, 0, 0, 8], "texture": "#0"}
			}
		}
	],
	"display": {
		"thirdperson_righthand": {
			"rotation": [90, 0, 0],
			"translation": [-1, 1.25, 3.75],
			"scale": [0.5, 0.5, 0.5]
		},
		"thirdperson_lefthand": {
			"rotation": [90, 0, 0],
			"translation": [-0.75, 0.75, 3.75],
			"scale": [0.5, 0.5, 0.5]
		},
		"firstperson_righthand": {
			"rotation": [0, -75, 13],
			"translation": [2, 6.5, -3.25]
		},
		"firstperson_lefthand": {
			"rotation": [0, -75, 13],
			"translation": [2, 6.5, -3.25]
		},
		"ground": {
			"translation": [0, 5, 0],
			"scale": [0.8, 0.8, 0.8]
		},
		"gui": {
			"rotation": [30, -50, 0],
			"translation": [0, 6.5, 0],
			"scale": [1.25, 1.25, 1.25]
		},
		"head": {
			"translation": [0, 17.75, 0],
			"scale": [1.9, 1.9, 1.9]
		},
		"fixed": {
			"translation": [0, 9.5, 5],
			"scale": [1.5, 1.5, 1.5]
		}
	}
}