{
	"credit": "Made with Blockbench",
	"texture_size": [32, 32],
	"textures": {
		"1": "item/blacksmith_goggles",
		"2": "item/goblin_head",
		"particle": "item/goblin_head"
	},
	"elements": [
		{
			"name": "inside",
			"from": [5, 6, 1.9],
			"to": [11, 10, 1.9],
			"rotation": {"angle": 22.5, "axis": "x", "origin": [0, 0, 0]},
			"faces": {
				"north": {"uv": [4, 0, 8, 3], "texture": "#1"},
				"east": {"uv": [0, 0, 0, 10], "texture": "#1"},
				"south": {"uv": [8, 0, 4, 3], "texture": "#1"},
				"west": {"uv": [0, 0, 0, 10], "texture": "#1"},
				"up": {"uv": [0, 0, 16, 0], "texture": "#1"},
				"down": {"uv": [0, 0, 16, 0], "texture": "#1"}
			}
		},
		{
			"name": "inside",
			"from": [11, 6, 1.9],
			"to": [11, 10, 7.9],
			"rotation": {"angle": 22.5, "axis": "x", "origin": [0, 0, 0]},
			"faces": {
				"north": {"uv": [4.5, 6.5, 8.5, 9], "texture": "#1"},
				"east": {"uv": [0, 0.5, 4, 3], "texture": "#1"},
				"south": {"uv": [8.5, 6.5, 4.5, 9], "texture": "#1"},
				"west": {"uv": [8, 0.5, 12, 3], "texture": "#1"},
				"up": {"uv": [0, 0, 16, 0], "texture": "#1"},
				"down": {"uv": [0, 0, 16, 0], "texture": "#1"}
			}
		},
		{
			"name": "inside",
			"from": [5, 6, 1.9],
			"to": [5, 10, 7.9],
			"rotation": {"angle": 22.5, "axis": "x", "origin": [0, 0, 0]},
			"faces": {
				"north": {"uv": [4, 5.5, 8, 8], "texture": "#1"},
				"east": {"uv": [0, 0.5, 4, 3], "texture": "#1"},
				"south": {"uv": [8, 5.5, 4, 8], "texture": "#1"},
				"west": {"uv": [8, 0.5, 12, 3], "texture": "#1"},
				"up": {"uv": [0, 0, 16, 0], "texture": "#1"},
				"down": {"uv": [0, 0, 16, 0], "texture": "#1"}
			}
		},
		{
			"name": "inside",
			"from": [5, 6, 7.9],
			"to": [11, 10, 7.9],
			"rotation": {"angle": 22.5, "axis": "x", "origin": [0, 0, 0]},
			"faces": {
				"north": {"uv": [12, 0.5, 16, 3], "texture": "#1"},
				"east": {"uv": [0, 0, 0, 10], "texture": "#1"},
				"south": {"uv": [16, 0.5, 12, 3], "texture": "#1"},
				"west": {"uv": [0, 0, 0, 10], "texture": "#1"},
				"up": {"uv": [0, 0, 16, 0], "texture": "#1"},
				"down": {"uv": [0, 0, 16, 0], "texture": "#1"}
			}
		},
		{
			"name": "goblin_head",
			"from": [5.1, 1, 5.1],
			"to": [10.9, 7, 10.9],
			"faces": {
				"north": {"uv": [0, 0, 3, 3], "texture": "#2"},
				"east": {"uv": [0, 3, 3, 6], "texture": "#2"},
				"south": {"uv": [3, 0, 6, 3], "texture": "#2"},
				"west": {"uv": [3, 3, 6, 6], "texture": "#2"},
				"up": {"uv": [3, 9, 0, 6], "texture": "#2"},
				"down": {"uv": [9, 0, 6, 3], "texture": "#2"}
			}
		}
	],
	"gui_light": "front",
	"display": {
		"thirdperson_righthand": {
			"rotation": [60, 0, 0],
			"translation": [0, 1, 1.75]
		},
		"thirdperson_lefthand": {
			"rotation": [60, 0, 0],
			"translation": [0, 1, 1.75]
		},
		"firstperson_righthand": {
			"rotation": [-70, -180, 0],
			"translation": [-2.5, 3.5, -1.5]
		},
		"firstperson_lefthand": {
			"rotation": [-70, -180, 0],
			"translation": [-2.5, 3.5, -1.5]
		},
		"ground": {
			"translation": [0, 4.75, 0]
		},
		"gui": {
			"rotation": [23, 162, 0],
			"translation": [0, 5.75, 0],
			"scale": [1.5, 1.5, 1.5]
		},
		"head": {
			"translation": [0, 10.5, -1.2],
			"scale": [2.76953, 3.08, 2.95]
		},
		"fixed": {
			"translation": [-0.25, 7.5, 4],
			"scale": [2, 2, 2]
		}
	},
	"groups": [
		{
			"name": "blacksmith_goggles",
			"origin": [8, 8, 8],
			"color": 0,
			"children": [0, 1, 2, 3]
		},
		4
	]
}