{
	"credit": "Made with Blockbench",
	"parent": "minecraft:item/generated",
	"textures": {
		"particle": "item/goblin_meat",
		"layer0": "item/goblin_meat"
	},
	"gui_light": "front",
	"overrides": [
		{"predicate": {"custom_model_data": 1524}, "model": "entities/atlantan/atlantan_idle"},
		{"predicate": {"custom_model_data": 2524}, "model": "entities/atlantan/atlantan_move"},
		{"predicate": {"custom_model_data": 3524}, "model": "entities/atlantan/atlantan_hurt"},
		{"predicate": {"custom_model_data": 4524}, "model": "entities/atlantan/atlantan_eyes_closed"}
	],
	"display": {
		"thirdperson_righthand": {
			"rotation": [0, 180, 0],
			"translation": [-1.5, 2, 0.5],
			"scale": [0.5, 0.5, 0.5]
		},
		"thirdperson_lefthand": {
			"translation": [-1.5, 2.25, 0.5],
			"scale": [0.5, 0.5, 0.5]
		},
		"firstperson_righthand": {
			"rotation": [-15, 105, -105],
			"translation": [0, 1.75, 4]
		},
		"firstperson_lefthand": {
			"rotation": [135, -95, -105],
			"translation": [0, 1.75, 4]
		},
		"ground": {
			"translation": [0, 2.25, 0],
			"scale": [0.5, 0.5, 0.5]
		},
		"head": {
			"translation": [1.25, 10.25, 0]
		}
	},
	"groups": [
		{
			"name": "goblin_meat",
			"origin": [8, 8, 8],
			"color": 0,
			"children": []
		}
	]
}