{
	"credit": "Made with Blockbench",
	"texture_size": [64, 64],
	"textures": {
		"0": "item/gorgoneion",
		"particle": "item/gorgoneion"
	},
	"elements": [
		{
			"name": "Gorgoneion",
			"from": [2, 0, 8],
			"to": [14, 16, 9],
			"faces": {
				"north": {"uv": [3.5, 0, 6.5, 4], "texture": "#0"},
				"east": {"uv": [6.5, 6, 6.75, 10], "texture": "#0"},
				"south": {"uv": [3.5, 4, 6.5, 8], "texture": "#0"},
				"west": {"uv": [6.75, 6, 7, 10], "texture": "#0"},
				"up": {"uv": [3.5, 7.25, 0.5, 7], "texture": "#0"},
				"down": {"uv": [10, 7, 7, 7.25], "texture": "#0"}
			}
		},
		{
			"name": "Gorgoneion",
			"from": [0, 2, 8],
			"to": [16, 14, 9],
			"faces": {
				"north": {"uv": [6.5, 0, 10.5, 3], "texture": "#0"},
				"east": {"uv": [0.5, 7.25, 0.75, 10.25], "texture": "#0"},
				"south": {"uv": [6.5, 3, 10.5, 6], "texture": "#0"},
				"west": {"uv": [0.75, 7.25, 1, 10.25], "texture": "#0"},
				"up": {"uv": [11, 6.25, 7, 6], "texture": "#0"},
				"down": {"uv": [11, 6.25, 7, 6.5], "texture": "#0"}
			}
		},
		{
			"name": "Gorgoneion",
			"from": [1, 1, 8],
			"to": [15, 15, 9],
			"faces": {
				"north": {"uv": [0, 0, 3.5, 3.5], "texture": "#0"},
				"east": {"uv": [0, 7, 0.25, 10.5], "texture": "#0"},
				"south": {"uv": [0, 3.5, 3.5, 7], "texture": "#0"},
				"west": {"uv": [0.25, 7, 0.5, 10.5], "texture": "#0"},
				"up": {"uv": [10.5, 6.75, 7, 6.5], "texture": "#0"},
				"down": {"uv": [10.5, 6.75, 7, 7], "texture": "#0"}
			}
		}
	],
	"gui_light": "front",
	"display": {
		"thirdperson_righthand": {
			"translation": [-1, 2.75, 0.75],
			"scale": [0.33, 0.33, 0.67]
		},
		"thirdperson_lefthand": {
			"translation": [-1, 2.75, 0.75],
			"scale": [0.33, 0.33, 0.67]
		},
		"firstperson_righthand": {
			"rotation": [0, -70, 0],
			"translation": [0.25, 4, 0.75],
			"scale": [0.4, 0.5, 1]
		},
		"firstperson_lefthand": {
			"rotation": [0, -70, 0],
			"translation": [0.25, 4, 0.75],
			"scale": [0.4, 0.5, 1]
		},
		"ground": {
			"translation": [0, 2.5, 0],
			"scale": [0.5, 0.5, 0.67]
		},
		"gui": {
			"scale": [0.9, 0.9, 1]
		},
		"head": {
			"rotation": [0, 180, 0],
			"translation": [0, 0, -6.5],
			"scale": [1, 1, 1.5]
		},
		"fixed": {
			"rotation": [0, 180, 0],
			"scale": [1, 1, 1.5]
		}
	}
}