{
	"credit": "Made with Blockbench",
	"texture_size": [8, 8],
	"textures": {
		"2": "item/headband",
		"particle": "item/headband"
	},
	"elements": [
		{
			"name": "cover",
			"from": [5, 2, 5],
			"to": [11, 3, 11],
			"faces": {
				"north": {"uv": [0, 3, 8, 4], "texture": "#2"},
				"east": {"uv": [0, 3, 8, 4], "texture": "#2"},
				"south": {"uv": [8, 3, 16, 4], "texture": "#2"},
				"west": {"uv": [0, 3, 8, 4], "texture": "#2"},
				"up": {"uv": [8, 9, 16, 16], "texture": "#2"},
				"down": {"uv": [8, 9, 16, 16], "texture": "#2"}
			}
		},
		{
			"from": [5, 1, 11],
			"to": [11, 2, 11],
			"faces": {
				"north": {"uv": [16, 4, 8, 5], "texture": "#2"},
				"east": {"uv": [0, 0, 0, 4], "texture": "#2"},
				"south": {"uv": [8, 4, 16, 5], "texture": "#2"},
				"west": {"uv": [0, 0, 0, 4], "texture": "#2"},
				"up": {"uv": [0, 0, 12, 0], "texture": "#2"},
				"down": {"uv": [0, 0, 12, 0], "texture": "#2"}
			}
		},
		{
			"name": "updown",
			"from": [5, 2, 5],
			"to": [11, 3, 11],
			"faces": {
				"north": {"uv": [0, 0, 11.5, 1.5], "texture": "#2"},
				"east": {"uv": [0, 0, 11.5, 1.5], "texture": "#2"},
				"south": {"uv": [0, 0, 11.5, 1.5], "texture": "#2"},
				"west": {"uv": [0, 0, 11.5, 1.5], "texture": "#2"},
				"up": {"uv": [0, 3, 6, 8.5], "texture": "#2"},
				"down": {"uv": [0, 3, 6, 8.5], "texture": "#2"}
			}
		},
		{
			"name": "inside",
			"from": [6, 2, 10],
			"to": [10, 3, 10],
			"faces": {
				"north": {"uv": [0, 3, 8, 4], "texture": "#2"},
				"east": {"uv": [0, 0, 2, 2], "texture": "#2"},
				"south": {"uv": [0, 0, 2, 2], "texture": "#2"},
				"west": {"uv": [0, 0, 2, 2], "texture": "#2"},
				"up": {"uv": [0, 0, 2, 2], "texture": "#2"},
				"down": {"uv": [0, 0, 2, 2], "texture": "#2"}
			}
		},
		{
			"name": "inside",
			"from": [6, 2, 6],
			"to": [10, 3, 6],
			"faces": {
				"north": {"uv": [0, 0, 2, 2], "texture": "#2"},
				"east": {"uv": [0, 0, 2, 2], "texture": "#2"},
				"south": {"uv": [0, 3, 8, 4], "texture": "#2"},
				"west": {"uv": [0, 0, 2, 2], "texture": "#2"},
				"up": {"uv": [0, 0, 2, 2], "texture": "#2"},
				"down": {"uv": [0, 0, 2, 2], "texture": "#2"}
			}
		},
		{
			"name": "inside",
			"from": [6, 2, 6],
			"to": [6, 3, 10],
			"faces": {
				"north": {"uv": [0, 0, 2, 2], "texture": "#2"},
				"east": {"uv": [0, 3, 8, 4], "texture": "#2"},
				"south": {"uv": [0, 0, 2, 2], "texture": "#2"},
				"west": {"uv": [0, 0, 2, 2], "texture": "#2"},
				"up": {"uv": [0, 0, 2, 2], "rotation": 270, "texture": "#2"},
				"down": {"uv": [0, 0, 2, 2], "rotation": 90, "texture": "#2"}
			}
		},
		{
			"name": "inside",
			"from": [10, 2, 6],
			"to": [10, 3, 10],
			"faces": {
				"north": {"uv": [0, 0, 2, 2], "texture": "#2"},
				"east": {"uv": [0, 0, 2, 2], "texture": "#2"},
				"south": {"uv": [0, 0, 2, 2], "texture": "#2"},
				"west": {"uv": [0, 3, 8, 4], "texture": "#2"},
				"up": {"uv": [0, 0, 2, 2], "rotation": 90, "texture": "#2"},
				"down": {"uv": [0, 0, 2, 2], "rotation": 270, "texture": "#2"}
			}
		}
	],
	"display": {
		"thirdperson_righthand": {
			"rotation": [-180, 0, 0],
			"translation": [0.25, -5.5, -2.25]
		},
		"thirdperson_lefthand": {
			"rotation": [-180, 0, 0],
			"translation": [0.25, -5.5, -2.25]
		},
		"firstperson_righthand": {
			"rotation": [-70, 0, 0],
			"translation": [-4.5, 5, 0]
		},
		"firstperson_lefthand": {
			"rotation": [-70, 0, 0],
			"translation": [-4, 5, 0]
		},
		"ground": {
			"translation": [0, 4.75, 0]
		},
		"gui": {
			"rotation": [20, -20, 0],
			"translation": [0, 10.5, 0],
			"scale": [2, 2, 2]
		},
		"head": {
			"translation": [0, 17, 0],
			"scale": [2.5, 2.5, 2.5]
		},
		"fixed": {
			"translation": [0, 11, 0],
			"scale": [2, 2, 2]
		}
	}
}