{
	"credit": "Made with Blockbench",
	"parent": "minecraft:item/generated",
	"textures": {
		"layer0": "item/humanity"
	},
	"display": {
		"thirdperson_righthand": {
			"translation": [0, 3.25, 0.75],
			"scale": [0.5, 0.5, 0.5]
		},
		"thirdperson_lefthand": {
			"rotation": [0, 180, 0],
			"translation": [0, 3.25, 0.75],
			"scale": [0.5, 0.5, 0.5]
		},
		"firstperson_righthand": {
			"rotation": [-10, -60, -10],
			"translation": [1.5, 2.75, 1],
			"scale": [0.6, 0.75, 1.5]
		},
		"firstperson_lefthand": {
			"rotation": [-10, -60, -10],
			"translation": [0.5, 2.5, 1.5],
			"scale": [0.5, 0.75, 1.5]
		},
		"ground": {
			"translation": [0, 4, 0],
			"scale": [0.5, 0.5, 0.5]
		},
		"gui": {
			"scale": [0.9, 0.9, 0.9]
		},
		"head": {
			"rotation": [0, 0, 45],
			"translation": [0, 12.25, 0]
		},
		"fixed": {
			"rotation": [0, -180, 0],
			"translation": [-0.5, 0.5, 0]
		}
	}
}