{
    "parent": "minecraft:item/handheld",
    "textures": {
      "layer0": "minecraft:item/iron_sword"
    },
    "overrides": [
          {
              "predicate": {
                  "custom_model_data": 1524
              },
              "model": "item/medusa_dagger"
          },
          {
            "predicate": {
                "custom_model_data": 2524
            },
            "model": "item/rapier"
        },
        {
          "predicate": {
              "custom_model_data": 3524
          },
          "model": "item/katana"
      },
      {
        "predicate": {
            "custom_model_data": 4524
        },
        "model": "item/rulers_sword"
    }
    ]
  }