{
	"parent": "item/generated",
	"textures": {
		"layer0": "item/item_frame"
	},
	"overrides": [
		{
			"predicate": {
				"custom_model_data": 24
			},
			"model": "item/nothing"
		},
		{
			"predicate": {
				"custom_model_data": 1524
			},
			"model": "block/tree_brown_mushroom"
		},
		{
			"predicate": {
				"custom_model_data": 2415
			},
			"model": "block/reeds"
		},
		{
			"predicate": {
				"custom_model_data": 3408
			},
			"model": "block/orange_oak_leaves"
		},
		{
			"predicate": {
				"custom_model_data": 3515
			},
			"model": "block/red_oak_leaves"
		},
		{
			"predicate": {
				"custom_model_data": 3624
			},
			"model": "block/yellow_oak_leaves"
		},
		{
			"predicate": {
				"custom_model_data": 4215
			},
			"model": "block/violet_flower"
		},
		{
			"predicate": {
				"custom_model_data": 5215
			},
			"model": "block/bluebell"
		},
		{
			"predicate": {
				"custom_model_data": 6415
			},
			"model": "item/blue_berry_seeds"
		},
		{
			"predicate": {
				"custom_model_data": 7415
			},
			"model": "block/blue_berry_bush_stage_0"
		},
		{
			"predicate": {
				"custom_model_data": 8415
			},
			"model": "block/blue_berry_bush_stage_1"
		},
		{
			"predicate": {
				"custom_model_data": 9415
			},
			"model": "block/blue_berry_bush_stage_2"
		},
		{
			"predicate": {
				"custom_model_data": 10415
			},
			"model": "block/blue_berry_bush_stage_3"
		},
		{
			"predicate": {
				"custom_model_data": 11415
			},
			"model": "item/ship_wheel"
		},
		{
			"predicate": {
				"custom_model_data": 12415
			},
			"model": "item/duck_egg"
		},
		{
			"predicate": {
				"custom_model_data": 13415
			},
			"model": "entities/medusa/medusa_statue_anim"
		},
		{
			"predicate": {
				"custom_model_data": 14415
			},
			"model": "block/vase"
		},
		{
			"predicate": {
				"custom_model_data": 15415
			},
			"model": "block/titanium_ore_model"
		},
		{
			"predicate": {
				"custom_model_data": 15416
			},
			"model": "block/titanium_ore"
		},
		{
			"predicate": {
				"custom_model_data": 16415
			},
			"model": "block/urn"
		}
	]
}