{
    "parent": "minecraft:item/generated",
    "textures": {
      "layer0": "minecraft:item/leather"
    },
    "overrides": [
		{
			"predicate": {
				"custom_model_data": 1524
			},
			"model": "entities/bear/bear"
		},
        {
			"predicate": {
				"custom_model_data": 1525
			},
			"model": "entities/bear/bear_walk"
		},
        {
			"predicate": {
				"custom_model_data": 1531
			},
			"model": "entities/bear/bear_honey_1"
		},
        {
			"predicate": {
				"custom_model_data": 1532
			},
			"model": "entities/bear/bear_honey_2"
		},
        {
			"predicate": {
				"custom_model_data": 1533
			},
			"model": "entities/bear/bear_honey_3"
		},
        {
			"predicate": {
				"custom_model_data": 1534
			},
			"model": "entities/bear/bear_honey_4"
		},
        {
			"predicate": {
				"custom_model_data": 1535
			},
			"model": "entities/bear/bear_honey_5"
		},
        {
			"predicate": {
				"custom_model_data": 1536
			},
			"model": "entities/bear/bear_honey_6"
		},
        {
			"predicate": {
				"custom_model_data": 1537
			},
			"model": "entities/bear/bear_honey_7"
		},
        {
			"predicate": {
				"custom_model_data": 1538
			},
			"model": "entities/bear/bear_honey_8"
		},
        {
			"predicate": {
				"custom_model_data": 1539
			},
			"model": "entities/bear/bear_honey_9"
		},
        {
			"predicate": {
				"custom_model_data": 1540
			},
			"model": "entities/bear/bear_honey_10"
		},
        {
			"predicate": {
				"custom_model_data": 1541
			},
			"model": "entities/bear/bear_honey_11"
		},
        {
			"predicate": {
				"custom_model_data": 1542
			},
			"model": "entities/bear/bear_honey_12"
		},
        {
			"predicate": {
				"custom_model_data": 1544
			},
			"model": "entities/bear/bear_hurt"
		},
		{
			"predicate": {
				"custom_model_data": 1546
			},
			"model": "entities/bear/bear_death_1"
		},
        {
			"predicate": {
				"custom_model_data": 1547
			},
			"model": "entities/bear/bear_death_2"
		},
        {
			"predicate": {
				"custom_model_data": 1548
			},
			"model": "entities/bear/bear_death_3"
		},
        {
			"predicate": {
				"custom_model_data": 1549
			},
			"model": "entities/bear/bear_death_4"
		},
        {
			"predicate": {
				"custom_model_data": 1550
			},
			"model": "entities/bear/bear_death_5"
		},
        {
			"predicate": {
				"custom_model_data": 1551
			},
			"model": "entities/bear/idle_anim"
		}
    ]
  }