{
	"credit": "Made with Blockbench",
	"parent": "minecraft:item/handheld",
	"textures": {
		"particle": "item/medusa_dagger",
		"layer0": "item/medusa_dagger"
	},
	"gui_light": "front",
	"display": {
		"thirdperson_righthand": {
			"rotation": [-90, 90, -40],
			"translation": [0, -7.5, 1]
		},
		"thirdperson_lefthand": {
			"rotation": [180, 90, -40],
			"translation": [0, -7.5, 1]
		},
		"firstperson_righthand": {
			"rotation": [-50, 85, -30],
			"translation": [2, 2.5, 0.5]
		},
		"firstperson_lefthand": {
			"rotation": [-115, -88, -30],
			"translation": [1, 3.5, 1.25]
		},
		"ground": {
			"translation": [0, 2.25, 0]
		},
		"gui": {
			"translation": [0.5, 0.5, 0],
			"scale": [1.25, 1.25, 1.25]
		},
		"head": {
			"rotation": [0, 0, -135],
			"translation": [0, 10, 0]
		},
		"fixed": {
			"translation": [0.5, 0.5, -0.5]
		}
	},
	"groups": [
		{
			"name": "medusa_dagger",
			"origin": [8, 8, 8],
			"color": 0,
			"children": []
		}
	]
}