{
	"credit": "Made with Blockbench",
	"texture_size": [4, 4],
	"textures": {
		"0": "item/medusa/medusa_blind_spelll",
		"2": "item/medusa/petrified_snakes",
		"particle": "item/medusa/medusa_blind_spelll"
	},
	"elements": [
		{
			"name": "insides",
			"from": [4, 0, 10],
			"to": [12, 8, 10],
			"faces": {
				"north": {"uv": [0, 12, 4, 16], "texture": "#0"},
				"east": {"uv": [0, 0, 0, 4], "texture": "#0"},
				"south": {"uv": [0, 12, 4, 16], "texture": "#0"},
				"west": {"uv": [0, 0, 0, 4], "texture": "#0"},
				"up": {"uv": [0, 0, 4, 0], "texture": "#0"},
				"down": {"uv": [0, 0, 4, 0], "texture": "#0"}
			}
		},
		{
			"name": "insides",
			"from": [4, 7, 4],
			"to": [12, 7, 10],
			"faces": {
				"north": {"uv": [7, 8, 11, 11], "texture": "#0"},
				"east": {"uv": [0, 0, 0, 4], "texture": "#0"},
				"south": {"uv": [7, 8, 11, 11], "texture": "#0"},
				"west": {"uv": [7, 8, 11, 11], "texture": "#0"},
				"up": {"uv": [7, 8, 11, 11], "texture": "#0"},
				"down": {"uv": [7, 8, 11, 11], "texture": "#0"}
			}
		},
		{
			"name": "head",
			"from": [4, 0, 4],
			"to": [12, 8, 11],
			"faces": {
				"north": {"uv": [0, 8, 4, 12], "texture": "#0"},
				"east": {"uv": [4, 8, 7, 12], "texture": "#0"},
				"south": {"uv": [0, 12, 4, 16], "texture": "#0"},
				"west": {"uv": [4, 12, 7, 16], "texture": "#0"},
				"up": {"uv": [11, 11, 7, 8], "texture": "#0"},
				"down": {"uv": [11, 11, 7, 14], "texture": "#0"}
			}
		},
		{
			"name": "bottom",
			"from": [4, 0, 4],
			"to": [12, 0, 11],
			"faces": {
				"north": {"uv": [12, 14.5, 16, 16], "texture": "#0"},
				"east": {"uv": [13, 14.5, 16, 16], "texture": "#0"},
				"south": {"uv": [12, 14.5, 16, 16], "texture": "#0"},
				"west": {"uv": [13, 14.5, 16, 16], "texture": "#0"},
				"up": {"uv": [11, 14, 7, 11], "texture": "#0"},
				"down": {"uv": [11, 11, 7, 14], "texture": "#0"}
			}
		},
		{
			"name": "west",
			"from": [12, 0, 4],
			"to": [12, 8, 11],
			"faces": {
				"north": {"uv": [0, 8, 0.5, 12], "texture": "#0"},
				"east": {"uv": [4, 8, 7, 12], "texture": "#0"},
				"south": {"uv": [0, 12, 0.5, 16], "texture": "#0"},
				"west": {"uv": [7, 8, 4, 12], "texture": "#0"},
				"up": {"uv": [7.5, 11, 7, 8], "texture": "#0"},
				"down": {"uv": [7.5, 11, 7, 14], "texture": "#0"}
			}
		},
		{
			"name": "east",
			"from": [4, 0, 4],
			"to": [4, 8, 11],
			"faces": {
				"north": {"uv": [0, 8, 4, 12], "texture": "#0"},
				"east": {"uv": [7, 12, 4, 16], "texture": "#0"},
				"south": {"uv": [0, 12, 4, 16], "texture": "#0"},
				"west": {"uv": [4, 12, 7, 16], "texture": "#0"},
				"up": {"uv": [11, 11, 7, 8], "texture": "#0"},
				"down": {"uv": [11, 11, 7, 14], "texture": "#0"}
			}
		},
		{
			"name": "north",
			"from": [4, 0, 4],
			"to": [12, 8, 4],
			"faces": {
				"north": {"uv": [0, 8, 4, 12], "texture": "#0"},
				"east": {"uv": [15, 12.5, 14, 14], "texture": "#0"},
				"south": {"uv": [4, 8, 0, 12], "texture": "#0"},
				"west": {"uv": [16, 14.5, 15, 16], "texture": "#0"},
				"up": {"uv": [14.5, 13, 15.5, 12.5], "texture": "#0"},
				"down": {"uv": [14.5, 15.5, 15.5, 16], "texture": "#0"}
			}
		},
		{
			"name": "snakes_1",
			"from": [1, 1, 6],
			"to": [15, 11, 6],
			"faces": {
				"north": {"uv": [10.25, 0, 13.75, 2.5], "texture": "#2"},
				"east": {"uv": [0, 0, 0, 1.25], "texture": "#2"},
				"south": {"uv": [13.75, 0, 10.25, 2.5], "texture": "#2"},
				"west": {"uv": [0, 0, 0, 1.25], "texture": "#2"},
				"up": {"uv": [1.75, 0, 0, 0], "texture": "#2"},
				"down": {"uv": [1.75, 0, 0, 0], "texture": "#2"}
			}
		},
		{
			"name": "snakes_2",
			"from": [1, 0, 8],
			"to": [15, 11, 8],
			"faces": {
				"north": {"uv": [10.25, 2.5, 13.75, 5], "texture": "#2"},
				"east": {"uv": [0, 0, 0, 1.375], "texture": "#2"},
				"south": {"uv": [13.75, 2.5, 10.25, 5], "texture": "#2"},
				"west": {"uv": [0, 0, 0, 1.375], "texture": "#2"},
				"up": {"uv": [1.75, 0, 0, 0], "texture": "#2"},
				"down": {"uv": [1.75, 0, 0, 0], "texture": "#2"}
			}
		},
		{
			"name": "snakes_3",
			"from": [5, 0, 6],
			"to": [5, 11, 14],
			"faces": {
				"north": {"uv": [0, 0, 0, 1.375], "texture": "#2"},
				"east": {"uv": [12.125, 5, 10.125, 7.75], "texture": "#2"},
				"south": {"uv": [0, 0, 0, 1.375], "texture": "#2"},
				"west": {"uv": [10.125, 5, 12.125, 7.75], "texture": "#2"},
				"up": {"uv": [0, 1, 0, 0], "texture": "#2"},
				"down": {"uv": [0, 0, 0, 1], "texture": "#2"}
			}
		},
		{
			"name": "snakes_4",
			"from": [8, 0, 6],
			"to": [8, 11, 14],
			"faces": {
				"north": {"uv": [0, 0, 0, 1.375], "texture": "#2"},
				"east": {"uv": [12, 7.75, 10, 10.5], "texture": "#2"},
				"south": {"uv": [0, 0, 0, 1.375], "texture": "#2"},
				"west": {"uv": [10, 7.75, 12, 10.5], "texture": "#2"},
				"up": {"uv": [0, 1, 0, 0], "texture": "#2"},
				"down": {"uv": [0, 0, 0, 1], "texture": "#2"}
			}
		},
		{
			"name": "snakes_5",
			"from": [11, 0, 6],
			"to": [11, 11, 14],
			"faces": {
				"north": {"uv": [0, 0, 0, 1.375], "texture": "#2"},
				"east": {"uv": [12.25, 5, 10.25, 7.75], "texture": "#2"},
				"south": {"uv": [0, 0, 0, 1.375], "texture": "#2"},
				"west": {"uv": [10.25, 5, 12.25, 7.75], "texture": "#2"},
				"up": {"uv": [0, 1, 0, 0], "texture": "#2"},
				"down": {"uv": [0, 0, 0, 1], "texture": "#2"}
			}
		}
	],
	"gui_light": "front",
	"display": {
		"thirdperson_righthand": {
			"rotation": [70, 0, 0],
			"scale": [0.7, 0.7, 0.7]
		},
		"thirdperson_lefthand": {
			"rotation": [70, 0, 0],
			"translation": [0, 0, 0.5],
			"scale": [0.7, 0.7, 0.7]
		},
		"firstperson_righthand": {
			"translation": [1.75, 0.75, 0]
		},
		"firstperson_lefthand": {
			"translation": [1, 0, 0]
		},
		"ground": {
			"translation": [0, 1.5, 0],
			"scale": [0.67, 0.67, 0.67]
		},
		"gui": {
			"rotation": [15, 161, 0],
			"translation": [0, 2.5, 0]
		},
		"head": {
			"translation": [0, 8, 1],
			"scale": [2, 2, 2.1]
		},
		"fixed": {
			"translation": [0, 3, -3.5]
		}
	},
	"groups": [
		{
			"name": "head",
			"origin": [8, 8, 8],
			"color": 0,
			"children": [0, 1, 2, 3, 4, 5, 6, 7, 8, 9, 10, 11]
		}
	]
}