{
	"credit": "Made with Blockbench",
	"texture_size": [8, 8],
	"textures": {
		"1": "item/monocle"
	},
	"elements": [
		{
			"name": "monocle",
			"from": [6, 0, 8],
			"to": [10, 5, 8],
			"faces": {
				"north": {"uv": [0, 0, 8, 10], "texture": "#1"},
				"east": {"uv": [0, 0, 0, 10], "texture": "#1"},
				"south": {"uv": [8, 0, 0, 10], "texture": "#1"},
				"west": {"uv": [0, 0, 0, 10], "texture": "#1"},
				"up": {"uv": [8, 0, 0, 0], "texture": "#1"},
				"down": {"uv": [8, 0, 0, 0], "texture": "#1"}
			}
		}
	],
	"gui_light": "front",
	"display": {
		"thirdperson_righthand": {
			"translation": [0.25, 7.25, 0.75]
		},
		"thirdperson_lefthand": {
			"translation": [-1.75, 7.25, 0.75]
		},
		"firstperson_righthand": {
			"translation": [3, 10.25, 0],
			"scale": [1.5, 1.5, 1.5]
		},
		"firstperson_lefthand": {
			"translation": [2, 10.25, 0],
			"scale": [1.5, 1.5, 1.5]
		},
		"ground": {
			"translation": [0, 4, 0]
		},
		"gui": {
			"rotation": [21, -33, 0],
			"translation": [1.25, 10, 0],
			"scale": [2, 2, 2]
		},
		"head": {
			"translation": [-2.5, 8.5, -7.5],
			"scale": [2, 2, 2]
		},
		"fixed": {
			"translation": [0.5, 11, -1],
			"scale": [2, 2, 2]
		}
	}
}