{
	"credit": "Made with Blockbench",
	"parent": "item/generated",
	"textures": {
		"layer0": "item/owl_feather"
	},
	"overrides": [
		{
			"predicate": {
				"custom_model_data": 1520
			},
			"model": "item/owl_feather"
		},
		{
			"predicate": {
				"custom_model_data": 1524
			},
			"model": "entities/owl/owl"
		},
		{
			"predicate": {
				"custom_model_data": 1525
			},
			"model": "entities/owl/owl_flight"
		},
		{
			"predicate": {
				"custom_model_data": 1526
			},
			"model": "entities/owl/owl_hurt"
		},
		{
			"predicate": {
				"custom_model_data": 1527
			},
			"model": "entities/owl/owl_attack_1"
		},
		{
			"predicate": {
				"custom_model_data": 1528
			},
			"model": "entities/owl/owl_attack_2"
		},
		{
			"predicate": {
				"custom_model_data": 1529
			},
			"model": "entities/owl/owl_attack_3"
		},
		{
			"predicate": {
				"custom_model_data": 1530
			},
			"model": "entities/owl/owl_attack_4"
		},
		{
			"predicate": {
				"custom_model_data": 1531
			},
			"model": "entities/owl/owl_attack_5"
		}
	],
	"display": {
		"head": {
			"rotation": [0, 0, 45],
			"translation": [-1, 13, 7]
		}
	},
	"groups": [
		{
			"name": "feather",
			"origin": [8, 8, 8],
			"color": 0,
			"children": []
		}
	]
}