{
	"credit": "Made with Blockbench",
	"textures": {
		"main": "item/rapier_anim"
	},
	"elements": [
		{
			"name": "2",
			"from": [14, 0, 14],
			"to": [16, 1, 16],
			"faces": {
				"north": {"uv": [12, 3, 12.5, 4], "rotation": 270, "texture": "#main"},
				"east": {"uv": [12.5, 4.5, 11.5, 4], "rotation": 180, "texture": "#main"},
				"south": {"uv": [11, 4, 11.5, 5], "rotation": 90, "texture": "#main"},
				"west": {"uv": [9, 4.5, 8, 5], "texture": "#main"},
				"up": {"uv": [10.5, 0, 11.5, 1], "rotation": 90, "texture": "#main"},
				"down": {"uv": [10, 2, 11, 3], "rotation": 90, "texture": "#main"}
			}
		},
		{
			"name": "2",
			"from": [13, 0, 13],
			"to": [15, 1, 15],
			"faces": {
				"north": {"uv": [15, 0, 15.5, 1], "rotation": 270, "texture": "#main"},
				"east": {"uv": [16, 1.5, 15, 1], "rotation": 180, "texture": "#main"},
				"south": {"uv": [15.5, 0, 16, 1], "rotation": 90, "texture": "#main"},
				"west": {"uv": [16, 1.5, 15, 2], "texture": "#main"},
				"up": {"uv": [14, 0, 15, 1], "rotation": 90, "texture": "#main"},
				"down": {"uv": [15, 0, 14, 1], "rotation": 90, "texture": "#main"}
			}
		},
		{
			"name": "2",
			"from": [12, 0, 12],
			"to": [14, 1, 14],
			"faces": {
				"north": {"uv": [15, 0, 15.5, 1], "rotation": 270, "texture": "#main"},
				"east": {"uv": [16, 1.5, 15, 1], "rotation": 180, "texture": "#main"},
				"south": {"uv": [15.5, 0, 16, 1], "rotation": 90, "texture": "#main"},
				"west": {"uv": [16, 1.5, 15, 2], "texture": "#main"},
				"up": {"uv": [14, 1, 15, 2], "rotation": 90, "texture": "#main"},
				"down": {"uv": [15, 1, 14, 2], "rotation": 90, "texture": "#main"}
			}
		},
		{
			"name": "2",
			"from": [9, 0, 9],
			"to": [11, 1, 11],
			"faces": {
				"north": {"uv": [9, 4.5, 9.5, 5.5], "rotation": 270, "texture": "#main"},
				"east": {"uv": [13.5, 1.5, 12.5, 1], "rotation": 180, "texture": "#main"},
				"south": {"uv": [12.5, 0, 13, 1], "rotation": 90, "texture": "#main"},
				"west": {"uv": [13.5, 1.5, 12.5, 2], "texture": "#main"},
				"up": {"uv": [10, 3, 11, 4], "rotation": 90, "texture": "#main"},
				"down": {"uv": [10.5, 1, 11.5, 2], "rotation": 90, "texture": "#main"}
			}
		},
		{
			"name": "5",
			"from": [11, 0, 8],
			"to": [12, 1, 13],
			"faces": {
				"north": {"uv": [13, 2.5, 13.5, 3], "rotation": 270, "texture": "#main"},
				"east": {"uv": [10.5, 1.5, 8, 1], "rotation": 180, "texture": "#main"},
				"south": {"uv": [13.5, 2.5, 14, 3], "rotation": 90, "texture": "#main"},
				"west": {"uv": [10.5, 1.5, 8, 2], "texture": "#main"},
				"up": {"uv": [8, 0.5, 10.5, 1], "rotation": 90, "texture": "#main"},
				"down": {"uv": [8, 0, 10.5, 0.5], "rotation": 90, "texture": "#main"}
			}
		},
		{
			"name": "5",
			"from": [8, 0, 11],
			"to": [13, 1, 12],
			"faces": {
				"north": {"uv": [9.5, 2, 10, 4.5], "rotation": 270, "texture": "#main"},
				"east": {"uv": [12, 5.5, 11.5, 5], "rotation": 180, "texture": "#main"},
				"south": {"uv": [8.5, 2, 9, 4.5], "rotation": 90, "texture": "#main"},
				"west": {"uv": [13.5, 3.5, 13, 4], "texture": "#main"},
				"up": {"uv": [9, 2, 9.5, 4.5], "rotation": 90, "texture": "#main"},
				"down": {"uv": [8, 2, 8.5, 4.5], "rotation": 90, "texture": "#main"}
			}
		},
		{
			"name": "2",
			"from": [8, 0, 12],
			"to": [10, 1, 13],
			"faces": {
				"north": {"uv": [15.5, 3.5, 16, 4.5], "rotation": 270, "texture": "#main"},
				"east": {"uv": [16, 5, 15.5, 4.5], "rotation": 180, "texture": "#main"},
				"south": {"uv": [14.5, 3.5, 15, 4.5], "rotation": 90, "texture": "#main"},
				"west": {"uv": [15.5, 4.5, 15, 5], "texture": "#main"},
				"up": {"uv": [15, 3.5, 15.5, 4.5], "rotation": 90, "texture": "#main"},
				"down": {"uv": [14, 3.5, 14.5, 4.5], "rotation": 90, "texture": "#main"}
			}
		},
		{
			"name": "4",
			"from": [7, 0, 12],
			"to": [9, 1, 14],
			"faces": {
				"north": {"uv": [15.5, 6.5, 16, 7], "texture": "#main"},
				"east": {"uv": [14.5, 6.5, 15.5, 7], "texture": "#main"},
				"south": {"uv": [14.5, 7, 15, 7.5], "texture": "#main"},
				"west": {"uv": [14, 7.5, 15, 8], "texture": "#main"},
				"up": {"uv": [13.5, 6.5, 14.5, 7.5], "texture": "#main"},
				"down": {"uv": [15, 7, 16, 8], "texture": "#main"}
			}
		},
		{
			"name": "4",
			"from": [12, 0, 7],
			"to": [14, 1, 9],
			"faces": {
				"north": {"uv": [14.5, 7, 15, 7.5], "texture": "#main"},
				"east": {"uv": [14, 7.5, 15, 8], "texture": "#main"},
				"south": {"uv": [15.5, 6.5, 16, 7], "texture": "#main"},
				"west": {"uv": [14.5, 6.5, 15.5, 7], "texture": "#main"},
				"up": {"uv": [13.5, 6.5, 14.5, 7.5], "rotation": 180, "texture": "#main"},
				"down": {"uv": [15, 7, 16, 8], "rotation": 180, "texture": "#main"}
			}
		},
		{
			"name": "2",
			"from": [11, 0, 9],
			"to": [13, 1, 10],
			"faces": {
				"north": {"uv": [15.5, 3.5, 16, 4.5], "rotation": 270, "texture": "#main"},
				"east": {"uv": [16, 5, 15.5, 4.5], "rotation": 180, "texture": "#main"},
				"south": {"uv": [14.5, 3.5, 15, 4.5], "rotation": 90, "texture": "#main"},
				"west": {"uv": [15.5, 4.5, 15, 5], "texture": "#main"},
				"up": {"uv": [15, 3.5, 15.5, 4.5], "rotation": 90, "texture": "#main"},
				"down": {"uv": [14, 3.5, 14.5, 4.5], "rotation": 90, "texture": "#main"}
			}
		},
		{
			"name": "2",
			"from": [3, 0, 3],
			"to": [5, 1, 5],
			"faces": {
				"north": {"uv": [13, 6, 13.5, 7], "rotation": 270, "texture": "#main"},
				"east": {"uv": [11.5, 6, 10.5, 5.5], "rotation": 180, "texture": "#main"},
				"south": {"uv": [12.5, 6, 13, 7], "rotation": 90, "texture": "#main"},
				"west": {"uv": [12.5, 5.5, 11.5, 6], "texture": "#main"},
				"up": {"uv": [10.5, 6, 11.5, 7], "rotation": 90, "texture": "#main"},
				"down": {"uv": [11.5, 6, 12.5, 7], "rotation": 90, "texture": "#main"}
			}
		},
		{
			"name": "2",
			"from": [4, 0, 4],
			"to": [6, 1, 6],
			"faces": {
				"north": {"uv": [8, 5, 8.5, 6], "rotation": 270, "texture": "#main"},
				"east": {"uv": [14, 0.5, 13, 0], "rotation": 180, "texture": "#main"},
				"south": {"uv": [12.5, 4.5, 13, 5.5], "rotation": 90, "texture": "#main"},
				"west": {"uv": [14, 0.5, 13, 1], "texture": "#main"},
				"up": {"uv": [11.5, 1, 12.5, 2], "rotation": 90, "texture": "#main"},
				"down": {"uv": [11.5, 0, 12.5, 1], "rotation": 90, "texture": "#main"}
			}
		},
		{
			"name": "2",
			"from": [5, 0, 5],
			"to": [7, 1, 7],
			"faces": {
				"north": {"uv": [8, 5, 8.5, 6], "rotation": 270, "texture": "#main"},
				"east": {"uv": [14, 0.5, 13, 0], "rotation": 180, "texture": "#main"},
				"south": {"uv": [12.5, 4.5, 13, 5.5], "rotation": 90, "texture": "#main"},
				"west": {"uv": [14, 0.5, 13, 1], "texture": "#main"},
				"up": {"uv": [11.5, 1, 12.5, 2], "rotation": 90, "texture": "#main"},
				"down": {"uv": [11.5, 0, 12.5, 1], "rotation": 90, "texture": "#main"}
			}
		},
		{
			"name": "2",
			"from": [6, 0, 6],
			"to": [8, 1, 8],
			"faces": {
				"north": {"uv": [8, 5, 8.5, 6], "rotation": 270, "texture": "#main"},
				"east": {"uv": [14, 0.5, 13, 0], "rotation": 180, "texture": "#main"},
				"south": {"uv": [12.5, 4.5, 13, 5.5], "rotation": 90, "texture": "#main"},
				"west": {"uv": [14, 0.5, 13, 1], "texture": "#main"},
				"up": {"uv": [11.5, 1, 12.5, 2], "rotation": 90, "texture": "#main"},
				"down": {"uv": [11.5, 0, 12.5, 1], "rotation": 90, "texture": "#main"}
			}
		},
		{
			"name": "2",
			"from": [7, 0, 7],
			"to": [9, 1, 9],
			"faces": {
				"north": {"uv": [8, 5, 8.5, 6], "rotation": 270, "texture": "#main"},
				"east": {"uv": [14, 0.5, 13, 0], "rotation": 180, "texture": "#main"},
				"south": {"uv": [12.5, 4.5, 13, 5.5], "rotation": 90, "texture": "#main"},
				"west": {"uv": [14, 0.5, 13, 1], "texture": "#main"},
				"up": {"uv": [11.5, 1, 12.5, 2], "rotation": 90, "texture": "#main"},
				"down": {"uv": [11.5, 0, 12.5, 1], "rotation": 90, "texture": "#main"}
			}
		},
		{
			"name": "2",
			"from": [8, 0, 8],
			"to": [10, 1, 10],
			"faces": {
				"north": {"uv": [8, 5, 8.5, 6], "rotation": 270, "texture": "#main"},
				"east": {"uv": [14, 0.5, 13, 0], "rotation": 180, "texture": "#main"},
				"south": {"uv": [12.5, 4.5, 13, 5.5], "rotation": 90, "texture": "#main"},
				"west": {"uv": [14, 0.5, 13, 1], "texture": "#main"},
				"up": {"uv": [11.5, 1, 12.5, 2], "rotation": 90, "texture": "#main"},
				"down": {"uv": [11.5, 0, 12.5, 1], "rotation": 90, "texture": "#main"}
			}
		},
		{
			"name": "2",
			"from": [2, 0, 2],
			"to": [4, 1, 4],
			"faces": {
				"north": {"uv": [10.5, 7, 11, 8], "rotation": 270, "texture": "#main"},
				"east": {"uv": [12, 7.5, 11, 7], "rotation": 180, "texture": "#main"},
				"south": {"uv": [10, 7, 10.5, 8], "rotation": 90, "texture": "#main"},
				"west": {"uv": [12, 7.5, 11, 8], "texture": "#main"},
				"up": {"uv": [8, 7, 9, 8], "rotation": 90, "texture": "#main"},
				"down": {"uv": [9, 7, 10, 8], "rotation": 90, "texture": "#main"}
			}
		},
		{
			"name": "2",
			"from": [1, 0, 1],
			"to": [3, 1, 3],
			"faces": {
				"north": {"uv": [10, 5, 10.5, 6], "rotation": 270, "texture": "#main"},
				"east": {"uv": [14, 2.5, 13, 2], "rotation": 180, "texture": "#main"},
				"south": {"uv": [8.5, 5, 9, 6], "rotation": 90, "texture": "#main"},
				"west": {"uv": [11.5, 5, 10.5, 5.5], "texture": "#main"},
				"up": {"uv": [12, 2, 13, 3], "rotation": 90, "texture": "#main"},
				"down": {"uv": [10, 4, 11, 5], "rotation": 90, "texture": "#main"}
			}
		},
		{
			"name": "crystal",
			"from": [10, 0, 10],
			"to": [11, 1, 11],
			"faces": {
				"north": {"uv": [8, 0, 8.5, 0.5], "texture": "#main"},
				"east": {"uv": [8, 0, 8.5, 0.5], "texture": "#main"},
				"south": {"uv": [8, 0, 8.5, 0.5], "texture": "#main"},
				"west": {"uv": [8, 0, 8.5, 0.5], "texture": "#main"},
				"up": {"uv": [15, 5.5, 15.5, 6], "texture": "#main"},
				"down": {"uv": [15, 5.5, 15.5, 6], "texture": "#main"}
			}
		},
		{
			"name": "2",
			"from": [14, 0, 14],
			"to": [16, 1, 16],
			"faces": {
				"north": {"uv": [4, 11, 4.5, 12], "rotation": 270, "texture": "#main"},
				"east": {"uv": [4.5, 12.5, 3.5, 12], "rotation": 180, "texture": "#main"},
				"south": {"uv": [3, 12, 3.5, 13], "rotation": 90, "texture": "#main"},
				"west": {"uv": [1, 12.5, 0, 13], "texture": "#main"},
				"up": {"uv": [2.5, 8, 3.5, 9], "rotation": 90, "texture": "#main"},
				"down": {"uv": [2, 10, 3, 11], "rotation": 90, "texture": "#main"}
			}
		},
		{
			"name": "2",
			"from": [13, 0, 13],
			"to": [15, 1, 15],
			"faces": {
				"north": {"uv": [7, 8, 7.5, 9], "rotation": 270, "texture": "#main"},
				"east": {"uv": [8, 9.5, 7, 9], "rotation": 180, "texture": "#main"},
				"south": {"uv": [7.5, 8, 8, 9], "rotation": 90, "texture": "#main"},
				"west": {"uv": [8, 9.5, 7, 10], "texture": "#main"},
				"up": {"uv": [6, 8, 7, 9], "rotation": 90, "texture": "#main"},
				"down": {"uv": [7, 8, 6, 9], "rotation": 90, "texture": "#main"}
			}
		},
		{
			"name": "2",
			"from": [12, 0, 12],
			"to": [14, 1, 14],
			"faces": {
				"north": {"uv": [7, 8, 7.5, 9], "rotation": 270, "texture": "#main"},
				"east": {"uv": [8, 9.5, 7, 9], "rotation": 180, "texture": "#main"},
				"south": {"uv": [7.5, 8, 8, 9], "rotation": 90, "texture": "#main"},
				"west": {"uv": [8, 9.5, 7, 10], "texture": "#main"},
				"up": {"uv": [6, 9, 7, 10], "rotation": 90, "texture": "#main"},
				"down": {"uv": [7, 9, 6, 10], "rotation": 90, "texture": "#main"}
			}
		},
		{
			"name": "2",
			"from": [9, 0, 9],
			"to": [11, 1, 11],
			"faces": {
				"north": {"uv": [1, 12.5, 1.5, 13.5], "rotation": 270, "texture": "#main"},
				"east": {"uv": [5.5, 9.5, 4.5, 9], "rotation": 180, "texture": "#main"},
				"south": {"uv": [4.5, 8, 5, 9], "rotation": 90, "texture": "#main"},
				"west": {"uv": [5.5, 9.5, 4.5, 10], "texture": "#main"},
				"up": {"uv": [2, 11, 3, 12], "rotation": 90, "texture": "#main"},
				"down": {"uv": [2.5, 9, 3.5, 10], "rotation": 90, "texture": "#main"}
			}
		},
		{
			"name": "5",
			"from": [11, 0, 8],
			"to": [12, 1, 13],
			"faces": {
				"north": {"uv": [5, 10.5, 5.5, 11], "rotation": 270, "texture": "#main"},
				"east": {"uv": [2.5, 9.5, 0, 9], "rotation": 180, "texture": "#main"},
				"south": {"uv": [5.5, 10.5, 6, 11], "rotation": 90, "texture": "#main"},
				"west": {"uv": [2.5, 9.5, 0, 10], "texture": "#main"},
				"up": {"uv": [0, 8.5, 2.5, 9], "rotation": 90, "texture": "#main"},
				"down": {"uv": [0, 8, 2.5, 8.5], "rotation": 90, "texture": "#main"}
			}
		},
		{
			"name": "5",
			"from": [8, 0, 11],
			"to": [13, 1, 12],
			"faces": {
				"north": {"uv": [1.5, 10, 2, 12.5], "rotation": 270, "texture": "#main"},
				"east": {"uv": [4, 13.5, 3.5, 13], "rotation": 180, "texture": "#main"},
				"south": {"uv": [0.5, 10, 1, 12.5], "rotation": 90, "texture": "#main"},
				"west": {"uv": [5.5, 11.5, 5, 12], "texture": "#main"},
				"up": {"uv": [1, 10, 1.5, 12.5], "rotation": 90, "texture": "#main"},
				"down": {"uv": [0, 10, 0.5, 12.5], "rotation": 90, "texture": "#main"}
			}
		},
		{
			"name": "2",
			"from": [8, 0, 12],
			"to": [10, 1, 13],
			"faces": {
				"north": {"uv": [7.5, 11.5, 8, 12.5], "rotation": 270, "texture": "#main"},
				"east": {"uv": [8, 13, 7.5, 12.5], "rotation": 180, "texture": "#main"},
				"south": {"uv": [6.5, 11.5, 7, 12.5], "rotation": 90, "texture": "#main"},
				"west": {"uv": [7.5, 12.5, 7, 13], "texture": "#main"},
				"up": {"uv": [7, 11.5, 7.5, 12.5], "rotation": 90, "texture": "#main"},
				"down": {"uv": [6, 11.5, 6.5, 12.5], "rotation": 90, "texture": "#main"}
			}
		},
		{
			"name": "4",
			"from": [7, 0, 12],
			"to": [9, 1, 14],
			"faces": {
				"north": {"uv": [7.5, 14.5, 8, 15], "texture": "#main"},
				"east": {"uv": [6.5, 14.5, 7.5, 15], "texture": "#main"},
				"south": {"uv": [6.5, 15, 7, 15.5], "texture": "#main"},
				"west": {"uv": [6, 15.5, 7, 16], "texture": "#main"},
				"up": {"uv": [5.5, 14.5, 6.5, 15.5], "texture": "#main"},
				"down": {"uv": [7, 15, 8, 16], "texture": "#main"}
			}
		},
		{
			"name": "4",
			"from": [12, 0, 7],
			"to": [14, 1, 9],
			"faces": {
				"north": {"uv": [6.5, 15, 7, 15.5], "texture": "#main"},
				"east": {"uv": [6, 15.5, 7, 16], "texture": "#main"},
				"south": {"uv": [7.5, 14.5, 8, 15], "texture": "#main"},
				"west": {"uv": [6.5, 14.5, 7.5, 15], "texture": "#main"},
				"up": {"uv": [5.5, 14.5, 6.5, 15.5], "rotation": 180, "texture": "#main"},
				"down": {"uv": [7, 15, 8, 16], "rotation": 180, "texture": "#main"}
			}
		},
		{
			"name": "2",
			"from": [11, 0, 9],
			"to": [13, 1, 10],
			"faces": {
				"north": {"uv": [7.5, 11.5, 8, 12.5], "rotation": 270, "texture": "#main"},
				"east": {"uv": [8, 13, 7.5, 12.5], "rotation": 180, "texture": "#main"},
				"south": {"uv": [6.5, 11.5, 7, 12.5], "rotation": 90, "texture": "#main"},
				"west": {"uv": [7.5, 12.5, 7, 13], "texture": "#main"},
				"up": {"uv": [7, 11.5, 7.5, 12.5], "rotation": 90, "texture": "#main"},
				"down": {"uv": [6, 11.5, 6.5, 12.5], "rotation": 90, "texture": "#main"}
			}
		},
		{
			"name": "2",
			"from": [3, 0, 3],
			"to": [5, 1, 5],
			"faces": {
				"north": {"uv": [5, 14, 5.5, 15], "rotation": 270, "texture": "#main"},
				"east": {"uv": [3.5, 14, 2.5, 13.5], "rotation": 180, "texture": "#main"},
				"south": {"uv": [4.5, 14, 5, 15], "rotation": 90, "texture": "#main"},
				"west": {"uv": [4.5, 13.5, 3.5, 14], "texture": "#main"},
				"up": {"uv": [2.5, 14, 3.5, 15], "rotation": 90, "texture": "#main"},
				"down": {"uv": [3.5, 14, 4.5, 15], "rotation": 90, "texture": "#main"}
			}
		},
		{
			"name": "2",
			"from": [4, 0, 4],
			"to": [6, 1, 6],
			"faces": {
				"north": {"uv": [0, 13, 0.5, 14], "rotation": 270, "texture": "#main"},
				"east": {"uv": [6, 8.5, 5, 8], "rotation": 180, "texture": "#main"},
				"south": {"uv": [4.5, 12.5, 5, 13.5], "rotation": 90, "texture": "#main"},
				"west": {"uv": [6, 8.5, 5, 9], "texture": "#main"},
				"up": {"uv": [3.5, 9, 4.5, 10], "rotation": 90, "texture": "#main"},
				"down": {"uv": [3.5, 8, 4.5, 9], "rotation": 90, "texture": "#main"}
			}
		},
		{
			"name": "2",
			"from": [5, 0, 5],
			"to": [7, 1, 7],
			"faces": {
				"north": {"uv": [0, 13, 0.5, 14], "rotation": 270, "texture": "#main"},
				"east": {"uv": [6, 8.5, 5, 8], "rotation": 180, "texture": "#main"},
				"south": {"uv": [4.5, 12.5, 5, 13.5], "rotation": 90, "texture": "#main"},
				"west": {"uv": [6, 8.5, 5, 9], "texture": "#main"},
				"up": {"uv": [3.5, 9, 4.5, 10], "rotation": 90, "texture": "#main"},
				"down": {"uv": [3.5, 8, 4.5, 9], "rotation": 90, "texture": "#main"}
			}
		},
		{
			"name": "2",
			"from": [6, 0, 6],
			"to": [8, 1, 8],
			"faces": {
				"north": {"uv": [0, 13, 0.5, 14], "rotation": 270, "texture": "#main"},
				"east": {"uv": [6, 8.5, 5, 8], "rotation": 180, "texture": "#main"},
				"south": {"uv": [4.5, 12.5, 5, 13.5], "rotation": 90, "texture": "#main"},
				"west": {"uv": [6, 8.5, 5, 9], "texture": "#main"},
				"up": {"uv": [3.5, 9, 4.5, 10], "rotation": 90, "texture": "#main"},
				"down": {"uv": [3.5, 8, 4.5, 9], "rotation": 90, "texture": "#main"}
			}
		},
		{
			"name": "2",
			"from": [7, 0, 7],
			"to": [9, 1, 9],
			"faces": {
				"north": {"uv": [0, 13, 0.5, 14], "rotation": 270, "texture": "#main"},
				"east": {"uv": [6, 8.5, 5, 8], "rotation": 180, "texture": "#main"},
				"south": {"uv": [4.5, 12.5, 5, 13.5], "rotation": 90, "texture": "#main"},
				"west": {"uv": [6, 8.5, 5, 9], "texture": "#main"},
				"up": {"uv": [3.5, 9, 4.5, 10], "rotation": 90, "texture": "#main"},
				"down": {"uv": [3.5, 8, 4.5, 9], "rotation": 90, "texture": "#main"}
			}
		},
		{
			"name": "2",
			"from": [8, 0, 8],
			"to": [10, 1, 10],
			"faces": {
				"north": {"uv": [0, 13, 0.5, 14], "rotation": 270, "texture": "#main"},
				"east": {"uv": [6, 8.5, 5, 8], "rotation": 180, "texture": "#main"},
				"south": {"uv": [4.5, 12.5, 5, 13.5], "rotation": 90, "texture": "#main"},
				"west": {"uv": [6, 8.5, 5, 9], "texture": "#main"},
				"up": {"uv": [3.5, 9, 4.5, 10], "rotation": 90, "texture": "#main"},
				"down": {"uv": [3.5, 8, 4.5, 9], "rotation": 90, "texture": "#main"}
			}
		},
		{
			"name": "2",
			"from": [2, 0, 2],
			"to": [4, 1, 4],
			"faces": {
				"north": {"uv": [2.5, 15, 3, 16], "rotation": 270, "texture": "#main"},
				"east": {"uv": [4, 15.5, 3, 15], "rotation": 180, "texture": "#main"},
				"south": {"uv": [2, 15, 2.5, 16], "rotation": 90, "texture": "#main"},
				"west": {"uv": [4, 15.5, 3, 16], "texture": "#main"},
				"up": {"uv": [0, 15, 1, 16], "rotation": 90, "texture": "#main"},
				"down": {"uv": [1, 15, 2, 16], "rotation": 90, "texture": "#main"}
			}
		},
		{
			"name": "2",
			"from": [1, 0, 1],
			"to": [3, 1, 3],
			"faces": {
				"north": {"uv": [2, 13, 2.5, 14], "rotation": 270, "texture": "#main"},
				"east": {"uv": [6, 10.5, 5, 10], "rotation": 180, "texture": "#main"},
				"south": {"uv": [0.5, 13, 1, 14], "rotation": 90, "texture": "#main"},
				"west": {"uv": [3.5, 13, 2.5, 13.5], "texture": "#main"},
				"up": {"uv": [4, 10, 5, 11], "rotation": 90, "texture": "#main"},
				"down": {"uv": [2, 12, 3, 13], "rotation": 90, "texture": "#main"}
			}
		},
		{
			"name": "crystal",
			"from": [10, 0, 10],
			"to": [11, 1, 11],
			"faces": {
				"north": {"uv": [0, 8, 0.5, 8.5], "texture": "#main"},
				"east": {"uv": [0, 8, 0.5, 8.5], "texture": "#main"},
				"south": {"uv": [0, 8, 0.5, 8.5], "texture": "#main"},
				"west": {"uv": [0, 8, 0.5, 8.5], "texture": "#main"},
				"up": {"uv": [6.5, 13.5, 7, 14], "texture": "#main"},
				"down": {"uv": [6.5, 13.5, 7, 14], "texture": "#main"}
			}
		},
		{
			"name": "2",
			"from": [14, 0, 14],
			"to": [16, 1, 16],
			"faces": {
				"north": {"uv": [12, 11, 12.5, 12], "rotation": 270, "texture": "#main"},
				"east": {"uv": [12.5, 12.5, 11.5, 12], "rotation": 180, "texture": "#main"},
				"south": {"uv": [11, 12, 11.5, 13], "rotation": 90, "texture": "#main"},
				"west": {"uv": [9, 12.5, 8, 13], "texture": "#main"},
				"up": {"uv": [10.5, 8, 11.5, 9], "rotation": 90, "texture": "#main"},
				"down": {"uv": [10, 10, 11, 11], "rotation": 90, "texture": "#main"}
			}
		},
		{
			"name": "2",
			"from": [13, 0, 13],
			"to": [15, 1, 15],
			"faces": {
				"north": {"uv": [15, 8, 15.5, 9], "rotation": 270, "texture": "#main"},
				"east": {"uv": [16, 9.5, 15, 9], "rotation": 180, "texture": "#main"},
				"south": {"uv": [15.5, 8, 16, 9], "rotation": 90, "texture": "#main"},
				"west": {"uv": [16, 9.5, 15, 10], "texture": "#main"},
				"up": {"uv": [14, 8, 15, 9], "rotation": 90, "texture": "#main"},
				"down": {"uv": [15, 8, 14, 9], "rotation": 90, "texture": "#main"}
			}
		},
		{
			"name": "2",
			"from": [12, 0, 12],
			"to": [14, 1, 14],
			"faces": {
				"north": {"uv": [15, 8, 15.5, 9], "rotation": 270, "texture": "#main"},
				"east": {"uv": [16, 9.5, 15, 9], "rotation": 180, "texture": "#main"},
				"south": {"uv": [15.5, 8, 16, 9], "rotation": 90, "texture": "#main"},
				"west": {"uv": [16, 9.5, 15, 10], "texture": "#main"},
				"up": {"uv": [14, 9, 15, 10], "rotation": 90, "texture": "#main"},
				"down": {"uv": [15, 9, 14, 10], "rotation": 90, "texture": "#main"}
			}
		},
		{
			"name": "2",
			"from": [9, 0, 9],
			"to": [11, 1, 11],
			"faces": {
				"north": {"uv": [9, 12.5, 9.5, 13.5], "rotation": 270, "texture": "#main"},
				"east": {"uv": [13.5, 9.5, 12.5, 9], "rotation": 180, "texture": "#main"},
				"south": {"uv": [12.5, 8, 13, 9], "rotation": 90, "texture": "#main"},
				"west": {"uv": [13.5, 9.5, 12.5, 10], "texture": "#main"},
				"up": {"uv": [10, 11, 11, 12], "rotation": 90, "texture": "#main"},
				"down": {"uv": [10.5, 9, 11.5, 10], "rotation": 90, "texture": "#main"}
			}
		},
		{
			"name": "5",
			"from": [11, 0, 8],
			"to": [12, 1, 13],
			"faces": {
				"north": {"uv": [13, 10.5, 13.5, 11], "rotation": 270, "texture": "#main"},
				"east": {"uv": [10.5, 9.5, 8, 9], "rotation": 180, "texture": "#main"},
				"south": {"uv": [13.5, 10.5, 14, 11], "rotation": 90, "texture": "#main"},
				"west": {"uv": [10.5, 9.5, 8, 10], "texture": "#main"},
				"up": {"uv": [8, 8.5, 10.5, 9], "rotation": 90, "texture": "#main"},
				"down": {"uv": [8, 8, 10.5, 8.5], "rotation": 90, "texture": "#main"}
			}
		},
		{
			"name": "5",
			"from": [8, 0, 11],
			"to": [13, 1, 12],
			"faces": {
				"north": {"uv": [9.5, 10, 10, 12.5], "rotation": 270, "texture": "#main"},
				"east": {"uv": [12, 13.5, 11.5, 13], "rotation": 180, "texture": "#main"},
				"south": {"uv": [8.5, 10, 9, 12.5], "rotation": 90, "texture": "#main"},
				"west": {"uv": [13.5, 11.5, 13, 12], "texture": "#main"},
				"up": {"uv": [9, 10, 9.5, 12.5], "rotation": 90, "texture": "#main"},
				"down": {"uv": [8, 10, 8.5, 12.5], "rotation": 90, "texture": "#main"}
			}
		},
		{
			"name": "2",
			"from": [8, 0, 12],
			"to": [10, 1, 13],
			"faces": {
				"north": {"uv": [15.5, 11.5, 16, 12.5], "rotation": 270, "texture": "#main"},
				"east": {"uv": [16, 13, 15.5, 12.5], "rotation": 180, "texture": "#main"},
				"south": {"uv": [14.5, 11.5, 15, 12.5], "rotation": 90, "texture": "#main"},
				"west": {"uv": [15.5, 12.5, 15, 13], "texture": "#main"},
				"up": {"uv": [15, 11.5, 15.5, 12.5], "rotation": 90, "texture": "#main"},
				"down": {"uv": [14, 11.5, 14.5, 12.5], "rotation": 90, "texture": "#main"}
			}
		},
		{
			"name": "4",
			"from": [7, 0, 12],
			"to": [9, 1, 14],
			"faces": {
				"north": {"uv": [15.5, 14.5, 16, 15], "texture": "#main"},
				"east": {"uv": [14.5, 14.5, 15.5, 15], "texture": "#main"},
				"south": {"uv": [14.5, 15, 15, 15.5], "texture": "#main"},
				"west": {"uv": [14, 15.5, 15, 16], "texture": "#main"},
				"up": {"uv": [13.5, 14.5, 14.5, 15.5], "texture": "#main"},
				"down": {"uv": [15, 15, 16, 16], "texture": "#main"}
			}
		},
		{
			"name": "4",
			"from": [12, 0, 7],
			"to": [14, 1, 9],
			"faces": {
				"north": {"uv": [14.5, 15, 15, 15.5], "texture": "#main"},
				"east": {"uv": [14, 15.5, 15, 16], "texture": "#main"},
				"south": {"uv": [15.5, 14.5, 16, 15], "texture": "#main"},
				"west": {"uv": [14.5, 14.5, 15.5, 15], "texture": "#main"},
				"up": {"uv": [13.5, 14.5, 14.5, 15.5], "rotation": 180, "texture": "#main"},
				"down": {"uv": [15, 15, 16, 16], "rotation": 180, "texture": "#main"}
			}
		},
		{
			"name": "2",
			"from": [11, 0, 9],
			"to": [13, 1, 10],
			"faces": {
				"north": {"uv": [15.5, 11.5, 16, 12.5], "rotation": 270, "texture": "#main"},
				"east": {"uv": [16, 13, 15.5, 12.5], "rotation": 180, "texture": "#main"},
				"south": {"uv": [14.5, 11.5, 15, 12.5], "rotation": 90, "texture": "#main"},
				"west": {"uv": [15.5, 12.5, 15, 13], "texture": "#main"},
				"up": {"uv": [15, 11.5, 15.5, 12.5], "rotation": 90, "texture": "#main"},
				"down": {"uv": [14, 11.5, 14.5, 12.5], "rotation": 90, "texture": "#main"}
			}
		},
		{
			"name": "2",
			"from": [3, 0, 3],
			"to": [5, 1, 5],
			"faces": {
				"north": {"uv": [13, 14, 13.5, 15], "rotation": 270, "texture": "#main"},
				"east": {"uv": [11.5, 14, 10.5, 13.5], "rotation": 180, "texture": "#main"},
				"south": {"uv": [12.5, 14, 13, 15], "rotation": 90, "texture": "#main"},
				"west": {"uv": [12.5, 13.5, 11.5, 14], "texture": "#main"},
				"up": {"uv": [10.5, 14, 11.5, 15], "rotation": 90, "texture": "#main"},
				"down": {"uv": [11.5, 14, 12.5, 15], "rotation": 90, "texture": "#main"}
			}
		},
		{
			"name": "2",
			"from": [4, 0, 4],
			"to": [6, 1, 6],
			"faces": {
				"north": {"uv": [8, 13, 8.5, 14], "rotation": 270, "texture": "#main"},
				"east": {"uv": [14, 8.5, 13, 8], "rotation": 180, "texture": "#main"},
				"south": {"uv": [12.5, 12.5, 13, 13.5], "rotation": 90, "texture": "#main"},
				"west": {"uv": [14, 8.5, 13, 9], "texture": "#main"},
				"up": {"uv": [11.5, 9, 12.5, 10], "rotation": 90, "texture": "#main"},
				"down": {"uv": [11.5, 8, 12.5, 9], "rotation": 90, "texture": "#main"}
			}
		},
		{
			"name": "2",
			"from": [5, 0, 5],
			"to": [7, 1, 7],
			"faces": {
				"north": {"uv": [8, 13, 8.5, 14], "rotation": 270, "texture": "#main"},
				"east": {"uv": [14, 8.5, 13, 8], "rotation": 180, "texture": "#main"},
				"south": {"uv": [12.5, 12.5, 13, 13.5], "rotation": 90, "texture": "#main"},
				"west": {"uv": [14, 8.5, 13, 9], "texture": "#main"},
				"up": {"uv": [11.5, 9, 12.5, 10], "rotation": 90, "texture": "#main"},
				"down": {"uv": [11.5, 8, 12.5, 9], "rotation": 90, "texture": "#main"}
			}
		},
		{
			"name": "2",
			"from": [6, 0, 6],
			"to": [8, 1, 8],
			"faces": {
				"north": {"uv": [8, 13, 8.5, 14], "rotation": 270, "texture": "#main"},
				"east": {"uv": [14, 8.5, 13, 8], "rotation": 180, "texture": "#main"},
				"south": {"uv": [12.5, 12.5, 13, 13.5], "rotation": 90, "texture": "#main"},
				"west": {"uv": [14, 8.5, 13, 9], "texture": "#main"},
				"up": {"uv": [11.5, 9, 12.5, 10], "rotation": 90, "texture": "#main"},
				"down": {"uv": [11.5, 8, 12.5, 9], "rotation": 90, "texture": "#main"}
			}
		},
		{
			"name": "2",
			"from": [7, 0, 7],
			"to": [9, 1, 9],
			"faces": {
				"north": {"uv": [8, 13, 8.5, 14], "rotation": 270, "texture": "#main"},
				"east": {"uv": [14, 8.5, 13, 8], "rotation": 180, "texture": "#main"},
				"south": {"uv": [12.5, 12.5, 13, 13.5], "rotation": 90, "texture": "#main"},
				"west": {"uv": [14, 8.5, 13, 9], "texture": "#main"},
				"up": {"uv": [11.5, 9, 12.5, 10], "rotation": 90, "texture": "#main"},
				"down": {"uv": [11.5, 8, 12.5, 9], "rotation": 90, "texture": "#main"}
			}
		},
		{
			"name": "2",
			"from": [8, 0, 8],
			"to": [10, 1, 10],
			"faces": {
				"north": {"uv": [8, 13, 8.5, 14], "rotation": 270, "texture": "#main"},
				"east": {"uv": [14, 8.5, 13, 8], "rotation": 180, "texture": "#main"},
				"south": {"uv": [12.5, 12.5, 13, 13.5], "rotation": 90, "texture": "#main"},
				"west": {"uv": [14, 8.5, 13, 9], "texture": "#main"},
				"up": {"uv": [11.5, 9, 12.5, 10], "rotation": 90, "texture": "#main"},
				"down": {"uv": [11.5, 8, 12.5, 9], "rotation": 90, "texture": "#main"}
			}
		},
		{
			"name": "2",
			"from": [2, 0, 2],
			"to": [4, 1, 4],
			"faces": {
				"north": {"uv": [10.5, 15, 11, 16], "rotation": 270, "texture": "#main"},
				"east": {"uv": [12, 15.5, 11, 15], "rotation": 180, "texture": "#main"},
				"south": {"uv": [10, 15, 10.5, 16], "rotation": 90, "texture": "#main"},
				"west": {"uv": [12, 15.5, 11, 16], "texture": "#main"},
				"up": {"uv": [8, 15, 9, 16], "rotation": 90, "texture": "#main"},
				"down": {"uv": [9, 15, 10, 16], "rotation": 90, "texture": "#main"}
			}
		},
		{
			"name": "2",
			"from": [1, 0, 1],
			"to": [3, 1, 3],
			"faces": {
				"north": {"uv": [10, 13, 10.5, 14], "rotation": 270, "texture": "#main"},
				"east": {"uv": [14, 10.5, 13, 10], "rotation": 180, "texture": "#main"},
				"south": {"uv": [8.5, 13, 9, 14], "rotation": 90, "texture": "#main"},
				"west": {"uv": [11.5, 13, 10.5, 13.5], "texture": "#main"},
				"up": {"uv": [12, 10, 13, 11], "rotation": 90, "texture": "#main"},
				"down": {"uv": [10, 12, 11, 13], "rotation": 90, "texture": "#main"}
			}
		},
		{
			"name": "crystal",
			"from": [10, 0, 10],
			"to": [11, 1, 11],
			"faces": {
				"north": {"uv": [8, 8, 8.5, 8.5], "texture": "#main"},
				"east": {"uv": [8, 8, 8.5, 8.5], "texture": "#main"},
				"south": {"uv": [8, 8, 8.5, 8.5], "texture": "#main"},
				"west": {"uv": [8, 8, 8.5, 8.5], "texture": "#main"},
				"up": {"uv": [14, 13.5, 14.5, 14], "texture": "#main"},
				"down": {"uv": [14, 13.5, 14.5, 14], "texture": "#main"}
			}
		},
		{
			"name": "2",
			"from": [14, 0, 14],
			"to": [16, 1, 16],
			"faces": {
				"north": {"uv": [4, 3, 4.5, 4], "rotation": 270, "texture": "#main"},
				"east": {"uv": [4.5, 4.5, 3.5, 4], "rotation": 180, "texture": "#main"},
				"south": {"uv": [3, 4, 3.5, 5], "rotation": 90, "texture": "#main"},
				"west": {"uv": [1, 4.5, 0, 5], "texture": "#main"},
				"up": {"uv": [2.5, 0, 3.5, 1], "rotation": 90, "texture": "#main"},
				"down": {"uv": [2, 2, 3, 3], "rotation": 90, "texture": "#main"}
			}
		},
		{
			"name": "2",
			"from": [13, 0, 13],
			"to": [15, 1, 15],
			"faces": {
				"north": {"uv": [7, 0, 7.5, 1], "rotation": 270, "texture": "#main"},
				"east": {"uv": [8, 1.5, 7, 1], "rotation": 180, "texture": "#main"},
				"south": {"uv": [7.5, 0, 8, 1], "rotation": 90, "texture": "#main"},
				"west": {"uv": [8, 1.5, 7, 2], "texture": "#main"},
				"up": {"uv": [6, 0, 7, 1], "rotation": 90, "texture": "#main"},
				"down": {"uv": [7, 0, 6, 1], "rotation": 90, "texture": "#main"}
			}
		},
		{
			"name": "2",
			"from": [12, 0, 12],
			"to": [14, 1, 14],
			"faces": {
				"north": {"uv": [7, 0, 7.5, 1], "rotation": 270, "texture": "#main"},
				"east": {"uv": [8, 1.5, 7, 1], "rotation": 180, "texture": "#main"},
				"south": {"uv": [7.5, 0, 8, 1], "rotation": 90, "texture": "#main"},
				"west": {"uv": [8, 1.5, 7, 2], "texture": "#main"},
				"up": {"uv": [6, 1, 7, 2], "rotation": 90, "texture": "#main"},
				"down": {"uv": [7, 1, 6, 2], "rotation": 90, "texture": "#main"}
			}
		},
		{
			"name": "2",
			"from": [9, 0, 9],
			"to": [11, 1, 11],
			"faces": {
				"north": {"uv": [1, 4.5, 1.5, 5.5], "rotation": 270, "texture": "#main"},
				"east": {"uv": [5.5, 1.5, 4.5, 1], "rotation": 180, "texture": "#main"},
				"south": {"uv": [4.5, 0, 5, 1], "rotation": 90, "texture": "#main"},
				"west": {"uv": [5.5, 1.5, 4.5, 2], "texture": "#main"},
				"up": {"uv": [2, 3, 3, 4], "rotation": 90, "texture": "#main"},
				"down": {"uv": [2.5, 1, 3.5, 2], "rotation": 90, "texture": "#main"}
			}
		},
		{
			"name": "5",
			"from": [11, 0, 8],
			"to": [12, 1, 13],
			"faces": {
				"north": {"uv": [5, 2.5, 5.5, 3], "rotation": 270, "texture": "#main"},
				"east": {"uv": [2.5, 1.5, 0, 1], "rotation": 180, "texture": "#main"},
				"south": {"uv": [5.5, 2.5, 6, 3], "rotation": 90, "texture": "#main"},
				"west": {"uv": [2.5, 1.5, 0, 2], "texture": "#main"},
				"up": {"uv": [0, 0.5, 2.5, 1], "rotation": 90, "texture": "#main"},
				"down": {"uv": [0, 0, 2.5, 0.5], "rotation": 90, "texture": "#main"}
			}
		},
		{
			"name": "5",
			"from": [8, 0, 11],
			"to": [13, 1, 12],
			"faces": {
				"north": {"uv": [1.5, 2, 2, 4.5], "rotation": 270, "texture": "#main"},
				"east": {"uv": [4, 5.5, 3.5, 5], "rotation": 180, "texture": "#main"},
				"south": {"uv": [0.5, 2, 1, 4.5], "rotation": 90, "texture": "#main"},
				"west": {"uv": [5.5, 3.5, 5, 4], "texture": "#main"},
				"up": {"uv": [1, 2, 1.5, 4.5], "rotation": 90, "texture": "#main"},
				"down": {"uv": [0, 2, 0.5, 4.5], "rotation": 90, "texture": "#main"}
			}
		},
		{
			"name": "2",
			"from": [8, 0, 12],
			"to": [10, 1, 13],
			"faces": {
				"north": {"uv": [7.5, 3.5, 8, 4.5], "rotation": 270, "texture": "#main"},
				"east": {"uv": [8, 5, 7.5, 4.5], "rotation": 180, "texture": "#main"},
				"south": {"uv": [6.5, 3.5, 7, 4.5], "rotation": 90, "texture": "#main"},
				"west": {"uv": [7.5, 4.5, 7, 5], "texture": "#main"},
				"up": {"uv": [7, 3.5, 7.5, 4.5], "rotation": 90, "texture": "#main"},
				"down": {"uv": [6, 3.5, 6.5, 4.5], "rotation": 90, "texture": "#main"}
			}
		},
		{
			"name": "4",
			"from": [7, 0, 12],
			"to": [9, 1, 14],
			"faces": {
				"north": {"uv": [7.5, 6.5, 8, 7], "texture": "#main"},
				"east": {"uv": [6.5, 6.5, 7.5, 7], "texture": "#main"},
				"south": {"uv": [6.5, 7, 7, 7.5], "texture": "#main"},
				"west": {"uv": [6, 7.5, 7, 8], "texture": "#main"},
				"up": {"uv": [5.5, 6.5, 6.5, 7.5], "texture": "#main"},
				"down": {"uv": [7, 7, 8, 8], "texture": "#main"}
			}
		},
		{
			"name": "4",
			"from": [12, 0, 7],
			"to": [14, 1, 9],
			"faces": {
				"north": {"uv": [6.5, 7, 7, 7.5], "texture": "#main"},
				"east": {"uv": [6, 7.5, 7, 8], "texture": "#main"},
				"south": {"uv": [7.5, 6.5, 8, 7], "texture": "#main"},
				"west": {"uv": [6.5, 6.5, 7.5, 7], "texture": "#main"},
				"up": {"uv": [5.5, 6.5, 6.5, 7.5], "rotation": 180, "texture": "#main"},
				"down": {"uv": [7, 7, 8, 8], "rotation": 180, "texture": "#main"}
			}
		},
		{
			"name": "2",
			"from": [11, 0, 9],
			"to": [13, 1, 10],
			"faces": {
				"north": {"uv": [7.5, 3.5, 8, 4.5], "rotation": 270, "texture": "#main"},
				"east": {"uv": [8, 5, 7.5, 4.5], "rotation": 180, "texture": "#main"},
				"south": {"uv": [6.5, 3.5, 7, 4.5], "rotation": 90, "texture": "#main"},
				"west": {"uv": [7.5, 4.5, 7, 5], "texture": "#main"},
				"up": {"uv": [7, 3.5, 7.5, 4.5], "rotation": 90, "texture": "#main"},
				"down": {"uv": [6, 3.5, 6.5, 4.5], "rotation": 90, "texture": "#main"}
			}
		},
		{
			"name": "2",
			"from": [3, 0, 3],
			"to": [5, 1, 5],
			"faces": {
				"north": {"uv": [5, 6, 5.5, 7], "rotation": 270, "texture": "#main"},
				"east": {"uv": [3.5, 6, 2.5, 5.5], "rotation": 180, "texture": "#main"},
				"south": {"uv": [4.5, 6, 5, 7], "rotation": 90, "texture": "#main"},
				"west": {"uv": [4.5, 5.5, 3.5, 6], "texture": "#main"},
				"up": {"uv": [2.5, 6, 3.5, 7], "rotation": 90, "texture": "#main"},
				"down": {"uv": [3.5, 6, 4.5, 7], "rotation": 90, "texture": "#main"}
			}
		},
		{
			"name": "2",
			"from": [4, 0, 4],
			"to": [6, 1, 6],
			"faces": {
				"north": {"uv": [0, 5, 0.5, 6], "rotation": 270, "texture": "#main"},
				"east": {"uv": [6, 0.5, 5, 0], "rotation": 180, "texture": "#main"},
				"south": {"uv": [4.5, 4.5, 5, 5.5], "rotation": 90, "texture": "#main"},
				"west": {"uv": [6, 0.5, 5, 1], "texture": "#main"},
				"up": {"uv": [3.5, 1, 4.5, 2], "rotation": 90, "texture": "#main"},
				"down": {"uv": [3.5, 0, 4.5, 1], "rotation": 90, "texture": "#main"}
			}
		},
		{
			"name": "2",
			"from": [5, 0, 5],
			"to": [7, 1, 7],
			"faces": {
				"north": {"uv": [0, 5, 0.5, 6], "rotation": 270, "texture": "#main"},
				"east": {"uv": [6, 0.5, 5, 0], "rotation": 180, "texture": "#main"},
				"south": {"uv": [4.5, 4.5, 5, 5.5], "rotation": 90, "texture": "#main"},
				"west": {"uv": [6, 0.5, 5, 1], "texture": "#main"},
				"up": {"uv": [3.5, 1, 4.5, 2], "rotation": 90, "texture": "#main"},
				"down": {"uv": [3.5, 0, 4.5, 1], "rotation": 90, "texture": "#main"}
			}
		},
		{
			"name": "2",
			"from": [6, 0, 6],
			"to": [8, 1, 8],
			"faces": {
				"north": {"uv": [0, 5, 0.5, 6], "rotation": 270, "texture": "#main"},
				"east": {"uv": [6, 0.5, 5, 0], "rotation": 180, "texture": "#main"},
				"south": {"uv": [4.5, 4.5, 5, 5.5], "rotation": 90, "texture": "#main"},
				"west": {"uv": [6, 0.5, 5, 1], "texture": "#main"},
				"up": {"uv": [3.5, 1, 4.5, 2], "rotation": 90, "texture": "#main"},
				"down": {"uv": [3.5, 0, 4.5, 1], "rotation": 90, "texture": "#main"}
			}
		},
		{
			"name": "2",
			"from": [7, 0, 7],
			"to": [9, 1, 9],
			"faces": {
				"north": {"uv": [0, 5, 0.5, 6], "rotation": 270, "texture": "#main"},
				"east": {"uv": [6, 0.5, 5, 0], "rotation": 180, "texture": "#main"},
				"south": {"uv": [4.5, 4.5, 5, 5.5], "rotation": 90, "texture": "#main"},
				"west": {"uv": [6, 0.5, 5, 1], "texture": "#main"},
				"up": {"uv": [3.5, 1, 4.5, 2], "rotation": 90, "texture": "#main"},
				"down": {"uv": [3.5, 0, 4.5, 1], "rotation": 90, "texture": "#main"}
			}
		},
		{
			"name": "2",
			"from": [8, 0, 8],
			"to": [10, 1, 10],
			"faces": {
				"north": {"uv": [0, 5, 0.5, 6], "rotation": 270, "texture": "#main"},
				"east": {"uv": [6, 0.5, 5, 0], "rotation": 180, "texture": "#main"},
				"south": {"uv": [4.5, 4.5, 5, 5.5], "rotation": 90, "texture": "#main"},
				"west": {"uv": [6, 0.5, 5, 1], "texture": "#main"},
				"up": {"uv": [3.5, 1, 4.5, 2], "rotation": 90, "texture": "#main"},
				"down": {"uv": [3.5, 0, 4.5, 1], "rotation": 90, "texture": "#main"}
			}
		},
		{
			"name": "2",
			"from": [2, 0, 2],
			"to": [4, 1, 4],
			"faces": {
				"north": {"uv": [2.5, 7, 3, 8], "rotation": 270, "texture": "#main"},
				"east": {"uv": [4, 7.5, 3, 7], "rotation": 180, "texture": "#main"},
				"south": {"uv": [2, 7, 2.5, 8], "rotation": 90, "texture": "#main"},
				"west": {"uv": [4, 7.5, 3, 8], "texture": "#main"},
				"up": {"uv": [0, 7, 1, 8], "rotation": 90, "texture": "#main"},
				"down": {"uv": [1, 7, 2, 8], "rotation": 90, "texture": "#main"}
			}
		},
		{
			"name": "2",
			"from": [1, 0, 1],
			"to": [3, 1, 3],
			"faces": {
				"north": {"uv": [2, 5, 2.5, 6], "rotation": 270, "texture": "#main"},
				"east": {"uv": [6, 2.5, 5, 2], "rotation": 180, "texture": "#main"},
				"south": {"uv": [0.5, 5, 1, 6], "rotation": 90, "texture": "#main"},
				"west": {"uv": [3.5, 5, 2.5, 5.5], "texture": "#main"},
				"up": {"uv": [4, 2, 5, 3], "rotation": 90, "texture": "#main"},
				"down": {"uv": [2, 4, 3, 5], "rotation": 90, "texture": "#main"}
			}
		},
		{
			"name": "crystal",
			"from": [10, 0, 10],
			"to": [11, 1, 11],
			"faces": {
				"north": {"uv": [0, 0, 0.5, 0.5], "texture": "#main"},
				"east": {"uv": [0, 0, 0.5, 0.5], "texture": "#main"},
				"south": {"uv": [0, 0, 0.5, 0.5], "texture": "#main"},
				"west": {"uv": [0, 0, 0.5, 0.5], "texture": "#main"},
				"up": {"uv": [7.5, 5.5, 8, 6], "texture": "#main"},
				"down": {"uv": [7.5, 5.5, 8, 6], "texture": "#main"}
			}
		}
	],
	"gui_light": "front",
	"display": {
		"thirdperson_righthand": {
			"rotation": [50, 0, -90],
			"translation": [7.5, 5, 1.75]
		},
		"thirdperson_lefthand": {
			"rotation": [135, 0, -90],
			"translation": [7.5, 5, 1.75]
		},
		"firstperson_righthand": {
			"rotation": [130, 5, 90],
			"translation": [-2.5, 3, -5.5],
			"scale": [1.5, 1.5, 1.5]
		},
		"firstperson_lefthand": {
			"rotation": [35, 5, 90],
			"translation": [-2.5, 3, -5],
			"scale": [1.5, 1.5, 1.5]
		},
		"ground": {
			"translation": [0, 4.5, 0]
		},
		"gui": {
			"rotation": [90, -90, 0],
			"translation": [0.5, 0.5, 0]
		},
		"head": {
			"rotation": [-90, -45, 0],
			"translation": [-1, 10, -7.5]
		},
		"fixed": {
			"rotation": [-90, -45, 0],
			"translation": [0, -0.5, -7.5],
			"scale": [0.9, 0.9, 0.9]
		}
	},
	"groups": [
		0,
		1,
		2,
		3,
		4,
		5,
		6,
		7,
		8,
		9,
		10,
		11,
		12,
		13,
		14,
		15,
		16,
		17,
		18,
		19,
		20,
		21,
		22,
		23,
		24,
		25,
		26,
		27,
		28,
		29,
		30,
		31,
		32,
		33,
		34,
		35,
		36,
		37,
		38,
		39,
		40,
		41,
		42,
		43,
		44,
		45,
		46,
		47,
		48,
		49,
		50,
		51,
		52,
		53,
		54,
		55,
		56,
		{
			"name": "rapier",
			"origin": [8, 8, 8],
			"color": 0,
			"children": [
				{
					"name": "handle",
					"origin": [8, 8, 8],
					"color": 0,
					"children": [57, 58, 59, 60, 61, 62, 63, 64, 65, 66]
				},
				{
					"name": "blade",
					"origin": [8, 8, 8],
					"color": 0,
					"children": [67, 68, 69, 70, 71, 72, 73, 74]
				}
			]
		},
		75
	]
}