{
	"credit": "Made with Blockbench",
	"textures": {
		"1": "item/rapier"
	},
	"elements": [
		{
			"name": "2",
			"from": [14, 0, 14],
			"to": [16, 1, 16],
			"faces": {
				"north": {"uv": [8, 6, 9, 8], "rotation": 270, "texture": "#1"},
				"east": {"uv": [9, 9, 7, 8], "rotation": 180, "texture": "#1"},
				"south": {"uv": [6, 8, 7, 10], "rotation": 90, "texture": "#1"},
				"west": {"uv": [2, 9, 0, 10], "texture": "#1"},
				"up": {"uv": [5, 0, 7, 2], "rotation": 90, "texture": "#1"},
				"down": {"uv": [4, 4, 6, 6], "rotation": 90, "texture": "#1"}
			}
		},
		{
			"name": "2",
			"from": [13, 0, 13],
			"to": [15, 1, 15],
			"faces": {
				"north": {"uv": [14, 0, 15, 2], "rotation": 270, "texture": "#1"},
				"east": {"uv": [16, 3, 14, 2], "rotation": 180, "texture": "#1"},
				"south": {"uv": [15, 0, 16, 2], "rotation": 90, "texture": "#1"},
				"west": {"uv": [16, 3, 14, 4], "texture": "#1"},
				"up": {"uv": [12, 0, 14, 2], "rotation": 90, "texture": "#1"},
				"down": {"uv": [14, 0, 12, 2], "rotation": 90, "texture": "#1"}
			}
		},
		{
			"name": "2",
			"from": [12, 0, 12],
			"to": [14, 1, 14],
			"faces": {
				"north": {"uv": [14, 0, 15, 2], "rotation": 270, "texture": "#1"},
				"east": {"uv": [16, 3, 14, 2], "rotation": 180, "texture": "#1"},
				"south": {"uv": [15, 0, 16, 2], "rotation": 90, "texture": "#1"},
				"west": {"uv": [16, 3, 14, 4], "texture": "#1"},
				"up": {"uv": [12, 2, 14, 4], "rotation": 90, "texture": "#1"},
				"down": {"uv": [14, 2, 12, 4], "rotation": 90, "texture": "#1"}
			}
		},
		{
			"name": "2",
			"from": [9, 0, 9],
			"to": [11, 1, 11],
			"faces": {
				"north": {"uv": [2, 9, 3, 11], "rotation": 270, "texture": "#1"},
				"east": {"uv": [11, 3, 9, 2], "rotation": 180, "texture": "#1"},
				"south": {"uv": [9, 0, 10, 2], "rotation": 90, "texture": "#1"},
				"west": {"uv": [11, 3, 9, 4], "texture": "#1"},
				"up": {"uv": [4, 6, 6, 8], "rotation": 90, "texture": "#1"},
				"down": {"uv": [5, 2, 7, 4], "rotation": 90, "texture": "#1"}
			}
		},
		{
			"name": "5",
			"from": [11, 0, 8],
			"to": [12, 1, 13],
			"faces": {
				"north": {"uv": [10, 5, 11, 6], "rotation": 270, "texture": "#1"},
				"east": {"uv": [5, 3, 0, 2], "rotation": 180, "texture": "#1"},
				"south": {"uv": [11, 5, 12, 6], "rotation": 90, "texture": "#1"},
				"west": {"uv": [5, 3, 0, 4], "texture": "#1"},
				"up": {"uv": [0, 1, 5, 2], "rotation": 90, "texture": "#1"},
				"down": {"uv": [0, 0, 5, 1], "rotation": 90, "texture": "#1"}
			}
		},
		{
			"name": "5",
			"from": [8, 0, 11],
			"to": [13, 1, 12],
			"faces": {
				"north": {"uv": [3, 4, 4, 9], "rotation": 270, "texture": "#1"},
				"east": {"uv": [8, 11, 7, 10], "rotation": 180, "texture": "#1"},
				"south": {"uv": [1, 4, 2, 9], "rotation": 90, "texture": "#1"},
				"west": {"uv": [11, 7, 10, 8], "texture": "#1"},
				"up": {"uv": [2, 4, 3, 9], "rotation": 90, "texture": "#1"},
				"down": {"uv": [0, 4, 1, 9], "rotation": 90, "texture": "#1"}
			}
		},
		{
			"name": "2",
			"from": [8, 0, 12],
			"to": [10, 1, 13],
			"faces": {
				"north": {"uv": [15, 7, 16, 9], "rotation": 270, "texture": "#1"},
				"east": {"uv": [16, 10, 15, 9], "rotation": 180, "texture": "#1"},
				"south": {"uv": [13, 7, 14, 9], "rotation": 90, "texture": "#1"},
				"west": {"uv": [15, 9, 14, 10], "texture": "#1"},
				"up": {"uv": [14, 7, 15, 9], "rotation": 90, "texture": "#1"},
				"down": {"uv": [12, 7, 13, 9], "rotation": 90, "texture": "#1"}
			}
		},
		{
			"name": "4",
			"from": [7, 0, 12],
			"to": [9, 1, 14],
			"faces": {
				"north": {"uv": [15, 13, 16, 14], "texture": "#1"},
				"east": {"uv": [13, 13, 15, 14], "texture": "#1"},
				"south": {"uv": [13, 14, 14, 15], "texture": "#1"},
				"west": {"uv": [12, 15, 14, 16], "texture": "#1"},
				"up": {"uv": [11, 13, 13, 15], "texture": "#1"},
				"down": {"uv": [14, 14, 16, 16], "texture": "#1"}
			}
		},
		{
			"name": "4",
			"from": [12, 0, 7],
			"to": [14, 1, 9],
			"faces": {
				"north": {"uv": [13, 14, 14, 15], "texture": "#1"},
				"east": {"uv": [12, 15, 14, 16], "texture": "#1"},
				"south": {"uv": [15, 13, 16, 14], "texture": "#1"},
				"west": {"uv": [13, 13, 15, 14], "texture": "#1"},
				"up": {"uv": [11, 13, 13, 15], "rotation": 180, "texture": "#1"},
				"down": {"uv": [14, 14, 16, 16], "rotation": 180, "texture": "#1"}
			}
		},
		{
			"name": "2",
			"from": [11, 0, 9],
			"to": [13, 1, 10],
			"faces": {
				"north": {"uv": [15, 7, 16, 9], "rotation": 270, "texture": "#1"},
				"east": {"uv": [16, 10, 15, 9], "rotation": 180, "texture": "#1"},
				"south": {"uv": [13, 7, 14, 9], "rotation": 90, "texture": "#1"},
				"west": {"uv": [15, 9, 14, 10], "texture": "#1"},
				"up": {"uv": [14, 7, 15, 9], "rotation": 90, "texture": "#1"},
				"down": {"uv": [12, 7, 13, 9], "rotation": 90, "texture": "#1"}
			}
		},
		{
			"name": "2",
			"from": [3, 0, 3],
			"to": [5, 1, 5],
			"faces": {
				"north": {"uv": [10, 12, 11, 14], "rotation": 270, "texture": "#1"},
				"east": {"uv": [7, 12, 5, 11], "rotation": 180, "texture": "#1"},
				"south": {"uv": [9, 12, 10, 14], "rotation": 90, "texture": "#1"},
				"west": {"uv": [9, 11, 7, 12], "texture": "#1"},
				"up": {"uv": [5, 12, 7, 14], "rotation": 90, "texture": "#1"},
				"down": {"uv": [7, 12, 9, 14], "rotation": 90, "texture": "#1"}
			}
		},
		{
			"name": "2",
			"from": [4, 0, 4],
			"to": [6, 1, 6],
			"faces": {
				"north": {"uv": [0, 10, 1, 12], "rotation": 270, "texture": "#1"},
				"east": {"uv": [12, 1, 10, 0], "rotation": 180, "texture": "#1"},
				"south": {"uv": [9, 9, 10, 11], "rotation": 90, "texture": "#1"},
				"west": {"uv": [12, 1, 10, 2], "texture": "#1"},
				"up": {"uv": [7, 2, 9, 4], "rotation": 90, "texture": "#1"},
				"down": {"uv": [7, 0, 9, 2], "rotation": 90, "texture": "#1"}
			}
		},
		{
			"name": "2",
			"from": [5, 0, 5],
			"to": [7, 1, 7],
			"faces": {
				"north": {"uv": [0, 10, 1, 12], "rotation": 270, "texture": "#1"},
				"east": {"uv": [12, 1, 10, 0], "rotation": 180, "texture": "#1"},
				"south": {"uv": [9, 9, 10, 11], "rotation": 90, "texture": "#1"},
				"west": {"uv": [12, 1, 10, 2], "texture": "#1"},
				"up": {"uv": [7, 2, 9, 4], "rotation": 90, "texture": "#1"},
				"down": {"uv": [7, 0, 9, 2], "rotation": 90, "texture": "#1"}
			}
		},
		{
			"name": "2",
			"from": [6, 0, 6],
			"to": [8, 1, 8],
			"faces": {
				"north": {"uv": [0, 10, 1, 12], "rotation": 270, "texture": "#1"},
				"east": {"uv": [12, 1, 10, 0], "rotation": 180, "texture": "#1"},
				"south": {"uv": [9, 9, 10, 11], "rotation": 90, "texture": "#1"},
				"west": {"uv": [12, 1, 10, 2], "texture": "#1"},
				"up": {"uv": [7, 2, 9, 4], "rotation": 90, "texture": "#1"},
				"down": {"uv": [7, 0, 9, 2], "rotation": 90, "texture": "#1"}
			}
		},
		{
			"name": "2",
			"from": [7, 0, 7],
			"to": [9, 1, 9],
			"faces": {
				"north": {"uv": [0, 10, 1, 12], "rotation": 270, "texture": "#1"},
				"east": {"uv": [12, 1, 10, 0], "rotation": 180, "texture": "#1"},
				"south": {"uv": [9, 9, 10, 11], "rotation": 90, "texture": "#1"},
				"west": {"uv": [12, 1, 10, 2], "texture": "#1"},
				"up": {"uv": [7, 2, 9, 4], "rotation": 90, "texture": "#1"},
				"down": {"uv": [7, 0, 9, 2], "rotation": 90, "texture": "#1"}
			}
		},
		{
			"name": "2",
			"from": [8, 0, 8],
			"to": [10, 1, 10],
			"faces": {
				"north": {"uv": [0, 10, 1, 12], "rotation": 270, "texture": "#1"},
				"east": {"uv": [12, 1, 10, 0], "rotation": 180, "texture": "#1"},
				"south": {"uv": [9, 9, 10, 11], "rotation": 90, "texture": "#1"},
				"west": {"uv": [12, 1, 10, 2], "texture": "#1"},
				"up": {"uv": [7, 2, 9, 4], "rotation": 90, "texture": "#1"},
				"down": {"uv": [7, 0, 9, 2], "rotation": 90, "texture": "#1"}
			}
		},
		{
			"name": "2",
			"from": [2, 0, 2],
			"to": [4, 1, 4],
			"faces": {
				"north": {"uv": [5, 14, 6, 16], "rotation": 270, "texture": "#1"},
				"east": {"uv": [8, 15, 6, 14], "rotation": 180, "texture": "#1"},
				"south": {"uv": [4, 14, 5, 16], "rotation": 90, "texture": "#1"},
				"west": {"uv": [8, 15, 6, 16], "texture": "#1"},
				"up": {"uv": [0, 14, 2, 16], "rotation": 90, "texture": "#1"},
				"down": {"uv": [2, 14, 4, 16], "rotation": 90, "texture": "#1"}
			}
		},
		{
			"name": "2",
			"from": [1, 0, 1],
			"to": [3, 1, 3],
			"faces": {
				"north": {"uv": [4, 10, 5, 12], "rotation": 270, "texture": "#1"},
				"east": {"uv": [12, 5, 10, 4], "rotation": 180, "texture": "#1"},
				"south": {"uv": [1, 10, 2, 12], "rotation": 90, "texture": "#1"},
				"west": {"uv": [7, 10, 5, 11], "texture": "#1"},
				"up": {"uv": [8, 4, 10, 6], "rotation": 90, "texture": "#1"},
				"down": {"uv": [4, 8, 6, 10], "rotation": 90, "texture": "#1"}
			}
		},
		{
			"name": "crystal",
			"from": [10, 0, 10],
			"to": [11, 1, 11],
			"faces": {
				"north": {"uv": [0, 0, 1, 1], "texture": "#1"},
				"east": {"uv": [0, 0, 1, 1], "texture": "#1"},
				"south": {"uv": [0, 0, 1, 1], "texture": "#1"},
				"west": {"uv": [0, 0, 1, 1], "texture": "#1"},
				"up": {"uv": [15, 11, 16, 12], "texture": "#1"},
				"down": {"uv": [15, 11, 16, 12], "texture": "#1"}
			}
		}
	],
	"display": {
		"thirdperson_righthand": {
			"rotation": [50, 0, -90],
			"translation": [7.5, 5, 1.75]
		},
		"thirdperson_lefthand": {
			"rotation": [135, 0, -90],
			"translation": [7.5, 5, 1.75]
		},
		"firstperson_righthand": {
			"rotation": [130, 5, 90],
			"translation": [-2.5, 2, -5.5],
			"scale": [1.5, 1.5, 1.5]
		},
		"firstperson_lefthand": {
			"rotation": [35, 5, 90],
			"translation": [-2.5, 2, -5],
			"scale": [1.5, 1.5, 1.5]
		},
		"ground": {
			"translation": [0, 4.5, 0]
		},
		"gui": {
			"rotation": [90, -90, 0],
			"translation": [0.5, 0.5, 0]
		},
		"head": {
			"rotation": [-90, -45, 0],
			"translation": [-1, 10, -7.5]
		},
		"fixed": {
			"rotation": [-90, -45, 0],
			"translation": [0, -0.5, -7.5],
			"scale": [0.9, 0.9, 0.9]
		}
	},
	"groups": [
		{
			"name": "rapier",
			"origin": [8, 8, 8],
			"color": 0,
			"children": [
				{
					"name": "handle",
					"origin": [8, 8, 8],
					"color": 0,
					"children": [0, 1, 2, 3, 4, 5, 6, 7, 8, 9]
				},
				{
					"name": "blade",
					"origin": [8, 8, 8],
					"color": 0,
					"children": [10, 11, 12, 13, 14, 15, 16, 17]
				}
			]
		},
		18
	]
}