{
    "credit": "Made with Blockbench", 
    "texture_size": [
        32, 
        32
    ], 
    "textures": {
        "main": "item/repair_box_anim"
    }, 
    "elements": [
        {
            "name": "box", 
            "from": [ 1, 0, 3 ], 
            "to":   [ 15, 6, 13 ], 
            "faces": {
                "north": { "uv": [ 1.75, 0, 3.5, 0.75 ], "texture": "#main" }, 
                "east":  { "uv": [ 1.75, 1.5, 3, 2.25 ], "texture": "#main" }, 
                "south": { "uv": [ 1.75, 0.75, 3.5, 1.5 ], "texture": "#main" }, 
                "west":  { "uv": [ 1.75, 2.25, 3, 3 ], "texture": "#main" }, 
                "up":    { "uv": [ 1.75, 1.25, 0, 0 ], "texture": "#main" }, 
                "down":  { "uv": [ 1.75, 1.25, 0, 2.5 ], "texture": "#main" }
            }
        }, 
        {
            "name": "iron", 
            "from": [ 2, 5, 4 ], 
            "to":   [ 5, 7, 12 ], 
            "faces": {
                "north": { "uv": [ 3, 3.125, 3.375, 3.25 ], "texture": "#main" }, 
                "east":  { "uv": [ 2.125, 3, 3.125, 3.125 ], "texture": "#main" }, 
                "south": { "uv": [ 3.125, 3, 3.5, 3.125 ], "texture": "#main" }, 
                "west":  { "uv": [ 3, 2.5, 4, 2.625 ], "texture": "#main" }, 
                "up":    { "uv": [ 3.375, 2.5, 3, 1.5 ], "texture": "#main" }, 
                "down":  { "uv": [ 2.125, 3, 1.75, 4 ], "texture": "#main" }
            }
        }, 
        {
            "name": "grinder", 
            "from": [ 7, 6, 4 ], 
            "to":   [ 14, 7, 12 ], 
            "faces": {
                "north": { "uv": [ 3, 2.875, 3.875, 3 ], "texture": "#main" }, 
                "east":  { "uv": [ 3, 2.625, 4, 2.75 ], "texture": "#main" }, 
                "south": { "uv": [ 2.125, 3.125, 3, 3.25 ], "texture": "#main" }, 
                "west":  { "uv": [ 3, 2.75, 4, 2.875 ], "texture": "#main" }, 
                "up":    { "uv": [ 0.875, 3.5, 0, 2.5 ], "texture": "#main" }, 
                "down":  { "uv": [ 1.75, 2.5, 0.875, 3.5 ], "texture": "#main" }
            }
        }, 
        {
            "name": "box", 
            "from": [ 1, 0, 3 ], 
            "to":   [ 15, 6, 13 ], 
            "faces": {
                "north": { "uv": [ 5.75, 0, 7.5, 0.75 ], "texture": "#main" }, 
                "east":  { "uv": [ 5.75, 1.5, 7, 2.25 ], "texture": "#main" }, 
                "south": { "uv": [ 5.75, 0.75, 7.5, 1.5 ], "texture": "#main" }, 
                "west":  { "uv": [ 5.75, 2.25, 7, 3 ], "texture": "#main" }, 
                "up":    { "uv": [ 5.75, 1.25, 4, 0 ], "texture": "#main" }, 
                "down":  { "uv": [ 5.75, 1.25, 4, 2.5 ], "texture": "#main" }
            }
        }, 
        {
            "name": "iron", 
            "from": [ 2, 5, 4 ], 
            "to":   [ 5, 7, 12 ], 
            "faces": {
                "north": { "uv": [ 7, 3.125, 7.375, 3.25 ], "texture": "#main" }, 
                "east":  { "uv": [ 6.125, 3, 7.125, 3.125 ], "texture": "#main" }, 
                "south": { "uv": [ 7.125, 3, 7.5, 3.125 ], "texture": "#main" }, 
                "west":  { "uv": [ 7, 2.5, 8, 2.625 ], "texture": "#main" }, 
                "up":    { "uv": [ 7.375, 2.5, 7, 1.5 ], "texture": "#main" }, 
                "down":  { "uv": [ 6.125, 3, 5.75, 4 ], "texture": "#main" }
            }
        }, 
        {
            "name": "grinder", 
            "from": [ 7, 6, 4 ], 
            "to":   [ 14, 7, 12 ], 
            "faces": {
                "north": { "uv": [ 7, 2.875, 7.875, 3 ], "texture": "#main" }, 
                "east":  { "uv": [ 7, 2.625, 8, 2.75 ], "texture": "#main" }, 
                "south": { "uv": [ 6.125, 3.125, 7, 3.25 ], "texture": "#main" }, 
                "west":  { "uv": [ 7, 2.75, 8, 2.875 ], "texture": "#main" }, 
                "up":    { "uv": [ 4.875, 3.5, 4, 2.5 ], "texture": "#main" }, 
                "down":  { "uv": [ 5.75, 2.5, 4.875, 3.5 ], "texture": "#main" }
            }
        }, 
        {
            "name": "box", 
            "from": [ 1, 0, 3 ], 
            "to":   [ 15, 6, 13 ], 
            "faces": {
                "north": { "uv": [ 9.75, 0, 11.5, 0.75 ], "texture": "#main" }, 
                "east":  { "uv": [ 9.75, 1.5, 11, 2.25 ], "texture": "#main" }, 
                "south": { "uv": [ 9.75, 0.75, 11.5, 1.5 ], "texture": "#main" }, 
                "west":  { "uv": [ 9.75, 2.25, 11, 3 ], "texture": "#main" }, 
                "up":    { "uv": [ 9.75, 1.25, 8, 0 ], "texture": "#main" }, 
                "down":  { "uv": [ 9.75, 1.25, 8, 2.5 ], "texture": "#main" }
            }
        }, 
        {
            "name": "iron", 
            "from": [ 2, 5, 4 ], 
            "to":   [ 5, 7, 12 ], 
            "faces": {
                "north": { "uv": [ 11, 3.125, 11.375, 3.25 ], "texture": "#main" }, 
                "east":  { "uv": [ 10.125, 3, 11.125, 3.125 ], "texture": "#main" }, 
                "south": { "uv": [ 11.125, 3, 11.5, 3.125 ], "texture": "#main" }, 
                "west":  { "uv": [ 11, 2.5, 12, 2.625 ], "texture": "#main" }, 
                "up":    { "uv": [ 11.375, 2.5, 11, 1.5 ], "texture": "#main" }, 
                "down":  { "uv": [ 10.125, 3, 9.75, 4 ], "texture": "#main" }
            }
        }, 
        {
            "name": "grinder", 
            "from": [ 7, 6, 4 ], 
            "to":   [ 14, 7, 12 ], 
            "faces": {
                "north": { "uv": [ 11, 2.875, 11.875, 3 ], "texture": "#main" }, 
                "east":  { "uv": [ 11, 2.625, 12, 2.75 ], "texture": "#main" }, 
                "south": { "uv": [ 10.125, 3.125, 11, 3.25 ], "texture": "#main" }, 
                "west":  { "uv": [ 11, 2.75, 12, 2.875 ], "texture": "#main" }, 
                "up":    { "uv": [ 8.875, 3.5, 8, 2.5 ], "texture": "#main" }, 
                "down":  { "uv": [ 9.75, 2.5, 8.875, 3.5 ], "texture": "#main" }
            }
        }, 
        {
            "name": "box", 
            "from": [ 1, 0, 3 ], 
            "to":   [ 15, 6, 13 ], 
            "faces": {
                "north": { "uv": [ 13.75, 0, 15.5, 0.75 ], "texture": "#main" }, 
                "east":  { "uv": [ 13.75, 1.5, 15, 2.25 ], "texture": "#main" }, 
                "south": { "uv": [ 13.75, 0.75, 15.5, 1.5 ], "texture": "#main" }, 
                "west":  { "uv": [ 13.75, 2.25, 15, 3 ], "texture": "#main" }, 
                "up":    { "uv": [ 13.75, 1.25, 12, 0 ], "texture": "#main" }, 
                "down":  { "uv": [ 13.75, 1.25, 12, 2.5 ], "texture": "#main" }
            }
        }, 
        {
            "name": "iron", 
            "from": [ 2, 5, 4 ], 
            "to":   [ 5, 7, 12 ], 
            "faces": {
                "north": { "uv": [ 15, 3.125, 15.375, 3.25 ], "texture": "#main" }, 
                "east":  { "uv": [ 14.125, 3, 15.125, 3.125 ], "texture": "#main" }, 
                "south": { "uv": [ 15.125, 3, 15.5, 3.125 ], "texture": "#main" }, 
                "west":  { "uv": [ 15, 2.5, 16, 2.625 ], "texture": "#main" }, 
                "up":    { "uv": [ 15.375, 2.5, 15, 1.5 ], "texture": "#main" }, 
                "down":  { "uv": [ 14.125, 3, 13.75, 4 ], "texture": "#main" }
            }
        }, 
        {
            "name": "grinder", 
            "from": [ 7, 6, 4 ], 
            "to":   [ 14, 7, 12 ], 
            "faces": {
                "north": { "uv": [ 15, 2.875, 15.875, 3 ], "texture": "#main" }, 
                "east":  { "uv": [ 15, 2.625, 16, 2.75 ], "texture": "#main" }, 
                "south": { "uv": [ 14.125, 3.125, 15, 3.25 ], "texture": "#main" }, 
                "west":  { "uv": [ 15, 2.75, 16, 2.875 ], "texture": "#main" }, 
                "up":    { "uv": [ 12.875, 3.5, 12, 2.5 ], "texture": "#main" }, 
                "down":  { "uv": [ 13.75, 2.5, 12.875, 3.5 ], "texture": "#main" }
            }
        }, 
        {
            "name": "box", 
            "from": [ 1, 0, 3 ], 
            "to":   [ 15, 6, 13 ], 
            "faces": {
                "north": { "uv": [ 1.75, 4, 3.5, 4.75 ], "texture": "#main" }, 
                "east":  { "uv": [ 1.75, 5.5, 3, 6.25 ], "texture": "#main" }, 
                "south": { "uv": [ 1.75, 4.75, 3.5, 5.5 ], "texture": "#main" }, 
                "west":  { "uv": [ 1.75, 6.25, 3, 7 ], "texture": "#main" }, 
                "up":    { "uv": [ 1.75, 5.25, 0, 4 ], "texture": "#main" }, 
                "down":  { "uv": [ 1.75, 5.25, 0, 6.5 ], "texture": "#main" }
            }
        }, 
        {
            "name": "iron", 
            "from": [ 2, 5, 4 ], 
            "to":   [ 5, 7, 12 ], 
            "faces": {
                "north": { "uv": [ 3, 7.125, 3.375, 7.25 ], "texture": "#main" }, 
                "east":  { "uv": [ 2.125, 7, 3.125, 7.125 ], "texture": "#main" }, 
                "south": { "uv": [ 3.125, 7, 3.5, 7.125 ], "texture": "#main" }, 
                "west":  { "uv": [ 3, 6.5, 4, 6.625 ], "texture": "#main" }, 
                "up":    { "uv": [ 3.375, 6.5, 3, 5.5 ], "texture": "#main" }, 
                "down":  { "uv": [ 2.125, 7, 1.75, 8 ], "texture": "#main" }
            }
        }, 
        {
            "name": "grinder", 
            "from": [ 7, 6, 4 ], 
            "to":   [ 14, 7, 12 ], 
            "faces": {
                "north": { "uv": [ 3, 6.875, 3.875, 7 ], "texture": "#main" }, 
                "east":  { "uv": [ 3, 6.625, 4, 6.75 ], "texture": "#main" }, 
                "south": { "uv": [ 2.125, 7.125, 3, 7.25 ], "texture": "#main" }, 
                "west":  { "uv": [ 3, 6.75, 4, 6.875 ], "texture": "#main" }, 
                "up":    { "uv": [ 0.875, 7.5, 0, 6.5 ], "texture": "#main" }, 
                "down":  { "uv": [ 1.75, 6.5, 0.875, 7.5 ], "texture": "#main" }
            }
        }
    ], 
    "display": {
        "thirdperson_righthand": {
            "rotation": [ 90, 0, 0 ], 
            "translation": [ 0, 2.75, 4 ], 
            "scale": [ 0.6, 0.6, 0.6 ]
        }, 
        "thirdperson_lefthand": {
            "rotation": [ 90, 0, 0 ], 
            "translation": [ 0, 2.75, 4 ], 
            "scale": [ 0.6, 0.6, 0.6 ]
        }, 
        "firstperson_righthand": {
            "rotation": [ 25, 0, 20 ], 
            "translation": [ 3.5, 3.75, 0 ], 
            "scale": [ 0.9, 1.1, 0.7 ]
        }, 
        "firstperson_lefthand": {
            "rotation": [ 25, 180, -20 ], 
            "translation": [ 3.5, 3.75, 0 ], 
            "scale": [ 0.9, 1.1, 0.7 ]
        }, 
        "ground": {
            "translation": [ 0, 4, 0 ], 
            "scale": [ 0.5, 0.5, 0.5 ]
        }, 
        "gui": {
            "rotation": [ 45, 0, 10 ], 
            "translation": [ -0.75, 3.75, 0 ]
        }, 
        "head": {
            "translation": [ 0, 14.25, 0 ]
        }, 
        "fixed": {
            "rotation": [ -90, 0, 0 ], 
            "translation": [ 0, 0, -4.5 ], 
            "scale": [ 1, 0.6, 1 ]
        }
    }, 
    "__comment": "Model animated using Fizzy's model animator - http://fizzy81.github.io/animated-models/"
}