{
	"credit": "Made with Blockbench",
	"texture_size": [8, 8],
	"textures": {
		"2": "item/robin_hat",
		"particle": "item/robin_hat"
	},
	"elements": [
		{
			"name": "cover",
			"from": [5, 1, 5],
			"to": [11, 3, 11],
			"faces": {
				"north": {"uv": [4, 4, 8, 6.5], "texture": "#2"},
				"east": {"uv": [0, 4, 4, 6.5], "texture": "#2"},
				"south": {"uv": [12, 4, 16, 6.5], "texture": "#2"},
				"west": {"uv": [8, 4, 12, 6.5], "texture": "#2"},
				"up": {"uv": [4, 4, 8, 0], "texture": "#2"},
				"down": {"uv": [0, 0, 4, 4], "texture": "#2"}
			}
		},
		{
			"name": "cover1",
			"from": [4, 0, 4],
			"to": [12, 5, 12],
			"faces": {
				"north": {"uv": [4, 6.5, 8, 9], "texture": "#2"},
				"east": {"uv": [0, 6.5, 4.5, 9], "texture": "#2"},
				"south": {"uv": [12, 6.5, 16, 9], "texture": "#2"},
				"west": {"uv": [7.5, 6.5, 12.5, 9], "texture": "#2"},
				"up": {"uv": [8, 9, 16, 16], "texture": "#2"},
				"down": {"uv": [8, 0, 12, 4], "texture": "#2"}
			}
		},
		{
			"name": "tip",
			"from": [4, 2, 4],
			"to": [12, 2, 12],
			"faces": {
				"north": {"uv": [0, 0, 24, 0], "texture": "#2"},
				"east": {"uv": [0, 0, 26, 0], "texture": "#2"},
				"south": {"uv": [0, 0, 24, 0], "texture": "#2"},
				"west": {"uv": [0, 0, 26, 0], "texture": "#2"},
				"up": {"uv": [8, 4, 12, 0], "texture": "#2"},
				"down": {"uv": [12, 0, 16, 4], "rotation": 270, "texture": "#2"}
			}
		}
	],
	"display": {
		"thirdperson_righthand": {
			"rotation": [90, 0, 0],
			"translation": [0, 3.25, 8.5]
		},
		"thirdperson_lefthand": {
			"rotation": [90, 0, 0],
			"translation": [0, 3.25, 8.5]
		},
		"firstperson_righthand": {
			"translation": [0, 9.25, 0]
		},
		"firstperson_lefthand": {
			"translation": [0, 9.25, 0]
		},
		"ground": {
			"translation": [0, 4.75, 0]
		},
		"gui": {
			"rotation": [20, 150, 0],
			"translation": [0, 8, 0],
			"scale": [1.4, 1.4, 1.4]
		},
		"head": {
			"translation": [0, 21, 0],
			"scale": [2, 2.2, 2]
		},
		"fixed": {
			"translation": [-0.5, 9.75, 0],
			"scale": [1.5, 1.5, 1.5]
		}
	}
}