{
  "parent": "minecraft:item/generated",
  "textures": {
    "layer0": "minecraft:item/rotten_flesh"
  },
  "overrides": [
    {
      "predicate": {
          "custom_model_data": 24
      },
      "model": "entities/undead_merchant/idle"
    },
    {
      "predicate": {
          "custom_model_data": 1524
      },
      "model": "entities/undead_merchant/idle_anim"
    },
    {
      "predicate": {
          "custom_model_data": 2524
      },
      "model": "entities/undead_merchant/idle_hurt"
    },
    {
      "predicate": {
          "custom_model_data": 3524
      },
      "model": "entities/undead_merchant/standing"
    },
    {
      "predicate": {
          "custom_model_data": 4524
      },
      "model": "entities/undead_merchant/walk_anim"
    },
    {
      "predicate": {
          "custom_model_data": 5524
      },
      "model": "entities/undead_merchant/standing_hurt"
    },
    {
      "predicate": {
          "custom_model_data": 6524
      },
      "model": "entities/undead_merchant/attack_11"
    },
    {
      "predicate": {
          "custom_model_data": 6525
      },
      "model": "entities/undead_merchant/attack_12"
    },
    {
      "predicate": {
          "custom_model_data": 6526
      },
      "model": "entities/undead_merchant/attack_13"
    },
    {
      "predicate": {
          "custom_model_data": 6527
      },
      "model": "entities/undead_merchant/attack_14"
    },
    {
      "predicate": {
          "custom_model_data": 6528
      },
      "model": "entities/undead_merchant/attack_15"
    },
    {
      "predicate": {
          "custom_model_data": 6529
      },
      "model": "entities/undead_merchant/attack_16"
    },
    {
      "predicate": {
          "custom_model_data": 6530
      },
      "model": "entities/undead_merchant/attack_2"
    },
    {
      "predicate": {
          "custom_model_data": 6531
      },
      "model": "entities/undead_merchant/attack_31"
    },
    {
      "predicate": {
          "custom_model_data": 6532
      },
      "model": "entities/undead_merchant/attack_32"
    },
    {
      "predicate": {
          "custom_model_data": 6533
      },
      "model": "entities/undead_merchant/attack_33"
    },
    {
      "predicate": {
          "custom_model_data": 6534
      },
      "model": "entities/undead_merchant/attack_41"
    },
    {
      "predicate": {
          "custom_model_data": 6535
      },
      "model": "entities/undead_merchant/attack_42"
    },
    {
      "predicate": {
          "custom_model_data": 6536
      },
      "model": "entities/undead_merchant/attack_43"
    },
    {
      "predicate": {
          "custom_model_data": 7524
      },
      "model": "entities/undead_merchant/death"
    },
    {
      "predicate": {
          "custom_model_data": 8524
      },
      "model": "item/goblin_meat"
    },
    {
      "predicate": {
          "custom_model_data": 9524
      },
      "model": "item/goblin_head"
    }
  ]
}