{
	"credit": "Made with Blockbench",
	"parent": "minecraft:item/handheld",
	"textures": {
		"particle": "item/rulers_sword",
		"layer0": "item/rulers_sword"
	},
	"gui_light": "front",
	"display": {
		"thirdperson_righthand": {
			"rotation": [90, 90, -50],
			"translation": [0, 5.25, 1]
		},
		"thirdperson_lefthand": {
			"rotation": [0, 90, -50],
			"translation": [0, 5.25, 1]
		},
		"firstperson_righthand": {
			"rotation": [105, 95, -30],
			"translation": [2, 2.25, 0.5]
		},
		"firstperson_lefthand": {
			"rotation": [15, 95, -30],
			"translation": [2, 2.25, 0.5]
		},
		"ground": {
			"translation": [0, 4.5, 0]
		},
		"gui": {
			"rotation": [0, 180, 0]
		},
		"head": {
			"rotation": [0, 0, -135],
			"translation": [0, 10, 0]
		},
		"fixed": {
			"translation": [-0.5, 0.25, -0.5]
		}
	},
	"groups": [
		{
			"name": "rulers_sword",
			"origin": [8, 8, 8],
			"color": 0,
			"children": [
				{
					"name": "rulers_sword",
					"origin": [8, 8, 8],
					"color": 0,
					"children": []
				}
			]
		}
	]
}