{
	"credit": "Made with Blockbench",
	"parent": "minecraft:block/cube_all",
	"texture_size": [32, 32],
	"textures": {
		"1": "item/rum",
		"particle": "item/rum"
	},
	"elements": [
		{
			"name": "glass",
			"from": [4, 0, 4],
			"to": [11, 8, 11],
			"faces": {
				"north": {"uv": [0, 0, 8, 8], "texture": "#1"},
				"east": {"uv": [8, 0, 0, 8], "texture": "#1"},
				"south": {"uv": [8, 8, 0, 0], "texture": "#1"},
				"west": {"uv": [8, 0, 0, 8], "texture": "#1"},
				"up": {"uv": [8, 0, 16, 8], "texture": "#1"},
				"down": {"uv": [0, 0, 8, 8], "texture": "#1"}
			}
		},
		{
			"name": "handle",
			"from": [2, 3, 7],
			"to": [4, 4, 8],
			"faces": {
				"north": {"uv": [8.5, 0, 16, 8], "texture": "#1"},
				"east": {"uv": [9, 1, 15, 7], "texture": "#1"},
				"south": {"uv": [16, 0, 8.5, 8], "texture": "#1"},
				"west": {"uv": [8, 0, 16, 8], "texture": "#1"},
				"up": {"uv": [16, 0, 8.5, 8], "texture": "#1"},
				"down": {"uv": [16, 0, 8.5, 8], "texture": "#1"}
			}
		},
		{
			"name": "handle",
			"from": [2, 6, 7],
			"to": [4, 7, 8],
			"faces": {
				"north": {"uv": [8.5, 0, 16, 8], "texture": "#1"},
				"east": {"uv": [9, 1, 15, 7], "texture": "#1"},
				"south": {"uv": [16, 0, 8.5, 8], "texture": "#1"},
				"west": {"uv": [8, 0, 16, 8], "texture": "#1"},
				"up": {"uv": [16, 0, 8.5, 8], "texture": "#1"},
				"down": {"uv": [16, 0, 9, 8], "texture": "#1"}
			}
		},
		{
			"name": "handle",
			"from": [1, 4, 7],
			"to": [2, 6, 8],
			"faces": {
				"north": {"uv": [8, 0, 16, 8], "texture": "#1"},
				"east": {"uv": [8, 0, 16, 8], "texture": "#1"},
				"south": {"uv": [8, 0, 16, 8], "texture": "#1"},
				"west": {"uv": [8, 0, 16, 8], "texture": "#1"},
				"up": {"uv": [8, 0, 16, 8], "texture": "#1"},
				"down": {"uv": [8, 0, 16, 8], "texture": "#1"}
			}
		},
		{
			"name": "rum",
			"from": [4.2, 0.2, 4.2],
			"to": [10.8, 6.2, 10.8],
			"faces": {
				"north": {"uv": [0, 8, 8, 16], "texture": "#1"},
				"east": {"uv": [0, 8, 8, 16], "texture": "#1"},
				"south": {"uv": [0, 8, 8, 16], "texture": "#1"},
				"west": {"uv": [0, 8, 8, 16], "texture": "#1"},
				"up": {"uv": [8, 8, 16, 16], "texture": "#1"},
				"down": {"uv": [0, 8, 8, 16], "texture": "#1"}
			}
		}
	],
	"display": {
		"thirdperson_righthand": {
			"rotation": [90, 90, 0],
			"translation": [0, 4, 3.25],
			"scale": [0.8, 0.8, 0.8]
		},
		"thirdperson_lefthand": {
			"rotation": [90, -90, 0],
			"translation": [0, 4, 2.75],
			"scale": [0.8, 0.8, 0.8]
		},
		"firstperson_righthand": {
			"rotation": [0, 89, 0],
			"translation": [0.5, 6, 0]
		},
		"firstperson_lefthand": {
			"rotation": [0, -111, 0],
			"translation": [0.5, 6, 0]
		},
		"ground": {
			"translation": [0, 4.25, 0]
		},
		"gui": {
			"rotation": [25, 40, 0],
			"translation": [1.25, 4.25, 0],
			"scale": [1.2, 1.2, 1.2]
		},
		"head": {
			"translation": [0, 15.25, 0]
		},
		"fixed": {
			"translation": [0.5, 4.5, 0]
		}
	}
}