{
	"credit": "Made with Blockbench",
	"texture_size": [8, 8],
	"textures": {
		"2": "item/shepherd_hat",
		"particle": "item/shepherd_hat"
	},
	"elements": [
		{
			"name": "tip",
			"from": [3, 0, 3],
			"to": [13, 0, 13],
			"faces": {
				"north": {"uv": [0, 0, 96, 0], "texture": "#2"},
				"east": {"uv": [0, 0, 104, 0], "texture": "#2"},
				"south": {"uv": [0, 0, 96, 0], "texture": "#2"},
				"west": {"uv": [0, 0, 104, 0], "texture": "#2"},
				"up": {"uv": [0, 15.5, 6, 9.5], "texture": "#2"},
				"down": {"uv": [6, 9.5, 0, 15.5], "rotation": 270, "texture": "#2"}
			}
		},
		{
			"name": "cover",
			"from": [5, 0.01, 5],
			"to": [11, 4.01, 11],
			"faces": {
				"north": {"uv": [4, 4, 8, 6.5], "texture": "#2"},
				"east": {"uv": [0, 4, 4, 6.5], "texture": "#2"},
				"south": {"uv": [12, 4, 16, 6.5], "texture": "#2"},
				"west": {"uv": [8, 4, 12, 6.5], "texture": "#2"},
				"up": {"uv": [8, 4, 4, 0], "texture": "#2"},
				"down": {"uv": [8, 0, 12, 4], "texture": "#2"}
			}
		},
		{
			"name": "cover1",
			"from": [4, 0, 4],
			"to": [12, 2, 12],
			"faces": {
				"north": {"uv": [4, 7.5, 8, 9], "texture": "#2"},
				"east": {"uv": [0, 7.5, 4, 9], "texture": "#2"},
				"south": {"uv": [12, 7.5, 16, 9], "texture": "#2"},
				"west": {"uv": [8, 7.5, 12, 9], "texture": "#2"},
				"up": {"uv": [7.5, 10.5, 11.5, 14.5], "texture": "#2"},
				"down": {"uv": [12, 0, 16, 4], "texture": "#2"}
			}
		}
	],
	"display": {
		"thirdperson_righthand": {
			"rotation": [90, 0, 0],
			"translation": [0, 3.25, 8.5]
		},
		"thirdperson_lefthand": {
			"rotation": [90, 0, 0],
			"translation": [0, 3.25, 8.5]
		},
		"firstperson_righthand": {
			"translation": [0, 9.25, 0]
		},
		"firstperson_lefthand": {
			"translation": [0, 9.25, 0]
		},
		"ground": {
			"translation": [0, 4.75, 0]
		},
		"gui": {
			"rotation": [20, -20, 0],
			"translation": [0.25, 7.25, 0],
			"scale": [1.3, 1.3, 1.3]
		},
		"head": {
			"translation": [0, 22, 0],
			"scale": [2, 2.5, 2]
		},
		"fixed": {
			"translation": [-0.5, 9.75, 0],
			"scale": [1.5, 1.5, 1.5]
		}
	}
}