{
	"credit": "Made with Blockbench",
	"textures": {
		"0": "item/spear",
		"particle": "item/spear"
	},
	"elements": [
		{
			"name": "handle",
			"from": [6, 11.75, -15],
			"to": [8, 13.75, 24.25],
			"rotation": {"angle": 0, "axis": "x", "origin": [7.5, 4.25, 18.5]},
			"faces": {
				"north": {"uv": [15.875, 7, 16, 7.125], "rotation": 180, "texture": "#0"},
				"east": {"uv": [12.75, 6.75, 16, 6.875], "rotation": 180, "texture": "#0"},
				"south": {"uv": [15.75, 7, 15.875, 7.125], "rotation": 180, "texture": "#0"},
				"west": {"uv": [12.75, 6.875, 16, 7], "rotation": 180, "texture": "#0"},
				"up": {"uv": [12.375, 5.25, 12.5, 8.5], "texture": "#0"},
				"down": {"uv": [12.5, 5.25, 12.625, 8.5], "texture": "#0"}
			}
		},
		{
			"name": "snake",
			"from": [6, 11.75, 18.25],
			"to": [8, 13.75, 28.25],
			"rotation": {"angle": 0, "axis": "z", "origin": [7.5, 4.25, 18.5]},
			"faces": {
				"north": {"uv": [8.25, 4.5, 9.25, 5.5], "texture": "#0"},
				"east": {"uv": [12.125, 0.5, 6.75, 1.5], "texture": "#0"},
				"south": {"uv": [7.25, 4.5, 8.25, 5.5], "texture": "#0"},
				"west": {"uv": [6.75, 1.5, 12.125, 2.5], "texture": "#0"},
				"up": {"uv": [6.25, 3.5, 7.25, 9.125], "rotation": 180, "texture": "#0"},
				"down": {"uv": [7.25, 11.125, 8.25, 5.5], "rotation": 180, "texture": "#0"}
			}
		},
		{
			"name": "tip",
			"from": [-6, 15, 21],
			"to": [-6, 21, 32],
			"rotation": {"angle": -45, "axis": "z", "origin": [-6, 0, 3]},
			"faces": {
				"north": {"uv": [0, 0, 0, 2], "texture": "#0"},
				"east": {"uv": [6, 8.875, 0, 10.875], "texture": "#0"},
				"south": {"uv": [0, 0, 0, 2], "texture": "#0"},
				"west": {"uv": [0, 8.875, 6, 10.875], "texture": "#0"},
				"up": {"uv": [0, 0, 0, 6], "texture": "#0"},
				"down": {"uv": [0, 0, 0, 6], "texture": "#0"}
			}
		},
		{
			"name": "tip",
			"from": [12, -3, 21],
			"to": [12, 3, 32],
			"rotation": {"angle": 45, "axis": "z", "origin": [-6, 0, 3]},
			"faces": {
				"north": {"uv": [0, 0, 0, 2], "texture": "#0"},
				"east": {"uv": [6, 8.875, 0, 10.875], "texture": "#0"},
				"south": {"uv": [0, 0, 0, 2], "texture": "#0"},
				"west": {"uv": [0, 8.875, 6, 10.875], "texture": "#0"},
				"up": {"uv": [0, 0, 0, 6], "texture": "#0"},
				"down": {"uv": [0, 0, 0, 6], "texture": "#0"}
			}
		}
	],
	"display": {
		"thirdperson_righthand": {
			"translation": [-0.25, -5, 4]
		},
		"thirdperson_lefthand": {
			"translation": [-0.25, -5, 4]
		},
		"firstperson_righthand": {
			"rotation": [12, 0, 30],
			"translation": [27, -24, 15],
			"scale": [4, 4, 3]
		},
		"firstperson_lefthand": {
			"rotation": [12, 0, 30],
			"translation": [25, -26, 15],
			"scale": [4, 4, 3]
		},
		"ground": {
			"translation": [0, -6, 0.75],
			"scale": [0.5, 0.5, 0.5]
		},
		"gui": {
			"rotation": [90, -45, 0],
			"translation": [-1.25, -1.75, 0],
			"scale": [1, 0.7, 0.7]
		},
		"head": {
			"translation": [0, -64, 3.5],
			"scale": [2.5, 2.5, 2.5]
		},
		"fixed": {
			"translation": [0.25, -4.5, -21.25]
		}
	},
	"groups": [
		{
			"name": "spear",
			"origin": [0, 0, 0],
			"color": 0,
			"children": [0, 1, 2, 3]
		}
	]
}