{
	"credit": "Made with Blockbench",
	"textures": {
		"0": "item/athena/athena",
		"particle": "item/athena/athena"
	},
	"elements": [
		{
			"name": "handle",
			"from": [7, 13, -6],
			"to": [8, 14, 20],
			"rotation": {"angle": 0, "axis": "y", "origin": [-6, 0, 5]},
			"faces": {
				"north": {"uv": [15.75, 7, 15.875, 7.125], "texture": "#0"},
				"east": {"uv": [12.75, 6.75, 16, 6.875], "texture": "#0"},
				"south": {"uv": [15.875, 7, 16, 7.125], "texture": "#0"},
				"west": {"uv": [12.75, 6.875, 16, 7], "texture": "#0"},
				"up": {"uv": [12.5, 5.25, 12.625, 8.5], "texture": "#0"},
				"down": {"uv": [12.375, 5.25, 12.5, 8.5], "texture": "#0"}
			}
		},
		{
			"name": "snake",
			"from": [7, 13, -8],
			"to": [8, 14, -3],
			"rotation": {"angle": 0, "axis": "y", "origin": [-6, 0, 5]},
			"faces": {
				"north": {"uv": [7.25, 4.5, 8.25, 5.5], "texture": "#0"},
				"east": {"uv": [7.375, 3.5, 12.375, 4.5], "texture": "#0"},
				"south": {"uv": [8.25, 4.5, 9.25, 5.5], "texture": "#0"},
				"west": {"uv": [12.375, 2.5, 7.375, 3.5], "texture": "#0"},
				"up": {"uv": [6.25, 3.5, 7.25, 8.5], "texture": "#0"},
				"down": {"uv": [7.25, 10.5, 8.25, 5.5], "texture": "#0"}
			}
		},
		{
			"name": "inside_snake",
			"from": [7, 14, -8],
			"to": [8, 14, -3],
			"rotation": {"angle": 0, "axis": "y", "origin": [-6, 0, 5]},
			"faces": {
				"north": {"uv": [7.25, 4.5, 8.25, 5.5], "texture": "#0"},
				"east": {"uv": [7.375, 3.5, 12.375, 4.5], "texture": "#0"},
				"south": {"uv": [8.25, 4.5, 9.25, 5.5], "texture": "#0"},
				"west": {"uv": [12.375, 2.5, 7.375, 3.5], "texture": "#0"},
				"up": {"uv": [6.25, 3.5, 7.25, 8.5], "texture": "#0"},
				"down": {"uv": [6.25, 8.5, 7.25, 3.5], "texture": "#0"}
			}
		},
		{
			"name": "inside_snake",
			"from": [8, 13, -8],
			"to": [8, 14, -3],
			"rotation": {"angle": 0, "axis": "y", "origin": [-6, 0, 5]},
			"faces": {
				"north": {"uv": [7.25, 4.5, 8.25, 5.5], "texture": "#0"},
				"east": {"uv": [7.375, 3.5, 12.375, 4.5], "texture": "#0"},
				"south": {"uv": [8.25, 4.5, 9.25, 5.5], "texture": "#0"},
				"west": {"uv": [12.375, 3.5, 7.375, 4.5], "texture": "#0"},
				"up": {"uv": [6.25, 3.5, 7.25, 8.5], "texture": "#0"},
				"down": {"uv": [7.25, 10.5, 8.25, 5.5], "texture": "#0"}
			}
		},
		{
			"name": "inside_snake",
			"from": [7, 13, -8],
			"to": [7, 14, -3],
			"rotation": {"angle": 0, "axis": "y", "origin": [-6, 0, 5]},
			"faces": {
				"north": {"uv": [7.25, 4.5, 8.25, 5.5], "texture": "#0"},
				"east": {"uv": [7.375, 2.5, 12.375, 3.5], "texture": "#0"},
				"south": {"uv": [8.25, 4.5, 9.25, 5.5], "texture": "#0"},
				"west": {"uv": [12.375, 2.5, 7.375, 3.5], "texture": "#0"},
				"up": {"uv": [6.25, 3.5, 7.25, 8.5], "texture": "#0"},
				"down": {"uv": [7.25, 10.5, 8.25, 5.5], "texture": "#0"}
			}
		},
		{
			"name": "inside_snake",
			"from": [7, 13, -8],
			"to": [8, 13, -3],
			"rotation": {"angle": 0, "axis": "y", "origin": [-6, 0, 5]},
			"faces": {
				"north": {"uv": [7.25, 4.5, 8.25, 5.5], "texture": "#0"},
				"east": {"uv": [7.375, 3.5, 12.375, 4.5], "texture": "#0"},
				"south": {"uv": [8.25, 4.5, 9.25, 5.5], "texture": "#0"},
				"west": {"uv": [12.375, 2.5, 7.375, 3.5], "texture": "#0"},
				"up": {"uv": [7.25, 5.5, 8.25, 10.5], "texture": "#0"},
				"down": {"uv": [7.25, 10.5, 8.25, 5.5], "texture": "#0"}
			}
		},
		{
			"name": "tip",
			"from": [-6, 18, -10],
			"to": [-6, 20, -4],
			"rotation": {"angle": -45, "axis": "z", "origin": [-6, 0, 5]},
			"faces": {
				"north": {"uv": [10.25, 6.375, 10.25, 8.375], "texture": "#0"},
				"east": {"uv": [0, 8.875, 6, 10.875], "texture": "#0"},
				"south": {"uv": [10.25, 6.375, 10.25, 8.375], "texture": "#0"},
				"west": {"uv": [6, 8.875, 0, 10.875], "texture": "#0"},
				"up": {"uv": [10.25, 5.625, 10.25, 9.375], "texture": "#0"},
				"down": {"uv": [10.25, 5.625, 10.25, 9.375], "texture": "#0"}
			}
		},
		{
			"name": "tip",
			"from": [13, -1, -10],
			"to": [13, 1, -4],
			"rotation": {"angle": 45, "axis": "z", "origin": [-6, 0, 5]},
			"faces": {
				"north": {"uv": [10.25, 6.375, 10.25, 8.375], "texture": "#0"},
				"east": {"uv": [0, 8.875, 6, 10.875], "texture": "#0"},
				"south": {"uv": [10.25, 6.375, 10.25, 8.375], "texture": "#0"},
				"west": {"uv": [6, 8.875, 0, 10.875], "texture": "#0"},
				"up": {"uv": [10.25, 5.625, 10.25, 9.375], "texture": "#0"},
				"down": {"uv": [10.25, 5.625, 10.25, 9.375], "texture": "#0"}
			}
		}
	],
	"gui_light": "front",
	"display": {
		"thirdperson_righthand": {
			"rotation": [-15, 0, 0],
			"translation": [-0.25, -8.5, 4],
			"scale": [1.5, 1.5, 1]
		},
		"thirdperson_lefthand": {
			"rotation": [-15, 0, 0],
			"translation": [-1.25, -8.5, 4],
			"scale": [1.5, 1.5, 1]
		},
		"firstperson_righthand": {
			"rotation": [12, 0, 30],
			"translation": [27, -12, 23],
			"scale": [4, 4, 3]
		},
		"firstperson_lefthand": {
			"rotation": [12, 0, 30],
			"translation": [25, -13, 23],
			"scale": [4, 4, 3]
		},
		"ground": {
			"translation": [0, -6, 0]
		},
		"gui": {
			"rotation": [90, -45, 0],
			"translation": [-1.25, -1.75, 0],
			"scale": [1, 0.7, 0.7]
		},
		"head": {
			"translation": [0, -64, 3.5],
			"scale": [2.5, 2.5, 2.5]
		},
		"fixed": {
			"rotation": [90, 0, 0],
			"translation": [0.25, -1.5, -3.75],
			"scale": [0.6, 0.6, 0.6]
		}
	},
	"groups": [
		{
			"name": "spear",
			"origin": [0, 0, 0],
			"color": 0,
			"children": [0, 1, 2, 3, 4, 5, 6, 7]
		}
	]
}