{
	"credit": "Made with Blockbench",
	"parent": "minecraft:item/generated",
	"textures": {
		"layer0": "item/titanite_shard"
	},
	"display": {
		"thirdperson_righthand": {
			"translation": [0, 3.25, 0.75],
			"scale": [0.5, 0.5, 0.5]
		},
		"thirdperson_lefthand": {
			"rotation": [0, 180, 0],
			"translation": [0, 3.25, 0.75],
			"scale": [0.5, 0.5, 0.5]
		},
		"firstperson_righthand": {
			"rotation": [0, -80, 0],
			"translation": [1.75, 3.75, 0.25],
			"scale": [0.6, 0.7, 0.8]
		},
		"firstperson_lefthand": {
			"rotation": [0, 90, 0],
			"translation": [2.75, 3, 0],
			"scale": [0.6, 0.7, 0.8]
		},
		"ground": {
			"translation": [0, 4, 0],
			"scale": [0.5, 0.5, 0.5]
		},
		"gui": {
			"translation": [0.25, 1.625, 0]
		},
		"head": {
			"rotation": [0, 0, 45],
			"translation": [0, 12.25, 0]
		},
		"fixed": {
			"rotation": [0, -180, 0],
			"translation": [-0.5, 0.5, 0]
		}
	}
}