{
	"credit": "Made with Blockbench",
	"textures": {
		"0": "item/underkeep_key",
		"particle": "item/underkeep_key"
	},
	"elements": [
		{
			"name": "key",
			"from": [5, 0, 9],
			"to": [14, 1, 10],
			"faces": {
				"north": {"uv": [0, 0, 9, 1], "texture": "#0"},
				"east": {"uv": [9, 8, 10, 9], "texture": "#0"},
				"south": {"uv": [0, 1, 9, 2], "texture": "#0"},
				"west": {"uv": [9, 9, 10, 10], "texture": "#0"},
				"up": {"uv": [9, 3, 0, 2], "texture": "#0"},
				"down": {"uv": [9, 3, 0, 4], "texture": "#0"}
			}
		},
		{
			"name": "key_lock",
			"from": [13, 0, 7],
			"to": [14, 1, 9],
			"faces": {
				"north": {"uv": [2, 10, 3, 11], "texture": "#0"},
				"east": {"uv": [2, 8, 4, 9], "texture": "#0"},
				"south": {"uv": [3, 10, 4, 11], "texture": "#0"},
				"west": {"uv": [4, 8, 6, 9], "texture": "#0"},
				"up": {"uv": [9, 6, 8, 4], "texture": "#0"},
				"down": {"uv": [7, 8, 6, 10], "texture": "#0"}
			}
		},
		{
			"name": "key_lock",
			"from": [10, 0, 8],
			"to": [12, 1, 9],
			"faces": {
				"north": {"uv": [7, 8, 9, 9], "texture": "#0"},
				"east": {"uv": [4, 10, 5, 11], "texture": "#0"},
				"south": {"uv": [9, 0, 11, 1], "texture": "#0"},
				"west": {"uv": [5, 10, 6, 11], "texture": "#0"},
				"up": {"uv": [11, 2, 9, 1], "texture": "#0"},
				"down": {"uv": [4, 9, 2, 10], "texture": "#0"}
			}
		},
		{
			"name": "key_lock",
			"from": [7, 0, 8],
			"to": [9, 1, 9],
			"faces": {
				"north": {"uv": [9, 2, 11, 3], "texture": "#0"},
				"east": {"uv": [6, 10, 7, 11], "texture": "#0"},
				"south": {"uv": [9, 3, 11, 4], "texture": "#0"},
				"west": {"uv": [7, 10, 8, 11], "texture": "#0"},
				"up": {"uv": [6, 10, 4, 9], "texture": "#0"},
				"down": {"uv": [11, 4, 9, 5], "texture": "#0"}
			}
		},
		{
			"name": "handle",
			"from": [0.75, 0, 7],
			"to": [4.25, 1, 8],
			"faces": {
				"north": {"uv": [0, 6, 3, 7], "texture": "#0"},
				"east": {"uv": [8, 10, 9, 11], "texture": "#0"},
				"south": {"uv": [3, 6, 6, 7], "texture": "#0"},
				"west": {"uv": [10, 8, 11, 9], "texture": "#0"},
				"up": {"uv": [9, 7, 6, 6], "texture": "#0"},
				"down": {"uv": [3, 7, 0, 8], "texture": "#0"}
			}
		},
		{
			"name": "handle",
			"from": [0.75, 0, 11],
			"to": [5.25, 1, 12],
			"faces": {
				"north": {"uv": [0, 4, 4, 5], "texture": "#0"},
				"east": {"uv": [9, 10, 10, 11], "texture": "#0"},
				"south": {"uv": [4, 4, 8, 5], "texture": "#0"},
				"west": {"uv": [10, 9, 11, 10], "texture": "#0"},
				"up": {"uv": [4, 6, 0, 5], "texture": "#0"},
				"down": {"uv": [8, 5, 4, 6], "texture": "#0"}
			}
		},
		{
			"name": "handle",
			"from": [0, 0, 8],
			"to": [1, 1, 11],
			"faces": {
				"north": {"uv": [10, 10, 11, 11], "texture": "#0"},
				"east": {"uv": [3, 7, 6, 8], "texture": "#0"},
				"south": {"uv": [0, 11, 1, 12], "texture": "#0"},
				"west": {"uv": [6, 7, 9, 8], "texture": "#0"},
				"up": {"uv": [1, 11, 0, 8], "texture": "#0"},
				"down": {"uv": [2, 8, 1, 11], "texture": "#0"}
			}
		},
		{
			"name": "handle",
			"from": [4, 0, 8],
			"to": [6, 1, 9],
			"faces": {
				"north": {"uv": [9, 5, 11, 6], "texture": "#0"},
				"east": {"uv": [11, 0, 12, 1], "texture": "#0"},
				"south": {"uv": [9, 6, 11, 7], "texture": "#0"},
				"west": {"uv": [1, 11, 2, 12], "texture": "#0"},
				"up": {"uv": [9, 10, 7, 9], "texture": "#0"},
				"down": {"uv": [11, 7, 9, 8], "texture": "#0"}
			}
		},
		{
			"name": "handle",
			"from": [5, 0, 10],
			"to": [6, 1, 11],
			"faces": {
				"north": {"uv": [11, 1, 12, 2], "texture": "#0"},
				"east": {"uv": [2, 11, 3, 12], "texture": "#0"},
				"south": {"uv": [11, 2, 12, 3], "texture": "#0"},
				"west": {"uv": [3, 11, 4, 12], "texture": "#0"},
				"up": {"uv": [12, 4, 11, 3], "texture": "#0"},
				"down": {"uv": [5, 11, 4, 12], "texture": "#0"}
			}
		}
	],
	"gui_light": "front",
	"display": {
		"thirdperson_righthand": {
			"rotation": [10, 0, 90],
			"translation": [-7.5, 3.75, -1.5]
		},
		"thirdperson_lefthand": {
			"rotation": [10, 0, -90],
			"translation": [7.5, 3.75, -1.25]
		},
		"firstperson_righthand": {
			"rotation": [-90, 15, 80],
			"translation": [-5.5, 5, 1.75],
			"scale": [0.66, 0.66, 0.66]
		},
		"firstperson_lefthand": {
			"rotation": [-90, 5, -80],
			"translation": [3.25, 3.25, 2.25],
			"scale": [0.52, 0.66, 0.66]
		},
		"ground": {
			"translation": [0, 4.5, 0]
		},
		"gui": {
			"rotation": [-90, -45, 25],
			"translation": [-0.75, -2.75, 0],
			"scale": [1.2, 1.2, 1.2]
		},
		"head": {
			"translation": [0, 14.5, 0]
		},
		"fixed": {
			"rotation": [-90, 0, 0],
			"translation": [1, -0.75, -7]
		}
	},
	"groups": [
		{
			"name": "underkeep_key",
			"origin": [8, 8, 8],
			"color": 0,
			"children": [0, 1, 2, 3, 4, 5, 6, 7, 8]
		}
	]
}