{
	"credit": "Made with Blockbench",
	"texture_size": [32, 32],
	"textures": {
		"1": "item/witch_hat"
	},
	"elements": [
		{
			"name": "bottom",
			"from": [3, 0, 3],
			"to": [13, 2, 13],
			"faces": {
				"north": {"uv": [0, 10, 5, 11], "texture": "#1"},
				"east": {"uv": [8, 13.5, 13, 14.5], "texture": "#1"},
				"south": {"uv": [5, 11, 10, 12], "texture": "#1"},
				"west": {"uv": [0, 11, 5, 12], "texture": "#1"},
				"up": {"uv": [5, 5, 0, 0], "texture": "#1"},
				"down": {"uv": [5, 5, 0, 10], "texture": "#1"}
			}
		},
		{
			"name": "mid",
			"from": [4, 2, 4],
			"to": [12, 4, 12],
			"faces": {
				"north": {"uv": [11, 9, 15, 10], "texture": "#1"},
				"east": {"uv": [10, 11, 14, 12], "texture": "#1"},
				"south": {"uv": [11, 10, 15, 11], "texture": "#1"},
				"west": {"uv": [0, 12, 4, 13], "texture": "#1"},
				"up": {"uv": [9, 4, 5, 0], "texture": "#1"},
				"down": {"uv": [9, 4, 5, 8], "texture": "#1"}
			}
		},
		{
			"name": "curved_mid",
			"from": [5, 5, 3],
			"to": [11, 9, 9],
			"rotation": {"angle": 22.5, "axis": "x", "origin": [0, 0, 0]},
			"faces": {
				"north": {"uv": [9, 0, 12, 2], "texture": "#1"},
				"east": {"uv": [9, 2, 12, 4], "texture": "#1"},
				"south": {"uv": [9, 4, 12, 6], "texture": "#1"},
				"west": {"uv": [9, 6, 12, 8], "texture": "#1"},
				"up": {"uv": [8, 11, 5, 8], "texture": "#1"},
				"down": {"uv": [11, 8, 8, 11], "texture": "#1"}
			}
		},
		{
			"name": "curved_tip",
			"from": [6, 9, 0],
			"to": [10, 13, 4],
			"rotation": {"angle": 45, "axis": "x", "origin": [0, 0, 0]},
			"faces": {
				"north": {"uv": [12, 0, 14, 2], "texture": "#1"},
				"east": {"uv": [12, 2, 14, 4], "texture": "#1"},
				"south": {"uv": [4, 12, 6, 14], "texture": "#1"},
				"west": {"uv": [12, 4, 14, 6], "texture": "#1"},
				"up": {"uv": [8, 14, 6, 12], "texture": "#1"},
				"down": {"uv": [14, 6, 12, 8], "texture": "#1"}
			}
		},
		{
			"name": "tip",
			"from": [7, 2, 12],
			"to": [9, 4, 15],
			"rotation": {"angle": -22.5, "axis": "x", "origin": [0, 0, 0]},
			"faces": {
				"north": {"uv": [0, 13, 1, 14], "texture": "#1"},
				"east": {"uv": [8, 12, 9.5, 13], "texture": "#1"},
				"south": {"uv": [1, 13, 2, 14], "texture": "#1"},
				"west": {"uv": [9.5, 12, 11, 13], "texture": "#1"},
				"up": {"uv": [12, 13.5, 11, 12], "texture": "#1"},
				"down": {"uv": [13, 12, 12, 13.5], "texture": "#1"}
			}
		},
		{
			"name": "band",
			"from": [3, -3, 3],
			"to": [3, 0, 7],
			"faces": {
				"north": {"uv": [0, 0, 0, 1.5], "texture": "#1"},
				"east": {"uv": [4, 14, 2, 15.5], "texture": "#1"},
				"south": {"uv": [0, 0, 0, 1.5], "texture": "#1"},
				"west": {"uv": [2, 14, 4, 15.5], "texture": "#1"},
				"up": {"uv": [16, 14, 16, 16], "texture": "#1"},
				"down": {"uv": [16, 14, 16, 16], "texture": "#1"}
			}
		}
	],
	"display": {
		"thirdperson_righthand": {
			"rotation": [55, 0, 0],
			"translation": [0.25, 3, 1.25],
			"scale": [0.66, 0.66, 0.66]
		},
		"thirdperson_lefthand": {
			"rotation": [55, 0, 0],
			"translation": [0.25, 3, 1.25],
			"scale": [0.66, 0.66, 0.66]
		},
		"firstperson_righthand": {
			"translation": [2, 4.75, 0]
		},
		"firstperson_lefthand": {
			"translation": [2, 4.75, 0]
		},
		"ground": {
			"translation": [0, 4.75, 0],
			"scale": [0.8, 0.8, 0.8]
		},
		"gui": {
			"rotation": [20, 158, 0],
			"translation": [0, 4.25, 0],
			"scale": [1.2, 1.2, 1.2]
		},
		"head": {
			"rotation": [9, 0, 0],
			"translation": [0, 19, 2.5],
			"scale": [1.8, 1.8, 1.6]
		},
		"fixed": {
			"translation": [0, 6, -4.25],
			"scale": [1.5, 1.5, 1.5]
		}
	}
}