{
	"credit": "Made with Blockbench",
	"parent": "item",
	"textures": {
		"2": "item/bear/bear_honey",
		"layer0": "item/honeycomb"
	},
	"elements": [
		{
			"name": "front_left_leg",
			"from": [-5, 12, 9],
			"to": [3, 18, 13],
			"rotation": {"angle": -22.5, "axis": "z", "origin": [-2, 10, 0]},
			"faces": {
				"north": {"uv": [11.25, 12, 12.75, 14], "rotation": 270, "texture": "#2"},
				"east": {"uv": [9.5, 6.25, 8, 5.25], "rotation": 90, "texture": "#2"},
				"south": {"uv": [0, 12.25, 1.5, 14.25], "rotation": 90, "texture": "#2"},
				"west": {"uv": [15.25, 5, 13.75, 6], "rotation": 90, "texture": "#2"},
				"up": {"uv": [12.5, 9.5, 13.5, 11.5], "rotation": 90, "texture": "#2"},
				"down": {"uv": [4.5, 12.25, 5.5, 14.25], "rotation": 90, "texture": "#2"}
			}
		},
		{
			"name": "front_right_leg",
			"from": [-5, 12, 2],
			"to": [3, 18, 6],
			"rotation": {"angle": -22.5, "axis": "z", "origin": [-2, 10, 0]},
			"faces": {
				"north": {"uv": [1.5, 12.25, 3, 14.25], "rotation": 270, "texture": "#2"},
				"east": {"uv": [15.25, 7, 13.75, 6], "rotation": 90, "texture": "#2"},
				"south": {"uv": [3, 12.25, 4.5, 14.25], "rotation": 90, "texture": "#2"},
				"west": {"uv": [11, 13.75, 9.5, 14.75], "rotation": 90, "texture": "#2"},
				"up": {"uv": [12.75, 5.75, 13.75, 7.75], "rotation": 90, "texture": "#2"},
				"down": {"uv": [12.75, 3.75, 13.75, 5.75], "rotation": 90, "texture": "#2"}
			}
		},
		{
			"name": "back_left_leg",
			"from": [11, -1, 11],
			"to": [19, 6, 15],
			"rotation": {"angle": 0, "axis": "z", "origin": [-2, 10, 0]},
			"faces": {
				"north": {"uv": [0, 10.25, 2, 12.25], "rotation": 270, "texture": "#2"},
				"east": {"uv": [15.5, 3, 13.5, 2], "rotation": 90, "texture": "#2"},
				"south": {"uv": [2, 10.25, 4, 12.25], "rotation": 90, "texture": "#2"},
				"west": {"uv": [15.5, 7.75, 13.5, 8.75], "rotation": 90, "texture": "#2"},
				"up": {"uv": [13.25, 0, 14.25, 2], "rotation": 90, "texture": "#2"},
				"down": {"uv": [12.75, 11.5, 13.75, 13.5], "rotation": 90, "texture": "#2"}
			}
		},
		{
			"name": "back_right_leg",
			"from": [11, -1, 1],
			"to": [19, 6, 5],
			"rotation": {"angle": 0, "axis": "z", "origin": [-2, 10, 0]},
			"faces": {
				"north": {"uv": [4, 10.25, 6, 12.25], "rotation": 270, "texture": "#2"},
				"east": {"uv": [15.75, 4, 13.75, 3], "rotation": 90, "texture": "#2"},
				"south": {"uv": [11.25, 0, 13.25, 2], "rotation": 90, "texture": "#2"},
				"west": {"uv": [15.75, 4, 13.75, 5], "rotation": 90, "texture": "#2"},
				"up": {"uv": [12.75, 13.5, 13.75, 15.5], "rotation": 90, "texture": "#2"},
				"down": {"uv": [13.5, 8.75, 14.5, 10.75], "rotation": 90, "texture": "#2"}
			}
		},
		{
			"name": "torso",
			"from": [1, 15, 1],
			"to": [14, 25, 15],
			"rotation": {"angle": -22.5, "axis": "z", "origin": [-2, 10, 0]},
			"faces": {
				"north": {"uv": [9.5, 9.5, 12.5, 12], "texture": "#2"},
				"east": {"uv": [8, 2.75, 11.5, 5.25], "texture": "#2"},
				"south": {"uv": [9.75, 5.25, 12.75, 7.75], "texture": "#2"},
				"west": {"uv": [6, 9.5, 9.5, 12], "texture": "#2"},
				"up": {"uv": [3, 10.25, 0, 6.75], "texture": "#2"},
				"down": {"uv": [6, 6.75, 3, 10.25], "texture": "#2"}
			}
		},
		{
			"name": "lower_body",
			"from": [8, 18, 0],
			"to": [22, 29, 16],
			"rotation": {"angle": -45, "axis": "z", "origin": [-2, 10, 0]},
			"faces": {
				"north": {"uv": [6, 6.75, 9.75, 9.5], "texture": "#2"},
				"east": {"uv": [0, 4, 4, 6.75], "texture": "#2"},
				"south": {"uv": [7.5, 0, 11.25, 2.75], "texture": "#2"},
				"west": {"uv": [4, 4, 8, 6.75], "texture": "#2"},
				"up": {"uv": [3.75, 4, 0, 0], "texture": "#2"},
				"down": {"uv": [7.5, 0, 3.75, 4], "texture": "#2"}
			}
		},
		{
			"name": "tail_body",
			"from": [22, 22, 6],
			"to": [23, 26, 10],
			"rotation": {"angle": -45, "axis": "z", "origin": [-2, 10, 0]},
			"faces": {
				"north": {"uv": [7.5, 2.75, 7.75, 3.75], "texture": "#2"},
				"east": {"uv": [13.75, 13, 14.75, 14], "texture": "#2"},
				"south": {"uv": [7.75, 2.75, 8, 3.75], "texture": "#2"},
				"west": {"uv": [5.5, 14, 6.5, 15], "texture": "#2"},
				"up": {"uv": [9.75, 6.25, 9.5, 5.25], "texture": "#2"},
				"down": {"uv": [5.75, 12.25, 5.5, 13.25], "texture": "#2"}
			}
		},
		{
			"name": "tail_end",
			"from": [22, 21, 7],
			"to": [23, 22, 9],
			"rotation": {"angle": -45, "axis": "z", "origin": [-2, 10, 0]},
			"faces": {
				"north": {"uv": [8, 6.5, 8.25, 6.75], "texture": "#2"},
				"east": {"uv": [7.5, 3.75, 8, 4], "texture": "#2"},
				"south": {"uv": [8.25, 6.5, 8.5, 6.75], "texture": "#2"},
				"west": {"uv": [8, 6.25, 8.5, 6.5], "texture": "#2"},
				"up": {"uv": [8.75, 6.75, 8.5, 6.25], "texture": "#2"},
				"down": {"uv": [9, 6.25, 8.75, 6.75], "texture": "#2"}
			}
		},
		{
			"name": "skull",
			"from": [0, 19, 4],
			"to": [7, 26, 12],
			"rotation": {"angle": 0, "axis": "z", "origin": [-2, 10, 0]},
			"faces": {
				"north": {"uv": [11.75, 7.75, 13.5, 9.5], "texture": "#2"},
				"east": {"uv": [9.75, 7.75, 11.75, 9.5], "texture": "#2"},
				"south": {"uv": [9.5, 12, 11.25, 13.75], "texture": "#2"},
				"west": {"uv": [11.5, 2, 13.5, 3.75], "texture": "#2"},
				"up": {"uv": [7.75, 14, 6, 12], "texture": "#2"},
				"down": {"uv": [9.5, 12, 7.75, 14], "texture": "#2"}
			}
		},
		{
			"name": "jaw",
			"from": [-4, 19, 5],
			"to": [0, 22, 11],
			"rotation": {"angle": 0, "axis": "z", "origin": [-2, 10, 0]},
			"faces": {
				"north": {"uv": [6.5, 14, 7.5, 14.75], "texture": "#2"},
				"east": {"uv": [13.75, 7, 15.25, 7.75], "texture": "#2"},
				"south": {"uv": [7.5, 14, 8.5, 14.75], "texture": "#2"},
				"west": {"uv": [13.75, 12.25, 15.25, 13], "texture": "#2"},
				"up": {"uv": [12.5, 5.25, 11.5, 3.75], "texture": "#2"},
				"down": {"uv": [14.75, 10.75, 13.75, 12.25], "texture": "#2"}
			}
		},
		{
			"name": "left_ear",
			"from": [1, 26, 11],
			"to": [2, 29, 14],
			"rotation": {"angle": 0, "axis": "z", "origin": [-2, 10, 0]},
			"faces": {
				"north": {"uv": [11.25, 2, 11.5, 2.75], "texture": "#2"},
				"east": {"uv": [8.5, 14, 9.25, 14.75], "texture": "#2"},
				"south": {"uv": [5.75, 12.25, 6, 13], "texture": "#2"},
				"west": {"uv": [11, 14, 11.75, 14.75], "texture": "#2"},
				"up": {"uv": [12.75, 4.5, 12.5, 3.75], "texture": "#2"},
				"down": {"uv": [12.75, 4.5, 12.5, 5.25], "texture": "#2"}
			}
		},
		{
			"name": "right_ear",
			"from": [1, 26, 2],
			"to": [2, 29, 5],
			"rotation": {"angle": 0, "axis": "z", "origin": [-2, 10, 0]},
			"faces": {
				"north": {"uv": [5.75, 13, 6, 13.75], "texture": "#2"},
				"east": {"uv": [11.75, 14, 12.5, 14.75], "texture": "#2"},
				"south": {"uv": [5.5, 13.25, 5.75, 14], "texture": "#2"},
				"west": {"uv": [13.75, 14, 14.5, 14.75], "texture": "#2"},
				"up": {"uv": [13.75, 3.75, 13.5, 3], "texture": "#2"},
				"down": {"uv": [13.75, 10.75, 13.5, 11.5], "texture": "#2"}
			}
		},
		{
			"name": "honeycomb",
			"from": [-2, 14, 5],
			"to": [-1, 19, 10],
			"faces": {
				"north": {"uv": [0, 0, 1, 15], "texture": "#layer0"},
				"east": {"uv": [0, 0, 14, 15], "texture": "#layer0"},
				"south": {"uv": [0, 0, 1, 15], "texture": "#layer0"},
				"west": {"uv": [0, 0, 14, 15], "texture": "#layer0"},
				"up": {"uv": [0, 0, 1, 15], "texture": "#layer0"},
				"down": {"uv": [0, 0, 1, 15], "texture": "#layer0"}
			}
		}
	],
	"display": {
		"thirdperson_righthand": {
			"translation": [-8, 0, -5]
		},
		"thirdperson_lefthand": {
			"translation": [-4, 0, -5]
		},
		"firstperson_righthand": {
			"translation": [16.25, -2.75, 0]
		},
		"firstperson_lefthand": {
			"rotation": [180, 0, -180],
			"translation": [21, -3.25, -4.25]
		},
		"ground": {
			"translation": [0, 4.5, 0]
		},
		"gui": {
			"rotation": [0, 90, 0],
			"translation": [0, -1, 0],
			"scale": [0.8, 0.8, 0.8]
		},
		"head": {
			"rotation": [0, -90, 0],
			"translation": [0, -46.5, 0],
			"scale": [3, 3, 3]
		},
		"fixed": {
			"translation": [0, -1, 0]
		}
	},
	"groups": [
		{
			"name": "bear",
			"origin": [0, 0, 0],
			"color": 0,
			"children": [
				{
					"name": "legs",
					"origin": [0, 0, 0],
					"color": 0,
					"children": [
						{
							"name": "front_legs",
							"origin": [0, 0, 0],
							"color": 0,
							"children": [0, 1]
						},
						{
							"name": "back_legs",
							"origin": [0, 0, 0],
							"color": 0,
							"children": [2, 3]
						}
					]
				},
				{
					"name": "body",
					"origin": [0, 0, 0],
					"color": 0,
					"children": [
						4,
						5,
						{
							"name": "tail",
							"origin": [0, 0, 0],
							"color": 0,
							"children": [6, 7]
						}
					]
				},
				{
					"name": "head",
					"origin": [0, 0, 0],
					"color": 0,
					"children": [
						8,
						9,
						{
							"name": "ears",
							"origin": [0, 0, 0],
							"color": 0,
							"children": [10, 11]
						}
					]
				}
			]
		},
		{
			"name": "honeycomb",
			"origin": [8, 8, 8],
			"color": 0,
			"children": [12]
		}
	]
}