{
    "credit": "Made with Blockbench", 
    "parent": "item", 
    "texture_size": [
        64, 
        64
    ], 
    "textures": {
        "main": "item/bear/bear_hurt"
    }, 
    "elements": [
        {
            "name": "front_left_leg", 
            "from": [ 0, 0, 10 ], 
            "to":   [ 6, 8, 14 ], 
            "faces": {
                "north": { "uv": [ 5.125, 6, 5.875, 7 ], "texture": "#main" }, 
                "east":  { "uv": [ 2.625, 3.75, 3.125, 4.75 ], "texture": "#main" }, 
                "south": { "uv": [ 5.875, 6, 6.625, 7 ], "texture": "#main" }, 
                "west":  { "uv": [ 6.125, 3.25, 6.625, 4.25 ], "texture": "#main" }, 
                "up":    { "uv": [ 7.5, 5.25, 6.75, 4.75 ], "texture": "#main" }, 
                "down":  { "uv": [ 7.375, 6.75, 6.625, 7.25 ], "texture": "#main" }
            }
        }, 
        {
            "name": "front_right_leg", 
            "from": [ 0, 0, 2 ], 
            "to":   [ 6, 8, 6 ], 
            "faces": {
                "north": { "uv": [ 6.125, 1.25, 6.875, 2.25 ], "texture": "#main" }, 
                "east":  { "uv": [ 6.25, 4.25, 6.75, 5.25 ], "texture": "#main" }, 
                "south": { "uv": [ 6.125, 2.25, 6.875, 3.25 ], "texture": "#main" }, 
                "west":  { "uv": [ 0, 6.375, 0.5, 7.375 ], "texture": "#main" }, 
                "up":    { "uv": [ 7.625, 0.5, 6.875, 0 ], "texture": "#main" }, 
                "down":  { "uv": [ 7.625, 0.5, 6.875, 1 ], "texture": "#main" }
            }
        }, 
        {
            "name": "back_left_leg", 
            "from": [ 15, 0, 11 ], 
            "to":   [ 22, 8, 15 ], 
            "faces": {
                "north": { "uv": [ 1.75, 3.75, 2.625, 4.75 ], "texture": "#main" }, 
                "east":  { "uv": [ 0.5, 6.375, 1, 7.375 ], "texture": "#main" }, 
                "south": { "uv": [ 5.25, 1.25, 6.125, 2.25 ], "texture": "#main" }, 
                "west":  { "uv": [ 1, 6.375, 1.5, 7.375 ], "texture": "#main" }, 
                "up":    { "uv": [ 4.375, 1.875, 3.5, 1.375 ], "texture": "#main" }, 
                "down":  { "uv": [ 5.25, 1.375, 4.375, 1.875 ], "texture": "#main" }
            }
        }, 
        {
            "name": "back_right_leg", 
            "from": [ 15, 0, 1 ], 
            "to":   [ 22, 8, 5 ], 
            "faces": {
                "north": { "uv": [ 5.25, 2.25, 6.125, 3.25 ], "texture": "#main" }, 
                "east":  { "uv": [ 6.625, 3.25, 7.125, 4.25 ], "texture": "#main" }, 
                "south": { "uv": [ 5.25, 3.25, 6.125, 4.25 ], "texture": "#main" }, 
                "west":  { "uv": [ 6.625, 5.25, 7.125, 6.25 ], "texture": "#main" }, 
                "up":    { "uv": [ 7.5, 6.75, 6.625, 6.25 ], "texture": "#main" }, 
                "down":  { "uv": [ 7.625, 4.25, 6.75, 4.75 ], "texture": "#main" }
            }
        }, 
        {
            "name": "torso", 
            "from": [ -3, 8, 1 ], 
            "to":   [ 10, 18, 15 ], 
            "faces": {
                "north": { "uv": [ 0, 5.125, 1.625, 6.375 ], "texture": "#main" }, 
                "east":  { "uv": [ 1.75, 4.75, 3.5, 6 ], "texture": "#main" }, 
                "south": { "uv": [ 5.25, 0, 6.875, 1.25 ], "texture": "#main" }, 
                "west":  { "uv": [ 3.5, 4.75, 5.25, 6 ], "texture": "#main" }, 
                "up":    { "uv": [ 1.625, 3.75, 0, 2 ], "texture": "#main" }, 
                "down":  { "uv": [ 3.25, 2, 1.625, 3.75 ], "texture": "#main" }
            }
        }, 
        {
            "name": "lower_body", 
            "from": [ 10, 8, 0 ], 
            "to":   [ 24, 19, 16 ], 
            "faces": {
                "north": { "uv": [ 3.5, 0, 5.25, 1.375 ], "texture": "#main" }, 
                "east":  { "uv": [ 3.25, 2, 5.25, 3.375 ], "texture": "#main" }, 
                "south": { "uv": [ 0, 3.75, 1.75, 5.125 ], "texture": "#main" }, 
                "west":  { "uv": [ 3.25, 3.375, 5.25, 4.75 ], "texture": "#main" }, 
                "up":    { "uv": [ 1.75, 2, 0, 0 ], "texture": "#main" }, 
                "down":  { "uv": [ 3.5, 0, 1.75, 2 ], "texture": "#main" }
            }
        }, 
        {
            "name": "tail_body", 
            "from": [ 24, 12, 6 ], 
            "to":   [ 25, 16, 10 ], 
            "faces": {
                "north": { "uv": [ 3.125, 3.75, 3.25, 4.25 ], "texture": "#main" }, 
                "east":  { "uv": [ 3.375, 6.875, 3.875, 7.375 ], "texture": "#main" }, 
                "south": { "uv": [ 3.125, 4.25, 3.25, 4.75 ], "texture": "#main" }, 
                "west":  { "uv": [ 3.875, 6.875, 4.375, 7.375 ], "texture": "#main" }, 
                "up":    { "uv": [ 1.75, 5.625, 1.625, 5.125 ], "texture": "#main" }, 
                "down":  { "uv": [ 1.625, 6.375, 1.5, 6.875 ], "texture": "#main" }
            }
        }, 
        {
            "name": "tail_end", 
            "from": [ 24, 11, 7 ], 
            "to":   [ 25, 12, 9 ], 
            "faces": {
                "north": { "uv": [ 4, 1.875, 4.125, 2 ], "texture": "#main" }, 
                "east":  { "uv": [ 3.5, 1.875, 3.75, 2 ], "texture": "#main" }, 
                "south": { "uv": [ 4.125, 1.875, 4.25, 2 ], "texture": "#main" }, 
                "west":  { "uv": [ 3.75, 1.875, 4, 2 ], "texture": "#main" }, 
                "up":    { "uv": [ 5.25, 7.25, 5.125, 7 ], "texture": "#main" }, 
                "down":  { "uv": [ 5.375, 7, 5.25, 7.25 ], "texture": "#main" }
            }
        }, 
        {
            "name": "skull", 
            "from": [ -10, 10, 4 ], 
            "to":   [ -3, 17, 12 ], 
            "faces": {
                "north": { "uv": [ 3.375, 6, 4.25, 6.875 ], "texture": "#main" }, 
                "east":  { "uv": [ 5.25, 4.25, 6.25, 5.125 ], "texture": "#main" }, 
                "south": { "uv": [ 4.25, 6, 5.125, 6.875 ], "texture": "#main" }, 
                "west":  { "uv": [ 5.25, 5.125, 6.25, 6 ], "texture": "#main" }, 
                "up":    { "uv": [ 2.5, 7, 1.625, 6 ], "texture": "#main" }, 
                "down":  { "uv": [ 3.375, 6, 2.5, 7 ], "texture": "#main" }
            }
        }, 
        {
            "name": "jaw", 
            "from": [ -14, 10, 5 ], 
            "to":   [ -10, 13, 11 ], 
            "faces": {
                "north": { "uv": [ 4.375, 6.875, 4.875, 7.25 ], "texture": "#main" }, 
                "east":  { "uv": [ 6.875, 2.5, 7.625, 2.875 ], "texture": "#main" }, 
                "south": { "uv": [ 1.5, 7, 2, 7.375 ], "texture": "#main" }, 
                "west":  { "uv": [ 6.875, 2.875, 7.625, 3.25 ], "texture": "#main" }, 
                "up":    { "uv": [ 7.375, 1.75, 6.875, 1 ], "texture": "#main" }, 
                "down":  { "uv": [ 7.375, 1.75, 6.875, 2.5 ], "texture": "#main" }
            }
        }, 
        {
            "name": "left_ear", 
            "from": [ -8, 16, 11 ], 
            "to":   [ -7, 19, 14 ], 
            "faces": {
                "north": { "uv": [ 1.625, 5.625, 1.75, 6 ], "texture": "#main" }, 
                "east":  { "uv": [ 6.25, 5.25, 6.625, 5.625 ], "texture": "#main" }, 
                "south": { "uv": [ 4.875, 6.875, 5, 7.25 ], "texture": "#main" }, 
                "west":  { "uv": [ 6.25, 5.625, 6.625, 6 ], "texture": "#main" }, 
                "up":    { "uv": [ 5.125, 7.25, 5, 6.875 ], "texture": "#main" }, 
                "down":  { "uv": [ 2.875, 7, 2.75, 7.375 ], "texture": "#main" }
            }
        }, 
        {
            "name": "right_ear", 
            "from": [ -8, 16, 2 ], 
            "to":   [ -7, 19, 5 ], 
            "faces": {
                "north": { "uv": [ 2.875, 7, 3, 7.375 ], "texture": "#main" }, 
                "east":  { "uv": [ 2, 7, 2.375, 7.375 ], "texture": "#main" }, 
                "south": { "uv": [ 3, 7, 3.125, 7.375 ], "texture": "#main" }, 
                "west":  { "uv": [ 2.375, 7, 2.75, 7.375 ], "texture": "#main" }, 
                "up":    { "uv": [ 3.25, 7.375, 3.125, 7 ], "texture": "#main" }, 
                "down":  { "uv": [ 3.375, 7, 3.25, 7.375 ], "texture": "#main" }
            }
        }, 
        {
            "name": "front_left_leg", 
            "from": [ 1, -1, 10 ], 
            "to":   [ 7, 7, 14 ], 
            "rotation": { "angle": 22.5, "axis": "z", "origin": [0, 0, 0] }, 
            "faces": {
                "north": { "uv": [ 13.125, 6, 13.875, 7 ], "texture": "#main" }, 
                "east":  { "uv": [ 10.625, 3.75, 11.125, 4.75 ], "texture": "#main" }, 
                "south": { "uv": [ 13.875, 6, 14.625, 7 ], "texture": "#main" }, 
                "west":  { "uv": [ 14.125, 3.25, 14.625, 4.25 ], "texture": "#main" }, 
                "up":    { "uv": [ 15.5, 5.25, 14.75, 4.75 ], "texture": "#main" }, 
                "down":  { "uv": [ 15.375, 6.75, 14.625, 7.25 ], "texture": "#main" }
            }
        }, 
        {
            "name": "front_right_leg", 
            "from": [ -3, 0, 2 ], 
            "to":   [ 3, 8, 6 ], 
            "rotation": { "angle": -22.5, "axis": "z", "origin": [0, 0, 0] }, 
            "faces": {
                "north": { "uv": [ 14.125, 1.25, 14.875, 2.25 ], "texture": "#main" }, 
                "east":  { "uv": [ 14.25, 4.25, 14.75, 5.25 ], "texture": "#main" }, 
                "south": { "uv": [ 14.125, 2.25, 14.875, 3.25 ], "texture": "#main" }, 
                "west":  { "uv": [ 8, 6.375, 8.5, 7.375 ], "texture": "#main" }, 
                "up":    { "uv": [ 15.625, 0.5, 14.875, 0 ], "texture": "#main" }, 
                "down":  { "uv": [ 15.625, 0.5, 14.875, 1 ], "texture": "#main" }
            }
        }, 
        {
            "name": "back_left_leg", 
            "from": [ 11, 7, 11 ], 
            "to":   [ 18, 15, 15 ], 
            "rotation": { "angle": -22.5, "axis": "z", "origin": [0, 0, 0] }, 
            "faces": {
                "north": { "uv": [ 9.75, 3.75, 10.625, 4.75 ], "texture": "#main" }, 
                "east":  { "uv": [ 8.5, 6.375, 9, 7.375 ], "texture": "#main" }, 
                "south": { "uv": [ 13.25, 1.25, 14.125, 2.25 ], "texture": "#main" }, 
                "west":  { "uv": [ 9, 6.375, 9.5, 7.375 ], "texture": "#main" }, 
                "up":    { "uv": [ 12.375, 1.875, 11.5, 1.375 ], "texture": "#main" }, 
                "down":  { "uv": [ 13.25, 1.375, 12.375, 1.875 ], "texture": "#main" }
            }
        }, 
        {
            "name": "back_right_leg", 
            "from": [ 16, -8, 1 ], 
            "to":   [ 23, 0, 5 ], 
            "rotation": { "angle": 22.5, "axis": "z", "origin": [0, 0, 0] }, 
            "faces": {
                "north": { "uv": [ 13.25, 2.25, 14.125, 3.25 ], "texture": "#main" }, 
                "east":  { "uv": [ 14.625, 3.25, 15.125, 4.25 ], "texture": "#main" }, 
                "south": { "uv": [ 13.25, 3.25, 14.125, 4.25 ], "texture": "#main" }, 
                "west":  { "uv": [ 14.625, 5.25, 15.125, 6.25 ], "texture": "#main" }, 
                "up":    { "uv": [ 15.5, 6.75, 14.625, 6.25 ], "texture": "#main" }, 
                "down":  { "uv": [ 15.625, 4.25, 14.75, 4.75 ], "texture": "#main" }
            }
        }, 
        {
            "name": "torso", 
            "from": [ -3, 8, 1 ], 
            "to":   [ 10, 18, 15 ], 
            "faces": {
                "north": { "uv": [ 8, 5.125, 9.625, 6.375 ], "texture": "#main" }, 
                "east":  { "uv": [ 9.75, 4.75, 11.5, 6 ], "texture": "#main" }, 
                "south": { "uv": [ 13.25, 0, 14.875, 1.25 ], "texture": "#main" }, 
                "west":  { "uv": [ 11.5, 4.75, 13.25, 6 ], "texture": "#main" }, 
                "up":    { "uv": [ 9.625, 3.75, 8, 2 ], "texture": "#main" }, 
                "down":  { "uv": [ 11.25, 2, 9.625, 3.75 ], "texture": "#main" }
            }
        }, 
        {
            "name": "lower_body", 
            "from": [ 10, 8, 0 ], 
            "to":   [ 24, 19, 16 ], 
            "faces": {
                "north": { "uv": [ 11.5, 0, 13.25, 1.375 ], "texture": "#main" }, 
                "east":  { "uv": [ 11.25, 2, 13.25, 3.375 ], "texture": "#main" }, 
                "south": { "uv": [ 8, 3.75, 9.75, 5.125 ], "texture": "#main" }, 
                "west":  { "uv": [ 11.25, 3.375, 13.25, 4.75 ], "texture": "#main" }, 
                "up":    { "uv": [ 9.75, 2, 8, 0 ], "texture": "#main" }, 
                "down":  { "uv": [ 11.5, 0, 9.75, 2 ], "texture": "#main" }
            }
        }, 
        {
            "name": "tail_body", 
            "from": [ 24, 12, 6 ], 
            "to":   [ 25, 16, 10 ], 
            "faces": {
                "north": { "uv": [ 11.125, 3.75, 11.25, 4.25 ], "texture": "#main" }, 
                "east":  { "uv": [ 11.375, 6.875, 11.875, 7.375 ], "texture": "#main" }, 
                "south": { "uv": [ 11.125, 4.25, 11.25, 4.75 ], "texture": "#main" }, 
                "west":  { "uv": [ 11.875, 6.875, 12.375, 7.375 ], "texture": "#main" }, 
                "up":    { "uv": [ 9.75, 5.625, 9.625, 5.125 ], "texture": "#main" }, 
                "down":  { "uv": [ 9.625, 6.375, 9.5, 6.875 ], "texture": "#main" }
            }
        }, 
        {
            "name": "tail_end", 
            "from": [ 24, 11, 7 ], 
            "to":   [ 25, 12, 9 ], 
            "faces": {
                "north": { "uv": [ 12, 1.875, 12.125, 2 ], "texture": "#main" }, 
                "east":  { "uv": [ 11.5, 1.875, 11.75, 2 ], "texture": "#main" }, 
                "south": { "uv": [ 12.125, 1.875, 12.25, 2 ], "texture": "#main" }, 
                "west":  { "uv": [ 11.75, 1.875, 12, 2 ], "texture": "#main" }, 
                "up":    { "uv": [ 13.25, 7.25, 13.125, 7 ], "texture": "#main" }, 
                "down":  { "uv": [ 13.375, 7, 13.25, 7.25 ], "texture": "#main" }
            }
        }, 
        {
            "name": "skull", 
            "from": [ -10, 10, 4 ], 
            "to":   [ -3, 17, 12 ], 
            "faces": {
                "north": { "uv": [ 11.375, 6, 12.25, 6.875 ], "texture": "#main" }, 
                "east":  { "uv": [ 13.25, 4.25, 14.25, 5.125 ], "texture": "#main" }, 
                "south": { "uv": [ 12.25, 6, 13.125, 6.875 ], "texture": "#main" }, 
                "west":  { "uv": [ 13.25, 5.125, 14.25, 6 ], "texture": "#main" }, 
                "up":    { "uv": [ 10.5, 7, 9.625, 6 ], "texture": "#main" }, 
                "down":  { "uv": [ 11.375, 6, 10.5, 7 ], "texture": "#main" }
            }
        }, 
        {
            "name": "jaw", 
            "from": [ -14, 10, 5 ], 
            "to":   [ -10, 13, 11 ], 
            "faces": {
                "north": { "uv": [ 12.375, 6.875, 12.875, 7.25 ], "texture": "#main" }, 
                "east":  { "uv": [ 14.875, 2.5, 15.625, 2.875 ], "texture": "#main" }, 
                "south": { "uv": [ 9.5, 7, 10, 7.375 ], "texture": "#main" }, 
                "west":  { "uv": [ 14.875, 2.875, 15.625, 3.25 ], "texture": "#main" }, 
                "up":    { "uv": [ 15.375, 1.75, 14.875, 1 ], "texture": "#main" }, 
                "down":  { "uv": [ 15.375, 1.75, 14.875, 2.5 ], "texture": "#main" }
            }
        }, 
        {
            "name": "left_ear", 
            "from": [ -8, 16, 11 ], 
            "to":   [ -7, 19, 14 ], 
            "faces": {
                "north": { "uv": [ 9.625, 5.625, 9.75, 6 ], "texture": "#main" }, 
                "east":  { "uv": [ 14.25, 5.25, 14.625, 5.625 ], "texture": "#main" }, 
                "south": { "uv": [ 12.875, 6.875, 13, 7.25 ], "texture": "#main" }, 
                "west":  { "uv": [ 14.25, 5.625, 14.625, 6 ], "texture": "#main" }, 
                "up":    { "uv": [ 13.125, 7.25, 13, 6.875 ], "texture": "#main" }, 
                "down":  { "uv": [ 10.875, 7, 10.75, 7.375 ], "texture": "#main" }
            }
        }, 
        {
            "name": "right_ear", 
            "from": [ -8, 16, 2 ], 
            "to":   [ -7, 19, 5 ], 
            "faces": {
                "north": { "uv": [ 10.875, 7, 11, 7.375 ], "texture": "#main" }, 
                "east":  { "uv": [ 10, 7, 10.375, 7.375 ], "texture": "#main" }, 
                "south": { "uv": [ 11, 7, 11.125, 7.375 ], "texture": "#main" }, 
                "west":  { "uv": [ 10.375, 7, 10.75, 7.375 ], "texture": "#main" }, 
                "up":    { "uv": [ 11.25, 7.375, 11.125, 7 ], "texture": "#main" }, 
                "down":  { "uv": [ 11.375, 7, 11.25, 7.375 ], "texture": "#main" }
            }
        }, 
        {
            "name": "front_left_leg", 
            "from": [ -2, 2, 10 ], 
            "to":   [ 4, 10, 14 ], 
            "rotation": { "angle": -22.5, "axis": "z", "origin": [0, 0, 0] }, 
            "faces": {
                "north": { "uv": [ 5.125, 14, 5.875, 15 ], "texture": "#main" }, 
                "east":  { "uv": [ 2.625, 11.75, 3.125, 12.75 ], "texture": "#main" }, 
                "south": { "uv": [ 5.875, 14, 6.625, 15 ], "texture": "#main" }, 
                "west":  { "uv": [ 6.125, 11.25, 6.625, 12.25 ], "texture": "#main" }, 
                "up":    { "uv": [ 7.5, 13.25, 6.75, 12.75 ], "texture": "#main" }, 
                "down":  { "uv": [ 7.375, 14.75, 6.625, 15.25 ], "texture": "#main" }
            }
        }, 
        {
            "name": "front_right_leg", 
            "from": [ 1, -1, 2 ], 
            "to":   [ 7, 7, 6 ], 
            "rotation": { "angle": 22.5, "axis": "z", "origin": [0, 0, 0] }, 
            "faces": {
                "north": { "uv": [ 6.125, 9.25, 6.875, 10.25 ], "texture": "#main" }, 
                "east":  { "uv": [ 6.25, 12.25, 6.75, 13.25 ], "texture": "#main" }, 
                "south": { "uv": [ 6.125, 10.25, 6.875, 11.25 ], "texture": "#main" }, 
                "west":  { "uv": [ 0, 14.375, 0.5, 15.375 ], "texture": "#main" }, 
                "up":    { "uv": [ 7.625, 8.5, 6.875, 8 ], "texture": "#main" }, 
                "down":  { "uv": [ 7.625, 8.5, 6.875, 9 ], "texture": "#main" }
            }
        }, 
        {
            "name": "back_left_leg", 
            "from": [ 15, -6, 11 ], 
            "to":   [ 22, 2, 15 ], 
            "rotation": { "angle": 22.5, "axis": "z", "origin": [0, 0, 0] }, 
            "faces": {
                "north": { "uv": [ 1.75, 11.75, 2.625, 12.75 ], "texture": "#main" }, 
                "east":  { "uv": [ 0.5, 14.375, 1, 15.375 ], "texture": "#main" }, 
                "south": { "uv": [ 5.25, 9.25, 6.125, 10.25 ], "texture": "#main" }, 
                "west":  { "uv": [ 1, 14.375, 1.5, 15.375 ], "texture": "#main" }, 
                "up":    { "uv": [ 4.375, 9.875, 3.5, 9.375 ], "texture": "#main" }, 
                "down":  { "uv": [ 5.25, 9.375, 4.375, 9.875 ], "texture": "#main" }
            }
        }, 
        {
            "name": "back_right_leg", 
            "from": [ 11, 7, 1 ], 
            "to":   [ 18, 15, 5 ], 
            "rotation": { "angle": -22.5, "axis": "z", "origin": [0, 0, 0] }, 
            "faces": {
                "north": { "uv": [ 5.25, 10.25, 6.125, 11.25 ], "texture": "#main" }, 
                "east":  { "uv": [ 6.625, 11.25, 7.125, 12.25 ], "texture": "#main" }, 
                "south": { "uv": [ 5.25, 11.25, 6.125, 12.25 ], "texture": "#main" }, 
                "west":  { "uv": [ 6.625, 13.25, 7.125, 14.25 ], "texture": "#main" }, 
                "up":    { "uv": [ 7.5, 14.75, 6.625, 14.25 ], "texture": "#main" }, 
                "down":  { "uv": [ 7.625, 12.25, 6.75, 12.75 ], "texture": "#main" }
            }
        }, 
        {
            "name": "torso", 
            "from": [ -3, 8, 1 ], 
            "to":   [ 10, 18, 15 ], 
            "faces": {
                "north": { "uv": [ 0, 13.125, 1.625, 14.375 ], "texture": "#main" }, 
                "east":  { "uv": [ 1.75, 12.75, 3.5, 14 ], "texture": "#main" }, 
                "south": { "uv": [ 5.25, 8, 6.875, 9.25 ], "texture": "#main" }, 
                "west":  { "uv": [ 3.5, 12.75, 5.25, 14 ], "texture": "#main" }, 
                "up":    { "uv": [ 1.625, 11.75, 0, 10 ], "texture": "#main" }, 
                "down":  { "uv": [ 3.25, 10, 1.625, 11.75 ], "texture": "#main" }
            }
        }, 
        {
            "name": "lower_body", 
            "from": [ 10, 8, 0 ], 
            "to":   [ 24, 19, 16 ], 
            "faces": {
                "north": { "uv": [ 3.5, 8, 5.25, 9.375 ], "texture": "#main" }, 
                "east":  { "uv": [ 3.25, 10, 5.25, 11.375 ], "texture": "#main" }, 
                "south": { "uv": [ 0, 11.75, 1.75, 13.125 ], "texture": "#main" }, 
                "west":  { "uv": [ 3.25, 11.375, 5.25, 12.75 ], "texture": "#main" }, 
                "up":    { "uv": [ 1.75, 10, 0, 8 ], "texture": "#main" }, 
                "down":  { "uv": [ 3.5, 8, 1.75, 10 ], "texture": "#main" }
            }
        }, 
        {
            "name": "tail_body", 
            "from": [ 24, 12, 6 ], 
            "to":   [ 25, 16, 10 ], 
            "faces": {
                "north": { "uv": [ 3.125, 11.75, 3.25, 12.25 ], "texture": "#main" }, 
                "east":  { "uv": [ 3.375, 14.875, 3.875, 15.375 ], "texture": "#main" }, 
                "south": { "uv": [ 3.125, 12.25, 3.25, 12.75 ], "texture": "#main" }, 
                "west":  { "uv": [ 3.875, 14.875, 4.375, 15.375 ], "texture": "#main" }, 
                "up":    { "uv": [ 1.75, 13.625, 1.625, 13.125 ], "texture": "#main" }, 
                "down":  { "uv": [ 1.625, 14.375, 1.5, 14.875 ], "texture": "#main" }
            }
        }, 
        {
            "name": "tail_end", 
            "from": [ 24, 11, 7 ], 
            "to":   [ 25, 12, 9 ], 
            "faces": {
                "north": { "uv": [ 4, 9.875, 4.125, 10 ], "texture": "#main" }, 
                "east":  { "uv": [ 3.5, 9.875, 3.75, 10 ], "texture": "#main" }, 
                "south": { "uv": [ 4.125, 9.875, 4.25, 10 ], "texture": "#main" }, 
                "west":  { "uv": [ 3.75, 9.875, 4, 10 ], "texture": "#main" }, 
                "up":    { "uv": [ 5.25, 15.25, 5.125, 15 ], "texture": "#main" }, 
                "down":  { "uv": [ 5.375, 15, 5.25, 15.25 ], "texture": "#main" }
            }
        }, 
        {
            "name": "skull", 
            "from": [ -10, 10, 4 ], 
            "to":   [ -3, 17, 12 ], 
            "faces": {
                "north": { "uv": [ 3.375, 14, 4.25, 14.875 ], "texture": "#main" }, 
                "east":  { "uv": [ 5.25, 12.25, 6.25, 13.125 ], "texture": "#main" }, 
                "south": { "uv": [ 4.25, 14, 5.125, 14.875 ], "texture": "#main" }, 
                "west":  { "uv": [ 5.25, 13.125, 6.25, 14 ], "texture": "#main" }, 
                "up":    { "uv": [ 2.5, 15, 1.625, 14 ], "texture": "#main" }, 
                "down":  { "uv": [ 3.375, 14, 2.5, 15 ], "texture": "#main" }
            }
        }, 
        {
            "name": "jaw", 
            "from": [ -14, 10, 5 ], 
            "to":   [ -10, 13, 11 ], 
            "faces": {
                "north": { "uv": [ 4.375, 14.875, 4.875, 15.25 ], "texture": "#main" }, 
                "east":  { "uv": [ 6.875, 10.5, 7.625, 10.875 ], "texture": "#main" }, 
                "south": { "uv": [ 1.5, 15, 2, 15.375 ], "texture": "#main" }, 
                "west":  { "uv": [ 6.875, 10.875, 7.625, 11.25 ], "texture": "#main" }, 
                "up":    { "uv": [ 7.375, 9.75, 6.875, 9 ], "texture": "#main" }, 
                "down":  { "uv": [ 7.375, 9.75, 6.875, 10.5 ], "texture": "#main" }
            }
        }, 
        {
            "name": "left_ear", 
            "from": [ -8, 16, 11 ], 
            "to":   [ -7, 19, 14 ], 
            "faces": {
                "north": { "uv": [ 1.625, 13.625, 1.75, 14 ], "texture": "#main" }, 
                "east":  { "uv": [ 6.25, 13.25, 6.625, 13.625 ], "texture": "#main" }, 
                "south": { "uv": [ 4.875, 14.875, 5, 15.25 ], "texture": "#main" }, 
                "west":  { "uv": [ 6.25, 13.625, 6.625, 14 ], "texture": "#main" }, 
                "up":    { "uv": [ 5.125, 15.25, 5, 14.875 ], "texture": "#main" }, 
                "down":  { "uv": [ 2.875, 15, 2.75, 15.375 ], "texture": "#main" }
            }
        }, 
        {
            "name": "right_ear", 
            "from": [ -8, 16, 2 ], 
            "to":   [ -7, 19, 5 ], 
            "faces": {
                "north": { "uv": [ 2.875, 15, 3, 15.375 ], "texture": "#main" }, 
                "east":  { "uv": [ 2, 15, 2.375, 15.375 ], "texture": "#main" }, 
                "south": { "uv": [ 3, 15, 3.125, 15.375 ], "texture": "#main" }, 
                "west":  { "uv": [ 2.375, 15, 2.75, 15.375 ], "texture": "#main" }, 
                "up":    { "uv": [ 3.25, 15.375, 3.125, 15 ], "texture": "#main" }, 
                "down":  { "uv": [ 3.375, 15, 3.25, 15.375 ], "texture": "#main" }
            }
        }
    ], 
    "gui_light": "front", 
    "display": {
        "thirdperson_righthand": {
            "translation": [ -8, 0, -5 ]
        }, 
        "thirdperson_lefthand": {
            "translation": [ -4, 0, -5 ]
        }, 
        "firstperson_righthand": {
            "translation": [ 16.25, -2.75, 0 ]
        }, 
        "firstperson_lefthand": {
            "rotation": [ 180, 0, -180 ], 
            "translation": [ 21, -3.25, -4.25 ]
        }, 
        "ground": {
            "translation": [ 0, 4.5, 0 ]
        }, 
        "gui": {
            "rotation": [ 0, 90, 0 ], 
            "translation": [ 0, -1, 0 ], 
            "scale": [ 0.8, 0.8, 0.8 ]
        }, 
        "head": {
            "rotation": [ 0, -90, 0 ], 
            "translation": [ 0, -46.5, 0 ], 
            "scale": [ 3, 3, 3 ]
        }, 
        "fixed": {
            "translation": [ 0, -1, 0 ]
        }
    }, 
    "groups": [
        {
            "name": "bear", 
            "origin": [
                0, 
                0, 
                0
            ], 
            "color": 0, 
            "children": [
                {
                    "name": "legs", 
                    "origin": [
                        0, 
                        0, 
                        0
                    ], 
                    "color": 0, 
                    "children": [
                        {
                            "name": "front_legs", 
                            "origin": [
                                0, 
                                0, 
                                0
                            ], 
                            "color": 0, 
                            "children": [
                                0, 
                                1
                            ]
                        }, 
                        {
                            "name": "back_legs", 
                            "origin": [
                                0, 
                                0, 
                                0
                            ], 
                            "color": 0, 
                            "children": [
                                2, 
                                3
                            ]
                        }
                    ]
                }, 
                {
                    "name": "body", 
                    "origin": [
                        0, 
                        0, 
                        0
                    ], 
                    "color": 0, 
                    "children": [
                        4, 
                        5, 
                        {
                            "name": "tail", 
                            "origin": [
                                0, 
                                0, 
                                0
                            ], 
                            "color": 0, 
                            "children": [
                                6, 
                                7
                            ]
                        }
                    ]
                }, 
                {
                    "name": "head", 
                    "origin": [
                        0, 
                        0, 
                        0
                    ], 
                    "color": 0, 
                    "children": [
                        8, 
                        9, 
                        {
                            "name": "ears", 
                            "origin": [
                                0, 
                                0, 
                                0
                            ], 
                            "color": 0, 
                            "children": [
                                10, 
                                11
                            ]
                        }
                    ]
                }
            ]
        }
    ], 
    "__comment": "Model animated using Fizzy's model animator - http://fizzy81.github.io/animated-models/"
}