{
	"credit": "Made with Blockbench",
	"textures": {
		"1": "item/bear/bear_red"
	},
	"elements": [
		{
			"name": "front_left_leg",
			"from": [0, 0, 10],
			"to": [6, 8, 14],
			"faces": {
				"north": {"uv": [10.25, 12, 11.75, 14], "texture": "#1"},
				"east": {"uv": [5.25, 7.5, 6.25, 9.5], "texture": "#1"},
				"south": {"uv": [11.75, 12, 13.25, 14], "texture": "#1"},
				"west": {"uv": [12.25, 6.5, 13.25, 8.5], "texture": "#1"},
				"up": {"uv": [15, 10.5, 13.5, 9.5], "texture": "#1"},
				"down": {"uv": [14.75, 13.5, 13.25, 14.5], "texture": "#1"}
			}
		},
		{
			"name": "front_right_leg",
			"from": [0, 0, 2],
			"to": [6, 8, 6],
			"faces": {
				"north": {"uv": [12.25, 2.5, 13.75, 4.5], "texture": "#1"},
				"east": {"uv": [12.5, 8.5, 13.5, 10.5], "texture": "#1"},
				"south": {"uv": [12.25, 4.5, 13.75, 6.5], "texture": "#1"},
				"west": {"uv": [0, 12.75, 1, 14.75], "texture": "#1"},
				"up": {"uv": [15.25, 1, 13.75, 0], "texture": "#1"},
				"down": {"uv": [15.25, 1, 13.75, 2], "texture": "#1"}
			}
		},
		{
			"name": "back_left_leg",
			"from": [15, 0, 11],
			"to": [22, 8, 15],
			"faces": {
				"north": {"uv": [3.5, 7.5, 5.25, 9.5], "texture": "#1"},
				"east": {"uv": [1, 12.75, 2, 14.75], "texture": "#1"},
				"south": {"uv": [10.5, 2.5, 12.25, 4.5], "texture": "#1"},
				"west": {"uv": [2, 12.75, 3, 14.75], "texture": "#1"},
				"up": {"uv": [8.75, 3.75, 7, 2.75], "texture": "#1"},
				"down": {"uv": [10.5, 2.75, 8.75, 3.75], "texture": "#1"}
			}
		},
		{
			"name": "back_right_leg",
			"from": [15, 0, 1],
			"to": [22, 8, 5],
			"faces": {
				"north": {"uv": [10.5, 4.5, 12.25, 6.5], "texture": "#1"},
				"east": {"uv": [13.25, 6.5, 14.25, 8.5], "texture": "#1"},
				"south": {"uv": [10.5, 6.5, 12.25, 8.5], "texture": "#1"},
				"west": {"uv": [13.25, 10.5, 14.25, 12.5], "texture": "#1"},
				"up": {"uv": [15, 13.5, 13.25, 12.5], "texture": "#1"},
				"down": {"uv": [15.25, 8.5, 13.5, 9.5], "texture": "#1"}
			}
		},
		{
			"name": "torso",
			"from": [-3, 8, 1],
			"to": [10, 18, 15],
			"faces": {
				"north": {"uv": [0, 10.25, 3.25, 12.75], "texture": "#1"},
				"east": {"uv": [3.5, 9.5, 7, 12], "texture": "#1"},
				"south": {"uv": [10.5, 0, 13.75, 2.5], "texture": "#1"},
				"west": {"uv": [7, 9.5, 10.5, 12], "texture": "#1"},
				"up": {"uv": [3.25, 7.5, 0, 4], "texture": "#1"},
				"down": {"uv": [6.5, 4, 3.25, 7.5], "texture": "#1"}
			}
		},
		{
			"name": "lower_body",
			"from": [10, 8, 0],
			"to": [24, 19, 16],
			"faces": {
				"north": {"uv": [7, 0, 10.5, 2.75], "texture": "#1"},
				"east": {"uv": [6.5, 4, 10.5, 6.75], "texture": "#1"},
				"south": {"uv": [0, 7.5, 3.5, 10.25], "texture": "#1"},
				"west": {"uv": [6.5, 6.75, 10.5, 9.5], "texture": "#1"},
				"up": {"uv": [3.5, 4, 0, 0], "texture": "#1"},
				"down": {"uv": [7, 0, 3.5, 4], "texture": "#1"}
			}
		},
		{
			"name": "tail_body",
			"from": [24, 12, 6],
			"to": [25, 16, 10],
			"faces": {
				"north": {"uv": [6.25, 7.5, 6.5, 8.5], "texture": "#1"},
				"east": {"uv": [6.75, 13.75, 7.75, 14.75], "texture": "#1"},
				"south": {"uv": [6.25, 8.5, 6.5, 9.5], "texture": "#1"},
				"west": {"uv": [7.75, 13.75, 8.75, 14.75], "texture": "#1"},
				"up": {"uv": [3.5, 11.25, 3.25, 10.25], "texture": "#1"},
				"down": {"uv": [3.25, 12.75, 3, 13.75], "texture": "#1"}
			}
		},
		{
			"name": "tail_end",
			"from": [24, 11, 7],
			"to": [25, 12, 9],
			"faces": {
				"north": {"uv": [8, 3.75, 8.25, 4], "texture": "#1"},
				"east": {"uv": [7, 3.75, 7.5, 4], "texture": "#1"},
				"south": {"uv": [8.25, 3.75, 8.5, 4], "texture": "#1"},
				"west": {"uv": [7.5, 3.75, 8, 4], "texture": "#1"},
				"up": {"uv": [10.5, 14.5, 10.25, 14], "texture": "#1"},
				"down": {"uv": [10.75, 14, 10.5, 14.5], "texture": "#1"}
			}
		},
		{
			"name": "skull",
			"from": [-10, 10, 4],
			"to": [-3, 17, 12],
			"faces": {
				"north": {"uv": [6.75, 12, 8.5, 13.75], "texture": "#1"},
				"east": {"uv": [10.5, 8.5, 12.5, 10.25], "texture": "#1"},
				"south": {"uv": [8.5, 12, 10.25, 13.75], "texture": "#1"},
				"west": {"uv": [10.5, 10.25, 12.5, 12], "texture": "#1"},
				"up": {"uv": [5, 14, 3.25, 12], "texture": "#1"},
				"down": {"uv": [6.75, 12, 5, 14], "texture": "#1"}
			}
		},
		{
			"name": "jaw",
			"from": [-14, 10, 5],
			"to": [-10, 13, 11],
			"faces": {
				"north": {"uv": [8.75, 13.75, 9.75, 14.5], "texture": "#1"},
				"east": {"uv": [13.75, 5, 15.25, 5.75], "texture": "#1"},
				"south": {"uv": [3, 14, 4, 14.75], "texture": "#1"},
				"west": {"uv": [13.75, 5.75, 15.25, 6.5], "texture": "#1"},
				"up": {"uv": [14.75, 3.5, 13.75, 2], "texture": "#1"},
				"down": {"uv": [14.75, 3.5, 13.75, 5], "texture": "#1"}
			}
		},
		{
			"name": "left_ear",
			"from": [-8, 16, 11],
			"to": [-7, 19, 14],
			"faces": {
				"north": {"uv": [3.25, 11.25, 3.5, 12], "texture": "#1"},
				"east": {"uv": [12.5, 10.5, 13.25, 11.25], "texture": "#1"},
				"south": {"uv": [9.75, 13.75, 10, 14.5], "texture": "#1"},
				"west": {"uv": [12.5, 11.25, 13.25, 12], "texture": "#1"},
				"up": {"uv": [10.25, 14.5, 10, 13.75], "texture": "#1"},
				"down": {"uv": [5.75, 14, 5.5, 14.75], "texture": "#1"}
			}
		},
		{
			"name": "right_ear",
			"from": [-8, 16, 2],
			"to": [-7, 19, 5],
			"faces": {
				"north": {"uv": [5.75, 14, 6, 14.75], "texture": "#1"},
				"east": {"uv": [4, 14, 4.75, 14.75], "texture": "#1"},
				"south": {"uv": [6, 14, 6.25, 14.75], "texture": "#1"},
				"west": {"uv": [4.75, 14, 5.5, 14.75], "texture": "#1"},
				"up": {"uv": [6.5, 14.75, 6.25, 14], "texture": "#1"},
				"down": {"uv": [6.75, 14, 6.5, 14.75], "texture": "#1"}
			}
		}
	],
	"display": {
		"thirdperson_righthand": {
			"translation": [-8, 0, -5]
		},
		"thirdperson_lefthand": {
			"translation": [-4, 0, -5]
		},
		"firstperson_righthand": {
			"translation": [16.25, -2.75, 0]
		},
		"firstperson_lefthand": {
			"rotation": [180, 0, -180],
			"translation": [21, -3.25, -4.25]
		},
		"ground": {
			"translation": [0, 4.5, 0]
		},
		"gui": {
			"rotation": [0, 90, 0],
			"translation": [0, -1, 0],
			"scale": [0.8, 0.8, 0.8]
		},
		"head": {
			"rotation": [0, -90, 0],
			"translation": [0, -46.5, 0],
			"scale": [3, 3, 3]
		},
		"fixed": {
			"translation": [0, -1, 0]
		}
	},
	"groups": [
		{
			"name": "bear",
			"origin": [0, 0, 0],
			"color": 0,
			"children": [
				{
					"name": "legs",
					"origin": [0, 0, 0],
					"color": 0,
					"children": [
						{
							"name": "front_legs",
							"origin": [0, 0, 0],
							"color": 0,
							"children": [0, 1]
						},
						{
							"name": "back_legs",
							"origin": [0, 0, 0],
							"color": 0,
							"children": [2, 3]
						}
					]
				},
				{
					"name": "body",
					"origin": [0, 0, 0],
					"color": 0,
					"children": [
						4,
						5,
						{
							"name": "tail",
							"origin": [0, 0, 0],
							"color": 0,
							"children": [6, 7]
						}
					]
				},
				{
					"name": "head",
					"origin": [0, 0, 0],
					"color": 0,
					"children": [
						8,
						9,
						{
							"name": "ears",
							"origin": [0, 0, 0],
							"color": 0,
							"children": [10, 11]
						}
					]
				}
			]
		}
	]
}