{
	"credit": "Made with Blockbench",
	"parent": "item",
	"texture_size": [64, 64],
	"textures": {
		"main": "item/bear/bear_walk"
	},
	"elements": [
		{
			"name": "front_left_leg",
			"from": [0, 0, 10],
			"to": [6, 8, 14],
			"faces": {
				"north": {"uv": [2.8125, 3, 3.1875, 3.5], "texture": "#main"},
				"east": {"uv": [1.125, 3.0625, 1.375, 3.5625], "texture": "#main"},
				"south": {"uv": [0, 3.0625, 0.375, 3.5625], "texture": "#main"},
				"west": {"uv": [3.125, 2.375, 3.375, 2.875], "texture": "#main"},
				"up": {"uv": [2.375, 1.5625, 2, 1.3125], "texture": "#main"},
				"down": {"uv": [3.8125, 1.25, 3.4375, 1.5], "texture": "#main"}
			}
		},
		{
			"name": "front_right_leg",
			"from": [0, 0, 2],
			"to": [6, 8, 6],
			"faces": {
				"north": {"uv": [0.375, 3.0625, 0.75, 3.5625], "texture": "#main"},
				"east": {"uv": [3.1875, 0.9375, 3.4375, 1.4375], "texture": "#main"},
				"south": {"uv": [0.75, 3.0625, 1.125, 3.5625], "texture": "#main"},
				"west": {"uv": [3.1875, 1.4375, 3.4375, 1.9375], "texture": "#main"},
				"up": {"uv": [3.8125, 1.75, 3.4375, 1.5], "texture": "#main"},
				"down": {"uv": [2.75, 3.4375, 2.375, 3.6875], "texture": "#main"}
			}
		},
		{
			"name": "back_left_leg",
			"from": [15, 0, 11],
			"to": [22, 8, 15],
			"faces": {
				"north": {"uv": [1, 2.5625, 1.5, 3.0625], "texture": "#main"},
				"east": {"uv": [3.625, 2.1875, 3.375, 2.6875], "texture": "#main"},
				"south": {"uv": [2.8125, 0, 3.3125, 0.5], "texture": "#main"},
				"west": {"uv": [3.4375, 3.375, 3.1875, 3.875], "texture": "#main"},
				"up": {"uv": [3.9375, 1, 3.4375, 0.75], "texture": "#main"},
				"down": {"uv": [3.9375, 1.25, 3.4375, 1], "texture": "#main"}
			}
		},
		{
			"name": "back_right_leg",
			"from": [15, 0, 1],
			"to": [22, 8, 5],
			"faces": {
				"north": {"uv": [0, 2.5625, 0.5, 3.0625], "texture": "#main"},
				"east": {"uv": [3.4375, 2.875, 3.1875, 3.375], "texture": "#main"},
				"south": {"uv": [0.5, 2.5625, 1, 3.0625], "texture": "#main"},
				"west": {"uv": [3.5625, 0, 3.3125, 0.5], "texture": "#main"},
				"up": {"uv": [3.875, 0.75, 3.375, 0.5], "texture": "#main"},
				"down": {"uv": [3.875, 2.1875, 3.375, 1.9375], "texture": "#main"}
			}
		},
		{
			"name": "torso",
			"from": [-3, 8, 1],
			"to": [10, 18, 15],
			"faces": {
				"north": {"uv": [2.375, 2.375, 3.125, 3.00244], "texture": "#main"},
				"east": {"uv": [2, 0.6875, 2.875, 1.3125], "texture": "#main"},
				"south": {"uv": [2.4375, 1.3125, 3.1875, 1.9375], "texture": "#main"},
				"west": {"uv": [1.5, 2.375, 2.375, 3], "texture": "#main"},
				"up": {"uv": [0.75293, 2.5625, 0.00293, 1.6875], "texture": "#main"},
				"down": {"uv": [0.75, 1.6875, 1.5, 2.5625], "texture": "#main"}
			}
		},
		{
			"name": "lower_body",
			"from": [10, 8, 0],
			"to": [24, 19, 16],
			"faces": {
				"north": {"uv": [1.5, 1.6875, 2.4375, 2.375], "texture": "#main"},
				"east": {"uv": [0, 1, 1, 1.6875], "texture": "#main"},
				"south": {"uv": [1.9375, 0, 2.8125, 0.625], "texture": "#main"},
				"west": {"uv": [1, 1, 2, 1.6875], "texture": "#main"},
				"up": {"uv": [0.875, 1, 0, 0], "texture": "#main"},
				"down": {"uv": [1.9375, 0, 0.875, 1], "texture": "#main"}
			}
		},
		{
			"name": "tail_body",
			"from": [24, 12, 6],
			"to": [25, 16, 10],
			"faces": {
				"north": {"uv": [1.875, 0.6875, 1.9375, 1], "texture": "#main"},
				"east": {"uv": [3.4375, 3.25, 3.6875, 3.5], "texture": "#main"},
				"south": {"uv": [1.9375, 0.6875, 2, 1], "texture": "#main"},
				"west": {"uv": [1.375, 3.5, 1.625, 3.75], "texture": "#main"},
				"up": {"uv": [2.4375, 1.5625, 2.375, 1.3125], "texture": "#main"},
				"down": {"uv": [1.4375, 3.0625, 1.375, 3.3125], "texture": "#main"}
			}
		},
		{
			"name": "tail_end",
			"from": [24, 11, 7],
			"to": [25, 12, 9],
			"faces": {
				"north": {"uv": [2, 1.6875, 2.0625, 1.625], "texture": "#main"},
				"east": {"uv": [1.875, 0.9375, 2, 1], "texture": "#main"},
				"south": {"uv": [2.0625, 1.6875, 2.125, 1.625], "texture": "#main"},
				"west": {"uv": [2, 1.625, 2.125, 1.5625], "texture": "#main"},
				"up": {"uv": [2.1875, 1.6875, 2.125, 1.5625], "texture": "#main"},
				"down": {"uv": [2.25, 1.5625, 2.1875, 1.6875], "texture": "#main"}
			}
		},
		{
			"name": "skull",
			"from": [-10, 10, 4],
			"to": [-3, 17, 12],
			"faces": {
				"north": {"uv": [2.9375, 1.9375, 3.375, 2.375], "texture": "#main"},
				"east": {"uv": [2.4375, 1.9375, 2.9375, 2.375], "texture": "#main"},
				"south": {"uv": [2.375, 3, 2.8125, 3.4375], "texture": "#main"},
				"west": {"uv": [2.875, 0.5, 3.375, 0.9375], "texture": "#main"},
				"up": {"uv": [1.9375, 3.5, 1.5, 3], "texture": "#main"},
				"down": {"uv": [2.375, 3, 1.9375, 3.5], "texture": "#main"}
			}
		},
		{
			"name": "jaw",
			"from": [-14, 10, 5],
			"to": [-10, 13, 11],
			"faces": {
				"north": {"uv": [1.625, 3.5, 1.875, 3.6875], "texture": "#main"},
				"east": {"uv": [3.4375, 1.75, 3.8125, 1.9375], "texture": "#main"},
				"south": {"uv": [1.875, 3.5, 2.125, 3.68823], "texture": "#main"},
				"west": {"uv": [3.4375, 3.0625, 3.8125, 3.25], "texture": "#main"},
				"up": {"uv": [3.125, 1.3125, 2.875, 0.9375], "texture": "#main"},
				"down": {"uv": [3.6875, 2.6875, 3.4375, 3.0625], "texture": "#main"}
			}
		},
		{
			"name": "left_ear",
			"from": [-8, 16, 11],
			"to": [-7, 19, 14],
			"faces": {
				"north": {"uv": [2.75, 0.5, 2.8125, 0.6875], "texture": "#main"},
				"east": {"uv": [2.125, 3.5, 2.3125, 3.6875], "texture": "#main"},
				"south": {"uv": [1.4375, 3.0625, 1.5, 3.25], "texture": "#main"},
				"west": {"uv": [2.75, 3.5, 2.9375, 3.6875], "texture": "#main"},
				"up": {"uv": [3.25, 1.125, 3.1875, 0.9375], "texture": "#main"},
				"down": {"uv": [3.25, 1.125, 3.1875, 1.3125], "texture": "#main"}
			}
		},
		{
			"name": "right_ear",
			"from": [-8, 16, 2],
			"to": [-7, 19, 5],
			"faces": {
				"north": {"uv": [1.4375, 3.25, 1.5, 3.4375], "texture": "#main"},
				"east": {"uv": [2.9375, 3.5, 3.125, 3.6875], "texture": "#main"},
				"south": {"uv": [1.375, 3.3125, 1.4375, 3.5], "texture": "#main"},
				"west": {"uv": [3.4375, 3.5, 3.625, 3.6875], "texture": "#main"},
				"up": {"uv": [3.375, 0.5, 3.4375, 0.6875], "texture": "#main"},
				"down": {"uv": [3.375, 2.6875, 3.4375, 2.875], "texture": "#main"}
			}
		},
		{
			"name": "front_left_leg",
			"from": [1, -1, 10],
			"to": [7, 7, 14],
			"rotation": {"angle": 22.5, "axis": "z", "origin": [0, 0, 0]},
			"faces": {
				"north": {"uv": [6.8125, 3, 7.1875, 3.5], "texture": "#main"},
				"east": {"uv": [5.125, 3.0625, 5.375, 3.5625], "texture": "#main"},
				"south": {"uv": [4, 3.0625, 4.375, 3.5625], "texture": "#main"},
				"west": {"uv": [7.125, 2.375, 7.375, 2.875], "texture": "#main"},
				"up": {"uv": [6.375, 1.5625, 6, 1.3125], "texture": "#main"},
				"down": {"uv": [7.8125, 1.25, 7.4375, 1.5], "texture": "#main"}
			}
		},
		{
			"name": "front_right_leg",
			"from": [-3, 0, 2],
			"to": [3, 8, 6],
			"rotation": {"angle": -22.5, "axis": "z", "origin": [0, 0, 0]},
			"faces": {
				"north": {"uv": [4.375, 3.0625, 4.75, 3.5625], "texture": "#main"},
				"east": {"uv": [7.1875, 0.9375, 7.4375, 1.4375], "texture": "#main"},
				"south": {"uv": [4.75, 3.0625, 5.125, 3.5625], "texture": "#main"},
				"west": {"uv": [7.1875, 1.4375, 7.4375, 1.9375], "texture": "#main"},
				"up": {"uv": [7.8125, 1.75, 7.4375, 1.5], "texture": "#main"},
				"down": {"uv": [6.75, 3.4375, 6.375, 3.6875], "texture": "#main"}
			}
		},
		{
			"name": "back_left_leg",
			"from": [11, 7, 11],
			"to": [18, 15, 15],
			"rotation": {"angle": -22.5, "axis": "z", "origin": [0, 0, 0]},
			"faces": {
				"north": {"uv": [5, 2.5625, 5.5, 3.0625], "texture": "#main"},
				"east": {"uv": [7.625, 2.1875, 7.375, 2.6875], "texture": "#main"},
				"south": {"uv": [6.8125, 0, 7.3125, 0.5], "texture": "#main"},
				"west": {"uv": [7.4375, 3.375, 7.1875, 3.875], "texture": "#main"},
				"up": {"uv": [7.9375, 1, 7.4375, 0.75], "texture": "#main"},
				"down": {"uv": [7.9375, 1.25, 7.4375, 1], "texture": "#main"}
			}
		},
		{
			"name": "back_right_leg",
			"from": [16, -8, 1],
			"to": [23, 0, 5],
			"rotation": {"angle": 22.5, "axis": "z", "origin": [0, 0, 0]},
			"faces": {
				"north": {"uv": [4, 2.5625, 4.5, 3.0625], "texture": "#main"},
				"east": {"uv": [7.4375, 2.875, 7.1875, 3.375], "texture": "#main"},
				"south": {"uv": [4.5, 2.5625, 5, 3.0625], "texture": "#main"},
				"west": {"uv": [7.5625, 0, 7.3125, 0.5], "texture": "#main"},
				"up": {"uv": [7.875, 0.75, 7.375, 0.5], "texture": "#main"},
				"down": {"uv": [7.875, 2.1875, 7.375, 1.9375], "texture": "#main"}
			}
		},
		{
			"name": "torso",
			"from": [-3, 8, 1],
			"to": [10, 18, 15],
			"faces": {
				"north": {"uv": [6.375, 2.375, 7.125, 3.00244], "texture": "#main"},
				"east": {"uv": [6, 0.6875, 6.875, 1.3125], "texture": "#main"},
				"south": {"uv": [6.4375, 1.3125, 7.1875, 1.9375], "texture": "#main"},
				"west": {"uv": [5.5, 2.375, 6.375, 3], "texture": "#main"},
				"up": {"uv": [4.75293, 2.5625, 4.00293, 1.6875], "texture": "#main"},
				"down": {"uv": [4.75, 1.6875, 5.5, 2.5625], "texture": "#main"}
			}
		},
		{
			"name": "lower_body",
			"from": [10, 8, 0],
			"to": [24, 19, 16],
			"faces": {
				"north": {"uv": [5.5, 1.6875, 6.4375, 2.375], "texture": "#main"},
				"east": {"uv": [4, 1, 5, 1.6875], "texture": "#main"},
				"south": {"uv": [5.9375, 0, 6.8125, 0.625], "texture": "#main"},
				"west": {"uv": [5, 1, 6, 1.6875], "texture": "#main"},
				"up": {"uv": [4.875, 1, 4, 0], "texture": "#main"},
				"down": {"uv": [5.9375, 0, 4.875, 1], "texture": "#main"}
			}
		},
		{
			"name": "tail_body",
			"from": [24, 12, 6],
			"to": [25, 16, 10],
			"faces": {
				"north": {"uv": [5.875, 0.6875, 5.9375, 1], "texture": "#main"},
				"east": {"uv": [7.4375, 3.25, 7.6875, 3.5], "texture": "#main"},
				"south": {"uv": [5.9375, 0.6875, 6, 1], "texture": "#main"},
				"west": {"uv": [5.375, 3.5, 5.625, 3.75], "texture": "#main"},
				"up": {"uv": [6.4375, 1.5625, 6.375, 1.3125], "texture": "#main"},
				"down": {"uv": [5.4375, 3.0625, 5.375, 3.3125], "texture": "#main"}
			}
		},
		{
			"name": "tail_end",
			"from": [24, 11, 7],
			"to": [25, 12, 9],
			"faces": {
				"north": {"uv": [6, 1.6875, 6.0625, 1.625], "texture": "#main"},
				"east": {"uv": [5.875, 0.9375, 6, 1], "texture": "#main"},
				"south": {"uv": [6.0625, 1.6875, 6.125, 1.625], "texture": "#main"},
				"west": {"uv": [6, 1.625, 6.125, 1.5625], "texture": "#main"},
				"up": {"uv": [6.1875, 1.6875, 6.125, 1.5625], "texture": "#main"},
				"down": {"uv": [6.25, 1.5625, 6.1875, 1.6875], "texture": "#main"}
			}
		},
		{
			"name": "skull",
			"from": [-10, 10, 4],
			"to": [-3, 17, 12],
			"faces": {
				"north": {"uv": [6.9375, 1.9375, 7.375, 2.375], "texture": "#main"},
				"east": {"uv": [6.4375, 1.9375, 6.9375, 2.375], "texture": "#main"},
				"south": {"uv": [6.375, 3, 6.8125, 3.4375], "texture": "#main"},
				"west": {"uv": [6.875, 0.5, 7.375, 0.9375], "texture": "#main"},
				"up": {"uv": [5.9375, 3.5, 5.5, 3], "texture": "#main"},
				"down": {"uv": [6.375, 3, 5.9375, 3.5], "texture": "#main"}
			}
		},
		{
			"name": "jaw",
			"from": [-14, 10, 5],
			"to": [-10, 13, 11],
			"faces": {
				"north": {"uv": [5.625, 3.5, 5.875, 3.6875], "texture": "#main"},
				"east": {"uv": [7.4375, 1.75, 7.8125, 1.9375], "texture": "#main"},
				"south": {"uv": [5.875, 3.5, 6.125, 3.68823], "texture": "#main"},
				"west": {"uv": [7.4375, 3.0625, 7.8125, 3.25], "texture": "#main"},
				"up": {"uv": [7.125, 1.3125, 6.875, 0.9375], "texture": "#main"},
				"down": {"uv": [7.6875, 2.6875, 7.4375, 3.0625], "texture": "#main"}
			}
		},
		{
			"name": "left_ear",
			"from": [-8, 16, 11],
			"to": [-7, 19, 14],
			"faces": {
				"north": {"uv": [6.75, 0.5, 6.8125, 0.6875], "texture": "#main"},
				"east": {"uv": [6.125, 3.5, 6.3125, 3.6875], "texture": "#main"},
				"south": {"uv": [5.4375, 3.0625, 5.5, 3.25], "texture": "#main"},
				"west": {"uv": [6.75, 3.5, 6.9375, 3.6875], "texture": "#main"},
				"up": {"uv": [7.25, 1.125, 7.1875, 0.9375], "texture": "#main"},
				"down": {"uv": [7.25, 1.125, 7.1875, 1.3125], "texture": "#main"}
			}
		},
		{
			"name": "right_ear",
			"from": [-8, 16, 2],
			"to": [-7, 19, 5],
			"faces": {
				"north": {"uv": [5.4375, 3.25, 5.5, 3.4375], "texture": "#main"},
				"east": {"uv": [6.9375, 3.5, 7.125, 3.6875], "texture": "#main"},
				"south": {"uv": [5.375, 3.3125, 5.4375, 3.5], "texture": "#main"},
				"west": {"uv": [7.4375, 3.5, 7.625, 3.6875], "texture": "#main"},
				"up": {"uv": [7.375, 0.5, 7.4375, 0.6875], "texture": "#main"},
				"down": {"uv": [7.375, 2.6875, 7.4375, 2.875], "texture": "#main"}
			}
		},
		{
			"name": "front_left_leg",
			"from": [3, -3, 10],
			"to": [9, 5, 14],
			"rotation": {"angle": 45, "axis": "z", "origin": [0, 0, 0]},
			"faces": {
				"north": {"uv": [10.8125, 3, 11.1875, 3.5], "texture": "#main"},
				"east": {"uv": [9.125, 3.0625, 9.375, 3.5625], "texture": "#main"},
				"south": {"uv": [8, 3.0625, 8.375, 3.5625], "texture": "#main"},
				"west": {"uv": [11.125, 2.375, 11.375, 2.875], "texture": "#main"},
				"up": {"uv": [10.375, 1.5625, 10, 1.3125], "texture": "#main"},
				"down": {"uv": [11.8125, 1.25, 11.4375, 1.5], "texture": "#main"}
			}
		},
		{
			"name": "front_right_leg",
			"from": [-6, -1, 2],
			"to": [0, 7, 6],
			"rotation": {"angle": -45, "axis": "z", "origin": [0, 0, 0]},
			"faces": {
				"north": {"uv": [8.375, 3.0625, 8.75, 3.5625], "texture": "#main"},
				"east": {"uv": [11.1875, 0.9375, 11.4375, 1.4375], "texture": "#main"},
				"south": {"uv": [8.75, 3.0625, 9.125, 3.5625], "texture": "#main"},
				"west": {"uv": [11.1875, 1.4375, 11.4375, 1.9375], "texture": "#main"},
				"up": {"uv": [11.8125, 1.75, 11.4375, 1.5], "texture": "#main"},
				"down": {"uv": [10.75, 3.4375, 10.375, 3.6875], "texture": "#main"}
			}
		},
		{
			"name": "back_left_leg",
			"from": [5, 11, 11],
			"to": [12, 19, 15],
			"rotation": {"angle": -45, "axis": "z", "origin": [0, 0, 0]},
			"faces": {
				"north": {"uv": [9, 2.5625, 9.5, 3.0625], "texture": "#main"},
				"east": {"uv": [11.625, 2.1875, 11.375, 2.6875], "texture": "#main"},
				"south": {"uv": [10.8125, 0, 11.3125, 0.5], "texture": "#main"},
				"west": {"uv": [11.4375, 3.375, 11.1875, 3.875], "texture": "#main"},
				"up": {"uv": [11.9375, 1, 11.4375, 0.75], "texture": "#main"},
				"down": {"uv": [11.9375, 1.25, 11.4375, 1], "texture": "#main"}
			}
		},
		{
			"name": "back_right_leg",
			"from": [13, -14, 1],
			"to": [20, -6, 5],
			"rotation": {"angle": 45, "axis": "z", "origin": [0, 0, 0]},
			"faces": {
				"north": {"uv": [8, 2.5625, 8.5, 3.0625], "texture": "#main"},
				"east": {"uv": [11.4375, 2.875, 11.1875, 3.375], "texture": "#main"},
				"south": {"uv": [8.5, 2.5625, 9, 3.0625], "texture": "#main"},
				"west": {"uv": [11.5625, 0, 11.3125, 0.5], "texture": "#main"},
				"up": {"uv": [11.875, 0.75, 11.375, 0.5], "texture": "#main"},
				"down": {"uv": [11.875, 2.1875, 11.375, 1.9375], "texture": "#main"}
			}
		},
		{
			"name": "torso",
			"from": [-3, 8, 1],
			"to": [10, 18, 15],
			"faces": {
				"north": {"uv": [10.375, 2.375, 11.125, 3.00244], "texture": "#main"},
				"east": {"uv": [10, 0.6875, 10.875, 1.3125], "texture": "#main"},
				"south": {"uv": [10.4375, 1.3125, 11.1875, 1.9375], "texture": "#main"},
				"west": {"uv": [9.5, 2.375, 10.375, 3], "texture": "#main"},
				"up": {"uv": [8.75293, 2.5625, 8.00293, 1.6875], "texture": "#main"},
				"down": {"uv": [8.75, 1.6875, 9.5, 2.5625], "texture": "#main"}
			}
		},
		{
			"name": "lower_body",
			"from": [10, 8, 0],
			"to": [24, 19, 16],
			"faces": {
				"north": {"uv": [9.5, 1.6875, 10.4375, 2.375], "texture": "#main"},
				"east": {"uv": [8, 1, 9, 1.6875], "texture": "#main"},
				"south": {"uv": [9.9375, 0, 10.8125, 0.625], "texture": "#main"},
				"west": {"uv": [9, 1, 10, 1.6875], "texture": "#main"},
				"up": {"uv": [8.875, 1, 8, 0], "texture": "#main"},
				"down": {"uv": [9.9375, 0, 8.875, 1], "texture": "#main"}
			}
		},
		{
			"name": "tail_body",
			"from": [24, 12, 6],
			"to": [25, 16, 10],
			"faces": {
				"north": {"uv": [9.875, 0.6875, 9.9375, 1], "texture": "#main"},
				"east": {"uv": [11.4375, 3.25, 11.6875, 3.5], "texture": "#main"},
				"south": {"uv": [9.9375, 0.6875, 10, 1], "texture": "#main"},
				"west": {"uv": [9.375, 3.5, 9.625, 3.75], "texture": "#main"},
				"up": {"uv": [10.4375, 1.5625, 10.375, 1.3125], "texture": "#main"},
				"down": {"uv": [9.4375, 3.0625, 9.375, 3.3125], "texture": "#main"}
			}
		},
		{
			"name": "tail_end",
			"from": [24, 11, 7],
			"to": [25, 12, 9],
			"faces": {
				"north": {"uv": [10, 1.6875, 10.0625, 1.625], "texture": "#main"},
				"east": {"uv": [9.875, 0.9375, 10, 1], "texture": "#main"},
				"south": {"uv": [10.0625, 1.6875, 10.125, 1.625], "texture": "#main"},
				"west": {"uv": [10, 1.625, 10.125, 1.5625], "texture": "#main"},
				"up": {"uv": [10.1875, 1.6875, 10.125, 1.5625], "texture": "#main"},
				"down": {"uv": [10.25, 1.5625, 10.1875, 1.6875], "texture": "#main"}
			}
		},
		{
			"name": "skull",
			"from": [-10, 10, 4],
			"to": [-3, 17, 12],
			"faces": {
				"north": {"uv": [10.9375, 1.9375, 11.375, 2.375], "texture": "#main"},
				"east": {"uv": [10.4375, 1.9375, 10.9375, 2.375], "texture": "#main"},
				"south": {"uv": [10.375, 3, 10.8125, 3.4375], "texture": "#main"},
				"west": {"uv": [10.875, 0.5, 11.375, 0.9375], "texture": "#main"},
				"up": {"uv": [9.9375, 3.5, 9.5, 3], "texture": "#main"},
				"down": {"uv": [10.375, 3, 9.9375, 3.5], "texture": "#main"}
			}
		},
		{
			"name": "jaw",
			"from": [-14, 10, 5],
			"to": [-10, 13, 11],
			"faces": {
				"north": {"uv": [9.625, 3.5, 9.875, 3.6875], "texture": "#main"},
				"east": {"uv": [11.4375, 1.75, 11.8125, 1.9375], "texture": "#main"},
				"south": {"uv": [9.875, 3.5, 10.125, 3.68823], "texture": "#main"},
				"west": {"uv": [11.4375, 3.0625, 11.8125, 3.25], "texture": "#main"},
				"up": {"uv": [11.125, 1.3125, 10.875, 0.9375], "texture": "#main"},
				"down": {"uv": [11.6875, 2.6875, 11.4375, 3.0625], "texture": "#main"}
			}
		},
		{
			"name": "left_ear",
			"from": [-8, 16, 11],
			"to": [-7, 19, 14],
			"faces": {
				"north": {"uv": [10.75, 0.5, 10.8125, 0.6875], "texture": "#main"},
				"east": {"uv": [10.125, 3.5, 10.3125, 3.6875], "texture": "#main"},
				"south": {"uv": [9.4375, 3.0625, 9.5, 3.25], "texture": "#main"},
				"west": {"uv": [10.75, 3.5, 10.9375, 3.6875], "texture": "#main"},
				"up": {"uv": [11.25, 1.125, 11.1875, 0.9375], "texture": "#main"},
				"down": {"uv": [11.25, 1.125, 11.1875, 1.3125], "texture": "#main"}
			}
		},
		{
			"name": "right_ear",
			"from": [-8, 16, 2],
			"to": [-7, 19, 5],
			"faces": {
				"north": {"uv": [9.4375, 3.25, 9.5, 3.4375], "texture": "#main"},
				"east": {"uv": [10.9375, 3.5, 11.125, 3.6875], "texture": "#main"},
				"south": {"uv": [9.375, 3.3125, 9.4375, 3.5], "texture": "#main"},
				"west": {"uv": [11.4375, 3.5, 11.625, 3.6875], "texture": "#main"},
				"up": {"uv": [11.375, 0.5, 11.4375, 0.6875], "texture": "#main"},
				"down": {"uv": [11.375, 2.6875, 11.4375, 2.875], "texture": "#main"}
			}
		},
		{
			"name": "front_left_leg",
			"from": [-4, 3, 10],
			"to": [4, 9, 14],
			"rotation": {"angle": -22.5, "axis": "z", "origin": [0, 0, 0]},
			"faces": {
				"north": {"uv": [14.8125, 3, 15.1875, 3.5], "rotation": 90, "texture": "#main"},
				"east": {"uv": [15.8125, 1.25, 15.4375, 1.5], "rotation": 270, "texture": "#main"},
				"south": {"uv": [12, 3.0625, 12.375, 3.5625], "rotation": 270, "texture": "#main"},
				"west": {"uv": [14.375, 1.5625, 14, 1.3125], "rotation": 270, "texture": "#main"},
				"up": {"uv": [13.125, 3.0625, 13.375, 3.5625], "rotation": 270, "texture": "#main"},
				"down": {"uv": [15.125, 2.375, 15.375, 2.875], "rotation": 270, "texture": "#main"}
			}
		},
		{
			"name": "front_right_leg",
			"from": [-1, 1, 2],
			"to": [7, 7, 6],
			"rotation": {"angle": 22.5, "axis": "z", "origin": [0, 0, 0]},
			"faces": {
				"north": {"uv": [12.375, 3.0625, 12.75, 3.5625], "rotation": 270, "texture": "#main"},
				"east": {"uv": [15.8125, 1.75, 15.4375, 1.5], "rotation": 90, "texture": "#main"},
				"south": {"uv": [12.75, 3.0625, 13.125, 3.5625], "rotation": 90, "texture": "#main"},
				"west": {"uv": [14.75, 3.4375, 14.375, 3.6875], "rotation": 90, "texture": "#main"},
				"up": {"uv": [15.1875, 1.4375, 15.4375, 1.9375], "rotation": 90, "texture": "#main"},
				"down": {"uv": [15.1875, 0.9375, 15.4375, 1.4375], "rotation": 90, "texture": "#main"}
			}
		},
		{
			"name": "back_left_leg",
			"from": [14, -5, 11],
			"to": [22, 2, 15],
			"rotation": {"angle": 22.5, "axis": "z", "origin": [0, 0, 0]},
			"faces": {
				"north": {"uv": [13, 2.5625, 13.5, 3.0625], "rotation": 270, "texture": "#main"},
				"east": {"uv": [15.9375, 1, 15.4375, 0.75], "rotation": 90, "texture": "#main"},
				"south": {"uv": [14.8125, 0, 15.3125, 0.5], "rotation": 90, "texture": "#main"},
				"west": {"uv": [15.9375, 1.25, 15.4375, 1], "rotation": 90, "texture": "#main"},
				"up": {"uv": [15.4375, 3.375, 15.1875, 3.875], "rotation": 90, "texture": "#main"},
				"down": {"uv": [15.625, 2.1875, 15.375, 2.6875], "rotation": 90, "texture": "#main"}
			}
		},
		{
			"name": "back_right_leg",
			"from": [10, 8, 1],
			"to": [18, 15, 5],
			"rotation": {"angle": -22.5, "axis": "z", "origin": [0, 0, 0]},
			"faces": {
				"north": {"uv": [12, 2.5625, 12.5, 3.0625], "rotation": 90, "texture": "#main"},
				"east": {"uv": [15.875, 2.1875, 15.375, 1.9375], "rotation": 270, "texture": "#main"},
				"south": {"uv": [12.5, 2.5625, 13, 3.0625], "rotation": 270, "texture": "#main"},
				"west": {"uv": [15.875, 0.75, 15.375, 0.5], "rotation": 270, "texture": "#main"},
				"up": {"uv": [15.4375, 2.875, 15.1875, 3.375], "rotation": 270, "texture": "#main"},
				"down": {"uv": [15.5625, 0, 15.3125, 0.5], "rotation": 270, "texture": "#main"}
			}
		},
		{
			"name": "torso",
			"from": [-3, 8, 1],
			"to": [10, 18, 15],
			"faces": {
				"north": {"uv": [14.375, 2.375, 15.125, 3.00244], "texture": "#main"},
				"east": {"uv": [14, 0.6875, 14.875, 1.3125], "texture": "#main"},
				"south": {"uv": [14.4375, 1.3125, 15.1875, 1.9375], "texture": "#main"},
				"west": {"uv": [13.5, 2.375, 14.375, 3], "texture": "#main"},
				"up": {"uv": [12.75293, 2.5625, 12.00293, 1.6875], "texture": "#main"},
				"down": {"uv": [12.75, 1.6875, 13.5, 2.5625], "texture": "#main"}
			}
		},
		{
			"name": "lower_body",
			"from": [10, 8, 0],
			"to": [24, 19, 16],
			"faces": {
				"north": {"uv": [13.5, 1.6875, 14.4375, 2.375], "texture": "#main"},
				"east": {"uv": [12, 1, 13, 1.6875], "texture": "#main"},
				"south": {"uv": [13.9375, 0, 14.8125, 0.625], "texture": "#main"},
				"west": {"uv": [13, 1, 14, 1.6875], "texture": "#main"},
				"up": {"uv": [12.875, 1, 12, 0], "texture": "#main"},
				"down": {"uv": [13.9375, 0, 12.875, 1], "texture": "#main"}
			}
		},
		{
			"name": "tail_body",
			"from": [24, 12, 6],
			"to": [25, 16, 10],
			"faces": {
				"north": {"uv": [13.875, 0.6875, 13.9375, 1], "texture": "#main"},
				"east": {"uv": [15.4375, 3.25, 15.6875, 3.5], "texture": "#main"},
				"south": {"uv": [13.9375, 0.6875, 14, 1], "texture": "#main"},
				"west": {"uv": [13.375, 3.5, 13.625, 3.75], "texture": "#main"},
				"up": {"uv": [14.4375, 1.5625, 14.375, 1.3125], "texture": "#main"},
				"down": {"uv": [13.4375, 3.0625, 13.375, 3.3125], "texture": "#main"}
			}
		},
		{
			"name": "tail_end",
			"from": [24, 11, 7],
			"to": [25, 12, 9],
			"faces": {
				"north": {"uv": [14, 1.6875, 14.0625, 1.625], "texture": "#main"},
				"east": {"uv": [13.875, 0.9375, 14, 1], "texture": "#main"},
				"south": {"uv": [14.0625, 1.6875, 14.125, 1.625], "texture": "#main"},
				"west": {"uv": [14, 1.625, 14.125, 1.5625], "texture": "#main"},
				"up": {"uv": [14.1875, 1.6875, 14.125, 1.5625], "texture": "#main"},
				"down": {"uv": [14.25, 1.5625, 14.1875, 1.6875], "texture": "#main"}
			}
		},
		{
			"name": "skull",
			"from": [-10, 10, 4],
			"to": [-3, 17, 12],
			"faces": {
				"north": {"uv": [14.9375, 1.9375, 15.375, 2.375], "texture": "#main"},
				"east": {"uv": [14.4375, 1.9375, 14.9375, 2.375], "texture": "#main"},
				"south": {"uv": [14.375, 3, 14.8125, 3.4375], "texture": "#main"},
				"west": {"uv": [14.875, 0.5, 15.375, 0.9375], "texture": "#main"},
				"up": {"uv": [13.9375, 3.5, 13.5, 3], "texture": "#main"},
				"down": {"uv": [14.375, 3, 13.9375, 3.5], "texture": "#main"}
			}
		},
		{
			"name": "jaw",
			"from": [-14, 10, 5],
			"to": [-10, 13, 11],
			"faces": {
				"north": {"uv": [13.625, 3.5, 13.875, 3.6875], "texture": "#main"},
				"east": {"uv": [15.4375, 1.75, 15.8125, 1.9375], "texture": "#main"},
				"south": {"uv": [13.875, 3.5, 14.125, 3.68823], "texture": "#main"},
				"west": {"uv": [15.4375, 3.0625, 15.8125, 3.25], "texture": "#main"},
				"up": {"uv": [15.125, 1.3125, 14.875, 0.9375], "texture": "#main"},
				"down": {"uv": [15.6875, 2.6875, 15.4375, 3.0625], "texture": "#main"}
			}
		},
		{
			"name": "left_ear",
			"from": [-8, 16, 11],
			"to": [-7, 19, 14],
			"faces": {
				"north": {"uv": [14.75, 0.5, 14.8125, 0.6875], "texture": "#main"},
				"east": {"uv": [14.125, 3.5, 14.3125, 3.6875], "texture": "#main"},
				"south": {"uv": [13.4375, 3.0625, 13.5, 3.25], "texture": "#main"},
				"west": {"uv": [14.75, 3.5, 14.9375, 3.6875], "texture": "#main"},
				"up": {"uv": [15.25, 1.125, 15.1875, 0.9375], "texture": "#main"},
				"down": {"uv": [15.25, 1.125, 15.1875, 1.3125], "texture": "#main"}
			}
		},
		{
			"name": "right_ear",
			"from": [-8, 16, 2],
			"to": [-7, 19, 5],
			"faces": {
				"north": {"uv": [13.4375, 3.25, 13.5, 3.4375], "texture": "#main"},
				"east": {"uv": [14.9375, 3.5, 15.125, 3.6875], "texture": "#main"},
				"south": {"uv": [13.375, 3.3125, 13.4375, 3.5], "texture": "#main"},
				"west": {"uv": [15.4375, 3.5, 15.625, 3.6875], "texture": "#main"},
				"up": {"uv": [15.375, 0.5, 15.4375, 0.6875], "texture": "#main"},
				"down": {"uv": [15.375, 2.6875, 15.4375, 2.875], "texture": "#main"}
			}
		},
		{
			"name": "front_left_leg",
			"from": [-3, 1, 10],
			"to": [3, 9, 14],
			"rotation": {"angle": -22.5, "axis": "z", "origin": [0, 0, 0]},
			"faces": {
				"north": {"uv": [2.8125, 7, 3.1875, 7.5], "texture": "#main"},
				"east": {"uv": [1.125, 7.0625, 1.375, 7.5625], "texture": "#main"},
				"south": {"uv": [0, 7.0625, 0.375, 7.5625], "texture": "#main"},
				"west": {"uv": [3.125, 6.375, 3.375, 6.875], "texture": "#main"},
				"up": {"uv": [2.375, 5.5625, 2, 5.3125], "texture": "#main"},
				"down": {"uv": [3.8125, 5.25, 3.4375, 5.5], "texture": "#main"}
			}
		},
		{
			"name": "front_right_leg",
			"from": [2, -1, 2],
			"to": [8, 7, 6],
			"rotation": {"angle": 22.5, "axis": "z", "origin": [0, 0, 0]},
			"faces": {
				"north": {"uv": [0.375, 7.0625, 0.75, 7.5625], "texture": "#main"},
				"east": {"uv": [3.1875, 4.9375, 3.4375, 5.4375], "texture": "#main"},
				"south": {"uv": [0.75, 7.0625, 1.125, 7.5625], "texture": "#main"},
				"west": {"uv": [3.1875, 5.4375, 3.4375, 5.9375], "texture": "#main"},
				"up": {"uv": [3.8125, 5.75, 3.4375, 5.5], "texture": "#main"},
				"down": {"uv": [2.75, 7.4375, 2.375, 7.6875], "texture": "#main"}
			}
		},
		{
			"name": "back_left_leg",
			"from": [15, -6, 11],
			"to": [22, 2, 15],
			"rotation": {"angle": 22.5, "axis": "z", "origin": [0, 0, 0]},
			"faces": {
				"north": {"uv": [1, 6.5625, 1.5, 7.0625], "texture": "#main"},
				"east": {"uv": [3.625, 6.1875, 3.375, 6.6875], "texture": "#main"},
				"south": {"uv": [2.8125, 4, 3.3125, 4.5], "texture": "#main"},
				"west": {"uv": [3.4375, 7.375, 3.1875, 7.875], "texture": "#main"},
				"up": {"uv": [3.9375, 5, 3.4375, 4.75], "texture": "#main"},
				"down": {"uv": [3.9375, 5.25, 3.4375, 5], "texture": "#main"}
			}
		},
		{
			"name": "back_right_leg",
			"from": [10, 7, 1],
			"to": [17, 15, 5],
			"rotation": {"angle": -22.5, "axis": "z", "origin": [0, 0, 0]},
			"faces": {
				"north": {"uv": [0, 6.5625, 0.5, 7.0625], "texture": "#main"},
				"east": {"uv": [3.4375, 6.875, 3.1875, 7.375], "texture": "#main"},
				"south": {"uv": [0.5, 6.5625, 1, 7.0625], "texture": "#main"},
				"west": {"uv": [3.5625, 4, 3.3125, 4.5], "texture": "#main"},
				"up": {"uv": [3.875, 4.75, 3.375, 4.5], "texture": "#main"},
				"down": {"uv": [3.875, 6.1875, 3.375, 5.9375], "texture": "#main"}
			}
		},
		{
			"name": "torso",
			"from": [-3, 8, 1],
			"to": [10, 18, 15],
			"faces": {
				"north": {"uv": [2.375, 6.375, 3.125, 7.00244], "texture": "#main"},
				"east": {"uv": [2, 4.6875, 2.875, 5.3125], "texture": "#main"},
				"south": {"uv": [2.4375, 5.3125, 3.1875, 5.9375], "texture": "#main"},
				"west": {"uv": [1.5, 6.375, 2.375, 7], "texture": "#main"},
				"up": {"uv": [0.75293, 6.5625, 0.00293, 5.6875], "texture": "#main"},
				"down": {"uv": [0.75, 5.6875, 1.5, 6.5625], "texture": "#main"}
			}
		},
		{
			"name": "lower_body",
			"from": [10, 8, 0],
			"to": [24, 19, 16],
			"faces": {
				"north": {"uv": [1.5, 5.6875, 2.4375, 6.375], "texture": "#main"},
				"east": {"uv": [0, 5, 1, 5.6875], "texture": "#main"},
				"south": {"uv": [1.9375, 4, 2.8125, 4.625], "texture": "#main"},
				"west": {"uv": [1, 5, 2, 5.6875], "texture": "#main"},
				"up": {"uv": [0.875, 5, 0, 4], "texture": "#main"},
				"down": {"uv": [1.9375, 4, 0.875, 5], "texture": "#main"}
			}
		},
		{
			"name": "tail_body",
			"from": [24, 12, 6],
			"to": [25, 16, 10],
			"faces": {
				"north": {"uv": [1.875, 4.6875, 1.9375, 5], "texture": "#main"},
				"east": {"uv": [3.4375, 7.25, 3.6875, 7.5], "texture": "#main"},
				"south": {"uv": [1.9375, 4.6875, 2, 5], "texture": "#main"},
				"west": {"uv": [1.375, 7.5, 1.625, 7.75], "texture": "#main"},
				"up": {"uv": [2.4375, 5.5625, 2.375, 5.3125], "texture": "#main"},
				"down": {"uv": [1.4375, 7.0625, 1.375, 7.3125], "texture": "#main"}
			}
		},
		{
			"name": "tail_end",
			"from": [24, 11, 7],
			"to": [25, 12, 9],
			"faces": {
				"north": {"uv": [2, 5.6875, 2.0625, 5.625], "texture": "#main"},
				"east": {"uv": [1.875, 4.9375, 2, 5], "texture": "#main"},
				"south": {"uv": [2.0625, 5.6875, 2.125, 5.625], "texture": "#main"},
				"west": {"uv": [2, 5.625, 2.125, 5.5625], "texture": "#main"},
				"up": {"uv": [2.1875, 5.6875, 2.125, 5.5625], "texture": "#main"},
				"down": {"uv": [2.25, 5.5625, 2.1875, 5.6875], "texture": "#main"}
			}
		},
		{
			"name": "skull",
			"from": [-10, 10, 4],
			"to": [-3, 17, 12],
			"faces": {
				"north": {"uv": [2.9375, 5.9375, 3.375, 6.375], "texture": "#main"},
				"east": {"uv": [2.4375, 5.9375, 2.9375, 6.375], "texture": "#main"},
				"south": {"uv": [2.375, 7, 2.8125, 7.4375], "texture": "#main"},
				"west": {"uv": [2.875, 4.5, 3.375, 4.9375], "texture": "#main"},
				"up": {"uv": [1.9375, 7.5, 1.5, 7], "texture": "#main"},
				"down": {"uv": [2.375, 7, 1.9375, 7.5], "texture": "#main"}
			}
		},
		{
			"name": "jaw",
			"from": [-14, 10, 5],
			"to": [-10, 13, 11],
			"faces": {
				"north": {"uv": [1.625, 7.5, 1.875, 7.6875], "texture": "#main"},
				"east": {"uv": [3.4375, 5.75, 3.8125, 5.9375], "texture": "#main"},
				"south": {"uv": [1.875, 7.5, 2.125, 7.68823], "texture": "#main"},
				"west": {"uv": [3.4375, 7.0625, 3.8125, 7.25], "texture": "#main"},
				"up": {"uv": [3.125, 5.3125, 2.875, 4.9375], "texture": "#main"},
				"down": {"uv": [3.6875, 6.6875, 3.4375, 7.0625], "texture": "#main"}
			}
		},
		{
			"name": "left_ear",
			"from": [-8, 16, 11],
			"to": [-7, 19, 14],
			"faces": {
				"north": {"uv": [2.75, 4.5, 2.8125, 4.6875], "texture": "#main"},
				"east": {"uv": [2.125, 7.5, 2.3125, 7.6875], "texture": "#main"},
				"south": {"uv": [1.4375, 7.0625, 1.5, 7.25], "texture": "#main"},
				"west": {"uv": [2.75, 7.5, 2.9375, 7.6875], "texture": "#main"},
				"up": {"uv": [3.25, 5.125, 3.1875, 4.9375], "texture": "#main"},
				"down": {"uv": [3.25, 5.125, 3.1875, 5.3125], "texture": "#main"}
			}
		},
		{
			"name": "right_ear",
			"from": [-8, 16, 2],
			"to": [-7, 19, 5],
			"faces": {
				"north": {"uv": [1.4375, 7.25, 1.5, 7.4375], "texture": "#main"},
				"east": {"uv": [2.9375, 7.5, 3.125, 7.6875], "texture": "#main"},
				"south": {"uv": [1.375, 7.3125, 1.4375, 7.5], "texture": "#main"},
				"west": {"uv": [3.4375, 7.5, 3.625, 7.6875], "texture": "#main"},
				"up": {"uv": [3.375, 4.5, 3.4375, 4.6875], "texture": "#main"},
				"down": {"uv": [3.375, 6.6875, 3.4375, 6.875], "texture": "#main"}
			}
		},
		{
			"name": "front_left_leg",
			"from": [-4, 2, 10],
			"to": [2, 10, 14],
			"rotation": {"angle": -45, "axis": "z", "origin": [0, 0, 0]},
			"faces": {
				"north": {"uv": [6.8125, 7, 7.1875, 7.5], "texture": "#main"},
				"east": {"uv": [5.125, 7.0625, 5.375, 7.5625], "texture": "#main"},
				"south": {"uv": [4, 7.0625, 4.375, 7.5625], "texture": "#main"},
				"west": {"uv": [7.125, 6.375, 7.375, 6.875], "texture": "#main"},
				"up": {"uv": [6.375, 5.5625, 6, 5.3125], "texture": "#main"},
				"down": {"uv": [7.8125, 5.25, 7.4375, 5.5], "texture": "#main"}
			}
		},
		{
			"name": "front_right_leg",
			"from": [4, -3, 2],
			"to": [10, 5, 6],
			"rotation": {"angle": 45, "axis": "z", "origin": [0, 0, 0]},
			"faces": {
				"north": {"uv": [4.375, 7.0625, 4.75, 7.5625], "texture": "#main"},
				"east": {"uv": [7.1875, 4.9375, 7.4375, 5.4375], "texture": "#main"},
				"south": {"uv": [4.75, 7.0625, 5.125, 7.5625], "texture": "#main"},
				"west": {"uv": [7.1875, 5.4375, 7.4375, 5.9375], "texture": "#main"},
				"up": {"uv": [7.8125, 5.75, 7.4375, 5.5], "texture": "#main"},
				"down": {"uv": [6.75, 7.4375, 6.375, 7.6875], "texture": "#main"}
			}
		},
		{
			"name": "back_left_leg",
			"from": [13, -13, 11],
			"to": [20, -5, 15],
			"rotation": {"angle": 45, "axis": "z", "origin": [0, 0, 0]},
			"faces": {
				"north": {"uv": [5, 6.5625, 5.5, 7.0625], "texture": "#main"},
				"east": {"uv": [7.625, 6.1875, 7.375, 6.6875], "texture": "#main"},
				"south": {"uv": [6.8125, 4, 7.3125, 4.5], "texture": "#main"},
				"west": {"uv": [7.4375, 7.375, 7.1875, 7.875], "texture": "#main"},
				"up": {"uv": [7.9375, 5, 7.4375, 4.75], "texture": "#main"},
				"down": {"uv": [7.9375, 5.25, 7.4375, 5], "texture": "#main"}
			}
		},
		{
			"name": "back_right_leg",
			"from": [5, 12, 1],
			"to": [12, 20, 5],
			"rotation": {"angle": -45, "axis": "z", "origin": [0, 0, 0]},
			"faces": {
				"north": {"uv": [4, 6.5625, 4.5, 7.0625], "texture": "#main"},
				"east": {"uv": [7.4375, 6.875, 7.1875, 7.375], "texture": "#main"},
				"south": {"uv": [4.5, 6.5625, 5, 7.0625], "texture": "#main"},
				"west": {"uv": [7.5625, 4, 7.3125, 4.5], "texture": "#main"},
				"up": {"uv": [7.875, 4.75, 7.375, 4.5], "texture": "#main"},
				"down": {"uv": [7.875, 6.1875, 7.375, 5.9375], "texture": "#main"}
			}
		},
		{
			"name": "torso",
			"from": [-3, 8, 1],
			"to": [10, 18, 15],
			"faces": {
				"north": {"uv": [6.375, 6.375, 7.125, 7.00244], "texture": "#main"},
				"east": {"uv": [6, 4.6875, 6.875, 5.3125], "texture": "#main"},
				"south": {"uv": [6.4375, 5.3125, 7.1875, 5.9375], "texture": "#main"},
				"west": {"uv": [5.5, 6.375, 6.375, 7], "texture": "#main"},
				"up": {"uv": [4.75293, 6.5625, 4.00293, 5.6875], "texture": "#main"},
				"down": {"uv": [4.75, 5.6875, 5.5, 6.5625], "texture": "#main"}
			}
		},
		{
			"name": "lower_body",
			"from": [10, 8, 0],
			"to": [24, 19, 16],
			"faces": {
				"north": {"uv": [5.5, 5.6875, 6.4375, 6.375], "texture": "#main"},
				"east": {"uv": [4, 5, 5, 5.6875], "texture": "#main"},
				"south": {"uv": [5.9375, 4, 6.8125, 4.625], "texture": "#main"},
				"west": {"uv": [5, 5, 6, 5.6875], "texture": "#main"},
				"up": {"uv": [4.875, 5, 4, 4], "texture": "#main"},
				"down": {"uv": [5.9375, 4, 4.875, 5], "texture": "#main"}
			}
		},
		{
			"name": "tail_body",
			"from": [24, 12, 6],
			"to": [25, 16, 10],
			"faces": {
				"north": {"uv": [5.875, 4.6875, 5.9375, 5], "texture": "#main"},
				"east": {"uv": [7.4375, 7.25, 7.6875, 7.5], "texture": "#main"},
				"south": {"uv": [5.9375, 4.6875, 6, 5], "texture": "#main"},
				"west": {"uv": [5.375, 7.5, 5.625, 7.75], "texture": "#main"},
				"up": {"uv": [6.4375, 5.5625, 6.375, 5.3125], "texture": "#main"},
				"down": {"uv": [5.4375, 7.0625, 5.375, 7.3125], "texture": "#main"}
			}
		},
		{
			"name": "tail_end",
			"from": [24, 11, 7],
			"to": [25, 12, 9],
			"faces": {
				"north": {"uv": [6, 5.6875, 6.0625, 5.625], "texture": "#main"},
				"east": {"uv": [5.875, 4.9375, 6, 5], "texture": "#main"},
				"south": {"uv": [6.0625, 5.6875, 6.125, 5.625], "texture": "#main"},
				"west": {"uv": [6, 5.625, 6.125, 5.5625], "texture": "#main"},
				"up": {"uv": [6.1875, 5.6875, 6.125, 5.5625], "texture": "#main"},
				"down": {"uv": [6.25, 5.5625, 6.1875, 5.6875], "texture": "#main"}
			}
		},
		{
			"name": "skull",
			"from": [-10, 10, 4],
			"to": [-3, 17, 12],
			"faces": {
				"north": {"uv": [6.9375, 5.9375, 7.375, 6.375], "texture": "#main"},
				"east": {"uv": [6.4375, 5.9375, 6.9375, 6.375], "texture": "#main"},
				"south": {"uv": [6.375, 7, 6.8125, 7.4375], "texture": "#main"},
				"west": {"uv": [6.875, 4.5, 7.375, 4.9375], "texture": "#main"},
				"up": {"uv": [5.9375, 7.5, 5.5, 7], "texture": "#main"},
				"down": {"uv": [6.375, 7, 5.9375, 7.5], "texture": "#main"}
			}
		},
		{
			"name": "jaw",
			"from": [-14, 10, 5],
			"to": [-10, 13, 11],
			"faces": {
				"north": {"uv": [5.625, 7.5, 5.875, 7.6875], "texture": "#main"},
				"east": {"uv": [7.4375, 5.75, 7.8125, 5.9375], "texture": "#main"},
				"south": {"uv": [5.875, 7.5, 6.125, 7.68823], "texture": "#main"},
				"west": {"uv": [7.4375, 7.0625, 7.8125, 7.25], "texture": "#main"},
				"up": {"uv": [7.125, 5.3125, 6.875, 4.9375], "texture": "#main"},
				"down": {"uv": [7.6875, 6.6875, 7.4375, 7.0625], "texture": "#main"}
			}
		},
		{
			"name": "left_ear",
			"from": [-8, 16, 11],
			"to": [-7, 19, 14],
			"faces": {
				"north": {"uv": [6.75, 4.5, 6.8125, 4.6875], "texture": "#main"},
				"east": {"uv": [6.125, 7.5, 6.3125, 7.6875], "texture": "#main"},
				"south": {"uv": [5.4375, 7.0625, 5.5, 7.25], "texture": "#main"},
				"west": {"uv": [6.75, 7.5, 6.9375, 7.6875], "texture": "#main"},
				"up": {"uv": [7.25, 5.125, 7.1875, 4.9375], "texture": "#main"},
				"down": {"uv": [7.25, 5.125, 7.1875, 5.3125], "texture": "#main"}
			}
		},
		{
			"name": "right_ear",
			"from": [-8, 16, 2],
			"to": [-7, 19, 5],
			"faces": {
				"north": {"uv": [5.4375, 7.25, 5.5, 7.4375], "texture": "#main"},
				"east": {"uv": [6.9375, 7.5, 7.125, 7.6875], "texture": "#main"},
				"south": {"uv": [5.375, 7.3125, 5.4375, 7.5], "texture": "#main"},
				"west": {"uv": [7.4375, 7.5, 7.625, 7.6875], "texture": "#main"},
				"up": {"uv": [7.375, 4.5, 7.4375, 4.6875], "texture": "#main"},
				"down": {"uv": [7.375, 6.6875, 7.4375, 6.875], "texture": "#main"}
			}
		},
		{
			"name": "front_left_leg",
			"from": [-1, 1, 10],
			"to": [7, 7, 14],
			"rotation": {"angle": 22.5, "axis": "z", "origin": [0, 0, 0]},
			"faces": {
				"north": {"uv": [10.8125, 7, 11.1875, 7.5], "rotation": 270, "texture": "#main"},
				"east": {"uv": [10.375, 5.5625, 10, 5.3125], "rotation": 90, "texture": "#main"},
				"south": {"uv": [8, 7.0625, 8.375, 7.5625], "rotation": 90, "texture": "#main"},
				"west": {"uv": [11.8125, 5.25, 11.4375, 5.5], "rotation": 90, "texture": "#main"},
				"up": {"uv": [11.125, 6.375, 11.375, 6.875], "rotation": 90, "texture": "#main"},
				"down": {"uv": [9.125, 7.0625, 9.375, 7.5625], "rotation": 90, "texture": "#main"}
			}
		},
		{
			"name": "front_right_leg",
			"from": [0, 4, 2],
			"to": [8, 10, 6],
			"rotation": {"angle": -22.5, "axis": "z", "origin": [0, 5, 0]},
			"faces": {
				"north": {"uv": [8.375, 7.0625, 8.75, 7.5625], "rotation": 90, "texture": "#main"},
				"east": {"uv": [10.75, 7.4375, 10.375, 7.6875], "rotation": 270, "texture": "#main"},
				"south": {"uv": [8.75, 7.0625, 9.125, 7.5625], "rotation": 270, "texture": "#main"},
				"west": {"uv": [11.8125, 5.75, 11.4375, 5.5], "rotation": 270, "texture": "#main"},
				"up": {"uv": [11.1875, 4.9375, 11.4375, 5.4375], "rotation": 270, "texture": "#main"},
				"down": {"uv": [11.1875, 5.4375, 11.4375, 5.9375], "rotation": 270, "texture": "#main"}
			}
		},
		{
			"name": "back_left_leg",
			"from": [13, 9, 11],
			"to": [21, 16, 15],
			"rotation": {"angle": -22.5, "axis": "z", "origin": [0, 5, 0]},
			"faces": {
				"north": {"uv": [9, 6.5625, 9.5, 7.0625], "rotation": 90, "texture": "#main"},
				"east": {"uv": [11.9375, 5.25, 11.4375, 5], "rotation": 270, "texture": "#main"},
				"south": {"uv": [10.8125, 4, 11.3125, 4.5], "rotation": 270, "texture": "#main"},
				"west": {"uv": [11.9375, 5, 11.4375, 4.75], "rotation": 270, "texture": "#main"},
				"up": {"uv": [11.625, 6.1875, 11.375, 6.6875], "rotation": 270, "texture": "#main"},
				"down": {"uv": [11.4375, 7.375, 11.1875, 7.875], "rotation": 270, "texture": "#main"}
			}
		},
		{
			"name": "back_right_leg",
			"from": [14, -5, 1],
			"to": [22, 2, 5],
			"rotation": {"angle": 22.5, "axis": "z", "origin": [0, 0, 0]},
			"faces": {
				"north": {"uv": [8, 6.5625, 8.5, 7.0625], "rotation": 270, "texture": "#main"},
				"east": {"uv": [11.875, 4.75, 11.375, 4.5], "rotation": 90, "texture": "#main"},
				"south": {"uv": [8.5, 6.5625, 9, 7.0625], "rotation": 90, "texture": "#main"},
				"west": {"uv": [11.875, 6.1875, 11.375, 5.9375], "rotation": 90, "texture": "#main"},
				"up": {"uv": [11.5625, 4, 11.3125, 4.5], "rotation": 90, "texture": "#main"},
				"down": {"uv": [11.4375, 6.875, 11.1875, 7.375], "rotation": 90, "texture": "#main"}
			}
		},
		{
			"name": "torso",
			"from": [-3, 8, 1],
			"to": [10, 18, 15],
			"faces": {
				"north": {"uv": [10.375, 6.375, 11.125, 7.00244], "texture": "#main"},
				"east": {"uv": [10, 4.6875, 10.875, 5.3125], "texture": "#main"},
				"south": {"uv": [10.4375, 5.3125, 11.1875, 5.9375], "texture": "#main"},
				"west": {"uv": [9.5, 6.375, 10.375, 7], "texture": "#main"},
				"up": {"uv": [8.75293, 6.5625, 8.00293, 5.6875], "texture": "#main"},
				"down": {"uv": [8.75, 5.6875, 9.5, 6.5625], "texture": "#main"}
			}
		},
		{
			"name": "lower_body",
			"from": [10, 8, 0],
			"to": [24, 19, 16],
			"faces": {
				"north": {"uv": [9.5, 5.6875, 10.4375, 6.375], "texture": "#main"},
				"east": {"uv": [8, 5, 9, 5.6875], "texture": "#main"},
				"south": {"uv": [9.9375, 4, 10.8125, 4.625], "texture": "#main"},
				"west": {"uv": [9, 5, 10, 5.6875], "texture": "#main"},
				"up": {"uv": [8.875, 5, 8, 4], "texture": "#main"},
				"down": {"uv": [9.9375, 4, 8.875, 5], "texture": "#main"}
			}
		},
		{
			"name": "tail_body",
			"from": [24, 12, 6],
			"to": [25, 16, 10],
			"faces": {
				"north": {"uv": [9.875, 4.6875, 9.9375, 5], "texture": "#main"},
				"east": {"uv": [11.4375, 7.25, 11.6875, 7.5], "texture": "#main"},
				"south": {"uv": [9.9375, 4.6875, 10, 5], "texture": "#main"},
				"west": {"uv": [9.375, 7.5, 9.625, 7.75], "texture": "#main"},
				"up": {"uv": [10.4375, 5.5625, 10.375, 5.3125], "texture": "#main"},
				"down": {"uv": [9.4375, 7.0625, 9.375, 7.3125], "texture": "#main"}
			}
		},
		{
			"name": "tail_end",
			"from": [24, 11, 7],
			"to": [25, 12, 9],
			"faces": {
				"north": {"uv": [10, 5.6875, 10.0625, 5.625], "texture": "#main"},
				"east": {"uv": [9.875, 4.9375, 10, 5], "texture": "#main"},
				"south": {"uv": [10.0625, 5.6875, 10.125, 5.625], "texture": "#main"},
				"west": {"uv": [10, 5.625, 10.125, 5.5625], "texture": "#main"},
				"up": {"uv": [10.1875, 5.6875, 10.125, 5.5625], "texture": "#main"},
				"down": {"uv": [10.25, 5.5625, 10.1875, 5.6875], "texture": "#main"}
			}
		},
		{
			"name": "skull",
			"from": [-10, 10, 4],
			"to": [-3, 17, 12],
			"faces": {
				"north": {"uv": [10.9375, 5.9375, 11.375, 6.375], "texture": "#main"},
				"east": {"uv": [10.4375, 5.9375, 10.9375, 6.375], "texture": "#main"},
				"south": {"uv": [10.375, 7, 10.8125, 7.4375], "texture": "#main"},
				"west": {"uv": [10.875, 4.5, 11.375, 4.9375], "texture": "#main"},
				"up": {"uv": [9.9375, 7.5, 9.5, 7], "texture": "#main"},
				"down": {"uv": [10.375, 7, 9.9375, 7.5], "texture": "#main"}
			}
		},
		{
			"name": "jaw",
			"from": [-14, 10, 5],
			"to": [-10, 13, 11],
			"faces": {
				"north": {"uv": [9.625, 7.5, 9.875, 7.6875], "texture": "#main"},
				"east": {"uv": [11.4375, 5.75, 11.8125, 5.9375], "texture": "#main"},
				"south": {"uv": [9.875, 7.5, 10.125, 7.68823], "texture": "#main"},
				"west": {"uv": [11.4375, 7.0625, 11.8125, 7.25], "texture": "#main"},
				"up": {"uv": [11.125, 5.3125, 10.875, 4.9375], "texture": "#main"},
				"down": {"uv": [11.6875, 6.6875, 11.4375, 7.0625], "texture": "#main"}
			}
		},
		{
			"name": "left_ear",
			"from": [-8, 16, 11],
			"to": [-7, 19, 14],
			"faces": {
				"north": {"uv": [10.75, 4.5, 10.8125, 4.6875], "texture": "#main"},
				"east": {"uv": [10.125, 7.5, 10.3125, 7.6875], "texture": "#main"},
				"south": {"uv": [9.4375, 7.0625, 9.5, 7.25], "texture": "#main"},
				"west": {"uv": [10.75, 7.5, 10.9375, 7.6875], "texture": "#main"},
				"up": {"uv": [11.25, 5.125, 11.1875, 4.9375], "texture": "#main"},
				"down": {"uv": [11.25, 5.125, 11.1875, 5.3125], "texture": "#main"}
			}
		},
		{
			"name": "right_ear",
			"from": [-8, 16, 2],
			"to": [-7, 19, 5],
			"faces": {
				"north": {"uv": [9.4375, 7.25, 9.5, 7.4375], "texture": "#main"},
				"east": {"uv": [10.9375, 7.5, 11.125, 7.6875], "texture": "#main"},
				"south": {"uv": [9.375, 7.3125, 9.4375, 7.5], "texture": "#main"},
				"west": {"uv": [11.4375, 7.5, 11.625, 7.6875], "texture": "#main"},
				"up": {"uv": [11.375, 4.5, 11.4375, 4.6875], "texture": "#main"},
				"down": {"uv": [11.375, 6.6875, 11.4375, 6.875], "texture": "#main"}
			}
		}
	],
	"gui_light": "front",
	"display": {
		"thirdperson_righthand": {
			"translation": [-8, 0, -5]
		},
		"thirdperson_lefthand": {
			"translation": [-4, 0, -5]
		},
		"firstperson_righthand": {
			"translation": [16.25, -2.75, 0]
		},
		"firstperson_lefthand": {
			"rotation": [180, 0, -180],
			"translation": [21, -3.25, -4.25]
		},
		"ground": {
			"translation": [0, 4.5, 0]
		},
		"gui": {
			"rotation": [0, 90, 0],
			"translation": [0, -1, 0],
			"scale": [0.8, 0.8, 0.8]
		},
		"head": {
			"rotation": [0, -90, 0],
			"translation": [0, -46.5, 0],
			"scale": [3, 3, 3]
		},
		"fixed": {
			"translation": [0, -1, 0]
		}
	},
	"groups": [
		{
			"name": "bear",
			"origin": [0, 0, 0],
			"color": 0,
			"children": [
				{
					"name": "legs",
					"origin": [0, 0, 0],
					"color": 0,
					"children": [
						{
							"name": "front_legs",
							"origin": [0, 0, 0],
							"color": 0,
							"children": [0, 1]
						},
						{
							"name": "back_legs",
							"origin": [0, 0, 0],
							"color": 0,
							"children": [2, 3]
						}
					]
				},
				{
					"name": "body",
					"origin": [0, 0, 0],
					"color": 0,
					"children": [
						4,
						5,
						{
							"name": "tail",
							"origin": [0, 0, 0],
							"color": 0,
							"children": [6, 7]
						}
					]
				},
				{
					"name": "head",
					"origin": [0, 0, 0],
					"color": 0,
					"children": [
						8,
						9,
						{
							"name": "ears",
							"origin": [0, 0, 0],
							"color": 0,
							"children": [10, 11]
						}
					]
				}
			]
		},
		{
			"name": "bear_2",
			"origin": [0, 0, 0],
			"color": 0,
			"children": [12, 13, 14, 15, 16, 17, 18, 19, 20, 21, 22, 23]
		},
		{
			"name": "bear_3",
			"origin": [0, 0, 0],
			"color": 0,
			"children": [24, 25, 26, 27, 28, 29, 30, 31, 32, 33, 34, 35]
		},
		{
			"name": "bear_4",
			"origin": [0, 0, 0],
			"color": 0,
			"children": [36, 37, 38, 39, 40, 41, 42, 43, 44, 45, 46, 47]
		},
		{
			"name": "bear_5",
			"origin": [0, 0, 0],
			"color": 0,
			"children": [48, 49, 50, 51, 52, 53, 54, 55, 56, 57, 58, 59]
		},
		{
			"name": "bear_6",
			"origin": [0, 0, 0],
			"color": 0,
			"children": [60, 61, 62, 63, 64, 65, 66, 67, 68, 69, 70, 71]
		},
		{
			"name": "bear_7",
			"origin": [0, 0, 0],
			"color": 0,
			"children": [72, 73, 74, 75, 76, 77, 78, 79, 80, 81, 82, 83]
		}
	]
}