{
    "credit": "Made with Blockbench", 
    "parent": "item", 
    "texture_size": [
        64, 
        64
    ], 
    "textures": {
        "main": "item/bear/idle_anim"
    }, 
    "elements": [
        {
            "name": "front_left_leg", 
            "from": [ 0, 0, 10 ], 
            "to":   [ 6, 8, 14 ], 
            "faces": {
                "north": { "uv": [ 2.8125, 3, 3.1875, 3.5 ], "texture": "#main" }, 
                "east":  { "uv": [ 1.125, 3.0625, 1.375, 3.5625 ], "texture": "#main" }, 
                "south": { "uv": [ 0, 3.0625, 0.375, 3.5625 ], "texture": "#main" }, 
                "west":  { "uv": [ 3.125, 2.375, 3.375, 2.875 ], "texture": "#main" }, 
                "up":    { "uv": [ 2.375, 1.5625, 2, 1.3125 ], "texture": "#main" }, 
                "down":  { "uv": [ 3.8125, 1.25, 3.4375, 1.5 ], "texture": "#main" }
            }
        }, 
        {
            "name": "front_right_leg", 
            "from": [ 0, 0, 2 ], 
            "to":   [ 6, 8, 6 ], 
            "faces": {
                "north": { "uv": [ 0.375, 3.0625, 0.75, 3.5625 ], "texture": "#main" }, 
                "east":  { "uv": [ 3.1875, 0.9375, 3.4375, 1.4375 ], "texture": "#main" }, 
                "south": { "uv": [ 0.75, 3.0625, 1.125, 3.5625 ], "texture": "#main" }, 
                "west":  { "uv": [ 3.1875, 1.4375, 3.4375, 1.9375 ], "texture": "#main" }, 
                "up":    { "uv": [ 3.8125, 1.75, 3.4375, 1.5 ], "texture": "#main" }, 
                "down":  { "uv": [ 2.75, 3.4375, 2.375, 3.6875 ], "texture": "#main" }
            }
        }, 
        {
            "name": "back_left_leg", 
            "from": [ 15, 0, 11 ], 
            "to":   [ 22, 8, 15 ], 
            "faces": {
                "north": { "uv": [ 0, 2.5625, 0.5, 3.0625 ], "texture": "#main" }, 
                "east":  { "uv": [ 3.1875, 2.875, 3.4375, 3.375 ], "texture": "#main" }, 
                "south": { "uv": [ 0.5, 2.5625, 1, 3.0625 ], "texture": "#main" }, 
                "west":  { "uv": [ 3.3125, 0, 3.5625, 0.5 ], "texture": "#main" }, 
                "up":    { "uv": [ 3.875, 0.75, 3.375, 0.5 ], "texture": "#main" }, 
                "down":  { "uv": [ 3.875, 1.9375, 3.375, 2.1875 ], "texture": "#main" }
            }
        }, 
        {
            "name": "back_right_leg", 
            "from": [ 15, 0, 1 ], 
            "to":   [ 22, 8, 5 ], 
            "faces": {
                "north": { "uv": [ 1, 2.5625, 1.5, 3.0625 ], "texture": "#main" }, 
                "east":  { "uv": [ 3.375, 2.1875, 3.625, 2.6875 ], "texture": "#main" }, 
                "south": { "uv": [ 2.8125, 0, 3.3125, 0.5 ], "texture": "#main" }, 
                "west":  { "uv": [ 3.1875, 3.375, 3.4375, 3.875 ], "texture": "#main" }, 
                "up":    { "uv": [ 3.9375, 1, 3.4375, 0.75 ], "texture": "#main" }, 
                "down":  { "uv": [ 3.9375, 1, 3.4375, 1.25 ], "texture": "#main" }
            }
        }, 
        {
            "name": "torso", 
            "from": [ -3, 8, 1 ], 
            "to":   [ 10, 18, 15 ], 
            "faces": {
                "north": { "uv": [ 2.375, 2.375, 3.125, 3 ], "texture": "#main" }, 
                "east":  { "uv": [ 2, 0.6875, 2.875, 1.3125 ], "texture": "#main" }, 
                "south": { "uv": [ 2.4375, 1.3125, 3.1875, 1.9375 ], "texture": "#main" }, 
                "west":  { "uv": [ 1.5, 2.375, 2.375, 3 ], "texture": "#main" }, 
                "up":    { "uv": [ 0.75, 2.5625, 0, 1.6875 ], "texture": "#main" }, 
                "down":  { "uv": [ 1.5, 1.6875, 0.75, 2.5625 ], "texture": "#main" }
            }
        }, 
        {
            "name": "lower_body", 
            "from": [ 10, 8, 0 ], 
            "to":   [ 24, 19, 16 ], 
            "faces": {
                "north": { "uv": [ 1.5, 1.6875, 2.4375, 2.375 ], "texture": "#main" }, 
                "east":  { "uv": [ 0, 1, 1, 1.6875 ], "texture": "#main" }, 
                "south": { "uv": [ 1.875, 0, 2.8125, 0.6875 ], "texture": "#main" }, 
                "west":  { "uv": [ 1, 1, 2, 1.6875 ], "texture": "#main" }, 
                "up":    { "uv": [ 0.9375, 1, 0, 0 ], "texture": "#main" }, 
                "down":  { "uv": [ 1.875, 0, 0.9375, 1 ], "texture": "#main" }
            }
        }, 
        {
            "name": "tail_body", 
            "from": [ 24, 12, 6 ], 
            "to":   [ 25, 16, 10 ], 
            "faces": {
                "north": { "uv": [ 1.875, 0.6875, 1.9375, 0.9375 ], "texture": "#main" }, 
                "east":  { "uv": [ 3.4375, 3.25, 3.6875, 3.5 ], "texture": "#main" }, 
                "south": { "uv": [ 1.9375, 0.6875, 2, 0.9375 ], "texture": "#main" }, 
                "west":  { "uv": [ 1.375, 3.5, 1.625, 3.75 ], "texture": "#main" }, 
                "up":    { "uv": [ 2.4375, 1.5625, 2.375, 1.3125 ], "texture": "#main" }, 
                "down":  { "uv": [ 1.4375, 3.0625, 1.375, 3.3125 ], "texture": "#main" }
            }
        }, 
        {
            "name": "tail_end", 
            "from": [ 24, 11, 7 ], 
            "to":   [ 25, 12, 9 ], 
            "faces": {
                "north": { "uv": [ 2, 1.625, 2.0625, 1.6875 ], "texture": "#main" }, 
                "east":  { "uv": [ 1.875, 0.9375, 2, 1 ], "texture": "#main" }, 
                "south": { "uv": [ 2.0625, 1.625, 2.125, 1.6875 ], "texture": "#main" }, 
                "west":  { "uv": [ 2, 1.5625, 2.125, 1.625 ], "texture": "#main" }, 
                "up":    { "uv": [ 2.1875, 1.6875, 2.125, 1.5625 ], "texture": "#main" }, 
                "down":  { "uv": [ 2.25, 1.5625, 2.1875, 1.6875 ], "texture": "#main" }
            }
        }, 
        {
            "name": "skull", 
            "from": [ -10, 10, 4 ], 
            "to":   [ -3, 17, 12 ], 
            "faces": {
                "north": { "uv": [ 2.9375, 1.9375, 3.375, 2.375 ], "texture": "#main" }, 
                "east":  { "uv": [ 2.4375, 1.9375, 2.9375, 2.375 ], "texture": "#main" }, 
                "south": { "uv": [ 2.375, 3, 2.8125, 3.4375 ], "texture": "#main" }, 
                "west":  { "uv": [ 2.875, 0.5, 3.375, 0.9375 ], "texture": "#main" }, 
                "up":    { "uv": [ 1.9375, 3.5, 1.5, 3 ], "texture": "#main" }, 
                "down":  { "uv": [ 2.375, 3, 1.9375, 3.5 ], "texture": "#main" }
            }
        }, 
        {
            "name": "jaw", 
            "from": [ -14, 10, 5 ], 
            "to":   [ -10, 13, 11 ], 
            "faces": {
                "north": { "uv": [ 1.625, 3.5, 1.875, 3.6875 ], "texture": "#main" }, 
                "east":  { "uv": [ 3.4375, 1.75, 3.8125, 1.9375 ], "texture": "#main" }, 
                "south": { "uv": [ 1.875, 3.5, 2.125, 3.6875 ], "texture": "#main" }, 
                "west":  { "uv": [ 3.4375, 3.0625, 3.8125, 3.25 ], "texture": "#main" }, 
                "up":    { "uv": [ 3.125, 1.3125, 2.875, 0.9375 ], "texture": "#main" }, 
                "down":  { "uv": [ 3.6875, 2.6875, 3.4375, 3.0625 ], "texture": "#main" }
            }
        }, 
        {
            "name": "left_ear", 
            "from": [ -8, 16, 11 ], 
            "to":   [ -7, 19, 14 ], 
            "faces": {
                "north": { "uv": [ 2.8125, 0.5, 2.875, 0.6875 ], "texture": "#main" }, 
                "east":  { "uv": [ 2.125, 3.5, 2.3125, 3.6875 ], "texture": "#main" }, 
                "south": { "uv": [ 1.4375, 3.0625, 1.5, 3.25 ], "texture": "#main" }, 
                "west":  { "uv": [ 2.75, 3.5, 2.9375, 3.6875 ], "texture": "#main" }, 
                "up":    { "uv": [ 3.1875, 1.125, 3.125, 0.9375 ], "texture": "#main" }, 
                "down":  { "uv": [ 3.1875, 1.125, 3.125, 1.3125 ], "texture": "#main" }
            }
        }, 
        {
            "name": "right_ear", 
            "from": [ -8, 16, 2 ], 
            "to":   [ -7, 19, 5 ], 
            "faces": {
                "north": { "uv": [ 1.4375, 3.25, 1.5, 3.4375 ], "texture": "#main" }, 
                "east":  { "uv": [ 2.9375, 3.5, 3.125, 3.6875 ], "texture": "#main" }, 
                "south": { "uv": [ 1.375, 3.3125, 1.4375, 3.5 ], "texture": "#main" }, 
                "west":  { "uv": [ 3.4375, 3.5, 3.625, 3.6875 ], "texture": "#main" }, 
                "up":    { "uv": [ 3.4375, 0.9375, 3.375, 0.75 ], "texture": "#main" }, 
                "down":  { "uv": [ 3.4375, 2.6875, 3.375, 2.875 ], "texture": "#main" }
            }
        }, 
        {
            "name": "front_left_leg", 
            "from": [ 0, 0, 10 ], 
            "to":   [ 6, 8, 14 ], 
            "faces": {
                "north": { "uv": [ 6.8125, 3, 7.1875, 3.5 ], "texture": "#main" }, 
                "east":  { "uv": [ 5.125, 3.0625, 5.375, 3.5625 ], "texture": "#main" }, 
                "south": { "uv": [ 4, 3.0625, 4.375, 3.5625 ], "texture": "#main" }, 
                "west":  { "uv": [ 7.125, 2.375, 7.375, 2.875 ], "texture": "#main" }, 
                "up":    { "uv": [ 6.375, 1.5625, 6, 1.3125 ], "texture": "#main" }, 
                "down":  { "uv": [ 7.8125, 1.25, 7.4375, 1.5 ], "texture": "#main" }
            }
        }, 
        {
            "name": "front_right_leg", 
            "from": [ 0, 0, 2 ], 
            "to":   [ 6, 8, 6 ], 
            "faces": {
                "north": { "uv": [ 4.375, 3.0625, 4.75, 3.5625 ], "texture": "#main" }, 
                "east":  { "uv": [ 7.1875, 0.9375, 7.4375, 1.4375 ], "texture": "#main" }, 
                "south": { "uv": [ 4.75, 3.0625, 5.125, 3.5625 ], "texture": "#main" }, 
                "west":  { "uv": [ 7.1875, 1.4375, 7.4375, 1.9375 ], "texture": "#main" }, 
                "up":    { "uv": [ 7.8125, 1.75, 7.4375, 1.5 ], "texture": "#main" }, 
                "down":  { "uv": [ 6.75, 3.4375, 6.375, 3.6875 ], "texture": "#main" }
            }
        }, 
        {
            "name": "back_left_leg", 
            "from": [ 15, 0, 11 ], 
            "to":   [ 22, 8, 15 ], 
            "faces": {
                "north": { "uv": [ 4, 2.5625, 4.5, 3.0625 ], "texture": "#main" }, 
                "east":  { "uv": [ 7.1875, 2.875, 7.4375, 3.375 ], "texture": "#main" }, 
                "south": { "uv": [ 4.5, 2.5625, 5, 3.0625 ], "texture": "#main" }, 
                "west":  { "uv": [ 7.3125, 0, 7.5625, 0.5 ], "texture": "#main" }, 
                "up":    { "uv": [ 7.875, 0.75, 7.375, 0.5 ], "texture": "#main" }, 
                "down":  { "uv": [ 7.875, 1.9375, 7.375, 2.1875 ], "texture": "#main" }
            }
        }, 
        {
            "name": "back_right_leg", 
            "from": [ 15, 0, 1 ], 
            "to":   [ 22, 8, 5 ], 
            "faces": {
                "north": { "uv": [ 5, 2.5625, 5.5, 3.0625 ], "texture": "#main" }, 
                "east":  { "uv": [ 7.375, 2.1875, 7.625, 2.6875 ], "texture": "#main" }, 
                "south": { "uv": [ 6.8125, 0, 7.3125, 0.5 ], "texture": "#main" }, 
                "west":  { "uv": [ 7.1875, 3.375, 7.4375, 3.875 ], "texture": "#main" }, 
                "up":    { "uv": [ 7.9375, 1, 7.4375, 0.75 ], "texture": "#main" }, 
                "down":  { "uv": [ 7.9375, 1, 7.4375, 1.25 ], "texture": "#main" }
            }
        }, 
        {
            "name": "torso", 
            "from": [ -3, 8, 1 ], 
            "to":   [ 10, 18, 15 ], 
            "faces": {
                "north": { "uv": [ 6.375, 2.375, 7.125, 3 ], "texture": "#main" }, 
                "east":  { "uv": [ 6, 0.6875, 6.875, 1.3125 ], "texture": "#main" }, 
                "south": { "uv": [ 6.4375, 1.3125, 7.1875, 1.9375 ], "texture": "#main" }, 
                "west":  { "uv": [ 5.5, 2.375, 6.375, 3 ], "texture": "#main" }, 
                "up":    { "uv": [ 4.75, 2.5625, 4, 1.6875 ], "texture": "#main" }, 
                "down":  { "uv": [ 5.5, 1.6875, 4.75, 2.5625 ], "texture": "#main" }
            }
        }, 
        {
            "name": "lower_body", 
            "from": [ 10, 8, 0 ], 
            "to":   [ 24, 19, 16 ], 
            "faces": {
                "north": { "uv": [ 5.5, 1.6875, 6.4375, 2.375 ], "texture": "#main" }, 
                "east":  { "uv": [ 4, 1, 5, 1.6875 ], "texture": "#main" }, 
                "south": { "uv": [ 5.875, 0, 6.8125, 0.6875 ], "texture": "#main" }, 
                "west":  { "uv": [ 5, 1, 6, 1.6875 ], "texture": "#main" }, 
                "up":    { "uv": [ 4.9375, 1, 4, 0 ], "texture": "#main" }, 
                "down":  { "uv": [ 5.875, 0, 4.9375, 1 ], "texture": "#main" }
            }
        }, 
        {
            "name": "tail_body", 
            "from": [ 24, 12, 6 ], 
            "to":   [ 25, 16, 10 ], 
            "faces": {
                "north": { "uv": [ 5.875, 0.6875, 5.9375, 0.9375 ], "texture": "#main" }, 
                "east":  { "uv": [ 7.4375, 3.25, 7.6875, 3.5 ], "texture": "#main" }, 
                "south": { "uv": [ 5.9375, 0.6875, 6, 0.9375 ], "texture": "#main" }, 
                "west":  { "uv": [ 5.375, 3.5, 5.625, 3.75 ], "texture": "#main" }, 
                "up":    { "uv": [ 6.4375, 1.5625, 6.375, 1.3125 ], "texture": "#main" }, 
                "down":  { "uv": [ 5.4375, 3.0625, 5.375, 3.3125 ], "texture": "#main" }
            }
        }, 
        {
            "name": "tail_end", 
            "from": [ 24, 11, 7 ], 
            "to":   [ 25, 12, 9 ], 
            "faces": {
                "north": { "uv": [ 6, 1.625, 6.0625, 1.6875 ], "texture": "#main" }, 
                "east":  { "uv": [ 5.875, 0.9375, 6, 1 ], "texture": "#main" }, 
                "south": { "uv": [ 6.0625, 1.625, 6.125, 1.6875 ], "texture": "#main" }, 
                "west":  { "uv": [ 6, 1.5625, 6.125, 1.625 ], "texture": "#main" }, 
                "up":    { "uv": [ 6.1875, 1.6875, 6.125, 1.5625 ], "texture": "#main" }, 
                "down":  { "uv": [ 6.25, 1.5625, 6.1875, 1.6875 ], "texture": "#main" }
            }
        }, 
        {
            "name": "skull", 
            "from": [ -10, 14, -2 ], 
            "to":   [ -3, 21, 6 ], 
            "rotation": { "angle": 22.5, "axis": "x", "origin": [0, 0, 0] }, 
            "faces": {
                "north": { "uv": [ 6.9375, 1.9375, 7.375, 2.375 ], "texture": "#main" }, 
                "east":  { "uv": [ 6.4375, 1.9375, 6.9375, 2.375 ], "texture": "#main" }, 
                "south": { "uv": [ 6.375, 3, 6.8125, 3.4375 ], "texture": "#main" }, 
                "west":  { "uv": [ 4.5, 3.5625, 4, 4 ], "texture": "#main" }, 
                "up":    { "uv": [ 5.9375, 3.5, 5.5, 3 ], "texture": "#main" }, 
                "down":  { "uv": [ 6.375, 3, 5.9375, 3.5 ], "texture": "#main" }
            }
        }, 
        {
            "name": "jaw", 
            "from": [ -14, 14, -1 ], 
            "to":   [ -10, 17, 5 ], 
            "rotation": { "angle": 22.5, "axis": "x", "origin": [0, 0, 0] }, 
            "faces": {
                "north": { "uv": [ 5.625, 3.5, 5.875, 3.6875 ], "texture": "#main" }, 
                "east":  { "uv": [ 7.4375, 1.75, 7.8125, 1.9375 ], "texture": "#main" }, 
                "south": { "uv": [ 5.875, 3.5, 6.125, 3.6875 ], "texture": "#main" }, 
                "west":  { "uv": [ 7.4375, 3.0625, 7.8125, 3.25 ], "texture": "#main" }, 
                "up":    { "uv": [ 7.125, 1.3125, 6.875, 0.9375 ], "texture": "#main" }, 
                "down":  { "uv": [ 7.6875, 2.6875, 7.4375, 3.0625 ], "texture": "#main" }
            }
        }, 
        {
            "name": "left_ear", 
            "from": [ -8, 20, 5 ], 
            "to":   [ -7, 23, 8 ], 
            "rotation": { "angle": 22.5, "axis": "x", "origin": [0, 0, 0] }, 
            "faces": {
                "north": { "uv": [ 6.8125, 0.5, 6.875, 0.6875 ], "texture": "#main" }, 
                "east":  { "uv": [ 6.125, 3.5, 6.3125, 3.6875 ], "texture": "#main" }, 
                "south": { "uv": [ 5.4375, 3.0625, 5.5, 3.25 ], "texture": "#main" }, 
                "west":  { "uv": [ 6.75, 3.5, 6.9375, 3.6875 ], "texture": "#main" }, 
                "up":    { "uv": [ 7.1875, 1.125, 7.125, 0.9375 ], "texture": "#main" }, 
                "down":  { "uv": [ 7.1875, 1.125, 7.125, 1.3125 ], "texture": "#main" }
            }
        }, 
        {
            "name": "right_ear", 
            "from": [ -8, 20, -4 ], 
            "to":   [ -7, 23, -1 ], 
            "rotation": { "angle": 22.5, "axis": "x", "origin": [0, 0, 0] }, 
            "faces": {
                "north": { "uv": [ 5.4375, 3.25, 5.5, 3.4375 ], "texture": "#main" }, 
                "east":  { "uv": [ 6.9375, 3.5, 7.125, 3.6875 ], "texture": "#main" }, 
                "south": { "uv": [ 5.375, 3.3125, 5.4375, 3.5 ], "texture": "#main" }, 
                "west":  { "uv": [ 7.4375, 3.5, 7.625, 3.6875 ], "texture": "#main" }, 
                "up":    { "uv": [ 7.4375, 0.9375, 7.375, 0.75 ], "texture": "#main" }, 
                "down":  { "uv": [ 7.4375, 2.6875, 7.375, 2.875 ], "texture": "#main" }
            }
        }, 
        {
            "name": "front_left_leg", 
            "from": [ 0, 0, 10 ], 
            "to":   [ 6, 8, 14 ], 
            "faces": {
                "north": { "uv": [ 10.8125, 3, 11.1875, 3.5 ], "texture": "#main" }, 
                "east":  { "uv": [ 9.125, 3.0625, 9.375, 3.5625 ], "texture": "#main" }, 
                "south": { "uv": [ 8, 3.0625, 8.375, 3.5625 ], "texture": "#main" }, 
                "west":  { "uv": [ 11.125, 2.375, 11.375, 2.875 ], "texture": "#main" }, 
                "up":    { "uv": [ 10.375, 1.5625, 10, 1.3125 ], "texture": "#main" }, 
                "down":  { "uv": [ 11.8125, 1.25, 11.4375, 1.5 ], "texture": "#main" }
            }
        }, 
        {
            "name": "front_right_leg", 
            "from": [ 0, 0, 2 ], 
            "to":   [ 6, 8, 6 ], 
            "faces": {
                "north": { "uv": [ 8.375, 3.0625, 8.75, 3.5625 ], "texture": "#main" }, 
                "east":  { "uv": [ 11.1875, 0.9375, 11.4375, 1.4375 ], "texture": "#main" }, 
                "south": { "uv": [ 8.75, 3.0625, 9.125, 3.5625 ], "texture": "#main" }, 
                "west":  { "uv": [ 11.1875, 1.4375, 11.4375, 1.9375 ], "texture": "#main" }, 
                "up":    { "uv": [ 11.8125, 1.75, 11.4375, 1.5 ], "texture": "#main" }, 
                "down":  { "uv": [ 10.75, 3.4375, 10.375, 3.6875 ], "texture": "#main" }
            }
        }, 
        {
            "name": "back_left_leg", 
            "from": [ 15, 0, 11 ], 
            "to":   [ 22, 8, 15 ], 
            "faces": {
                "north": { "uv": [ 8, 2.5625, 8.5, 3.0625 ], "texture": "#main" }, 
                "east":  { "uv": [ 11.1875, 2.875, 11.4375, 3.375 ], "texture": "#main" }, 
                "south": { "uv": [ 8.5, 2.5625, 9, 3.0625 ], "texture": "#main" }, 
                "west":  { "uv": [ 11.3125, 0, 11.5625, 0.5 ], "texture": "#main" }, 
                "up":    { "uv": [ 11.875, 0.75, 11.375, 0.5 ], "texture": "#main" }, 
                "down":  { "uv": [ 11.875, 1.9375, 11.375, 2.1875 ], "texture": "#main" }
            }
        }, 
        {
            "name": "back_right_leg", 
            "from": [ 15, 0, 1 ], 
            "to":   [ 22, 8, 5 ], 
            "faces": {
                "north": { "uv": [ 9, 2.5625, 9.5, 3.0625 ], "texture": "#main" }, 
                "east":  { "uv": [ 11.375, 2.1875, 11.625, 2.6875 ], "texture": "#main" }, 
                "south": { "uv": [ 10.8125, 0, 11.3125, 0.5 ], "texture": "#main" }, 
                "west":  { "uv": [ 11.1875, 3.375, 11.4375, 3.875 ], "texture": "#main" }, 
                "up":    { "uv": [ 11.9375, 1, 11.4375, 0.75 ], "texture": "#main" }, 
                "down":  { "uv": [ 11.9375, 1, 11.4375, 1.25 ], "texture": "#main" }
            }
        }, 
        {
            "name": "torso", 
            "from": [ -2, 5, 1 ], 
            "to":   [ 11, 15, 15 ], 
            "faces": {
                "north": { "uv": [ 10.375, 2.375, 11.125, 3 ], "texture": "#main" }, 
                "east":  { "uv": [ 10, 0.6875, 10.875, 1.3125 ], "texture": "#main" }, 
                "south": { "uv": [ 10.4375, 1.3125, 11.1875, 1.9375 ], "texture": "#main" }, 
                "west":  { "uv": [ 9.5, 2.375, 10.375, 3 ], "texture": "#main" }, 
                "up":    { "uv": [ 8.75, 2.5625, 8, 1.6875 ], "texture": "#main" }, 
                "down":  { "uv": [ 9.5, 1.6875, 8.75, 2.5625 ], "texture": "#main" }
            }
        }, 
        {
            "name": "lower_body", 
            "from": [ 5, 8, 0 ], 
            "to":   [ 19, 19, 16 ], 
            "rotation": { "angle": -22.5, "axis": "z", "origin": [0, 0, 0] }, 
            "faces": {
                "north": { "uv": [ 9.5, 1.6875, 10.4375, 2.375 ], "texture": "#main" }, 
                "east":  { "uv": [ 8, 1, 9, 1.6875 ], "texture": "#main" }, 
                "south": { "uv": [ 9.875, 0, 10.8125, 0.6875 ], "texture": "#main" }, 
                "west":  { "uv": [ 9, 1, 10, 1.6875 ], "texture": "#main" }, 
                "up":    { "uv": [ 8.9375, 1, 8, 0 ], "texture": "#main" }, 
                "down":  { "uv": [ 9.875, 0, 8.9375, 1 ], "texture": "#main" }
            }
        }, 
        {
            "name": "tail_body", 
            "from": [ 19, 12, 6 ], 
            "to":   [ 20, 16, 10 ], 
            "rotation": { "angle": -22.5, "axis": "z", "origin": [0, 0, 0] }, 
            "faces": {
                "north": { "uv": [ 9.875, 0.6875, 9.9375, 0.9375 ], "texture": "#main" }, 
                "east":  { "uv": [ 11.4375, 3.25, 11.6875, 3.5 ], "texture": "#main" }, 
                "south": { "uv": [ 9.9375, 0.6875, 10, 0.9375 ], "texture": "#main" }, 
                "west":  { "uv": [ 9.375, 3.5, 9.625, 3.75 ], "texture": "#main" }, 
                "up":    { "uv": [ 10.4375, 1.5625, 10.375, 1.3125 ], "texture": "#main" }, 
                "down":  { "uv": [ 9.4375, 3.0625, 9.375, 3.3125 ], "texture": "#main" }
            }
        }, 
        {
            "name": "tail_end", 
            "from": [ 19, 11, 7 ], 
            "to":   [ 20, 12, 9 ], 
            "rotation": { "angle": -22.5, "axis": "z", "origin": [0, 0, 0] }, 
            "faces": {
                "north": { "uv": [ 10, 1.625, 10.0625, 1.6875 ], "texture": "#main" }, 
                "east":  { "uv": [ 9.875, 0.9375, 10, 1 ], "texture": "#main" }, 
                "south": { "uv": [ 10.0625, 1.625, 10.125, 1.6875 ], "texture": "#main" }, 
                "west":  { "uv": [ 10, 1.5625, 10.125, 1.625 ], "texture": "#main" }, 
                "up":    { "uv": [ 10.1875, 1.6875, 10.125, 1.5625 ], "texture": "#main" }, 
                "down":  { "uv": [ 10.25, 1.5625, 10.1875, 1.6875 ], "texture": "#main" }
            }
        }, 
        {
            "name": "skull", 
            "from": [ -9, 8, 4 ], 
            "to":   [ -2, 15, 12 ], 
            "faces": {
                "north": { "uv": [ 10.9375, 1.9375, 11.375, 2.375 ], "texture": "#main" }, 
                "east":  { "uv": [ 10.4375, 1.9375, 10.9375, 2.375 ], "texture": "#main" }, 
                "south": { "uv": [ 10.375, 3, 10.8125, 3.4375 ], "texture": "#main" }, 
                "west":  { "uv": [ 10.875, 0.5, 11.375, 0.9375 ], "texture": "#main" }, 
                "up":    { "uv": [ 9.9375, 3.5, 9.5, 3 ], "texture": "#main" }, 
                "down":  { "uv": [ 10.375, 3, 9.9375, 3.5 ], "texture": "#main" }
            }
        }, 
        {
            "name": "jaw", 
            "from": [ -13, 8, 5 ], 
            "to":   [ -9, 11, 11 ], 
            "faces": {
                "north": { "uv": [ 9.625, 3.5, 9.875, 3.6875 ], "texture": "#main" }, 
                "east":  { "uv": [ 11.4375, 1.75, 11.8125, 1.9375 ], "texture": "#main" }, 
                "south": { "uv": [ 9.875, 3.5, 10.125, 3.6875 ], "texture": "#main" }, 
                "west":  { "uv": [ 11.4375, 3.0625, 11.8125, 3.25 ], "texture": "#main" }, 
                "up":    { "uv": [ 11.125, 1.3125, 10.875, 0.9375 ], "texture": "#main" }, 
                "down":  { "uv": [ 11.6875, 2.6875, 11.4375, 3.0625 ], "texture": "#main" }
            }
        }, 
        {
            "name": "left_ear", 
            "from": [ -7, 14, 11 ], 
            "to":   [ -6, 17, 14 ], 
            "faces": {
                "north": { "uv": [ 10.8125, 0.5, 10.875, 0.6875 ], "texture": "#main" }, 
                "east":  { "uv": [ 10.125, 3.5, 10.3125, 3.6875 ], "texture": "#main" }, 
                "south": { "uv": [ 9.4375, 3.0625, 9.5, 3.25 ], "texture": "#main" }, 
                "west":  { "uv": [ 10.75, 3.5, 10.9375, 3.6875 ], "texture": "#main" }, 
                "up":    { "uv": [ 11.1875, 1.125, 11.125, 0.9375 ], "texture": "#main" }, 
                "down":  { "uv": [ 11.1875, 1.125, 11.125, 1.3125 ], "texture": "#main" }
            }
        }, 
        {
            "name": "right_ear", 
            "from": [ -7, 14, 2 ], 
            "to":   [ -6, 17, 5 ], 
            "faces": {
                "north": { "uv": [ 9.4375, 3.25, 9.5, 3.4375 ], "texture": "#main" }, 
                "east":  { "uv": [ 10.9375, 3.5, 11.125, 3.6875 ], "texture": "#main" }, 
                "south": { "uv": [ 9.375, 3.3125, 9.4375, 3.5 ], "texture": "#main" }, 
                "west":  { "uv": [ 11.4375, 3.5, 11.625, 3.6875 ], "texture": "#main" }, 
                "up":    { "uv": [ 11.4375, 0.9375, 11.375, 0.75 ], "texture": "#main" }, 
                "down":  { "uv": [ 11.4375, 2.6875, 11.375, 2.875 ], "texture": "#main" }
            }
        }, 
        {
            "name": "front_left_leg", 
            "from": [ 0, 0, 10 ], 
            "to":   [ 6, 8, 14 ], 
            "faces": {
                "north": { "uv": [ 14.8125, 3, 15.1875, 3.5 ], "texture": "#main" }, 
                "east":  { "uv": [ 13.125, 3.0625, 13.375, 3.5625 ], "texture": "#main" }, 
                "south": { "uv": [ 12, 3.0625, 12.375, 3.5625 ], "texture": "#main" }, 
                "west":  { "uv": [ 15.125, 2.375, 15.375, 2.875 ], "texture": "#main" }, 
                "up":    { "uv": [ 14.375, 1.5625, 14, 1.3125 ], "texture": "#main" }, 
                "down":  { "uv": [ 15.8125, 1.25, 15.4375, 1.5 ], "texture": "#main" }
            }
        }, 
        {
            "name": "front_right_leg", 
            "from": [ 0, 0, 2 ], 
            "to":   [ 6, 8, 6 ], 
            "faces": {
                "north": { "uv": [ 12.375, 3.0625, 12.75, 3.5625 ], "texture": "#main" }, 
                "east":  { "uv": [ 15.1875, 0.9375, 15.4375, 1.4375 ], "texture": "#main" }, 
                "south": { "uv": [ 12.75, 3.0625, 13.125, 3.5625 ], "texture": "#main" }, 
                "west":  { "uv": [ 15.1875, 1.4375, 15.4375, 1.9375 ], "texture": "#main" }, 
                "up":    { "uv": [ 15.8125, 1.75, 15.4375, 1.5 ], "texture": "#main" }, 
                "down":  { "uv": [ 14.75, 3.4375, 14.375, 3.6875 ], "texture": "#main" }
            }
        }, 
        {
            "name": "back_left_leg", 
            "from": [ 11, 0, 11 ], 
            "to":   [ 19, 7, 15 ], 
            "faces": {
                "north": { "uv": [ 12, 2.5625, 12.5, 3.0625 ], "rotation":270, "texture": "#main" }, 
                "east":  { "uv": [ 15.875, 0.75, 15.375, 0.5 ], "rotation":90, "texture": "#main" }, 
                "south": { "uv": [ 12.5, 2.5625, 13, 3.0625 ], "rotation":90, "texture": "#main" }, 
                "west":  { "uv": [ 15.875, 1.9375, 15.375, 2.1875 ], "rotation":90, "texture": "#main" }, 
                "up":    { "uv": [ 15.3125, 0, 15.5625, 0.5 ], "rotation":90, "texture": "#main" }, 
                "down":  { "uv": [ 15.1875, 2.875, 15.4375, 3.375 ], "rotation":90, "texture": "#main" }
            }
        }, 
        {
            "name": "back_right_leg", 
            "from": [ 11, 0, 1 ], 
            "to":   [ 19, 7, 5 ], 
            "faces": {
                "north": { "uv": [ 13, 2.5625, 13.5, 3.0625 ], "rotation":270, "texture": "#main" }, 
                "east":  { "uv": [ 15.9375, 1, 15.4375, 0.75 ], "rotation":90, "texture": "#main" }, 
                "south": { "uv": [ 14.8125, 0, 15.3125, 0.5 ], "rotation":90, "texture": "#main" }, 
                "west":  { "uv": [ 15.9375, 1, 15.4375, 1.25 ], "rotation":90, "texture": "#main" }, 
                "up":    { "uv": [ 15.1875, 3.375, 15.4375, 3.875 ], "rotation":90, "texture": "#main" }, 
                "down":  { "uv": [ 15.375, 2.1875, 15.625, 2.6875 ], "rotation":90, "texture": "#main" }
            }
        }, 
        {
            "name": "torso", 
            "from": [ -8, 8, 1 ], 
            "to":   [ 5, 18, 15 ], 
            "rotation": { "angle": -22.5, "axis": "z", "origin": [0, 0, 0] }, 
            "faces": {
                "north": { "uv": [ 14.375, 2.375, 15.125, 3 ], "texture": "#main" }, 
                "east":  { "uv": [ 14, 0.6875, 14.875, 1.3125 ], "texture": "#main" }, 
                "south": { "uv": [ 14.4375, 1.3125, 15.1875, 1.9375 ], "texture": "#main" }, 
                "west":  { "uv": [ 13.5, 2.375, 14.375, 3 ], "texture": "#main" }, 
                "up":    { "uv": [ 12.75, 2.5625, 12, 1.6875 ], "texture": "#main" }, 
                "down":  { "uv": [ 13.5, 1.6875, 12.75, 2.5625 ], "texture": "#main" }
            }
        }, 
        {
            "name": "lower_body", 
            "from": [ 5, 8, 0 ], 
            "to":   [ 19, 19, 16 ], 
            "rotation": { "angle": -22.5, "axis": "z", "origin": [0, 0, 0] }, 
            "faces": {
                "north": { "uv": [ 13.5, 1.6875, 14.4375, 2.375 ], "texture": "#main" }, 
                "east":  { "uv": [ 12, 1, 13, 1.6875 ], "texture": "#main" }, 
                "south": { "uv": [ 13.875, 0, 14.8125, 0.6875 ], "texture": "#main" }, 
                "west":  { "uv": [ 13, 1, 14, 1.6875 ], "texture": "#main" }, 
                "up":    { "uv": [ 12.9375, 1, 12, 0 ], "texture": "#main" }, 
                "down":  { "uv": [ 13.875, 0, 12.9375, 1 ], "texture": "#main" }
            }
        }, 
        {
            "name": "tail_body", 
            "from": [ 19, 12, 6 ], 
            "to":   [ 20, 16, 10 ], 
            "rotation": { "angle": -22.5, "axis": "z", "origin": [0, 0, 0] }, 
            "faces": {
                "north": { "uv": [ 13.875, 0.6875, 13.9375, 0.9375 ], "texture": "#main" }, 
                "east":  { "uv": [ 15.4375, 3.25, 15.6875, 3.5 ], "texture": "#main" }, 
                "south": { "uv": [ 13.9375, 0.6875, 14, 0.9375 ], "texture": "#main" }, 
                "west":  { "uv": [ 13.375, 3.5, 13.625, 3.75 ], "texture": "#main" }, 
                "up":    { "uv": [ 14.4375, 1.5625, 14.375, 1.3125 ], "texture": "#main" }, 
                "down":  { "uv": [ 13.4375, 3.0625, 13.375, 3.3125 ], "texture": "#main" }
            }
        }, 
        {
            "name": "tail_end", 
            "from": [ 19, 11, 7 ], 
            "to":   [ 20, 12, 9 ], 
            "rotation": { "angle": -22.5, "axis": "z", "origin": [0, 0, 0] }, 
            "faces": {
                "north": { "uv": [ 14, 1.625, 14.0625, 1.6875 ], "texture": "#main" }, 
                "east":  { "uv": [ 13.875, 0.9375, 14, 1 ], "texture": "#main" }, 
                "south": { "uv": [ 14.0625, 1.625, 14.125, 1.6875 ], "texture": "#main" }, 
                "west":  { "uv": [ 14, 1.5625, 14.125, 1.625 ], "texture": "#main" }, 
                "up":    { "uv": [ 14.1875, 1.6875, 14.125, 1.5625 ], "texture": "#main" }, 
                "down":  { "uv": [ 14.25, 1.5625, 14.1875, 1.6875 ], "texture": "#main" }
            }
        }, 
        {
            "name": "skull", 
            "from": [ -9, 13, 4 ], 
            "to":   [ -2, 20, 12 ], 
            "faces": {
                "north": { "uv": [ 14.9375, 1.9375, 15.375, 2.375 ], "texture": "#main" }, 
                "east":  { "uv": [ 14.4375, 1.9375, 14.9375, 2.375 ], "texture": "#main" }, 
                "south": { "uv": [ 14.375, 3, 14.8125, 3.4375 ], "texture": "#main" }, 
                "west":  { "uv": [ 14.875, 0.5, 15.375, 0.9375 ], "texture": "#main" }, 
                "up":    { "uv": [ 13.9375, 3.5, 13.5, 3 ], "texture": "#main" }, 
                "down":  { "uv": [ 14.375, 3, 13.9375, 3.5 ], "texture": "#main" }
            }
        }, 
        {
            "name": "jaw", 
            "from": [ -13, 13, 5 ], 
            "to":   [ -9, 16, 11 ], 
            "faces": {
                "north": { "uv": [ 13.625, 3.5, 13.875, 3.6875 ], "texture": "#main" }, 
                "east":  { "uv": [ 15.4375, 1.75, 15.8125, 1.9375 ], "texture": "#main" }, 
                "south": { "uv": [ 13.875, 3.5, 14.125, 3.6875 ], "texture": "#main" }, 
                "west":  { "uv": [ 15.4375, 3.0625, 15.8125, 3.25 ], "texture": "#main" }, 
                "up":    { "uv": [ 15.125, 1.3125, 14.875, 0.9375 ], "texture": "#main" }, 
                "down":  { "uv": [ 15.6875, 2.6875, 15.4375, 3.0625 ], "texture": "#main" }
            }
        }, 
        {
            "name": "left_ear", 
            "from": [ -7, 19, 11 ], 
            "to":   [ -6, 22, 14 ], 
            "faces": {
                "north": { "uv": [ 14.8125, 0.5, 14.875, 0.6875 ], "texture": "#main" }, 
                "east":  { "uv": [ 14.125, 3.5, 14.3125, 3.6875 ], "texture": "#main" }, 
                "south": { "uv": [ 13.4375, 3.0625, 13.5, 3.25 ], "texture": "#main" }, 
                "west":  { "uv": [ 14.75, 3.5, 14.9375, 3.6875 ], "texture": "#main" }, 
                "up":    { "uv": [ 15.1875, 1.125, 15.125, 0.9375 ], "texture": "#main" }, 
                "down":  { "uv": [ 15.1875, 1.125, 15.125, 1.3125 ], "texture": "#main" }
            }
        }, 
        {
            "name": "right_ear", 
            "from": [ -7, 19, 2 ], 
            "to":   [ -6, 22, 5 ], 
            "faces": {
                "north": { "uv": [ 13.4375, 3.25, 13.5, 3.4375 ], "texture": "#main" }, 
                "east":  { "uv": [ 14.9375, 3.5, 15.125, 3.6875 ], "texture": "#main" }, 
                "south": { "uv": [ 13.375, 3.3125, 13.4375, 3.5 ], "texture": "#main" }, 
                "west":  { "uv": [ 15.4375, 3.5, 15.625, 3.6875 ], "texture": "#main" }, 
                "up":    { "uv": [ 15.4375, 0.9375, 15.375, 0.75 ], "texture": "#main" }, 
                "down":  { "uv": [ 15.4375, 2.6875, 15.375, 2.875 ], "texture": "#main" }
            }
        }, 
        {
            "name": "front_left_leg", 
            "from": [ 0, 0, 10 ], 
            "to":   [ 6, 8, 14 ], 
            "faces": {
                "north": { "uv": [ 2.8125, 7, 3.1875, 7.5 ], "texture": "#main" }, 
                "east":  { "uv": [ 1.125, 7.0625, 1.375, 7.5625 ], "texture": "#main" }, 
                "south": { "uv": [ 0, 7.0625, 0.375, 7.5625 ], "texture": "#main" }, 
                "west":  { "uv": [ 3.125, 6.375, 3.375, 6.875 ], "texture": "#main" }, 
                "up":    { "uv": [ 2.375, 5.5625, 2, 5.3125 ], "texture": "#main" }, 
                "down":  { "uv": [ 3.8125, 5.25, 3.4375, 5.5 ], "texture": "#main" }
            }
        }, 
        {
            "name": "front_right_leg", 
            "from": [ 0, 0, 2 ], 
            "to":   [ 6, 8, 6 ], 
            "faces": {
                "north": { "uv": [ 0.375, 7.0625, 0.75, 7.5625 ], "texture": "#main" }, 
                "east":  { "uv": [ 3.1875, 4.9375, 3.4375, 5.4375 ], "texture": "#main" }, 
                "south": { "uv": [ 0.75, 7.0625, 1.125, 7.5625 ], "texture": "#main" }, 
                "west":  { "uv": [ 3.1875, 5.4375, 3.4375, 5.9375 ], "texture": "#main" }, 
                "up":    { "uv": [ 3.8125, 5.75, 3.4375, 5.5 ], "texture": "#main" }, 
                "down":  { "uv": [ 2.75, 7.4375, 2.375, 7.6875 ], "texture": "#main" }
            }
        }, 
        {
            "name": "back_left_leg", 
            "from": [ 11, 0, 11 ], 
            "to":   [ 19, 7, 15 ], 
            "faces": {
                "north": { "uv": [ 0, 6.5625, 0.5, 7.0625 ], "rotation":270, "texture": "#main" }, 
                "east":  { "uv": [ 3.875, 4.75, 3.375, 4.5 ], "rotation":90, "texture": "#main" }, 
                "south": { "uv": [ 0.5, 6.5625, 1, 7.0625 ], "rotation":90, "texture": "#main" }, 
                "west":  { "uv": [ 3.875, 5.9375, 3.375, 6.1875 ], "rotation":90, "texture": "#main" }, 
                "up":    { "uv": [ 3.3125, 4, 3.5625, 4.5 ], "rotation":90, "texture": "#main" }, 
                "down":  { "uv": [ 3.1875, 6.875, 3.4375, 7.375 ], "rotation":90, "texture": "#main" }
            }
        }, 
        {
            "name": "back_right_leg", 
            "from": [ 11, 0, 1 ], 
            "to":   [ 19, 7, 5 ], 
            "faces": {
                "north": { "uv": [ 1, 6.5625, 1.5, 7.0625 ], "rotation":270, "texture": "#main" }, 
                "east":  { "uv": [ 3.9375, 5, 3.4375, 4.75 ], "rotation":90, "texture": "#main" }, 
                "south": { "uv": [ 2.8125, 4, 3.3125, 4.5 ], "rotation":90, "texture": "#main" }, 
                "west":  { "uv": [ 3.9375, 5, 3.4375, 5.25 ], "rotation":90, "texture": "#main" }, 
                "up":    { "uv": [ 3.1875, 7.375, 3.4375, 7.875 ], "rotation":90, "texture": "#main" }, 
                "down":  { "uv": [ 3.375, 6.1875, 3.625, 6.6875 ], "rotation":90, "texture": "#main" }
            }
        }, 
        {
            "name": "torso", 
            "from": [ -8, 8, 1 ], 
            "to":   [ 5, 18, 15 ], 
            "rotation": { "angle": -22.5, "axis": "z", "origin": [0, 0, 0] }, 
            "faces": {
                "north": { "uv": [ 2.375, 6.375, 3.125, 7 ], "texture": "#main" }, 
                "east":  { "uv": [ 2, 4.6875, 2.875, 5.3125 ], "texture": "#main" }, 
                "south": { "uv": [ 2.4375, 5.3125, 3.1875, 5.9375 ], "texture": "#main" }, 
                "west":  { "uv": [ 1.5, 6.375, 2.375, 7 ], "texture": "#main" }, 
                "up":    { "uv": [ 0.75, 6.5625, 0, 5.6875 ], "texture": "#main" }, 
                "down":  { "uv": [ 1.5, 5.6875, 0.75, 6.5625 ], "texture": "#main" }
            }
        }, 
        {
            "name": "lower_body", 
            "from": [ 5, 8, 0 ], 
            "to":   [ 19, 19, 16 ], 
            "rotation": { "angle": -22.5, "axis": "z", "origin": [0, 0, 0] }, 
            "faces": {
                "north": { "uv": [ 1.5, 5.6875, 2.4375, 6.375 ], "texture": "#main" }, 
                "east":  { "uv": [ 0, 5, 1, 5.6875 ], "texture": "#main" }, 
                "south": { "uv": [ 1.875, 4, 2.8125, 4.6875 ], "texture": "#main" }, 
                "west":  { "uv": [ 1, 5, 2, 5.6875 ], "texture": "#main" }, 
                "up":    { "uv": [ 0.9375, 5, 0, 4 ], "texture": "#main" }, 
                "down":  { "uv": [ 1.875, 4, 0.9375, 5 ], "texture": "#main" }
            }
        }, 
        {
            "name": "tail_body", 
            "from": [ 19, 12, 6 ], 
            "to":   [ 20, 16, 10 ], 
            "rotation": { "angle": -22.5, "axis": "z", "origin": [0, 0, 0] }, 
            "faces": {
                "north": { "uv": [ 1.875, 4.6875, 1.9375, 4.9375 ], "texture": "#main" }, 
                "east":  { "uv": [ 3.4375, 7.25, 3.6875, 7.5 ], "texture": "#main" }, 
                "south": { "uv": [ 1.9375, 4.6875, 2, 4.9375 ], "texture": "#main" }, 
                "west":  { "uv": [ 1.375, 7.5, 1.625, 7.75 ], "texture": "#main" }, 
                "up":    { "uv": [ 2.4375, 5.5625, 2.375, 5.3125 ], "texture": "#main" }, 
                "down":  { "uv": [ 1.4375, 7.0625, 1.375, 7.3125 ], "texture": "#main" }
            }
        }, 
        {
            "name": "tail_end", 
            "from": [ 19, 11, 7 ], 
            "to":   [ 20, 12, 9 ], 
            "rotation": { "angle": -22.5, "axis": "z", "origin": [0, 0, 0] }, 
            "faces": {
                "north": { "uv": [ 2, 5.625, 2.0625, 5.6875 ], "texture": "#main" }, 
                "east":  { "uv": [ 1.875, 4.9375, 2, 5 ], "texture": "#main" }, 
                "south": { "uv": [ 2.0625, 5.625, 2.125, 5.6875 ], "texture": "#main" }, 
                "west":  { "uv": [ 2, 5.5625, 2.125, 5.625 ], "texture": "#main" }, 
                "up":    { "uv": [ 2.1875, 5.6875, 2.125, 5.5625 ], "texture": "#main" }, 
                "down":  { "uv": [ 2.25, 5.5625, 2.1875, 5.6875 ], "texture": "#main" }
            }
        }, 
        {
            "name": "skull", 
            "from": [ -5, 13, 4 ], 
            "to":   [ 2, 20, 12 ], 
            "rotation": { "angle": -22.5, "axis": "y", "origin": [0, 0, 0] }, 
            "faces": {
                "north": { "uv": [ 2.9375, 5.9375, 3.375, 6.375 ], "texture": "#main" }, 
                "east":  { "uv": [ 2.4375, 5.9375, 2.9375, 6.375 ], "texture": "#main" }, 
                "south": { "uv": [ 2.375, 7, 2.8125, 7.4375 ], "texture": "#main" }, 
                "west":  { "uv": [ 0.5, 7.5625, 0, 8 ], "texture": "#main" }, 
                "up":    { "uv": [ 1.9375, 7.5, 1.5, 7 ], "texture": "#main" }, 
                "down":  { "uv": [ 2.375, 7, 1.9375, 7.5 ], "texture": "#main" }
            }
        }, 
        {
            "name": "jaw", 
            "from": [ -9, 13, 5 ], 
            "to":   [ -5, 16, 11 ], 
            "rotation": { "angle": -22.5, "axis": "y", "origin": [0, 0, 0] }, 
            "faces": {
                "north": { "uv": [ 1.625, 7.5, 1.875, 7.6875 ], "texture": "#main" }, 
                "east":  { "uv": [ 3.4375, 5.75, 3.8125, 5.9375 ], "texture": "#main" }, 
                "south": { "uv": [ 1.875, 7.5, 2.125, 7.6875 ], "texture": "#main" }, 
                "west":  { "uv": [ 3.4375, 7.0625, 3.8125, 7.25 ], "texture": "#main" }, 
                "up":    { "uv": [ 3.125, 5.3125, 2.875, 4.9375 ], "texture": "#main" }, 
                "down":  { "uv": [ 3.6875, 6.6875, 3.4375, 7.0625 ], "texture": "#main" }
            }
        }, 
        {
            "name": "left_ear", 
            "from": [ -3, 19, 11 ], 
            "to":   [ -2, 22, 14 ], 
            "rotation": { "angle": -22.5, "axis": "y", "origin": [0, 0, 0] }, 
            "faces": {
                "north": { "uv": [ 2.8125, 4.5, 2.875, 4.6875 ], "texture": "#main" }, 
                "east":  { "uv": [ 2.125, 7.5, 2.3125, 7.6875 ], "texture": "#main" }, 
                "south": { "uv": [ 1.4375, 7.0625, 1.5, 7.25 ], "texture": "#main" }, 
                "west":  { "uv": [ 2.75, 7.5, 2.9375, 7.6875 ], "texture": "#main" }, 
                "up":    { "uv": [ 3.1875, 5.125, 3.125, 4.9375 ], "texture": "#main" }, 
                "down":  { "uv": [ 3.1875, 5.125, 3.125, 5.3125 ], "texture": "#main" }
            }
        }, 
        {
            "name": "right_ear", 
            "from": [ -3, 19, 2 ], 
            "to":   [ -2, 22, 5 ], 
            "rotation": { "angle": -22.5, "axis": "y", "origin": [0, 0, 0] }, 
            "faces": {
                "north": { "uv": [ 1.4375, 7.25, 1.5, 7.4375 ], "texture": "#main" }, 
                "east":  { "uv": [ 2.9375, 7.5, 3.125, 7.6875 ], "texture": "#main" }, 
                "south": { "uv": [ 1.375, 7.3125, 1.4375, 7.5 ], "texture": "#main" }, 
                "west":  { "uv": [ 3.4375, 7.5, 3.625, 7.6875 ], "texture": "#main" }, 
                "up":    { "uv": [ 3.4375, 4.9375, 3.375, 4.75 ], "texture": "#main" }, 
                "down":  { "uv": [ 3.4375, 6.6875, 3.375, 6.875 ], "texture": "#main" }
            }
        }, 
        {
            "name": "front_left_leg", 
            "from": [ 0, 0, 10 ], 
            "to":   [ 6, 8, 14 ], 
            "faces": {
                "north": { "uv": [ 6.8125, 7, 7.1875, 7.5 ], "texture": "#main" }, 
                "east":  { "uv": [ 5.125, 7.0625, 5.375, 7.5625 ], "texture": "#main" }, 
                "south": { "uv": [ 4, 7.0625, 4.375, 7.5625 ], "texture": "#main" }, 
                "west":  { "uv": [ 7.125, 6.375, 7.375, 6.875 ], "texture": "#main" }, 
                "up":    { "uv": [ 6.375, 5.5625, 6, 5.3125 ], "texture": "#main" }, 
                "down":  { "uv": [ 7.8125, 5.25, 7.4375, 5.5 ], "texture": "#main" }
            }
        }, 
        {
            "name": "front_right_leg", 
            "from": [ 0, 0, 2 ], 
            "to":   [ 6, 8, 6 ], 
            "faces": {
                "north": { "uv": [ 4.375, 7.0625, 4.75, 7.5625 ], "texture": "#main" }, 
                "east":  { "uv": [ 7.1875, 4.9375, 7.4375, 5.4375 ], "texture": "#main" }, 
                "south": { "uv": [ 4.75, 7.0625, 5.125, 7.5625 ], "texture": "#main" }, 
                "west":  { "uv": [ 7.1875, 5.4375, 7.4375, 5.9375 ], "texture": "#main" }, 
                "up":    { "uv": [ 7.8125, 5.75, 7.4375, 5.5 ], "texture": "#main" }, 
                "down":  { "uv": [ 6.75, 7.4375, 6.375, 7.6875 ], "texture": "#main" }
            }
        }, 
        {
            "name": "back_left_leg", 
            "from": [ 15, 0, 11 ], 
            "to":   [ 22, 8, 15 ], 
            "faces": {
                "north": { "uv": [ 4, 6.5625, 4.5, 7.0625 ], "texture": "#main" }, 
                "east":  { "uv": [ 7.1875, 6.875, 7.4375, 7.375 ], "texture": "#main" }, 
                "south": { "uv": [ 4.5, 6.5625, 5, 7.0625 ], "texture": "#main" }, 
                "west":  { "uv": [ 7.3125, 4, 7.5625, 4.5 ], "texture": "#main" }, 
                "up":    { "uv": [ 7.875, 4.75, 7.375, 4.5 ], "texture": "#main" }, 
                "down":  { "uv": [ 7.875, 5.9375, 7.375, 6.1875 ], "texture": "#main" }
            }
        }, 
        {
            "name": "back_right_leg", 
            "from": [ 15, 0, 1 ], 
            "to":   [ 22, 8, 5 ], 
            "faces": {
                "north": { "uv": [ 5, 6.5625, 5.5, 7.0625 ], "texture": "#main" }, 
                "east":  { "uv": [ 7.375, 6.1875, 7.625, 6.6875 ], "texture": "#main" }, 
                "south": { "uv": [ 6.8125, 4, 7.3125, 4.5 ], "texture": "#main" }, 
                "west":  { "uv": [ 7.1875, 7.375, 7.4375, 7.875 ], "texture": "#main" }, 
                "up":    { "uv": [ 7.9375, 5, 7.4375, 4.75 ], "texture": "#main" }, 
                "down":  { "uv": [ 7.9375, 5, 7.4375, 5.25 ], "texture": "#main" }
            }
        }, 
        {
            "name": "torso", 
            "from": [ -3, 8, 1 ], 
            "to":   [ 10, 18, 15 ], 
            "faces": {
                "north": { "uv": [ 6.375, 6.375, 7.125, 7 ], "texture": "#main" }, 
                "east":  { "uv": [ 6, 4.6875, 6.875, 5.3125 ], "texture": "#main" }, 
                "south": { "uv": [ 6.4375, 5.3125, 7.1875, 5.9375 ], "texture": "#main" }, 
                "west":  { "uv": [ 5.5, 6.375, 6.375, 7 ], "texture": "#main" }, 
                "up":    { "uv": [ 4.75, 6.5625, 4, 5.6875 ], "texture": "#main" }, 
                "down":  { "uv": [ 5.5, 5.6875, 4.75, 6.5625 ], "texture": "#main" }
            }
        }, 
        {
            "name": "lower_body", 
            "from": [ 10, 8, 0 ], 
            "to":   [ 24, 19, 16 ], 
            "faces": {
                "north": { "uv": [ 5.5, 5.6875, 6.4375, 6.375 ], "texture": "#main" }, 
                "east":  { "uv": [ 4, 5, 5, 5.6875 ], "texture": "#main" }, 
                "south": { "uv": [ 5.875, 4, 6.8125, 4.6875 ], "texture": "#main" }, 
                "west":  { "uv": [ 5, 5, 6, 5.6875 ], "texture": "#main" }, 
                "up":    { "uv": [ 4.9375, 5, 4, 4 ], "texture": "#main" }, 
                "down":  { "uv": [ 5.875, 4, 4.9375, 5 ], "texture": "#main" }
            }
        }, 
        {
            "name": "tail_body", 
            "from": [ 24, 12, 6 ], 
            "to":   [ 25, 16, 10 ], 
            "faces": {
                "north": { "uv": [ 5.875, 4.6875, 5.9375, 4.9375 ], "texture": "#main" }, 
                "east":  { "uv": [ 7.4375, 7.25, 7.6875, 7.5 ], "texture": "#main" }, 
                "south": { "uv": [ 5.9375, 4.6875, 6, 4.9375 ], "texture": "#main" }, 
                "west":  { "uv": [ 5.375, 7.5, 5.625, 7.75 ], "texture": "#main" }, 
                "up":    { "uv": [ 6.4375, 5.5625, 6.375, 5.3125 ], "texture": "#main" }, 
                "down":  { "uv": [ 5.4375, 7.0625, 5.375, 7.3125 ], "texture": "#main" }
            }
        }, 
        {
            "name": "tail_end", 
            "from": [ 24, 11, 7 ], 
            "to":   [ 25, 12, 9 ], 
            "faces": {
                "north": { "uv": [ 6, 5.625, 6.0625, 5.6875 ], "texture": "#main" }, 
                "east":  { "uv": [ 5.875, 4.9375, 6, 5 ], "texture": "#main" }, 
                "south": { "uv": [ 6.0625, 5.625, 6.125, 5.6875 ], "texture": "#main" }, 
                "west":  { "uv": [ 6, 5.5625, 6.125, 5.625 ], "texture": "#main" }, 
                "up":    { "uv": [ 6.1875, 5.6875, 6.125, 5.5625 ], "texture": "#main" }, 
                "down":  { "uv": [ 6.25, 5.5625, 6.1875, 5.6875 ], "texture": "#main" }
            }
        }, 
        {
            "name": "skull", 
            "from": [ -10, 7, 8 ], 
            "to":   [ -3, 14, 16 ], 
            "rotation": { "angle": -22.5, "axis": "x", "origin": [0, 0, 0] }, 
            "faces": {
                "north": { "uv": [ 6.9375, 5.9375, 7.375, 6.375 ], "texture": "#main" }, 
                "east":  { "uv": [ 6.4375, 5.9375, 6.9375, 6.375 ], "texture": "#main" }, 
                "south": { "uv": [ 6.375, 7, 6.8125, 7.4375 ], "texture": "#main" }, 
                "west":  { "uv": [ 4, 7.5625, 4.5, 8 ], "texture": "#main" }, 
                "up":    { "uv": [ 5.9375, 7.5, 5.5, 7 ], "texture": "#main" }, 
                "down":  { "uv": [ 6.375, 7, 5.9375, 7.5 ], "texture": "#main" }
            }
        }, 
        {
            "name": "jaw", 
            "from": [ -14, 7, 9 ], 
            "to":   [ -10, 10, 15 ], 
            "rotation": { "angle": -22.5, "axis": "x", "origin": [0, 0, 0] }, 
            "faces": {
                "north": { "uv": [ 5.625, 7.5, 5.875, 7.6875 ], "texture": "#main" }, 
                "east":  { "uv": [ 7.4375, 5.75, 7.8125, 5.9375 ], "texture": "#main" }, 
                "south": { "uv": [ 5.875, 7.5, 6.125, 7.6875 ], "texture": "#main" }, 
                "west":  { "uv": [ 7.4375, 7.0625, 7.8125, 7.25 ], "texture": "#main" }, 
                "up":    { "uv": [ 7.125, 5.3125, 6.875, 4.9375 ], "texture": "#main" }, 
                "down":  { "uv": [ 7.6875, 6.6875, 7.4375, 7.0625 ], "texture": "#main" }
            }
        }, 
        {
            "name": "left_ear", 
            "from": [ -8, 13, 15 ], 
            "to":   [ -7, 16, 18 ], 
            "rotation": { "angle": -22.5, "axis": "x", "origin": [0, 0, 0] }, 
            "faces": {
                "north": { "uv": [ 6.8125, 4.5, 6.875, 4.6875 ], "texture": "#main" }, 
                "east":  { "uv": [ 6.125, 7.5, 6.3125, 7.6875 ], "texture": "#main" }, 
                "south": { "uv": [ 5.4375, 7.0625, 5.5, 7.25 ], "texture": "#main" }, 
                "west":  { "uv": [ 6.75, 7.5, 6.9375, 7.6875 ], "texture": "#main" }, 
                "up":    { "uv": [ 7.1875, 5.125, 7.125, 4.9375 ], "texture": "#main" }, 
                "down":  { "uv": [ 7.1875, 5.125, 7.125, 5.3125 ], "texture": "#main" }
            }
        }, 
        {
            "name": "right_ear", 
            "from": [ -8, 13, 6 ], 
            "to":   [ -7, 16, 9 ], 
            "rotation": { "angle": -22.5, "axis": "x", "origin": [0, 0, 0] }, 
            "faces": {
                "north": { "uv": [ 5.4375, 7.25, 5.5, 7.4375 ], "texture": "#main" }, 
                "east":  { "uv": [ 6.9375, 7.5, 7.125, 7.6875 ], "texture": "#main" }, 
                "south": { "uv": [ 5.375, 7.3125, 5.4375, 7.5 ], "texture": "#main" }, 
                "west":  { "uv": [ 7.4375, 7.5, 7.625, 7.6875 ], "texture": "#main" }, 
                "up":    { "uv": [ 7.4375, 4.9375, 7.375, 4.75 ], "texture": "#main" }, 
                "down":  { "uv": [ 7.4375, 6.6875, 7.375, 6.875 ], "texture": "#main" }
            }
        }, 
        {
            "name": "front_left_leg", 
            "from": [ 0, 0, 10 ], 
            "to":   [ 6, 8, 14 ], 
            "faces": {
                "north": { "uv": [ 10.8125, 7, 11.1875, 7.5 ], "texture": "#main" }, 
                "east":  { "uv": [ 9.125, 7.0625, 9.375, 7.5625 ], "texture": "#main" }, 
                "south": { "uv": [ 8, 7.0625, 8.375, 7.5625 ], "texture": "#main" }, 
                "west":  { "uv": [ 11.125, 6.375, 11.375, 6.875 ], "texture": "#main" }, 
                "up":    { "uv": [ 10.375, 5.5625, 10, 5.3125 ], "texture": "#main" }, 
                "down":  { "uv": [ 11.8125, 5.25, 11.4375, 5.5 ], "texture": "#main" }
            }
        }, 
        {
            "name": "front_right_leg", 
            "from": [ 0, 0, 2 ], 
            "to":   [ 6, 8, 6 ], 
            "faces": {
                "north": { "uv": [ 8.375, 7.0625, 8.75, 7.5625 ], "texture": "#main" }, 
                "east":  { "uv": [ 11.1875, 4.9375, 11.4375, 5.4375 ], "texture": "#main" }, 
                "south": { "uv": [ 8.75, 7.0625, 9.125, 7.5625 ], "texture": "#main" }, 
                "west":  { "uv": [ 11.1875, 5.4375, 11.4375, 5.9375 ], "texture": "#main" }, 
                "up":    { "uv": [ 11.8125, 5.75, 11.4375, 5.5 ], "texture": "#main" }, 
                "down":  { "uv": [ 10.75, 7.4375, 10.375, 7.6875 ], "texture": "#main" }
            }
        }, 
        {
            "name": "back_left_leg", 
            "from": [ 11, 0, 11 ], 
            "to":   [ 19, 7, 15 ], 
            "faces": {
                "north": { "uv": [ 8, 6.5625, 8.5, 7.0625 ], "rotation":270, "texture": "#main" }, 
                "east":  { "uv": [ 11.875, 4.75, 11.375, 4.5 ], "rotation":90, "texture": "#main" }, 
                "south": { "uv": [ 8.5, 6.5625, 9, 7.0625 ], "rotation":90, "texture": "#main" }, 
                "west":  { "uv": [ 11.875, 5.9375, 11.375, 6.1875 ], "rotation":90, "texture": "#main" }, 
                "up":    { "uv": [ 11.3125, 4, 11.5625, 4.5 ], "rotation":90, "texture": "#main" }, 
                "down":  { "uv": [ 11.1875, 6.875, 11.4375, 7.375 ], "rotation":90, "texture": "#main" }
            }
        }, 
        {
            "name": "back_right_leg", 
            "from": [ 11, 0, 1 ], 
            "to":   [ 19, 7, 5 ], 
            "faces": {
                "north": { "uv": [ 9, 6.5625, 9.5, 7.0625 ], "rotation":270, "texture": "#main" }, 
                "east":  { "uv": [ 11.9375, 5, 11.4375, 4.75 ], "rotation":90, "texture": "#main" }, 
                "south": { "uv": [ 10.8125, 4, 11.3125, 4.5 ], "rotation":90, "texture": "#main" }, 
                "west":  { "uv": [ 11.9375, 5, 11.4375, 5.25 ], "rotation":90, "texture": "#main" }, 
                "up":    { "uv": [ 11.1875, 7.375, 11.4375, 7.875 ], "rotation":90, "texture": "#main" }, 
                "down":  { "uv": [ 11.375, 6.1875, 11.625, 6.6875 ], "rotation":90, "texture": "#main" }
            }
        }, 
        {
            "name": "torso", 
            "from": [ -8, 8, 1 ], 
            "to":   [ 5, 18, 15 ], 
            "rotation": { "angle": -22.5, "axis": "z", "origin": [0, 0, 0] }, 
            "faces": {
                "north": { "uv": [ 10.375, 6.375, 11.125, 7 ], "texture": "#main" }, 
                "east":  { "uv": [ 10, 4.6875, 10.875, 5.3125 ], "texture": "#main" }, 
                "south": { "uv": [ 10.4375, 5.3125, 11.1875, 5.9375 ], "texture": "#main" }, 
                "west":  { "uv": [ 9.5, 6.375, 10.375, 7 ], "texture": "#main" }, 
                "up":    { "uv": [ 8.75, 6.5625, 8, 5.6875 ], "texture": "#main" }, 
                "down":  { "uv": [ 9.5, 5.6875, 8.75, 6.5625 ], "texture": "#main" }
            }
        }, 
        {
            "name": "lower_body", 
            "from": [ 5, 8, 0 ], 
            "to":   [ 19, 19, 16 ], 
            "rotation": { "angle": -22.5, "axis": "z", "origin": [0, 0, 0] }, 
            "faces": {
                "north": { "uv": [ 9.5, 5.6875, 10.4375, 6.375 ], "texture": "#main" }, 
                "east":  { "uv": [ 8, 5, 9, 5.6875 ], "texture": "#main" }, 
                "south": { "uv": [ 9.875, 4, 10.8125, 4.6875 ], "texture": "#main" }, 
                "west":  { "uv": [ 9, 5, 10, 5.6875 ], "texture": "#main" }, 
                "up":    { "uv": [ 8.9375, 5, 8, 4 ], "texture": "#main" }, 
                "down":  { "uv": [ 9.875, 4, 8.9375, 5 ], "texture": "#main" }
            }
        }, 
        {
            "name": "tail_body", 
            "from": [ 19, 12, 6 ], 
            "to":   [ 20, 16, 10 ], 
            "rotation": { "angle": -22.5, "axis": "z", "origin": [0, 0, 0] }, 
            "faces": {
                "north": { "uv": [ 9.875, 4.6875, 9.9375, 4.9375 ], "texture": "#main" }, 
                "east":  { "uv": [ 11.4375, 7.25, 11.6875, 7.5 ], "texture": "#main" }, 
                "south": { "uv": [ 9.9375, 4.6875, 10, 4.9375 ], "texture": "#main" }, 
                "west":  { "uv": [ 9.375, 7.5, 9.625, 7.75 ], "texture": "#main" }, 
                "up":    { "uv": [ 10.4375, 5.5625, 10.375, 5.3125 ], "texture": "#main" }, 
                "down":  { "uv": [ 9.4375, 7.0625, 9.375, 7.3125 ], "texture": "#main" }
            }
        }, 
        {
            "name": "tail_end", 
            "from": [ 19, 11, 7 ], 
            "to":   [ 20, 12, 9 ], 
            "rotation": { "angle": -22.5, "axis": "z", "origin": [0, 0, 0] }, 
            "faces": {
                "north": { "uv": [ 10, 5.625, 10.0625, 5.6875 ], "texture": "#main" }, 
                "east":  { "uv": [ 9.875, 4.9375, 10, 5 ], "texture": "#main" }, 
                "south": { "uv": [ 10.0625, 5.625, 10.125, 5.6875 ], "texture": "#main" }, 
                "west":  { "uv": [ 10, 5.5625, 10.125, 5.625 ], "texture": "#main" }, 
                "up":    { "uv": [ 10.1875, 5.6875, 10.125, 5.5625 ], "texture": "#main" }, 
                "down":  { "uv": [ 10.25, 5.5625, 10.1875, 5.6875 ], "texture": "#main" }
            }
        }, 
        {
            "name": "skull", 
            "from": [ -11, 13, 3 ], 
            "to":   [ -4, 20, 11 ], 
            "rotation": { "angle": 22.5, "axis": "y", "origin": [0, 0, 0] }, 
            "faces": {
                "north": { "uv": [ 10.9375, 5.9375, 11.375, 6.375 ], "texture": "#main" }, 
                "east":  { "uv": [ 10.4375, 5.9375, 10.9375, 6.375 ], "texture": "#main" }, 
                "south": { "uv": [ 10.375, 7, 10.8125, 7.4375 ], "texture": "#main" }, 
                "west":  { "uv": [ 8, 7.5625, 8.5, 8 ], "texture": "#main" }, 
                "up":    { "uv": [ 9.9375, 7.5, 9.5, 7 ], "texture": "#main" }, 
                "down":  { "uv": [ 10.375, 7, 9.9375, 7.5 ], "texture": "#main" }
            }
        }, 
        {
            "name": "jaw", 
            "from": [ -15, 13, 4 ], 
            "to":   [ -11, 16, 10 ], 
            "rotation": { "angle": 22.5, "axis": "y", "origin": [0, 0, 0] }, 
            "faces": {
                "north": { "uv": [ 9.625, 7.5, 9.875, 7.6875 ], "texture": "#main" }, 
                "east":  { "uv": [ 11.4375, 5.75, 11.8125, 5.9375 ], "texture": "#main" }, 
                "south": { "uv": [ 9.875, 7.5, 10.125, 7.6875 ], "texture": "#main" }, 
                "west":  { "uv": [ 11.4375, 7.0625, 11.8125, 7.25 ], "texture": "#main" }, 
                "up":    { "uv": [ 11.125, 5.3125, 10.875, 4.9375 ], "texture": "#main" }, 
                "down":  { "uv": [ 11.6875, 6.6875, 11.4375, 7.0625 ], "texture": "#main" }
            }
        }, 
        {
            "name": "left_ear", 
            "from": [ -9, 19, 10 ], 
            "to":   [ -8, 22, 13 ], 
            "rotation": { "angle": 22.5, "axis": "y", "origin": [0, 0, 0] }, 
            "faces": {
                "north": { "uv": [ 10.8125, 4.5, 10.875, 4.6875 ], "texture": "#main" }, 
                "east":  { "uv": [ 10.125, 7.5, 10.3125, 7.6875 ], "texture": "#main" }, 
                "south": { "uv": [ 9.4375, 7.0625, 9.5, 7.25 ], "texture": "#main" }, 
                "west":  { "uv": [ 10.75, 7.5, 10.9375, 7.6875 ], "texture": "#main" }, 
                "up":    { "uv": [ 11.1875, 5.125, 11.125, 4.9375 ], "texture": "#main" }, 
                "down":  { "uv": [ 11.1875, 5.125, 11.125, 5.3125 ], "texture": "#main" }
            }
        }, 
        {
            "name": "right_ear", 
            "from": [ -9, 19, 1 ], 
            "to":   [ -8, 22, 4 ], 
            "rotation": { "angle": 22.5, "axis": "y", "origin": [0, 0, 0] }, 
            "faces": {
                "north": { "uv": [ 9.4375, 7.25, 9.5, 7.4375 ], "texture": "#main" }, 
                "east":  { "uv": [ 10.9375, 7.5, 11.125, 7.6875 ], "texture": "#main" }, 
                "south": { "uv": [ 9.375, 7.3125, 9.4375, 7.5 ], "texture": "#main" }, 
                "west":  { "uv": [ 11.4375, 7.5, 11.625, 7.6875 ], "texture": "#main" }, 
                "up":    { "uv": [ 11.4375, 4.9375, 11.375, 4.75 ], "texture": "#main" }, 
                "down":  { "uv": [ 11.4375, 6.6875, 11.375, 6.875 ], "texture": "#main" }
            }
        }
    ], 
    "gui_light": "front", 
    "display": {
        "thirdperson_righthand": {
            "translation": [ -8, 0, -5 ]
        }, 
        "thirdperson_lefthand": {
            "translation": [ -4, 0, -5 ]
        }, 
        "firstperson_righthand": {
            "translation": [ 16.25, -2.75, 0 ]
        }, 
        "firstperson_lefthand": {
            "rotation": [ 180, 0, -180 ], 
            "translation": [ 21, -3.25, -4.25 ]
        }, 
        "ground": {
            "translation": [ 0, 4.5, 0 ]
        }, 
        "gui": {
            "rotation": [ 0, 90, 0 ], 
            "translation": [ 0, -1, 0 ], 
            "scale": [ 0.8, 0.8, 0.8 ]
        }, 
        "head": {
            "rotation": [ 0, -90, 0 ], 
            "translation": [ 0, -46.5, 0 ], 
            "scale": [ 3, 3, 3 ]
        }, 
        "fixed": {
            "translation": [ 0, -1, 0 ]
        }
    }, 
    "groups": [
        {
            "name": "bear", 
            "origin": [
                0, 
                0, 
                0
            ], 
            "color": 0, 
            "children": [
                {
                    "name": "legs", 
                    "origin": [
                        0, 
                        0, 
                        0
                    ], 
                    "color": 0, 
                    "children": [
                        {
                            "name": "front_legs", 
                            "origin": [
                                0, 
                                0, 
                                0
                            ], 
                            "color": 0, 
                            "children": [
                                0, 
                                1
                            ]
                        }, 
                        {
                            "name": "back_legs", 
                            "origin": [
                                0, 
                                0, 
                                0
                            ], 
                            "color": 0, 
                            "children": [
                                2, 
                                3
                            ]
                        }
                    ]
                }, 
                {
                    "name": "body", 
                    "origin": [
                        0, 
                        0, 
                        0
                    ], 
                    "color": 0, 
                    "children": [
                        4, 
                        5, 
                        {
                            "name": "tail", 
                            "origin": [
                                0, 
                                0, 
                                0
                            ], 
                            "color": 0, 
                            "children": [
                                6, 
                                7
                            ]
                        }
                    ]
                }, 
                {
                    "name": "head", 
                    "origin": [
                        0, 
                        0, 
                        0
                    ], 
                    "color": 0, 
                    "children": [
                        8, 
                        9, 
                        {
                            "name": "ears", 
                            "origin": [
                                0, 
                                0, 
                                0
                            ], 
                            "color": 0, 
                            "children": [
                                10, 
                                11
                            ]
                        }
                    ]
                }
            ]
        }
    ], 
    "__comment": "Model animated using Fizzy's model animator - http://fizzy81.github.io/animated-models/"
}