{
	"credit": "Made with Blockbench",
	"textures": {
		"0": "item/wraith/wraith",
		"particle": "item/wraith/wraith"
	},
	"elements": [
		{
			"name": "inside_hood",
			"from": [3, 17, 3],
			"to": [13, 26, 3],
			"faces": {
				"north": {"uv": [12, 2, 10, 4], "texture": "#0"},
				"east": {"uv": [0, 15.25, 0.5, 16], "texture": "#0"},
				"south": {"uv": [12, 2, 10, 4], "texture": "#0"},
				"west": {"uv": [0, 15.25, 0.5, 16], "texture": "#0"},
				"up": {"uv": [0, 15.25, 0.5, 16], "texture": "#0"},
				"down": {"uv": [0, 15.25, 0.5, 16], "texture": "#0"}
			}
		},
		{
			"name": "inside_hood",
			"from": [3, 17, 13],
			"to": [13, 26, 13],
			"faces": {
				"north": {"uv": [14, 2, 16, 4], "texture": "#0"},
				"east": {"uv": [0, 15.25, 0.5, 16], "texture": "#0"},
				"south": {"uv": [14, 2, 16, 4], "texture": "#0"},
				"west": {"uv": [0, 15.25, 0.5, 16], "texture": "#0"},
				"up": {"uv": [0, 15.25, 0.5, 16], "texture": "#0"},
				"down": {"uv": [0, 15.25, 0.5, 16], "texture": "#0"}
			}
		},
		{
			"name": "inside_hood",
			"from": [3, 17, 3],
			"to": [3, 26, 13],
			"faces": {
				"north": {"uv": [0, 15.25, 0.5, 16], "texture": "#0"},
				"east": {"uv": [14, 2, 12, 4], "texture": "#0"},
				"south": {"uv": [0, 15.25, 0.5, 16], "texture": "#0"},
				"west": {"uv": [12, 2, 14, 4], "texture": "#0"},
				"up": {"uv": [0, 15.25, 0.5, 16], "texture": "#0"},
				"down": {"uv": [0, 15.25, 0.5, 16], "texture": "#0"}
			}
		},
		{
			"name": "inside_hood",
			"from": [13, 17, 3],
			"to": [13, 26, 13],
			"faces": {
				"north": {"uv": [0, 15.25, 0.5, 16], "texture": "#0"},
				"east": {"uv": [8, 2, 10, 4], "texture": "#0"},
				"south": {"uv": [0, 15.25, 0.5, 16], "texture": "#0"},
				"west": {"uv": [10, 2, 8, 4], "texture": "#0"},
				"up": {"uv": [0, 15.25, 0.5, 16], "texture": "#0"},
				"down": {"uv": [0, 15.25, 0.5, 16], "texture": "#0"}
			}
		},
		{
			"name": "inside_hood",
			"from": [3, 26, 3],
			"to": [13, 26, 13],
			"faces": {
				"north": {"uv": [0, 15.25, 0.5, 16], "texture": "#0"},
				"east": {"uv": [0, 15.25, 0.5, 16], "texture": "#0"},
				"south": {"uv": [0, 15.25, 0.5, 16], "texture": "#0"},
				"west": {"uv": [0, 15.25, 0.5, 16], "texture": "#0"},
				"up": {"uv": [10, 0, 12, 2], "texture": "#0"},
				"down": {"uv": [10, 0, 12, 2], "texture": "#0"}
			}
		},
		{
			"name": "inside_hood",
			"from": [3, 17, 3],
			"to": [13, 17, 13],
			"faces": {
				"north": {"uv": [0, 15.25, 0.5, 16], "texture": "#0"},
				"east": {"uv": [16, 0, 14, 2], "texture": "#0"},
				"south": {"uv": [0, 15.25, 0.5, 16], "texture": "#0"},
				"west": {"uv": [14, 0, 16, 2], "texture": "#0"},
				"up": {"uv": [12, 2, 14, 0], "texture": "#0"},
				"down": {"uv": [12, 0, 14, 2], "texture": "#0"}
			}
		},
		{
			"name": "inside_head",
			"from": [4, 17, 4],
			"to": [12, 25, 4],
			"faces": {
				"north": {"uv": [4, 2, 2, 4], "texture": "#0"},
				"east": {"uv": [0, 15.25, 0.5, 16], "texture": "#0"},
				"south": {"uv": [4, 2, 2, 4], "texture": "#0"},
				"west": {"uv": [0, 15.25, 0.5, 16], "texture": "#0"},
				"up": {"uv": [0, 15.25, 0.5, 16], "texture": "#0"},
				"down": {"uv": [0, 15.25, 0.5, 16], "texture": "#0"}
			}
		},
		{
			"name": "inside_head",
			"from": [4, 17, 12],
			"to": [12, 25, 12],
			"faces": {
				"north": {"uv": [6, 2, 8, 4], "texture": "#0"},
				"east": {"uv": [0, 15.25, 0.5, 16], "texture": "#0"},
				"south": {"uv": [6, 2, 8, 4], "texture": "#0"},
				"west": {"uv": [0, 15.25, 0.5, 16], "texture": "#0"},
				"up": {"uv": [0, 15.25, 0.5, 16], "texture": "#0"},
				"down": {"uv": [0, 15.25, 0.5, 16], "texture": "#0"}
			}
		},
		{
			"name": "inside_head",
			"from": [4, 17, 4],
			"to": [4, 25, 12],
			"faces": {
				"north": {"uv": [0, 15.25, 0.5, 16], "texture": "#0"},
				"east": {"uv": [6, 2, 4, 4], "texture": "#0"},
				"south": {"uv": [0, 15.25, 0.5, 16], "texture": "#0"},
				"west": {"uv": [6, 2, 4, 4], "texture": "#0"},
				"up": {"uv": [0, 15.25, 0.5, 16], "texture": "#0"},
				"down": {"uv": [0, 15.25, 0.5, 16], "texture": "#0"}
			}
		},
		{
			"name": "inside_head",
			"from": [12, 17, 4],
			"to": [12, 25, 12],
			"faces": {
				"north": {"uv": [0, 15.25, 0.5, 16], "texture": "#0"},
				"east": {"uv": [2, 2, 0, 4], "texture": "#0"},
				"south": {"uv": [0, 15.25, 0.5, 16], "texture": "#0"},
				"west": {"uv": [2, 2, 0, 4], "texture": "#0"},
				"up": {"uv": [0, 15.25, 0.5, 16], "texture": "#0"},
				"down": {"uv": [0, 15.25, 0.5, 16], "texture": "#0"}
			}
		},
		{
			"name": "inside_head",
			"from": [4, 25, 4],
			"to": [12, 25, 12],
			"faces": {
				"north": {"uv": [0, 15.25, 0.5, 16], "texture": "#0"},
				"east": {"uv": [0, 15.25, 0.5, 16], "texture": "#0"},
				"south": {"uv": [0, 15.25, 0.5, 16], "texture": "#0"},
				"west": {"uv": [0, 15.25, 0.5, 16], "texture": "#0"},
				"up": {"uv": [2, 0, 4, 2], "texture": "#0"},
				"down": {"uv": [2, 0, 4, 2], "texture": "#0"}
			}
		},
		{
			"name": "inside_head",
			"from": [4, 17, 4],
			"to": [12, 17, 12],
			"faces": {
				"north": {"uv": [0, 15.25, 0.5, 16], "texture": "#0"},
				"east": {"uv": [0, 15.25, 0.5, 16], "texture": "#0"},
				"south": {"uv": [0, 15.25, 0.5, 16], "texture": "#0"},
				"west": {"uv": [0, 15.25, 0.5, 16], "texture": "#0"},
				"up": {"uv": [4, 2, 6, 0], "texture": "#0"},
				"down": {"uv": [4, 0, 6, 2], "texture": "#0"}
			}
		},
		{
			"name": "inside_torso",
			"from": [4, 5, 5],
			"to": [12, 17, 5],
			"faces": {
				"north": {"uv": [5, 5, 7, 7.5], "texture": "#0"},
				"east": {"uv": [0, 0, 0, 12], "texture": "#0"},
				"south": {"uv": [5, 5, 7, 7.5], "texture": "#0"},
				"west": {"uv": [0, 0, 0, 12], "texture": "#0"},
				"up": {"uv": [0, 0, 8, 0], "texture": "#0"},
				"down": {"uv": [0, 0, 8, 0], "texture": "#0"}
			}
		},
		{
			"name": "inside_torso",
			"from": [4, 5, 10],
			"to": [12, 17, 10],
			"faces": {
				"north": {"uv": [8, 5, 10, 7.5], "texture": "#0"},
				"east": {"uv": [0, 0, 0, 12], "texture": "#0"},
				"south": {"uv": [8, 5, 10, 7.5], "texture": "#0"},
				"west": {"uv": [0, 0, 0, 12], "texture": "#0"},
				"up": {"uv": [0, 0, 8, 0], "texture": "#0"},
				"down": {"uv": [0, 0, 8, 0], "texture": "#0"}
			}
		},
		{
			"name": "inside_torso",
			"from": [12, 5, 5],
			"to": [12, 17, 10],
			"faces": {
				"north": {"uv": [0, 0, 0, 12], "texture": "#0"},
				"east": {"uv": [4, 5, 5, 7.5], "texture": "#0"},
				"south": {"uv": [0, 0, 0, 12], "texture": "#0"},
				"west": {"uv": [5, 5, 4, 7.5], "texture": "#0"},
				"up": {"uv": [0, 0, 0, 4], "texture": "#0"},
				"down": {"uv": [0, 0, 0, 4], "texture": "#0"}
			}
		},
		{
			"name": "inside_torso",
			"from": [4, 5, 5],
			"to": [4, 17, 10],
			"faces": {
				"north": {"uv": [0, 0, 0, 12], "texture": "#0"},
				"east": {"uv": [8, 5, 7, 7.5], "texture": "#0"},
				"south": {"uv": [0, 0, 0, 12], "texture": "#0"},
				"west": {"uv": [7, 5, 8, 7.5], "texture": "#0"},
				"up": {"uv": [0, 0, 0, 4], "texture": "#0"},
				"down": {"uv": [0, 0, 0, 4], "texture": "#0"}
			}
		},
		{
			"name": "spine",
			"from": [7, 5, 9],
			"to": [9, 17, 10],
			"faces": {
				"north": {"uv": [8.75, 5, 9.25, 7.5], "texture": "#0"},
				"east": {"uv": [9, 5, 9.25, 7.5], "texture": "#0"},
				"south": {"uv": [8.75, 5, 9.25, 7.5], "texture": "#0"},
				"west": {"uv": [8.75, 5, 9, 7.5], "texture": "#0"},
				"up": {"uv": [8.75, 7, 9.25, 7.5], "texture": "#0"},
				"down": {"uv": [8.75, 7, 9.25, 7.5], "texture": "#0"}
			}
		},
		{
			"name": "neck",
			"from": [7, 17, 10],
			"to": [9, 19, 11],
			"faces": {
				"north": {"uv": [8.75, 5.5, 9.25, 6], "texture": "#0"},
				"east": {"uv": [8.75, 5.5, 9.25, 6], "texture": "#0"},
				"south": {"uv": [8.75, 5.5, 9.25, 6], "texture": "#0"},
				"west": {"uv": [8.75, 5.5, 9.25, 6], "texture": "#0"},
				"up": {"uv": [8.75, 5.5, 9.25, 6], "texture": "#0"},
				"down": {"uv": [8.75, 5.5, 9.25, 6], "texture": "#0"}
			}
		},
		{
			"name": "neck",
			"from": [7, 19, 11],
			"to": [9, 21, 12],
			"faces": {
				"north": {"uv": [8.75, 5, 9.25, 5.5], "texture": "#0"},
				"east": {"uv": [8.75, 5, 9.25, 5.5], "texture": "#0"},
				"south": {"uv": [8.75, 5, 9.25, 5.5], "texture": "#0"},
				"west": {"uv": [8.75, 5, 9.25, 5.5], "texture": "#0"},
				"up": {"uv": [8.75, 5, 9.25, 5.5], "texture": "#0"},
				"down": {"uv": [8.75, 5, 9.25, 5.5], "texture": "#0"}
			}
		},
		{
			"name": "cloth",
			"from": [3, 17, 6],
			"to": [13, 17, 11],
			"faces": {
				"north": {"uv": [0.5, 13.75, 0, 15.75], "texture": "#0"},
				"east": {"uv": [0.5, 13.75, 0, 15.75], "texture": "#0"},
				"south": {"uv": [7, 8, 5, 9], "texture": "#0"},
				"west": {"uv": [0.5, 13.75, 0, 15.75], "texture": "#0"},
				"up": {"uv": [7, 9, 5, 8], "texture": "#0"},
				"down": {"uv": [7, 8, 5, 9], "texture": "#0"}
			}
		},
		{
			"name": "cloth",
			"from": [3, 3, 6],
			"to": [13, 17, 6],
			"faces": {
				"north": {"uv": [5, 9, 7, 12], "texture": "#0"},
				"east": {"uv": [0.5, 13.75, 0, 15.75], "texture": "#0"},
				"south": {"uv": [7, 9, 5, 12], "texture": "#0"},
				"west": {"uv": [0.5, 13.75, 0, 15.75], "texture": "#0"},
				"up": {"uv": [0.5, 13.75, 0, 15.75], "texture": "#0"},
				"down": {"uv": [0.5, 13.75, 0, 15.75], "texture": "#0"}
			}
		},
		{
			"name": "cloth",
			"from": [3, 3, 11],
			"to": [13, 17, 11],
			"faces": {
				"north": {"uv": [10, 9, 8, 12], "texture": "#0"},
				"east": {"uv": [0.5, 13.75, 0, 15.75], "texture": "#0"},
				"south": {"uv": [8, 9, 10, 12], "texture": "#0"},
				"west": {"uv": [0.5, 13.75, 0, 15.75], "texture": "#0"},
				"up": {"uv": [0.5, 13.75, 0, 15.75], "texture": "#0"},
				"down": {"uv": [0.5, 13.75, 0, 15.75], "texture": "#0"}
			}
		},
		{
			"name": "cloth",
			"from": [3, 3, 6],
			"to": [3, 17, 11],
			"faces": {
				"north": {"uv": [0.5, 13.75, 0, 15.75], "texture": "#0"},
				"east": {"uv": [8, 9, 7, 12], "texture": "#0"},
				"south": {"uv": [0.5, 13.75, 0, 15.75], "texture": "#0"},
				"west": {"uv": [7, 9, 8, 12], "texture": "#0"},
				"up": {"uv": [0.5, 13.75, 0, 15.75], "texture": "#0"},
				"down": {"uv": [0.5, 13.75, 0, 15.75], "texture": "#0"}
			}
		},
		{
			"name": "cloth",
			"from": [13, 3, 6],
			"to": [13, 17, 11],
			"faces": {
				"north": {"uv": [0.5, 13.75, 0, 15.75], "texture": "#0"},
				"east": {"uv": [4, 9, 5, 12], "texture": "#0"},
				"south": {"uv": [0.5, 13.75, 0, 15.75], "texture": "#0"},
				"west": {"uv": [5, 9, 4, 12], "texture": "#0"},
				"up": {"uv": [0.5, 13.75, 0, 15.75], "texture": "#0"},
				"down": {"uv": [0.5, 13.75, 0, 15.75], "texture": "#0"}
			}
		},
		{
			"name": "left_arm",
			"from": [0, 14, -2],
			"to": [2, 16, 9],
			"faces": {
				"north": {"uv": [11.25, 7.5, 11.75, 8], "rotation": 180, "texture": "#0"},
				"east": {"uv": [11.25, 5, 11.75, 7], "rotation": 270, "texture": "#0"},
				"south": {"uv": [11.25, 7, 11.75, 7.5], "texture": "#0"},
				"west": {"uv": [11.25, 5, 11.75, 7], "rotation": 90, "texture": "#0"},
				"up": {"uv": [11.25, 5, 11.75, 7], "rotation": 180, "texture": "#0"},
				"down": {"uv": [11.25, 5, 11.75, 7], "texture": "#0"}
			}
		},
		{
			"name": "right_arm",
			"from": [14, 14, -2],
			"to": [16, 16, 9],
			"faces": {
				"north": {"uv": [9.25, 15.5, 9.75, 16], "rotation": 180, "texture": "#0"},
				"east": {"uv": [9.25, 13, 9.75, 15], "rotation": 270, "texture": "#0"},
				"south": {"uv": [9.25, 15, 9.75, 15.5], "texture": "#0"},
				"west": {"uv": [9.25, 13, 9.75, 15], "rotation": 90, "texture": "#0"},
				"up": {"uv": [9.25, 13, 9.75, 15], "rotation": 180, "texture": "#0"},
				"down": {"uv": [9.25, 13, 9.75, 15], "texture": "#0"}
			}
		},
		{
			"name": "cloth",
			"from": [-1, 13, 10],
			"to": [3, 17, 10],
			"faces": {
				"north": {"uv": [11, 8, 12, 9], "rotation": 180, "texture": "#0"},
				"east": {"uv": [0, 0, 4, 0], "rotation": 270, "texture": "#0"},
				"south": {"uv": [11, 8, 12, 9], "texture": "#0"},
				"west": {"uv": [0, 0, 4, 0], "rotation": 90, "texture": "#0"},
				"up": {"uv": [0, 0, 3, 0], "rotation": 180, "texture": "#0"},
				"down": {"uv": [0, 0, 3, 0], "texture": "#0"}
			}
		},
		{
			"name": "cloth",
			"from": [-1, 13, -1],
			"to": [-1, 17, 10],
			"faces": {
				"north": {"uv": [0, 0, 0, 4], "rotation": 180, "texture": "#0"},
				"east": {"uv": [11, 9, 12, 11.75], "rotation": 270, "texture": "#0"},
				"south": {"uv": [0, 0, 0, 4], "texture": "#0"},
				"west": {"uv": [11, 9, 12, 11.75], "rotation": 90, "texture": "#0"},
				"up": {"uv": [0, 0, 0, 5], "rotation": 180, "texture": "#0"},
				"down": {"uv": [0, 0, 0, 5], "texture": "#0"}
			}
		},
		{
			"name": "cloth",
			"from": [3, 13, -1],
			"to": [3, 17, 10],
			"faces": {
				"north": {"uv": [0, 0, 0, 4], "rotation": 180, "texture": "#0"},
				"east": {"uv": [12, 9, 13, 11.75], "rotation": 270, "texture": "#0"},
				"south": {"uv": [0, 0, 0, 4], "texture": "#0"},
				"west": {"uv": [12, 9, 13, 11.75], "rotation": 90, "texture": "#0"},
				"up": {"uv": [0, 0, 0, 5], "rotation": 180, "texture": "#0"},
				"down": {"uv": [0, 0, 0, 5], "texture": "#0"}
			}
		},
		{
			"name": "cloth",
			"from": [-1, 17, -1],
			"to": [3, 17, 10],
			"faces": {
				"north": {"uv": [0, 0, 3, 0], "rotation": 180, "texture": "#0"},
				"east": {"uv": [0, 0, 0, 5], "rotation": 270, "texture": "#0"},
				"south": {"uv": [0, 0, 3, 0], "texture": "#0"},
				"west": {"uv": [0, 0, 0, 5], "rotation": 90, "texture": "#0"},
				"up": {"uv": [10, 9, 11, 11.75], "rotation": 180, "texture": "#0"},
				"down": {"uv": [10, 9, 11, 11.75], "texture": "#0"}
			}
		},
		{
			"name": "cloth",
			"from": [-1, 13, -1],
			"to": [3, 13, 10],
			"faces": {
				"north": {"uv": [0, 0, 3, 0], "rotation": 180, "texture": "#0"},
				"east": {"uv": [0, 0, 0, 5], "rotation": 270, "texture": "#0"},
				"south": {"uv": [0, 0, 3, 0], "texture": "#0"},
				"west": {"uv": [0, 0, 0, 5], "rotation": 90, "texture": "#0"},
				"up": {"uv": [13, 9, 14, 11.75], "rotation": 180, "texture": "#0"},
				"down": {"uv": [13, 9, 14, 11.75], "texture": "#0"}
			}
		},
		{
			"name": "cloth",
			"from": [13, 13, 10],
			"to": [17, 17, 10],
			"faces": {
				"north": {"uv": [13, 12, 14, 13], "rotation": 180, "texture": "#0"},
				"east": {"uv": [2, 4, 6, 4.25], "rotation": 270, "texture": "#0"},
				"south": {"uv": [13, 12, 14, 13], "texture": "#0"},
				"west": {"uv": [2, 4, 6, 4], "rotation": 90, "texture": "#0"},
				"up": {"uv": [2.25, 4, 5, 4], "rotation": 180, "texture": "#0"},
				"down": {"uv": [2, 4, 5, 4], "texture": "#0"}
			}
		},
		{
			"name": "cloth",
			"from": [13, 13, -1],
			"to": [13, 17, 10],
			"faces": {
				"north": {"uv": [2, 4, 2, 8], "rotation": 180, "texture": "#0"},
				"east": {"uv": [14, 13, 15, 15.75], "rotation": 270, "texture": "#0"},
				"south": {"uv": [2, 4, 2, 8], "texture": "#0"},
				"west": {"uv": [14, 13, 15, 15.75], "rotation": 90, "texture": "#0"},
				"up": {"uv": [2.25, 4, 2, 9], "rotation": 180, "texture": "#0"},
				"down": {"uv": [2, 4, 2, 9], "texture": "#0"}
			}
		},
		{
			"name": "cloth",
			"from": [17, 13, -1],
			"to": [17, 17, 10],
			"faces": {
				"north": {"uv": [2, 4, 2, 8], "rotation": 180, "texture": "#0"},
				"east": {"uv": [14, 13, 13, 15.75], "rotation": 270, "texture": "#0"},
				"south": {"uv": [2, 4, 2, 8], "texture": "#0"},
				"west": {"uv": [13, 13, 14, 15.75], "rotation": 90, "texture": "#0"},
				"up": {"uv": [2.25, 4, 2, 9], "rotation": 180, "texture": "#0"},
				"down": {"uv": [2, 4, 2, 9], "texture": "#0"}
			}
		},
		{
			"name": "cloth",
			"from": [13, 17, -1],
			"to": [17, 17, 10],
			"faces": {
				"north": {"uv": [2, 4, 5, 4], "rotation": 180, "texture": "#0"},
				"east": {"uv": [2, 4, 2, 9.25], "rotation": 270, "texture": "#0"},
				"south": {"uv": [2, 4, 5, 4], "texture": "#0"},
				"west": {"uv": [2, 4, 2, 9], "rotation": 90, "texture": "#0"},
				"up": {"uv": [13, 13, 12, 15.75], "rotation": 180, "texture": "#0"},
				"down": {"uv": [12, 13, 13, 15.75], "texture": "#0"}
			}
		},
		{
			"name": "cloth",
			"from": [13, 13, -1],
			"to": [17, 13, 10],
			"faces": {
				"north": {"uv": [2, 4, 5, 4], "rotation": 180, "texture": "#0"},
				"east": {"uv": [2, 4, 2, 9.25], "rotation": 270, "texture": "#0"},
				"south": {"uv": [2, 4, 5, 4], "texture": "#0"},
				"west": {"uv": [2, 4, 2, 9], "rotation": 90, "texture": "#0"},
				"up": {"uv": [15, 13, 16, 15.75], "rotation": 180, "texture": "#0"},
				"down": {"uv": [15, 13, 16, 15.75], "texture": "#0"}
			}
		}
	],
	"display": {
		"gui": {
			"rotation": [0, 160, 0],
			"translation": [0.25, -4, 0],
			"scale": [0.6, 0.6, 0.6]
		},
		"head": {
			"translation": [0, -27.5, 2.75],
			"scale": [2, 2, 2]
		}
	},
	"groups": [
		{
			"name": "wraith",
			"origin": [0, 0, 0],
			"color": 0,
			"children": [
				{
					"name": "hood",
					"origin": [0, 0, 0],
					"color": 0,
					"children": [0, 1, 2, 3, 4, 5]
				},
				{
					"name": "head",
					"origin": [0, 0, 0],
					"color": 0,
					"children": [6, 7, 8, 9, 10, 11]
				},
				{
					"name": "body",
					"origin": [0, 0, 0],
					"color": 0,
					"children": [
						{
							"name": "torso",
							"origin": [8, 8, 8],
							"color": 0,
							"children": [12, 13, 14, 15, 16, 17, 18]
						},
						{
							"name": "clothes",
							"origin": [0, 0, 0],
							"color": 0,
							"children": [19, 20, 21, 22, 23]
						}
					]
				},
				{
					"name": "arms",
					"origin": [0, 0, 0],
					"color": 0,
					"children": [
						24,
						25,
						{
							"name": "left_shoulder",
							"origin": [0, 0, 0],
							"color": 0,
							"children": [26, 27, 28, 29, 30]
						},
						{
							"name": "right_shoulder",
							"origin": [0, 0, 0],
							"color": 0,
							"children": [31, 32, 33, 34, 35]
						}
					]
				}
			]
		}
	]
}