{
	"credit": "Made with Blockbench",
	"parent": "item",
	"textures": {
		"0": "item/owl/owl",
		"particle": "item/owl/owl"
	},
	"elements": [
		{
			"name": "head",
			"from": [5, 13, 3],
			"to": [11, 18, 8],
			"rotation": {"angle": 0, "axis": "y", "origin": [0, 7, 0]},
			"faces": {
				"north": {"uv": [11, 0, 13.75, 5], "texture": "#0"},
				"east": {"uv": [0, 5, 1, 7.5], "texture": "#0"},
				"south": {"uv": [0, 2, 1.25, 4.5], "texture": "#0"},
				"west": {"uv": [1, 5, 0, 7.5], "texture": "#0"},
				"up": {"uv": [1.5, 2, 0.25, 0], "texture": "#0"},
				"down": {"uv": [1.5, 0, 2.75, 2], "texture": "#0"}
			}
		},
		{
			"name": "beak",
			"from": [7, 14, 2],
			"to": [9, 15, 3],
			"rotation": {"angle": 0, "axis": "y", "origin": [0, 7, 0]},
			"faces": {
				"north": {"uv": [4, 1, 5.25, 2.5], "texture": "#0"},
				"east": {"uv": [2.75, 0, 4, 1.5], "texture": "#0"},
				"south": {"uv": [6.5, 0, 7.75, 1.5], "texture": "#0"},
				"west": {"uv": [5.25, 1, 6.5, 2.5], "texture": "#0"},
				"up": {"uv": [4, 4.5, 5.5, 2.5], "texture": "#0"},
				"down": {"uv": [4.5, 6.5, 6, 4.5], "texture": "#0"}
			}
		},
		{
			"name": "neck",
			"from": [7, 12, 5],
			"to": [9, 15, 7],
			"rotation": {"angle": 0, "axis": "x", "origin": [0, -1, 0]},
			"faces": {
				"north": {"uv": [15, 0, 15.5, 1.5], "texture": "#0"},
				"east": {"uv": [14.5, 1, 15, 2], "texture": "#0"},
				"south": {"uv": [14.5, 0, 15, 1], "texture": "#0"},
				"west": {"uv": [15.5, 1.5, 16, 2.5], "texture": "#0"},
				"up": {"uv": [14, 0, 14.5, 1], "texture": "#0"},
				"down": {"uv": [15.5, 0, 16, 1.5], "texture": "#0"}
			}
		},
		{
			"name": "eyebrows",
			"from": [4, 17, 3],
			"to": [12, 19, 3],
			"rotation": {"angle": 0, "axis": "y", "origin": [0, -1, 0]},
			"faces": {
				"north": {"uv": [4.5, 11.5, 7.75, 13.5], "texture": "#0"},
				"east": {"uv": [16, 14, 16, 13.75], "texture": "#0"},
				"south": {"uv": [4.5, 11.5, 7.75, 13.5], "texture": "#0"},
				"west": {"uv": [16, 14, 16, 13.75], "texture": "#0"},
				"up": {"uv": [16, 14, 16, 13.75], "texture": "#0"},
				"down": {"uv": [16, 14, 16, 13.75], "texture": "#0"}
			}
		},
		{
			"name": "torso",
			"from": [5, -1, 4],
			"to": [11, 9, 8],
			"rotation": {"angle": -22.5, "axis": "x", "origin": [0, 10, -3]},
			"faces": {
				"north": {"uv": [1.5, 7.5, 3, 11.5], "rotation": 180, "texture": "#0"},
				"east": {"uv": [2.75, 7.5, 4.5, 9.5], "rotation": 270, "texture": "#0"},
				"south": {"uv": [4.5, 7.5, 6, 11.5], "texture": "#0"},
				"west": {"uv": [0, 7.5, 1.75, 9.5], "rotation": 90, "texture": "#0"},
				"up": {"uv": [1.5, 4.5, 3, 7.5], "rotation": 180, "texture": "#0"},
				"down": {"uv": [3, 4.5, 4.5, 7.5], "texture": "#0"}
			}
		},
		{
			"name": "tail",
			"from": [6, 13, 7],
			"to": [10, 16, 13],
			"rotation": {"angle": 45, "axis": "x", "origin": [0, 10, -3]},
			"faces": {
				"north": {"uv": [9, 13, 10.5, 16], "texture": "#0"},
				"east": {"uv": [13.5, 13, 15, 16], "texture": "#0"},
				"south": {"uv": [10.5, 13, 12, 16], "texture": "#0"},
				"west": {"uv": [12, 10, 13.5, 13], "texture": "#0"},
				"up": {"uv": [12, 13, 13.5, 16], "texture": "#0"},
				"down": {"uv": [13.5, 10, 15, 13], "texture": "#0"}
			}
		},
		{
			"name": "tail_end",
			"from": [7, 14, 13],
			"to": [9, 16, 15],
			"rotation": {"angle": 45, "axis": "x", "origin": [0, 10, -3]},
			"faces": {
				"north": {"uv": [9, 14.5, 9.75, 16], "texture": "#0"},
				"east": {"uv": [7.5, 14.5, 8.25, 16], "texture": "#0"},
				"south": {"uv": [5.25, 14.5, 6, 16], "texture": "#0"},
				"west": {"uv": [8.25, 14.5, 9, 16], "texture": "#0"},
				"up": {"uv": [6.75, 14.5, 7.5, 16], "texture": "#0"},
				"down": {"uv": [6, 14.5, 6.75, 16], "texture": "#0"}
			}
		},
		{
			"name": "tail_feathers",
			"from": [5, 15, 13],
			"to": [11, 15, 19],
			"rotation": {"angle": 45, "axis": "x", "origin": [0, 10, -3]},
			"faces": {
				"north": {"uv": [1.5, 4.5, 3, 7.5], "texture": "#0"},
				"east": {"uv": [2.5, 7.5, 4.5, 10.5], "texture": "#0"},
				"south": {"uv": [3, 4.5, 4.5, 7.5], "texture": "#0"},
				"west": {"uv": [0, 7.5, 2, 10.5], "texture": "#0"},
				"up": {"uv": [0, 11.5, 4.25, 16], "texture": "#0"},
				"down": {"uv": [0, 16, 4.25, 11.5], "texture": "#0"}
			}
		},
		{
			"name": "left_wing",
			"from": [4, 15, 2],
			"to": [5, 19, 10],
			"rotation": {"angle": 45, "axis": "x", "origin": [0, 10, -3]},
			"faces": {
				"north": {"uv": [7.5, 9.5, 7.75, 11.5], "texture": "#0"},
				"east": {"uv": [6, 9.5, 7.75, 11.5], "texture": "#0"},
				"south": {"uv": [6, 9.5, 6.25, 11.5], "texture": "#0"},
				"west": {"uv": [7.75, 9.5, 9.5, 11.5], "texture": "#0"},
				"up": {"uv": [7.5, 9.25, 7.75, 6.5], "texture": "#0"},
				"down": {"uv": [7.75, 6.5, 8, 9.5], "texture": "#0"}
			}
		},
		{
			"name": "left_wing_feathers",
			"from": [4, 14, 10],
			"to": [4, 19, 16],
			"rotation": {"angle": 45, "axis": "x", "origin": [0, 10, -3]},
			"faces": {
				"north": {"uv": [4.25, 13, 4.5, 15], "texture": "#0"},
				"east": {"uv": [10.25, 11.5, 7.75, 14.5], "texture": "#0"},
				"south": {"uv": [4.5, 13, 4.75, 15], "texture": "#0"},
				"west": {"uv": [7.75, 11.5, 10.25, 14.5], "texture": "#0"},
				"up": {"uv": [4.75, 15.75, 5, 13], "texture": "#0"},
				"down": {"uv": [5, 13, 5.25, 16], "texture": "#0"}
			}
		},
		{
			"name": "right_wing",
			"from": [11, 15, 2],
			"to": [12, 19, 10],
			"rotation": {"angle": 45, "axis": "x", "origin": [0, 10, -3]},
			"faces": {
				"north": {"uv": [7.5, 9.5, 7.75, 11.5], "texture": "#0"},
				"east": {"uv": [6, 9.5, 7.75, 11.5], "texture": "#0"},
				"south": {"uv": [6, 9.5, 6.25, 11.5], "texture": "#0"},
				"west": {"uv": [7.75, 9.5, 9.5, 11.5], "texture": "#0"},
				"up": {"uv": [7.5, 9.25, 7.75, 6.5], "texture": "#0"},
				"down": {"uv": [7.75, 6.5, 8, 9.5], "texture": "#0"}
			}
		},
		{
			"name": "right_wing_feathers",
			"from": [12, 14, 10],
			"to": [12, 19, 16],
			"rotation": {"angle": 45, "axis": "x", "origin": [0, 10, -3]},
			"faces": {
				"north": {"uv": [4.25, 13, 4.5, 15], "texture": "#0"},
				"east": {"uv": [10.25, 11.5, 7.75, 14.5], "texture": "#0"},
				"south": {"uv": [4.5, 13, 4.75, 15], "texture": "#0"},
				"west": {"uv": [7.75, 11.5, 10.25, 14.5], "texture": "#0"},
				"up": {"uv": [4.75, 15.75, 5, 13], "texture": "#0"},
				"down": {"uv": [5, 13, 5.25, 16], "texture": "#0"}
			}
		},
		{
			"name": "left_thigh",
			"from": [6, 1, 7],
			"to": [7, 4, 9],
			"rotation": {"angle": 0, "axis": "y", "origin": [0, -1, 0]},
			"faces": {
				"north": {"uv": [14, 5, 13, 8], "texture": "#0"},
				"east": {"uv": [15, 5, 14, 8], "texture": "#0"},
				"south": {"uv": [11.5, 8, 12.5, 11], "texture": "#0"},
				"west": {"uv": [12, 5, 13, 8], "texture": "#0"},
				"up": {"uv": [14, 8, 15, 10], "texture": "#0"},
				"down": {"uv": [11, 6, 12, 8], "texture": "#0"}
			}
		},
		{
			"name": "foot",
			"from": [5, 0, 5],
			"to": [8, 0, 8],
			"faces": {
				"north": {"uv": [0, 0, 3, 0], "texture": "#0"},
				"east": {"uv": [0, 0, 2, 0], "texture": "#0"},
				"south": {"uv": [0, 0, 3, 0], "texture": "#0"},
				"west": {"uv": [0, 0, 2, 0], "texture": "#0"},
				"up": {"uv": [6.5, 0.5, 11, 6], "texture": "#0"},
				"down": {"uv": [6.5, 6, 11, 0.5], "texture": "#0"}
			}
		},
		{
			"name": "leg",
			"from": [6, 0, 8],
			"to": [7, 5, 8],
			"faces": {
				"north": {"uv": [9, 6.5, 9.25, 9], "texture": "#0"},
				"east": {"uv": [0, 0, 0, 5], "texture": "#0"},
				"south": {"uv": [9, 6.5, 9.25, 9], "texture": "#0"},
				"west": {"uv": [0, 0, 0, 5], "texture": "#0"},
				"up": {"uv": [9, 6.5, 9.25, 9], "texture": "#0"},
				"down": {"uv": [9, 6.5, 9.25, 9], "texture": "#0"}
			}
		},
		{
			"name": "right_thigh",
			"from": [9, 1, 7],
			"to": [10, 4, 9],
			"rotation": {"angle": 0, "axis": "y", "origin": [0, -1, 0]},
			"faces": {
				"north": {"uv": [13, 5, 14, 8], "texture": "#0"},
				"east": {"uv": [14, 5, 15, 8], "texture": "#0"},
				"south": {"uv": [15, 7, 16, 10], "texture": "#0"},
				"west": {"uv": [15, 4, 16, 7], "texture": "#0"},
				"up": {"uv": [14, 8, 15, 10], "texture": "#0"},
				"down": {"uv": [13, 8, 14, 10], "texture": "#0"}
			}
		},
		{
			"name": "foot",
			"from": [8, 0, 5],
			"to": [11, 0, 8],
			"faces": {
				"north": {"uv": [16, 14, 16, 13.75], "texture": "#0"},
				"east": {"uv": [16, 14, 16, 13.75], "texture": "#0"},
				"south": {"uv": [16, 14, 16, 13.75], "texture": "#0"},
				"west": {"uv": [16, 14, 16, 13.75], "texture": "#0"},
				"up": {"uv": [11, 0.5, 6.5, 6], "texture": "#0"},
				"down": {"uv": [11, 6, 6.5, 0.5], "texture": "#0"}
			}
		},
		{
			"name": "leg",
			"from": [9, 0, 8],
			"to": [10, 5, 8],
			"faces": {
				"north": {"uv": [9, 6.5, 9.25, 9], "texture": "#0"},
				"east": {"uv": [0, 0, 0, 5], "texture": "#0"},
				"south": {"uv": [9, 6.5, 9.25, 9], "texture": "#0"},
				"west": {"uv": [0, 0, 0, 5], "texture": "#0"},
				"up": {"uv": [9, 6.5, 9.25, 9], "texture": "#0"},
				"down": {"uv": [9, 6.5, 9.25, 9], "texture": "#0"}
			}
		}
	],
	"display": {
		"thirdperson_righthand": {
			"rotation": [70, 0, 0],
			"translation": [0.5, -3, 1]
		},
		"thirdperson_lefthand": {
			"rotation": [66, 0, 0],
			"translation": [0, -3.5, 1]
		},
		"firstperson_righthand": {
			"translation": [0.25, 0, 2.5]
		},
		"firstperson_lefthand": {
			"translation": [0.25, 0, 2.5]
		},
		"ground": {
			"translation": [0, 4.25, 0]
		},
		"gui": {
			"rotation": [0, 143, 0],
			"translation": [-1.25, 0, 0],
			"scale": [0.9, 0.9, 0.9]
		},
		"head": {
			"translation": [0, -25, 0],
			"scale": [2.5, 2.5, 2.5]
		},
		"fixed": {
			"translation": [0, 0, 2]
		}
	},
	"groups": [
		{
			"name": "owl",
			"origin": [8, 8, 8],
			"color": 0,
			"children": [
				{
					"name": "head",
					"origin": [8, 8, 8],
					"color": 0,
					"children": [0, 1, 2, 3]
				},
				{
					"name": "body",
					"origin": [0, 0, 0],
					"color": 0,
					"children": [4, 5, 6, 7, 8, 9, 10, 11]
				},
				{
					"name": "legs",
					"origin": [0, 0, 0],
					"color": 0,
					"children": [
						{
							"name": "left",
							"origin": [0, 0, 0],
							"color": 0,
							"children": [12, 13, 14]
						},
						{
							"name": "right",
							"origin": [0, 0, 0],
							"color": 0,
							"children": [15, 16, 17]
						}
					]
				}
			]
		}
	]
}