{
	"credit": "Made with Blockbench",
	"textures": {
		"0": "item/undead_merchant/idle",
		"2": "item/undead_merchant/undead_merchant_katana"
	},
	"elements": [
		{
			"name": "left_leg",
			"from": [4, 4, 1],
			"to": [8, 16, 5],
			"rotation": {"angle": 22.5, "axis": "x", "origin": [0, 14, -9]},
			"faces": {
				"north": {"uv": [1, 5, 2, 8], "texture": "#0"},
				"east": {"uv": [1, 5, 0, 8], "texture": "#0"},
				"south": {"uv": [4, 5, 3, 8], "texture": "#0"},
				"west": {"uv": [2, 5, 3, 8], "texture": "#0"},
				"up": {"uv": [1, 4, 2, 5], "texture": "#0"},
				"down": {"uv": [2, 4, 3, 5], "texture": "#0"}
			}
		},
		{
			"name": "right_leg",
			"from": [8, -4, 1],
			"to": [12, 8, 5],
			"rotation": {"angle": -22.5, "axis": "x", "origin": [0, 10, -5]},
			"faces": {
				"north": {"uv": [2, 5, 1, 8], "texture": "#0"},
				"east": {"uv": [3, 5, 2, 8], "texture": "#0"},
				"south": {"uv": [3, 5, 4, 8], "texture": "#0"},
				"west": {"uv": [0, 5, 1, 8], "texture": "#0"},
				"up": {"uv": [2, 4, 1, 5], "texture": "#0"},
				"down": {"uv": [2, 4, 3, 5], "texture": "#0"}
			}
		},
		{
			"name": "body",
			"from": [4, 12, 1],
			"to": [12, 24, 5],
			"rotation": {"angle": 0, "axis": "y", "origin": [0, 10, -5]},
			"faces": {
				"north": {"uv": [5, 5, 7, 8], "texture": "#0"},
				"east": {"uv": [4, 5, 5, 8], "texture": "#0"},
				"south": {"uv": [8, 5, 10, 8], "texture": "#0"},
				"west": {"uv": [7, 5, 8, 8], "texture": "#0"},
				"up": {"uv": [5, 4, 7, 5], "texture": "#0"},
				"down": {"uv": [7, 4, 9, 5], "texture": "#0"}
			}
		},
		{
			"name": "left_arm",
			"from": [1, 8, 6],
			"to": [4, 20, 9],
			"rotation": {"angle": -22.5, "axis": "x", "origin": [0, 10, -5]},
			"faces": {
				"north": {"uv": [13, 5, 14, 8], "texture": "#0"},
				"east": {"uv": [12, 5, 13, 8], "texture": "#0"},
				"south": {"uv": [11, 5, 12, 8], "texture": "#0"},
				"west": {"uv": [10, 5, 11, 8], "texture": "#0"},
				"up": {"uv": [11, 4, 12, 5], "texture": "#0"},
				"down": {"uv": [12, 4, 13, 5], "texture": "#0"}
			}
		},
		{
			"name": "right_arm",
			"from": [12, 21, -7.97863],
			"to": [15, 24, 4.02137],
			"rotation": {"angle": 0, "axis": "x", "origin": [13.5, 24, -5]},
			"faces": {
				"north": {"uv": [13, 4, 12, 5], "rotation": 180, "texture": "#0"},
				"east": {"uv": [10, 5, 11, 8], "rotation": 270, "texture": "#0"},
				"south": {"uv": [12, 4, 11, 5], "texture": "#0"},
				"west": {"uv": [12, 5, 13, 8], "rotation": 90, "texture": "#0"},
				"up": {"uv": [11, 5, 12, 8], "rotation": 180, "texture": "#0"},
				"down": {"uv": [13, 5, 14, 8], "texture": "#0"}
			}
		},
		{
			"name": "head",
			"from": [4, 24, -1],
			"to": [12, 32, 7],
			"rotation": {"angle": 0, "axis": "y", "origin": [0, 10, -5]},
			"faces": {
				"north": {"uv": [0, 9.75, 3.25, 12.75], "texture": "#0"},
				"east": {"uv": [0, 2, 2, 4], "texture": "#0"},
				"south": {"uv": [6, 2, 8, 4], "texture": "#0"},
				"west": {"uv": [4, 2, 6, 4], "texture": "#0"},
				"up": {"uv": [2, 0, 4, 2], "texture": "#0"},
				"down": {"uv": [4, 0, 6, 2], "texture": "#0"}
			}
		},
		{
			"from": [13, 15.99122, -2.32496],
			"to": [14, 17.99122, -0.32496],
			"rotation": {"angle": 45, "axis": "x", "origin": [13.5, 24.21977, -1.12674]},
			"faces": {
				"north": {"uv": [10, 2, 11, 4], "texture": "#2"},
				"east": {"uv": [0, 0, 2, 2], "texture": "#2"},
				"south": {"uv": [4, 10, 5, 12], "texture": "#2"},
				"west": {"uv": [0, 2, 2, 4], "texture": "#2"},
				"up": {"uv": [11, 6, 10, 4], "texture": "#2"},
				"down": {"uv": [6, 10, 5, 12], "texture": "#2"}
			}
		},
		{
			"from": [13, 16.99122, -3.32496],
			"to": [14, 18.99122, -1.32496],
			"rotation": {"angle": 45, "axis": "x", "origin": [13.5, 24.21977, -1.12674]},
			"faces": {
				"north": {"uv": [6, 10, 7, 12], "texture": "#2"},
				"east": {"uv": [2, 0, 4, 2], "texture": "#2"},
				"south": {"uv": [10, 6, 11, 8], "texture": "#2"},
				"west": {"uv": [2, 2, 4, 4], "texture": "#2"},
				"up": {"uv": [8, 12, 7, 10], "texture": "#2"},
				"down": {"uv": [9, 10, 8, 12], "texture": "#2"}
			}
		},
		{
			"from": [13, 17.99122, -4.32496],
			"to": [14, 19.99122, -2.32496],
			"rotation": {"angle": 45, "axis": "x", "origin": [13.5, 24.21977, -1.12674]},
			"faces": {
				"north": {"uv": [10, 8, 11, 10], "texture": "#2"},
				"east": {"uv": [0, 4, 2, 6], "texture": "#2"},
				"south": {"uv": [9, 10, 10, 12], "texture": "#2"},
				"west": {"uv": [4, 0, 6, 2], "texture": "#2"},
				"up": {"uv": [11, 12, 10, 10], "texture": "#2"},
				"down": {"uv": [12, 2, 11, 4], "texture": "#2"}
			}
		},
		{
			"from": [13, 18.99122, -5.32496],
			"to": [14, 20.99122, -3.32496],
			"rotation": {"angle": 45, "axis": "x", "origin": [13.5, 24.21977, -1.12674]},
			"faces": {
				"north": {"uv": [11, 4, 12, 6], "texture": "#2"},
				"east": {"uv": [2, 4, 4, 6], "texture": "#2"},
				"south": {"uv": [11, 6, 12, 8], "texture": "#2"},
				"west": {"uv": [4, 2, 6, 4], "texture": "#2"},
				"up": {"uv": [12, 10, 11, 8], "texture": "#2"},
				"down": {"uv": [12, 10, 11, 12], "texture": "#2"}
			}
		},
		{
			"from": [13, 19.99122, -6.32496],
			"to": [14, 21.99122, -4.32496],
			"rotation": {"angle": 45, "axis": "x", "origin": [13.5, 24.21977, -1.12674]},
			"faces": {
				"north": {"uv": [0, 12, 1, 14], "texture": "#2"},
				"east": {"uv": [4, 4, 6, 6], "texture": "#2"},
				"south": {"uv": [12, 0, 13, 2], "texture": "#2"},
				"west": {"uv": [0, 6, 2, 8], "texture": "#2"},
				"up": {"uv": [2, 14, 1, 12], "texture": "#2"},
				"down": {"uv": [3, 12, 2, 14], "texture": "#2"}
			}
		},
		{
			"from": [13, 20.99122, -7.32496],
			"to": [14, 22.99122, -5.32496],
			"rotation": {"angle": 45, "axis": "x", "origin": [13.5, 24.21977, -1.12674]},
			"faces": {
				"north": {"uv": [12, 2, 13, 4], "texture": "#2"},
				"east": {"uv": [6, 0, 8, 2], "texture": "#2"},
				"south": {"uv": [3, 12, 4, 14], "texture": "#2"},
				"west": {"uv": [2, 6, 4, 8], "texture": "#2"},
				"up": {"uv": [5, 14, 4, 12], "texture": "#2"},
				"down": {"uv": [13, 4, 12, 6], "texture": "#2"}
			}
		},
		{
			"from": [13, 21.99122, -8.32496],
			"to": [14, 23.99122, -6.32496],
			"rotation": {"angle": 45, "axis": "x", "origin": [13.5, 24.21977, -1.12674]},
			"faces": {
				"north": {"uv": [5, 12, 6, 14], "texture": "#2"},
				"east": {"uv": [6, 2, 8, 4], "texture": "#2"},
				"south": {"uv": [6, 12, 7, 14], "texture": "#2"},
				"west": {"uv": [4, 6, 6, 8], "texture": "#2"},
				"up": {"uv": [13, 8, 12, 6], "texture": "#2"},
				"down": {"uv": [8, 12, 7, 14], "texture": "#2"}
			}
		},
		{
			"from": [13, 22.99122, -9.32496],
			"to": [14, 24.99122, -7.32496],
			"rotation": {"angle": 45, "axis": "x", "origin": [13.5, 24.21977, -1.12674]},
			"faces": {
				"north": {"uv": [8, 12, 9, 14], "texture": "#2"},
				"east": {"uv": [6, 4, 8, 6], "texture": "#2"},
				"south": {"uv": [12, 8, 13, 10], "texture": "#2"},
				"west": {"uv": [6, 6, 8, 8], "texture": "#2"},
				"up": {"uv": [10, 14, 9, 12], "texture": "#2"},
				"down": {"uv": [11, 12, 10, 14], "texture": "#2"}
			}
		},
		{
			"from": [13, 23.99122, -10.32496],
			"to": [14, 25.99122, -8.32496],
			"rotation": {"angle": 45, "axis": "x", "origin": [13.5, 24.21977, -1.12674]},
			"faces": {
				"north": {"uv": [12, 10, 13, 12], "texture": "#2"},
				"east": {"uv": [0, 8, 2, 10], "texture": "#2"},
				"south": {"uv": [11, 12, 12, 14], "texture": "#2"},
				"west": {"uv": [8, 0, 10, 2], "texture": "#2"},
				"up": {"uv": [13, 14, 12, 12], "texture": "#2"},
				"down": {"uv": [14, 0, 13, 2], "texture": "#2"}
			}
		},
		{
			"from": [13, 24.99122, -11.32496],
			"to": [14, 26.99122, -9.32496],
			"rotation": {"angle": 45, "axis": "x", "origin": [13.5, 24.21977, -1.12674]},
			"faces": {
				"north": {"uv": [13, 2, 14, 4], "texture": "#2"},
				"east": {"uv": [2, 8, 4, 10], "texture": "#2"},
				"south": {"uv": [13, 4, 14, 6], "texture": "#2"},
				"west": {"uv": [8, 2, 10, 4], "texture": "#2"},
				"up": {"uv": [14, 8, 13, 6], "texture": "#2"},
				"down": {"uv": [14, 8, 13, 10], "texture": "#2"}
			}
		},
		{
			"from": [13, 25.99122, -12.32496],
			"to": [14, 27.99122, -10.32496],
			"rotation": {"angle": 45, "axis": "x", "origin": [13.5, 24.21977, -1.12674]},
			"faces": {
				"north": {"uv": [13, 10, 14, 12], "texture": "#2"},
				"east": {"uv": [4, 8, 6, 10], "texture": "#2"},
				"south": {"uv": [13, 12, 14, 14], "texture": "#2"},
				"west": {"uv": [8, 4, 10, 6], "texture": "#2"},
				"up": {"uv": [1, 16, 0, 14], "texture": "#2"},
				"down": {"uv": [15, 0, 14, 2], "texture": "#2"}
			}
		},
		{
			"from": [13, 26.99122, -13.32496],
			"to": [14, 28.99122, -11.32496],
			"rotation": {"angle": 45, "axis": "x", "origin": [13.5, 24.21977, -1.12674]},
			"faces": {
				"north": {"uv": [1, 14, 2, 16], "texture": "#2"},
				"east": {"uv": [6, 8, 8, 10], "texture": "#2"},
				"south": {"uv": [2, 14, 3, 16], "texture": "#2"},
				"west": {"uv": [8, 6, 10, 8], "texture": "#2"},
				"up": {"uv": [15, 4, 14, 2], "texture": "#2"},
				"down": {"uv": [4, 14, 3, 16], "texture": "#2"}
			}
		},
		{
			"from": [13, 27.99122, -14.32496],
			"to": [14, 29.99122, -12.32496],
			"rotation": {"angle": 45, "axis": "x", "origin": [13.5, 24.21977, -1.12674]},
			"faces": {
				"north": {"uv": [4, 14, 5, 16], "texture": "#2"},
				"east": {"uv": [8, 8, 10, 10], "texture": "#2"},
				"south": {"uv": [14, 4, 15, 6], "texture": "#2"},
				"west": {"uv": [0, 10, 2, 12], "texture": "#2"},
				"up": {"uv": [6, 16, 5, 14], "texture": "#2"},
				"down": {"uv": [7, 14, 6, 16], "texture": "#2"}
			}
		},
		{
			"from": [13, 29, -15.32496],
			"to": [14, 31, -13.32496],
			"rotation": {"angle": 45, "axis": "x", "origin": [13.5, 24.21977, -1.12674]},
			"faces": {
				"north": {"uv": [14, 6, 15, 8], "texture": "#2"},
				"east": {"uv": [10, 0, 12, 2], "texture": "#2"},
				"south": {"uv": [7, 14, 8, 16], "texture": "#2"},
				"west": {"uv": [2, 10, 4, 12], "texture": "#2"},
				"up": {"uv": [9, 16, 8, 14], "texture": "#2"},
				"down": {"uv": [15, 8, 14, 10], "texture": "#2"}
			}
		},
		{
			"from": [13, 31, -15.32496],
			"to": [14, 32, -14.32496],
			"rotation": {"angle": 45, "axis": "x", "origin": [13.5, 24.21977, -1.12674]},
			"faces": {
				"north": {"uv": [9, 14, 10, 15], "texture": "#2"},
				"east": {"uv": [10, 14, 11, 15], "texture": "#2"},
				"south": {"uv": [14, 10, 15, 11], "texture": "#2"},
				"west": {"uv": [11, 14, 12, 15], "texture": "#2"},
				"up": {"uv": [15, 12, 14, 11], "texture": "#2"},
				"down": {"uv": [13, 14, 12, 15], "texture": "#2"}
			}
		}
	],
	"display": {
		"thirdperson_righthand": {
			"rotation": [0, -90, 45],
			"translation": [0, 5.25, 1.5],
			"scale": [0.8, 0.8, 0.8]
		},
		"thirdperson_lefthand": {
			"rotation": [0, 90, -50],
			"translation": [0, 5.25, 0.75],
			"scale": [0.8, 0.8, 0.8]
		},
		"firstperson_righthand": {
			"rotation": [-90, -85, -60],
			"translation": [2, 4, 0],
			"scale": [0.8, 0.8, 0.8]
		},
		"firstperson_lefthand": {
			"rotation": [30, 85, -60],
			"translation": [2, 4, 0],
			"scale": [0.8, 0.8, 0.8]
		},
		"ground": {
			"translation": [0, 2.25, 0],
			"scale": [0.5, 0.5, 0.5]
		},
		"gui": {
			"translation": [0, 0.5, 0],
			"scale": [1, 1.065, 1]
		},
		"head": {
			"translation": [0, -33.75, 9.25],
			"scale": [1.5, 1.5, 1.6]
		},
		"fixed": {
			"translation": [0, 7.5, 5.5],
			"scale": [1.5, 1.5, 1.5]
		}
	},
	"groups": [
		{
			"name": "idle",
			"origin": [8, 8, 8],
			"color": 0,
			"children": [0, 1, 2, 3, 4, 5]
		},
		{
			"name": "katana",
			"origin": [8, 8, 8],
			"color": 0,
			"children": [6, 7, 8, 9, 10, 11, 12, 13, 14, 15, 16, 17, 18, 19, 20]
		}
	]
}