{
	"credit": "Made with Blockbench",
	"textures": {
		"0": "item/undead_merchant/idle",
		"2": "item/undead_merchant/undead_merchant_katana"
	},
	"elements": [
		{
			"name": "left_leg",
			"from": [4, 4, 6],
			"to": [8, 16, 10],
			"rotation": {"angle": 22.5, "axis": "x", "origin": [0, 14, -4]},
			"faces": {
				"north": {"uv": [1, 5, 2, 8], "texture": "#0"},
				"east": {"uv": [1, 5, 0, 8], "texture": "#0"},
				"south": {"uv": [4, 5, 3, 8], "texture": "#0"},
				"west": {"uv": [2, 5, 3, 8], "texture": "#0"},
				"up": {"uv": [1, 4, 2, 5], "texture": "#0"},
				"down": {"uv": [2, 4, 3, 5], "texture": "#0"}
			}
		},
		{
			"name": "right_leg",
			"from": [8, -4, 6],
			"to": [12, 8, 10],
			"rotation": {"angle": -22.5, "axis": "x", "origin": [0, 10, 0]},
			"faces": {
				"north": {"uv": [2, 5, 1, 8], "texture": "#0"},
				"east": {"uv": [3, 5, 2, 8], "texture": "#0"},
				"south": {"uv": [3, 5, 4, 8], "texture": "#0"},
				"west": {"uv": [0, 5, 1, 8], "texture": "#0"},
				"up": {"uv": [2, 4, 1, 5], "texture": "#0"},
				"down": {"uv": [2, 4, 3, 5], "texture": "#0"}
			}
		},
		{
			"name": "body",
			"from": [4, 12, 6],
			"to": [12, 24, 10],
			"rotation": {"angle": 0, "axis": "y", "origin": [0, 10, 0]},
			"faces": {
				"north": {"uv": [5, 5, 7, 8], "texture": "#0"},
				"east": {"uv": [4, 5, 5, 8], "texture": "#0"},
				"south": {"uv": [8, 5, 10, 8], "texture": "#0"},
				"west": {"uv": [7, 5, 8, 8], "texture": "#0"},
				"up": {"uv": [5, 4, 7, 5], "texture": "#0"},
				"down": {"uv": [7, 4, 9, 5], "texture": "#0"}
			}
		},
		{
			"name": "left_arm",
			"from": [1, 8, 11],
			"to": [4, 20, 14],
			"rotation": {"angle": -22.5, "axis": "x", "origin": [0, 10, 0]},
			"faces": {
				"north": {"uv": [13, 5, 14, 8], "texture": "#0"},
				"east": {"uv": [12, 5, 13, 8], "texture": "#0"},
				"south": {"uv": [11, 5, 12, 8], "texture": "#0"},
				"west": {"uv": [10, 5, 11, 8], "texture": "#0"},
				"up": {"uv": [11, 4, 12, 5], "texture": "#0"},
				"down": {"uv": [12, 4, 13, 5], "texture": "#0"}
			}
		},
		{
			"name": "right_arm",
			"from": [13, 11.63659, 6.24193],
			"to": [16, 23.63659, 9.24193],
			"rotation": {"angle": 22.5, "axis": "z", "origin": [12.5, 19.63659, 6.74193]},
			"faces": {
				"north": {"uv": [11, 5, 12, 8], "texture": "#0"},
				"east": {"uv": [10, 5, 11, 8], "texture": "#0"},
				"south": {"uv": [13, 5, 14, 8], "texture": "#0"},
				"west": {"uv": [12, 5, 13, 8], "texture": "#0"},
				"up": {"uv": [12, 4, 11, 5], "texture": "#0"},
				"down": {"uv": [13, 4, 12, 5], "texture": "#0"}
			}
		},
		{
			"name": "head",
			"from": [4, 24, 4],
			"to": [12, 32, 12],
			"rotation": {"angle": 0, "axis": "y", "origin": [0, 10, 0]},
			"faces": {
				"north": {"uv": [0, 9.75, 3.25, 12.75], "texture": "#0"},
				"east": {"uv": [0, 2, 2, 4], "texture": "#0"},
				"south": {"uv": [6, 2, 8, 4], "texture": "#0"},
				"west": {"uv": [4, 2, 6, 4], "texture": "#0"},
				"up": {"uv": [2, 0, 4, 2], "texture": "#0"},
				"down": {"uv": [4, 0, 6, 2], "texture": "#0"}
			}
		},
		{
			"from": [16, 26.02155, 12.10181],
			"to": [17, 28.02155, 14.10181],
			"rotation": {"angle": 45, "axis": "x", "origin": [12.5, 24.21977, -3.12674]},
			"faces": {
				"north": {"uv": [11, 6, 10, 4], "rotation": 180, "texture": "#2"},
				"east": {"uv": [0, 0, 2, 2], "rotation": 90, "texture": "#2"},
				"south": {"uv": [6, 10, 5, 12], "texture": "#2"},
				"west": {"uv": [0, 2, 2, 4], "rotation": 270, "texture": "#2"},
				"up": {"uv": [4, 10, 5, 12], "texture": "#2"},
				"down": {"uv": [10, 2, 11, 4], "rotation": 180, "texture": "#2"}
			}
		},
		{
			"from": [16, 25.02155, 11.10181],
			"to": [17, 27.02155, 13.10181],
			"rotation": {"angle": 45, "axis": "x", "origin": [12.5, 24.21977, -3.12674]},
			"faces": {
				"north": {"uv": [8, 12, 7, 10], "rotation": 180, "texture": "#2"},
				"east": {"uv": [2, 0, 4, 2], "rotation": 90, "texture": "#2"},
				"south": {"uv": [9, 10, 8, 12], "texture": "#2"},
				"west": {"uv": [2, 2, 4, 4], "rotation": 270, "texture": "#2"},
				"up": {"uv": [10, 6, 11, 8], "texture": "#2"},
				"down": {"uv": [6, 10, 7, 12], "rotation": 180, "texture": "#2"}
			}
		},
		{
			"from": [16, 24.02155, 10.10181],
			"to": [17, 26.02155, 12.10181],
			"rotation": {"angle": 45, "axis": "x", "origin": [12.5, 24.21977, -3.12674]},
			"faces": {
				"north": {"uv": [11, 12, 10, 10], "rotation": 180, "texture": "#2"},
				"east": {"uv": [0, 4, 2, 6], "rotation": 90, "texture": "#2"},
				"south": {"uv": [12, 2, 11, 4], "texture": "#2"},
				"west": {"uv": [4, 0, 6, 2], "rotation": 270, "texture": "#2"},
				"up": {"uv": [9, 10, 10, 12], "texture": "#2"},
				"down": {"uv": [10, 8, 11, 10], "rotation": 180, "texture": "#2"}
			}
		},
		{
			"from": [16, 23.02155, 9.10181],
			"to": [17, 25.02155, 11.10181],
			"rotation": {"angle": 45, "axis": "x", "origin": [12.5, 24.21977, -3.12674]},
			"faces": {
				"north": {"uv": [12, 10, 11, 8], "rotation": 180, "texture": "#2"},
				"east": {"uv": [2, 4, 4, 6], "rotation": 90, "texture": "#2"},
				"south": {"uv": [12, 10, 11, 12], "texture": "#2"},
				"west": {"uv": [4, 2, 6, 4], "rotation": 270, "texture": "#2"},
				"up": {"uv": [11, 6, 12, 8], "texture": "#2"},
				"down": {"uv": [11, 4, 12, 6], "rotation": 180, "texture": "#2"}
			}
		},
		{
			"from": [16, 22.02155, 8.10181],
			"to": [17, 24.02155, 10.10181],
			"rotation": {"angle": 45, "axis": "x", "origin": [12.5, 24.21977, -3.12674]},
			"faces": {
				"north": {"uv": [2, 14, 1, 12], "rotation": 180, "texture": "#2"},
				"east": {"uv": [4, 4, 6, 6], "rotation": 90, "texture": "#2"},
				"south": {"uv": [3, 12, 2, 14], "texture": "#2"},
				"west": {"uv": [0, 6, 2, 8], "rotation": 270, "texture": "#2"},
				"up": {"uv": [12, 0, 13, 2], "texture": "#2"},
				"down": {"uv": [0, 12, 1, 14], "rotation": 180, "texture": "#2"}
			}
		},
		{
			"from": [16, 21.02155, 7.10181],
			"to": [17, 23.02155, 9.10181],
			"rotation": {"angle": 45, "axis": "x", "origin": [12.5, 24.21977, -3.12674]},
			"faces": {
				"north": {"uv": [5, 14, 4, 12], "rotation": 180, "texture": "#2"},
				"east": {"uv": [6, 0, 8, 2], "rotation": 90, "texture": "#2"},
				"south": {"uv": [13, 4, 12, 6], "texture": "#2"},
				"west": {"uv": [2, 6, 4, 8], "rotation": 270, "texture": "#2"},
				"up": {"uv": [3, 12, 4, 14], "texture": "#2"},
				"down": {"uv": [12, 2, 13, 4], "rotation": 180, "texture": "#2"}
			}
		},
		{
			"from": [16, 20.02155, 6.10181],
			"to": [17, 22.02155, 8.10181],
			"rotation": {"angle": 45, "axis": "x", "origin": [12.5, 24.21977, -3.12674]},
			"faces": {
				"north": {"uv": [13, 8, 12, 6], "rotation": 180, "texture": "#2"},
				"east": {"uv": [6, 2, 8, 4], "rotation": 90, "texture": "#2"},
				"south": {"uv": [8, 12, 7, 14], "texture": "#2"},
				"west": {"uv": [4, 6, 6, 8], "rotation": 270, "texture": "#2"},
				"up": {"uv": [6, 12, 7, 14], "texture": "#2"},
				"down": {"uv": [5, 12, 6, 14], "rotation": 180, "texture": "#2"}
			}
		},
		{
			"from": [16, 19.02155, 5.10181],
			"to": [17, 21.02155, 7.10181],
			"rotation": {"angle": 45, "axis": "x", "origin": [12.5, 24.21977, -3.12674]},
			"faces": {
				"north": {"uv": [10, 14, 9, 12], "rotation": 180, "texture": "#2"},
				"east": {"uv": [6, 4, 8, 6], "rotation": 90, "texture": "#2"},
				"south": {"uv": [11, 12, 10, 14], "texture": "#2"},
				"west": {"uv": [6, 6, 8, 8], "rotation": 270, "texture": "#2"},
				"up": {"uv": [12, 8, 13, 10], "texture": "#2"},
				"down": {"uv": [8, 12, 9, 14], "rotation": 180, "texture": "#2"}
			}
		},
		{
			"from": [16, 18.02155, 4.10181],
			"to": [17, 20.02155, 6.10181],
			"rotation": {"angle": 45, "axis": "x", "origin": [12.5, 24.21977, -3.12674]},
			"faces": {
				"north": {"uv": [13, 14, 12, 12], "rotation": 180, "texture": "#2"},
				"east": {"uv": [0, 8, 2, 10], "rotation": 90, "texture": "#2"},
				"south": {"uv": [14, 0, 13, 2], "texture": "#2"},
				"west": {"uv": [8, 0, 10, 2], "rotation": 270, "texture": "#2"},
				"up": {"uv": [11, 12, 12, 14], "texture": "#2"},
				"down": {"uv": [12, 10, 13, 12], "rotation": 180, "texture": "#2"}
			}
		},
		{
			"from": [16, 17.02155, 3.10181],
			"to": [17, 19.02155, 5.10181],
			"rotation": {"angle": 45, "axis": "x", "origin": [12.5, 24.21977, -3.12674]},
			"faces": {
				"north": {"uv": [14, 8, 13, 6], "rotation": 180, "texture": "#2"},
				"east": {"uv": [2, 8, 4, 10], "rotation": 90, "texture": "#2"},
				"south": {"uv": [14, 8, 13, 10], "texture": "#2"},
				"west": {"uv": [8, 2, 10, 4], "rotation": 270, "texture": "#2"},
				"up": {"uv": [13, 4, 14, 6], "texture": "#2"},
				"down": {"uv": [13, 2, 14, 4], "rotation": 180, "texture": "#2"}
			}
		},
		{
			"from": [16, 16.02155, 2.10181],
			"to": [17, 18.02155, 4.10181],
			"rotation": {"angle": 45, "axis": "x", "origin": [12.5, 24.21977, -3.12674]},
			"faces": {
				"north": {"uv": [1, 16, 0, 14], "rotation": 180, "texture": "#2"},
				"east": {"uv": [4, 8, 6, 10], "rotation": 90, "texture": "#2"},
				"south": {"uv": [15, 0, 14, 2], "texture": "#2"},
				"west": {"uv": [8, 4, 10, 6], "rotation": 270, "texture": "#2"},
				"up": {"uv": [13, 12, 14, 14], "texture": "#2"},
				"down": {"uv": [13, 10, 14, 12], "rotation": 180, "texture": "#2"}
			}
		},
		{
			"from": [16, 15.02155, 1.10181],
			"to": [17, 17.02155, 3.10181],
			"rotation": {"angle": 45, "axis": "x", "origin": [12.5, 24.21977, -3.12674]},
			"faces": {
				"north": {"uv": [15, 4, 14, 2], "rotation": 180, "texture": "#2"},
				"east": {"uv": [6, 8, 8, 10], "rotation": 90, "texture": "#2"},
				"south": {"uv": [4, 14, 3, 16], "texture": "#2"},
				"west": {"uv": [8, 6, 10, 8], "rotation": 270, "texture": "#2"},
				"up": {"uv": [2, 14, 3, 16], "texture": "#2"},
				"down": {"uv": [1, 14, 2, 16], "rotation": 180, "texture": "#2"}
			}
		},
		{
			"from": [16, 14.02155, 0.10181],
			"to": [17, 16.02155, 2.10181],
			"rotation": {"angle": 45, "axis": "x", "origin": [12.5, 24.21977, -3.12674]},
			"faces": {
				"north": {"uv": [6, 16, 5, 14], "rotation": 180, "texture": "#2"},
				"east": {"uv": [8, 8, 10, 10], "rotation": 90, "texture": "#2"},
				"south": {"uv": [7, 14, 6, 16], "texture": "#2"},
				"west": {"uv": [0, 10, 2, 12], "rotation": 270, "texture": "#2"},
				"up": {"uv": [14, 4, 15, 6], "texture": "#2"},
				"down": {"uv": [4, 14, 5, 16], "rotation": 180, "texture": "#2"}
			}
		},
		{
			"from": [16, 13.02155, -0.89819],
			"to": [17, 15.02155, 1.10181],
			"rotation": {"angle": 45, "axis": "x", "origin": [12.5, 24.21977, -3.12674]},
			"faces": {
				"north": {"uv": [9, 16, 8, 14], "rotation": 180, "texture": "#2"},
				"east": {"uv": [10, 0, 12, 2], "rotation": 90, "texture": "#2"},
				"south": {"uv": [15, 8, 14, 10], "texture": "#2"},
				"west": {"uv": [2, 10, 4, 12], "rotation": 270, "texture": "#2"},
				"up": {"uv": [7, 14, 8, 16], "texture": "#2"},
				"down": {"uv": [14, 6, 15, 8], "rotation": 180, "texture": "#2"}
			}
		},
		{
			"from": [16, 13.02155, -1.90697],
			"to": [17, 14.02155, -0.90697],
			"rotation": {"angle": 45, "axis": "x", "origin": [12.5, 24.21977, -3.12674]},
			"faces": {
				"north": {"uv": [15, 12, 14, 11], "rotation": 180, "texture": "#2"},
				"east": {"uv": [10, 14, 11, 15], "rotation": 90, "texture": "#2"},
				"south": {"uv": [13, 14, 12, 15], "texture": "#2"},
				"west": {"uv": [11, 14, 12, 15], "rotation": 270, "texture": "#2"},
				"up": {"uv": [14, 10, 15, 11], "texture": "#2"},
				"down": {"uv": [9, 14, 10, 15], "rotation": 180, "texture": "#2"}
			}
		}
	],
	"display": {
		"thirdperson_righthand": {
			"rotation": [0, -90, 45],
			"translation": [0, 5.25, 1.5],
			"scale": [0.8, 0.8, 0.8]
		},
		"thirdperson_lefthand": {
			"rotation": [0, 90, -50],
			"translation": [0, 5.25, 0.75],
			"scale": [0.8, 0.8, 0.8]
		},
		"firstperson_righthand": {
			"rotation": [-90, -85, -60],
			"translation": [2, 4, 0],
			"scale": [0.8, 0.8, 0.8]
		},
		"firstperson_lefthand": {
			"rotation": [30, 85, -60],
			"translation": [2, 4, 0],
			"scale": [0.8, 0.8, 0.8]
		},
		"ground": {
			"translation": [0, 2.25, 0],
			"scale": [0.5, 0.5, 0.5]
		},
		"gui": {
			"translation": [0, 0.5, 0],
			"scale": [1, 1.065, 1]
		},
		"head": {
			"translation": [0, -33.75, 1.25],
			"scale": [1.5, 1.5, 1.6]
		},
		"fixed": {
			"translation": [0, 7.5, 5.5],
			"scale": [1.5, 1.5, 1.5]
		}
	},
	"groups": [
		{
			"name": "idle",
			"origin": [8, 8, 8],
			"color": 0,
			"children": [0, 1, 2, 3, 4, 5]
		},
		{
			"name": "katana",
			"origin": [8, 8, 8],
			"color": 0,
			"children": [6, 7, 8, 9, 10, 11, 12, 13, 14, 15, 16, 17, 18, 19, 20]
		}
	]
}