{
	"credit": "Made with Blockbench",
	"textures": {
		"main": "item/undead_merchant/idle_anim"
	},
	"elements": [
		{
			"name": "left_leg",
			"from": [1, 0, -1],
			"to": [5, 3, 11],
			"rotation": {"angle": 22.5, "axis": "y", "origin": [0, 0, 0]},
			"faces": {
				"north": {"uv": [4.5, 1, 4.75, 1.25], "rotation": 180, "texture": "#main"},
				"east": {"uv": [4.25, 1.25, 4, 2], "rotation": 270, "texture": "#main"},
				"south": {"uv": [4.25, 1, 4.5, 1.25], "texture": "#main"},
				"west": {"uv": [4.5, 1.25, 4.75, 2], "rotation": 90, "texture": "#main"},
				"up": {"uv": [4.25, 1.25, 4.5, 2], "rotation": 180, "texture": "#main"},
				"down": {"uv": [5, 1.25, 4.75, 2], "texture": "#main"}
			}
		},
		{
			"name": "right_leg",
			"from": [10, 0, -7],
			"to": [14, 3, 5],
			"rotation": {"angle": -22.5, "axis": "y", "origin": [0, 0, 0]},
			"faces": {
				"north": {"uv": [4.5, 1, 4.75, 1.25], "rotation": 180, "texture": "#main"},
				"east": {"uv": [4.75, 1.25, 4.5, 2], "rotation": 270, "texture": "#main"},
				"south": {"uv": [4.5, 1, 4.25, 1.25], "texture": "#main"},
				"west": {"uv": [4, 1.25, 4.25, 2], "rotation": 90, "texture": "#main"},
				"up": {"uv": [4.5, 1.25, 4.25, 2], "rotation": 180, "texture": "#main"},
				"down": {"uv": [4.75, 1.25, 5, 2], "texture": "#main"}
			}
		},
		{
			"name": "body",
			"from": [4, 2, 6],
			"to": [12, 14, 10],
			"faces": {
				"north": {"uv": [5.25, 1.25, 5.75, 2], "texture": "#main"},
				"east": {"uv": [5, 1.25, 5.25, 2], "texture": "#main"},
				"south": {"uv": [6, 1.25, 6.5, 2], "texture": "#main"},
				"west": {"uv": [5.75, 1.25, 6, 2], "texture": "#main"},
				"up": {"uv": [5.25, 1, 5.75, 1.25], "texture": "#main"},
				"down": {"uv": [5.75, 1, 6.25, 1.25], "texture": "#main"}
			}
		},
		{
			"name": "left_arm",
			"from": [1, 4, 0],
			"to": [4, 16, 3],
			"rotation": {"angle": 22.5, "axis": "x", "origin": [0, 0, 0]},
			"faces": {
				"north": {"uv": [7.25, 1.25, 7.5, 2], "texture": "#main"},
				"east": {"uv": [7, 1.25, 7.25, 2], "texture": "#main"},
				"south": {"uv": [6.75, 1.25, 7, 2], "texture": "#main"},
				"west": {"uv": [6.5, 1.25, 6.75, 2], "texture": "#main"},
				"up": {"uv": [6.75, 1, 7, 1.25], "texture": "#main"},
				"down": {"uv": [7, 1, 7.25, 1.25], "texture": "#main"}
			}
		},
		{
			"name": "right_arm",
			"from": [12, 4, 0],
			"to": [15, 16, 3],
			"rotation": {"angle": 22.5, "axis": "x", "origin": [0, 0, 0]},
			"faces": {
				"north": {"uv": [6.75, 1.25, 7, 2], "texture": "#main"},
				"east": {"uv": [6.5, 1.25, 6.75, 2], "texture": "#main"},
				"south": {"uv": [7.25, 1.25, 7.5, 2], "texture": "#main"},
				"west": {"uv": [7, 1.25, 7.25, 2], "texture": "#main"},
				"up": {"uv": [7, 1, 6.75, 1.25], "texture": "#main"},
				"down": {"uv": [7.25, 1, 7, 1.25], "texture": "#main"}
			}
		},
		{
			"name": "head",
			"from": [4, 14, 4],
			"to": [12, 22, 12],
			"faces": {
				"north": {"uv": [4, 3.1875, 4.8125, 3.9375], "texture": "#main"},
				"east": {"uv": [4, 0.5, 4.5, 1], "texture": "#main"},
				"south": {"uv": [5.5, 0.5, 6, 1], "texture": "#main"},
				"west": {"uv": [5, 0.5, 5.5, 1], "texture": "#main"},
				"up": {"uv": [4.5, 0, 5, 0.5], "texture": "#main"},
				"down": {"uv": [5, 0, 5.5, 0.5], "texture": "#main"}
			}
		},
		{
			"name": "left_leg",
			"from": [1, 0, -1],
			"to": [5, 3, 11],
			"rotation": {"angle": 22.5, "axis": "y", "origin": [0, 0, 0]},
			"faces": {
				"north": {"uv": [8.5, 1, 8.75, 1.25], "rotation": 180, "texture": "#main"},
				"east": {"uv": [8.25, 1.25, 8, 2], "rotation": 270, "texture": "#main"},
				"south": {"uv": [8.25, 1, 8.5, 1.25], "texture": "#main"},
				"west": {"uv": [8.5, 1.25, 8.75, 2], "rotation": 90, "texture": "#main"},
				"up": {"uv": [8.25, 1.25, 8.5, 2], "rotation": 180, "texture": "#main"},
				"down": {"uv": [9, 1.25, 8.75, 2], "texture": "#main"}
			}
		},
		{
			"name": "right_leg",
			"from": [10, 0, -7],
			"to": [14, 3, 5],
			"rotation": {"angle": -22.5, "axis": "y", "origin": [0, 0, 0]},
			"faces": {
				"north": {"uv": [8.5, 1, 8.75, 1.25], "rotation": 180, "texture": "#main"},
				"east": {"uv": [8.75, 1.25, 8.5, 2], "rotation": 270, "texture": "#main"},
				"south": {"uv": [8.5, 1, 8.25, 1.25], "texture": "#main"},
				"west": {"uv": [8, 1.25, 8.25, 2], "rotation": 90, "texture": "#main"},
				"up": {"uv": [8.5, 1.25, 8.25, 2], "rotation": 180, "texture": "#main"},
				"down": {"uv": [8.75, 1.25, 9, 2], "texture": "#main"}
			}
		},
		{
			"name": "body",
			"from": [4, 2, 6],
			"to": [12, 14, 10],
			"faces": {
				"north": {"uv": [9.25, 1.25, 9.75, 2], "texture": "#main"},
				"east": {"uv": [9, 1.25, 9.25, 2], "texture": "#main"},
				"south": {"uv": [10, 1.25, 10.5, 2], "texture": "#main"},
				"west": {"uv": [9.75, 1.25, 10, 2], "texture": "#main"},
				"up": {"uv": [9.25, 1, 9.75, 1.25], "texture": "#main"},
				"down": {"uv": [9.75, 1, 10.25, 1.25], "texture": "#main"}
			}
		},
		{
			"name": "left_arm",
			"from": [1, 4, 0],
			"to": [4, 16, 3],
			"rotation": {"angle": 22.5, "axis": "x", "origin": [0, 0, 0]},
			"faces": {
				"north": {"uv": [11.25, 1.25, 11.5, 2], "texture": "#main"},
				"east": {"uv": [11, 1.25, 11.25, 2], "texture": "#main"},
				"south": {"uv": [10.75, 1.25, 11, 2], "texture": "#main"},
				"west": {"uv": [10.5, 1.25, 10.75, 2], "texture": "#main"},
				"up": {"uv": [10.75, 1, 11, 1.25], "texture": "#main"},
				"down": {"uv": [11, 1, 11.25, 1.25], "texture": "#main"}
			}
		},
		{
			"name": "right_arm",
			"from": [12, 4, 0],
			"to": [15, 16, 3],
			"rotation": {"angle": 22.5, "axis": "x", "origin": [0, 0, 0]},
			"faces": {
				"north": {"uv": [10.75, 1.25, 11, 2], "texture": "#main"},
				"east": {"uv": [10.5, 1.25, 10.75, 2], "texture": "#main"},
				"south": {"uv": [11.25, 1.25, 11.5, 2], "texture": "#main"},
				"west": {"uv": [11, 1.25, 11.25, 2], "texture": "#main"},
				"up": {"uv": [11, 1, 10.75, 1.25], "texture": "#main"},
				"down": {"uv": [11.25, 1, 11, 1.25], "texture": "#main"}
			}
		},
		{
			"name": "head",
			"from": [4, 14, 4],
			"to": [12, 22, 12],
			"faces": {
				"north": {"uv": [10, 0.25, 10.8125, 1], "texture": "#main"},
				"east": {"uv": [8, 0.5, 8.5, 1], "texture": "#main"},
				"south": {"uv": [9.5, 0.5, 10, 1], "texture": "#main"},
				"west": {"uv": [9, 0.5, 9.5, 1], "texture": "#main"},
				"up": {"uv": [8.5, 0, 9, 0.5], "texture": "#main"},
				"down": {"uv": [9, 0, 9.5, 0.5], "texture": "#main"}
			}
		},
		{
			"name": "left_leg",
			"from": [1, 0, -1],
			"to": [5, 3, 11],
			"rotation": {"angle": 22.5, "axis": "y", "origin": [0, 0, 0]},
			"faces": {
				"north": {"uv": [12.5, 1, 12.75, 1.25], "rotation": 180, "texture": "#main"},
				"east": {"uv": [12.25, 1.25, 12, 2], "rotation": 270, "texture": "#main"},
				"south": {"uv": [12.25, 1, 12.5, 1.25], "texture": "#main"},
				"west": {"uv": [12.5, 1.25, 12.75, 2], "rotation": 90, "texture": "#main"},
				"up": {"uv": [12.25, 1.25, 12.5, 2], "rotation": 180, "texture": "#main"},
				"down": {"uv": [13, 1.25, 12.75, 2], "texture": "#main"}
			}
		},
		{
			"name": "right_leg",
			"from": [10, 0, -7],
			"to": [14, 3, 5],
			"rotation": {"angle": -22.5, "axis": "y", "origin": [0, 0, 0]},
			"faces": {
				"north": {"uv": [12.5, 1, 12.75, 1.25], "rotation": 180, "texture": "#main"},
				"east": {"uv": [12.75, 1.25, 12.5, 2], "rotation": 270, "texture": "#main"},
				"south": {"uv": [12.5, 1, 12.25, 1.25], "texture": "#main"},
				"west": {"uv": [12, 1.25, 12.25, 2], "rotation": 90, "texture": "#main"},
				"up": {"uv": [12.5, 1.25, 12.25, 2], "rotation": 180, "texture": "#main"},
				"down": {"uv": [12.75, 1.25, 13, 2], "texture": "#main"}
			}
		},
		{
			"name": "body",
			"from": [4, 2, 6],
			"to": [12, 14, 10],
			"faces": {
				"north": {"uv": [13.25, 1.25, 13.75, 2], "texture": "#main"},
				"east": {"uv": [13, 1.25, 13.25, 2], "texture": "#main"},
				"south": {"uv": [14, 1.25, 14.5, 2], "texture": "#main"},
				"west": {"uv": [13.75, 1.25, 14, 2], "texture": "#main"},
				"up": {"uv": [13.25, 1, 13.75, 1.25], "texture": "#main"},
				"down": {"uv": [13.75, 1, 14.25, 1.25], "texture": "#main"}
			}
		},
		{
			"name": "left_arm",
			"from": [1, 4, 0],
			"to": [4, 16, 3],
			"rotation": {"angle": 22.5, "axis": "x", "origin": [0, 0, 0]},
			"faces": {
				"north": {"uv": [15.25, 1.25, 15.5, 2], "texture": "#main"},
				"east": {"uv": [15, 1.25, 15.25, 2], "texture": "#main"},
				"south": {"uv": [14.75, 1.25, 15, 2], "texture": "#main"},
				"west": {"uv": [14.5, 1.25, 14.75, 2], "texture": "#main"},
				"up": {"uv": [14.75, 1, 15, 1.25], "texture": "#main"},
				"down": {"uv": [15, 1, 15.25, 1.25], "texture": "#main"}
			}
		},
		{
			"name": "right_arm",
			"from": [12, 4, 0],
			"to": [15, 16, 3],
			"rotation": {"angle": 22.5, "axis": "x", "origin": [0, 0, 0]},
			"faces": {
				"north": {"uv": [14.75, 1.25, 15, 2], "texture": "#main"},
				"east": {"uv": [14.5, 1.25, 14.75, 2], "texture": "#main"},
				"south": {"uv": [15.25, 1.25, 15.5, 2], "texture": "#main"},
				"west": {"uv": [15, 1.25, 15.25, 2], "texture": "#main"},
				"up": {"uv": [15, 1, 14.75, 1.25], "texture": "#main"},
				"down": {"uv": [15.25, 1, 15, 1.25], "texture": "#main"}
			}
		},
		{
			"name": "head",
			"from": [4, 14, 4],
			"to": [12, 22, 12],
			"faces": {
				"north": {"uv": [14.9375, 0.25, 15.75, 1], "texture": "#main"},
				"east": {"uv": [12, 0.5, 12.5, 1], "texture": "#main"},
				"south": {"uv": [13.5, 0.5, 14, 1], "texture": "#main"},
				"west": {"uv": [13, 0.5, 13.5, 1], "texture": "#main"},
				"up": {"uv": [12.5, 0, 13, 0.5], "texture": "#main"},
				"down": {"uv": [13, 0, 13.5, 0.5], "texture": "#main"}
			}
		},
		{
			"name": "left_leg",
			"from": [1, 0, -1],
			"to": [5, 3, 11],
			"rotation": {"angle": 22.5, "axis": "y", "origin": [0, 0, 0]},
			"faces": {
				"north": {"uv": [0.5, 5, 0.75, 5.25], "rotation": 180, "texture": "#main"},
				"east": {"uv": [0.25, 5.25, 0, 6], "rotation": 270, "texture": "#main"},
				"south": {"uv": [0.25, 5, 0.5, 5.25], "texture": "#main"},
				"west": {"uv": [0.5, 5.25, 0.75, 6], "rotation": 90, "texture": "#main"},
				"up": {"uv": [0.25, 5.25, 0.5, 6], "rotation": 180, "texture": "#main"},
				"down": {"uv": [1, 5.25, 0.75, 6], "texture": "#main"}
			}
		},
		{
			"name": "right_leg",
			"from": [10, 0, -7],
			"to": [14, 3, 5],
			"rotation": {"angle": -22.5, "axis": "y", "origin": [0, 0, 0]},
			"faces": {
				"north": {"uv": [0.5, 5, 0.75, 5.25], "rotation": 180, "texture": "#main"},
				"east": {"uv": [0.75, 5.25, 0.5, 6], "rotation": 270, "texture": "#main"},
				"south": {"uv": [0.5, 5, 0.25, 5.25], "texture": "#main"},
				"west": {"uv": [0, 5.25, 0.25, 6], "rotation": 90, "texture": "#main"},
				"up": {"uv": [0.5, 5.25, 0.25, 6], "rotation": 180, "texture": "#main"},
				"down": {"uv": [0.75, 5.25, 1, 6], "texture": "#main"}
			}
		},
		{
			"name": "body",
			"from": [4, 2, 6],
			"to": [12, 14, 10],
			"faces": {
				"north": {"uv": [1.25, 5.25, 1.75, 6], "texture": "#main"},
				"east": {"uv": [1, 5.25, 1.25, 6], "texture": "#main"},
				"south": {"uv": [2, 5.25, 2.5, 6], "texture": "#main"},
				"west": {"uv": [1.75, 5.25, 2, 6], "texture": "#main"},
				"up": {"uv": [1.25, 5, 1.75, 5.25], "texture": "#main"},
				"down": {"uv": [1.75, 5, 2.25, 5.25], "texture": "#main"}
			}
		},
		{
			"name": "left_arm",
			"from": [1, 4, 0],
			"to": [4, 16, 3],
			"rotation": {"angle": 22.5, "axis": "x", "origin": [0, 0, 0]},
			"faces": {
				"north": {"uv": [3.25, 5.25, 3.5, 6], "texture": "#main"},
				"east": {"uv": [3, 5.25, 3.25, 6], "texture": "#main"},
				"south": {"uv": [2.75, 5.25, 3, 6], "texture": "#main"},
				"west": {"uv": [2.5, 5.25, 2.75, 6], "texture": "#main"},
				"up": {"uv": [2.75, 5, 3, 5.25], "texture": "#main"},
				"down": {"uv": [3, 5, 3.25, 5.25], "texture": "#main"}
			}
		},
		{
			"name": "right_arm",
			"from": [12, 4, 0],
			"to": [15, 16, 3],
			"rotation": {"angle": 22.5, "axis": "x", "origin": [0, 0, 0]},
			"faces": {
				"north": {"uv": [2.75, 5.25, 3, 6], "texture": "#main"},
				"east": {"uv": [2.5, 5.25, 2.75, 6], "texture": "#main"},
				"south": {"uv": [3.25, 5.25, 3.5, 6], "texture": "#main"},
				"west": {"uv": [3, 5.25, 3.25, 6], "texture": "#main"},
				"up": {"uv": [3, 5, 2.75, 5.25], "texture": "#main"},
				"down": {"uv": [3.25, 5, 3, 5.25], "texture": "#main"}
			}
		},
		{
			"name": "head",
			"from": [4, 14, 4],
			"to": [12, 22, 12],
			"faces": {
				"north": {"uv": [1.0625, 6.1875, 1.875, 6.9375], "texture": "#main"},
				"east": {"uv": [0, 4.5, 0.5, 5], "texture": "#main"},
				"south": {"uv": [1.5, 4.5, 2, 5], "texture": "#main"},
				"west": {"uv": [1, 4.5, 1.5, 5], "texture": "#main"},
				"up": {"uv": [0.5, 4, 1, 4.5], "texture": "#main"},
				"down": {"uv": [1, 4, 1.5, 4.5], "texture": "#main"}
			}
		},
		{
			"name": "left_leg",
			"from": [1, 0, -1],
			"to": [5, 3, 11],
			"rotation": {"angle": 22.5, "axis": "y", "origin": [0, 0, 0]},
			"faces": {
				"north": {"uv": [4.5, 5, 4.75, 5.25], "rotation": 180, "texture": "#main"},
				"east": {"uv": [4.25, 5.25, 4, 6], "rotation": 270, "texture": "#main"},
				"south": {"uv": [4.25, 5, 4.5, 5.25], "texture": "#main"},
				"west": {"uv": [4.5, 5.25, 4.75, 6], "rotation": 90, "texture": "#main"},
				"up": {"uv": [4.25, 5.25, 4.5, 6], "rotation": 180, "texture": "#main"},
				"down": {"uv": [5, 5.25, 4.75, 6], "texture": "#main"}
			}
		},
		{
			"name": "right_leg",
			"from": [10, 0, -7],
			"to": [14, 3, 5],
			"rotation": {"angle": -22.5, "axis": "y", "origin": [0, 0, 0]},
			"faces": {
				"north": {"uv": [4.5, 5, 4.75, 5.25], "rotation": 180, "texture": "#main"},
				"east": {"uv": [4.75, 5.25, 4.5, 6], "rotation": 270, "texture": "#main"},
				"south": {"uv": [4.5, 5, 4.25, 5.25], "texture": "#main"},
				"west": {"uv": [4, 5.25, 4.25, 6], "rotation": 90, "texture": "#main"},
				"up": {"uv": [4.5, 5.25, 4.25, 6], "rotation": 180, "texture": "#main"},
				"down": {"uv": [4.75, 5.25, 5, 6], "texture": "#main"}
			}
		},
		{
			"name": "body",
			"from": [4, 2, 6],
			"to": [12, 14, 10],
			"faces": {
				"north": {"uv": [5.25, 5.25, 5.75, 6], "texture": "#main"},
				"east": {"uv": [5, 5.25, 5.25, 6], "texture": "#main"},
				"south": {"uv": [6, 5.25, 6.5, 6], "texture": "#main"},
				"west": {"uv": [5.75, 5.25, 6, 6], "texture": "#main"},
				"up": {"uv": [5.25, 5, 5.75, 5.25], "texture": "#main"},
				"down": {"uv": [5.75, 5, 6.25, 5.25], "texture": "#main"}
			}
		},
		{
			"name": "left_arm",
			"from": [1, 4, 0],
			"to": [4, 16, 3],
			"rotation": {"angle": 22.5, "axis": "x", "origin": [0, 0, 0]},
			"faces": {
				"north": {"uv": [7.25, 5.25, 7.5, 6], "texture": "#main"},
				"east": {"uv": [7, 5.25, 7.25, 6], "texture": "#main"},
				"south": {"uv": [6.75, 5.25, 7, 6], "texture": "#main"},
				"west": {"uv": [6.5, 5.25, 6.75, 6], "texture": "#main"},
				"up": {"uv": [6.75, 5, 7, 5.25], "texture": "#main"},
				"down": {"uv": [7, 5, 7.25, 5.25], "texture": "#main"}
			}
		},
		{
			"name": "right_arm",
			"from": [12, 4, 0],
			"to": [15, 16, 3],
			"rotation": {"angle": 22.5, "axis": "x", "origin": [0, 0, 0]},
			"faces": {
				"north": {"uv": [6.75, 5.25, 7, 6], "texture": "#main"},
				"east": {"uv": [6.5, 5.25, 6.75, 6], "texture": "#main"},
				"south": {"uv": [7.25, 5.25, 7.5, 6], "texture": "#main"},
				"west": {"uv": [7, 5.25, 7.25, 6], "texture": "#main"},
				"up": {"uv": [7, 5, 6.75, 5.25], "texture": "#main"},
				"down": {"uv": [7.25, 5, 7, 5.25], "texture": "#main"}
			}
		},
		{
			"name": "head",
			"from": [4, 14, 4],
			"to": [12, 22, 12],
			"faces": {
				"north": {"uv": [5.9375, 6.1875, 6.75, 6.9375], "texture": "#main"},
				"east": {"uv": [4, 4.5, 4.5, 5], "texture": "#main"},
				"south": {"uv": [5.5, 4.5, 6, 5], "texture": "#main"},
				"west": {"uv": [5, 4.5, 5.5, 5], "texture": "#main"},
				"up": {"uv": [4.5, 4, 5, 4.5], "texture": "#main"},
				"down": {"uv": [5, 4, 5.5, 4.5], "texture": "#main"}
			}
		},
		{
			"name": "left_leg",
			"from": [1, 0, -1],
			"to": [5, 3, 11],
			"rotation": {"angle": 22.5, "axis": "y", "origin": [0, 0, 0]},
			"faces": {
				"north": {"uv": [8.5, 5, 8.75, 5.25], "rotation": 180, "texture": "#main"},
				"east": {"uv": [8.25, 5.25, 8, 6], "rotation": 270, "texture": "#main"},
				"south": {"uv": [8.25, 5, 8.5, 5.25], "texture": "#main"},
				"west": {"uv": [8.5, 5.25, 8.75, 6], "rotation": 90, "texture": "#main"},
				"up": {"uv": [8.25, 5.25, 8.5, 6], "rotation": 180, "texture": "#main"},
				"down": {"uv": [9, 5.25, 8.75, 6], "texture": "#main"}
			}
		},
		{
			"name": "right_leg",
			"from": [10, 0, -7],
			"to": [14, 3, 5],
			"rotation": {"angle": -22.5, "axis": "y", "origin": [0, 0, 0]},
			"faces": {
				"north": {"uv": [8.5, 5, 8.75, 5.25], "rotation": 180, "texture": "#main"},
				"east": {"uv": [8.75, 5.25, 8.5, 6], "rotation": 270, "texture": "#main"},
				"south": {"uv": [8.5, 5, 8.25, 5.25], "texture": "#main"},
				"west": {"uv": [8, 5.25, 8.25, 6], "rotation": 90, "texture": "#main"},
				"up": {"uv": [8.5, 5.25, 8.25, 6], "rotation": 180, "texture": "#main"},
				"down": {"uv": [8.75, 5.25, 9, 6], "texture": "#main"}
			}
		},
		{
			"name": "body",
			"from": [4, 2, 6],
			"to": [12, 14, 10],
			"faces": {
				"north": {"uv": [9.25, 5.25, 9.75, 6], "texture": "#main"},
				"east": {"uv": [9, 5.25, 9.25, 6], "texture": "#main"},
				"south": {"uv": [10, 5.25, 10.5, 6], "texture": "#main"},
				"west": {"uv": [9.75, 5.25, 10, 6], "texture": "#main"},
				"up": {"uv": [9.25, 5, 9.75, 5.25], "texture": "#main"},
				"down": {"uv": [9.75, 5, 10.25, 5.25], "texture": "#main"}
			}
		},
		{
			"name": "left_arm",
			"from": [1, 4, 0],
			"to": [4, 16, 3],
			"rotation": {"angle": 22.5, "axis": "x", "origin": [0, 0, 0]},
			"faces": {
				"north": {"uv": [11.25, 5.25, 11.5, 6], "texture": "#main"},
				"east": {"uv": [11, 5.25, 11.25, 6], "texture": "#main"},
				"south": {"uv": [10.75, 5.25, 11, 6], "texture": "#main"},
				"west": {"uv": [10.5, 5.25, 10.75, 6], "texture": "#main"},
				"up": {"uv": [10.75, 5, 11, 5.25], "texture": "#main"},
				"down": {"uv": [11, 5, 11.25, 5.25], "texture": "#main"}
			}
		},
		{
			"name": "right_arm",
			"from": [12, 4, 0],
			"to": [15, 16, 3],
			"rotation": {"angle": 22.5, "axis": "x", "origin": [0, 0, 0]},
			"faces": {
				"north": {"uv": [10.75, 5.25, 11, 6], "texture": "#main"},
				"east": {"uv": [10.5, 5.25, 10.75, 6], "texture": "#main"},
				"south": {"uv": [11.25, 5.25, 11.5, 6], "texture": "#main"},
				"west": {"uv": [11, 5.25, 11.25, 6], "texture": "#main"},
				"up": {"uv": [11, 5, 10.75, 5.25], "texture": "#main"},
				"down": {"uv": [11.25, 5, 11, 5.25], "texture": "#main"}
			}
		},
		{
			"name": "head",
			"from": [4, 14, 4],
			"to": [12, 22, 12],
			"faces": {
				"north": {"uv": [9.9375, 6.1875, 10.75, 6.9375], "texture": "#main"},
				"east": {"uv": [8, 4.5, 8.5, 5], "texture": "#main"},
				"south": {"uv": [9.5, 4.5, 10, 5], "texture": "#main"},
				"west": {"uv": [9, 4.5, 9.5, 5], "texture": "#main"},
				"up": {"uv": [8.5, 4, 9, 4.5], "texture": "#main"},
				"down": {"uv": [9, 4, 9.5, 4.5], "texture": "#main"}
			}
		},
		{
			"name": "left_leg",
			"from": [1, 0, -1],
			"to": [5, 3, 11],
			"rotation": {"angle": 22.5, "axis": "y", "origin": [0, 0, 0]},
			"faces": {
				"north": {"uv": [12.5, 5, 12.75, 5.25], "rotation": 180, "texture": "#main"},
				"east": {"uv": [12.25, 5.25, 12, 6], "rotation": 270, "texture": "#main"},
				"south": {"uv": [12.25, 5, 12.5, 5.25], "texture": "#main"},
				"west": {"uv": [12.5, 5.25, 12.75, 6], "rotation": 90, "texture": "#main"},
				"up": {"uv": [12.25, 5.25, 12.5, 6], "rotation": 180, "texture": "#main"},
				"down": {"uv": [13, 5.25, 12.75, 6], "texture": "#main"}
			}
		},
		{
			"name": "right_leg",
			"from": [10, 0, -7],
			"to": [14, 3, 5],
			"rotation": {"angle": -22.5, "axis": "y", "origin": [0, 0, 0]},
			"faces": {
				"north": {"uv": [12.5, 5, 12.75, 5.25], "rotation": 180, "texture": "#main"},
				"east": {"uv": [12.75, 5.25, 12.5, 6], "rotation": 270, "texture": "#main"},
				"south": {"uv": [12.5, 5, 12.25, 5.25], "texture": "#main"},
				"west": {"uv": [12, 5.25, 12.25, 6], "rotation": 90, "texture": "#main"},
				"up": {"uv": [12.5, 5.25, 12.25, 6], "rotation": 180, "texture": "#main"},
				"down": {"uv": [12.75, 5.25, 13, 6], "texture": "#main"}
			}
		},
		{
			"name": "body",
			"from": [4, 2, 6],
			"to": [12, 14, 10],
			"faces": {
				"north": {"uv": [13.25, 5.25, 13.75, 6], "texture": "#main"},
				"east": {"uv": [13, 5.25, 13.25, 6], "texture": "#main"},
				"south": {"uv": [14, 5.25, 14.5, 6], "texture": "#main"},
				"west": {"uv": [13.75, 5.25, 14, 6], "texture": "#main"},
				"up": {"uv": [13.25, 5, 13.75, 5.25], "texture": "#main"},
				"down": {"uv": [13.75, 5, 14.25, 5.25], "texture": "#main"}
			}
		},
		{
			"name": "left_arm",
			"from": [1, 4, 0],
			"to": [4, 16, 3],
			"rotation": {"angle": 22.5, "axis": "x", "origin": [0, 0, 0]},
			"faces": {
				"north": {"uv": [15.25, 5.25, 15.5, 6], "texture": "#main"},
				"east": {"uv": [15, 5.25, 15.25, 6], "texture": "#main"},
				"south": {"uv": [14.75, 5.25, 15, 6], "texture": "#main"},
				"west": {"uv": [14.5, 5.25, 14.75, 6], "texture": "#main"},
				"up": {"uv": [14.75, 5, 15, 5.25], "texture": "#main"},
				"down": {"uv": [15, 5, 15.25, 5.25], "texture": "#main"}
			}
		},
		{
			"name": "right_arm",
			"from": [12, 4, -5],
			"to": [15, 16, -2],
			"rotation": {"angle": 45, "axis": "x", "origin": [0, 0, 0]},
			"faces": {
				"north": {"uv": [14.75, 5.25, 15, 6], "texture": "#main"},
				"east": {"uv": [14.5, 5.25, 14.75, 6], "texture": "#main"},
				"south": {"uv": [15.25, 5.25, 15.5, 6], "texture": "#main"},
				"west": {"uv": [15, 5.25, 15.25, 6], "texture": "#main"},
				"up": {"uv": [15, 5, 14.75, 5.25], "texture": "#main"},
				"down": {"uv": [15.25, 5, 15, 5.25], "texture": "#main"}
			}
		},
		{
			"name": "head",
			"from": [4, 14, 4],
			"to": [12, 22, 12],
			"faces": {
				"north": {"uv": [12, 6.4375, 12.8125, 7.1875], "texture": "#main"},
				"east": {"uv": [12, 4.5, 12.5, 5], "texture": "#main"},
				"south": {"uv": [13.5, 4.5, 14, 5], "texture": "#main"},
				"west": {"uv": [13, 4.5, 13.5, 5], "texture": "#main"},
				"up": {"uv": [12.5, 4, 13, 4.5], "texture": "#main"},
				"down": {"uv": [13, 4, 13.5, 4.5], "texture": "#main"}
			}
		},
		{
			"name": "left_leg",
			"from": [1, 0, -1],
			"to": [5, 3, 11],
			"rotation": {"angle": 22.5, "axis": "y", "origin": [0, 0, 0]},
			"faces": {
				"north": {"uv": [0.5, 9, 0.75, 9.25], "rotation": 180, "texture": "#main"},
				"east": {"uv": [0.25, 9.25, 0, 10], "rotation": 270, "texture": "#main"},
				"south": {"uv": [0.25, 9, 0.5, 9.25], "texture": "#main"},
				"west": {"uv": [0.5, 9.25, 0.75, 10], "rotation": 90, "texture": "#main"},
				"up": {"uv": [0.25, 9.25, 0.5, 10], "rotation": 180, "texture": "#main"},
				"down": {"uv": [1, 9.25, 0.75, 10], "texture": "#main"}
			}
		},
		{
			"name": "right_leg",
			"from": [10, 0, -7],
			"to": [14, 3, 5],
			"rotation": {"angle": -22.5, "axis": "y", "origin": [0, 0, 0]},
			"faces": {
				"north": {"uv": [0.5, 9, 0.75, 9.25], "rotation": 180, "texture": "#main"},
				"east": {"uv": [0.75, 9.25, 0.5, 10], "rotation": 270, "texture": "#main"},
				"south": {"uv": [0.5, 9, 0.25, 9.25], "texture": "#main"},
				"west": {"uv": [0, 9.25, 0.25, 10], "rotation": 90, "texture": "#main"},
				"up": {"uv": [0.5, 9.25, 0.25, 10], "rotation": 180, "texture": "#main"},
				"down": {"uv": [0.75, 9.25, 1, 10], "texture": "#main"}
			}
		},
		{
			"name": "body",
			"from": [4, 2, 6],
			"to": [12, 14, 10],
			"faces": {
				"north": {"uv": [1.25, 9.25, 1.75, 10], "texture": "#main"},
				"east": {"uv": [1, 9.25, 1.25, 10], "texture": "#main"},
				"south": {"uv": [2, 9.25, 2.5, 10], "texture": "#main"},
				"west": {"uv": [1.75, 9.25, 2, 10], "texture": "#main"},
				"up": {"uv": [1.25, 9, 1.75, 9.25], "texture": "#main"},
				"down": {"uv": [1.75, 9, 2.25, 9.25], "texture": "#main"}
			}
		},
		{
			"name": "left_arm",
			"from": [1, 4, 0],
			"to": [4, 16, 3],
			"rotation": {"angle": 22.5, "axis": "x", "origin": [0, 0, 0]},
			"faces": {
				"north": {"uv": [3.25, 9.25, 3.5, 10], "texture": "#main"},
				"east": {"uv": [3, 9.25, 3.25, 10], "texture": "#main"},
				"south": {"uv": [2.75, 9.25, 3, 10], "texture": "#main"},
				"west": {"uv": [2.5, 9.25, 2.75, 10], "texture": "#main"},
				"up": {"uv": [2.75, 9, 3, 9.25], "texture": "#main"},
				"down": {"uv": [3, 9, 3.25, 9.25], "texture": "#main"}
			}
		},
		{
			"name": "right_arm",
			"from": [12, 7, 2],
			"to": [15, 10, 14],
			"rotation": {"angle": -22.5, "axis": "x", "origin": [0, 0, 0]},
			"faces": {
				"north": {"uv": [3.25, 9, 3, 9.25], "rotation": 180, "texture": "#main"},
				"east": {"uv": [2.5, 9.25, 2.75, 10], "rotation": 270, "texture": "#main"},
				"south": {"uv": [3, 9, 2.75, 9.25], "texture": "#main"},
				"west": {"uv": [3, 9.25, 3.25, 10], "rotation": 90, "texture": "#main"},
				"up": {"uv": [2.75, 9.25, 3, 10], "rotation": 180, "texture": "#main"},
				"down": {"uv": [3.25, 9.25, 3.5, 10], "texture": "#main"}
			}
		},
		{
			"name": "head",
			"from": [4, 14, 4],
			"to": [12, 22, 12],
			"faces": {
				"north": {"uv": [0, 10.4375, 0.8125, 11.1875], "texture": "#main"},
				"east": {"uv": [0, 8.5, 0.5, 9], "texture": "#main"},
				"south": {"uv": [1.5, 8.5, 2, 9], "texture": "#main"},
				"west": {"uv": [1, 8.5, 1.5, 9], "texture": "#main"},
				"up": {"uv": [0.5, 8, 1, 8.5], "texture": "#main"},
				"down": {"uv": [1, 8, 1.5, 8.5], "texture": "#main"}
			}
		},
		{
			"name": "left_leg",
			"from": [1, 0, -1],
			"to": [5, 3, 11],
			"rotation": {"angle": 22.5, "axis": "y", "origin": [0, 0, 0]},
			"faces": {
				"north": {"uv": [4.5, 9, 4.75, 9.25], "rotation": 180, "texture": "#main"},
				"east": {"uv": [4.25, 9.25, 4, 10], "rotation": 270, "texture": "#main"},
				"south": {"uv": [4.25, 9, 4.5, 9.25], "texture": "#main"},
				"west": {"uv": [4.5, 9.25, 4.75, 10], "rotation": 90, "texture": "#main"},
				"up": {"uv": [4.25, 9.25, 4.5, 10], "rotation": 180, "texture": "#main"},
				"down": {"uv": [5, 9.25, 4.75, 10], "texture": "#main"}
			}
		},
		{
			"name": "right_leg",
			"from": [10, 0, -7],
			"to": [14, 3, 5],
			"rotation": {"angle": -22.5, "axis": "y", "origin": [0, 0, 0]},
			"faces": {
				"north": {"uv": [4.5, 9, 4.75, 9.25], "rotation": 180, "texture": "#main"},
				"east": {"uv": [4.75, 9.25, 4.5, 10], "rotation": 270, "texture": "#main"},
				"south": {"uv": [4.5, 9, 4.25, 9.25], "texture": "#main"},
				"west": {"uv": [4, 9.25, 4.25, 10], "rotation": 90, "texture": "#main"},
				"up": {"uv": [4.5, 9.25, 4.25, 10], "rotation": 180, "texture": "#main"},
				"down": {"uv": [4.75, 9.25, 5, 10], "texture": "#main"}
			}
		},
		{
			"name": "body",
			"from": [4, 2, 6],
			"to": [12, 14, 10],
			"faces": {
				"north": {"uv": [5.25, 9.25, 5.75, 10], "texture": "#main"},
				"east": {"uv": [5, 9.25, 5.25, 10], "texture": "#main"},
				"south": {"uv": [6, 9.25, 6.5, 10], "texture": "#main"},
				"west": {"uv": [5.75, 9.25, 6, 10], "texture": "#main"},
				"up": {"uv": [5.25, 9, 5.75, 9.25], "texture": "#main"},
				"down": {"uv": [5.75, 9, 6.25, 9.25], "texture": "#main"}
			}
		},
		{
			"name": "left_arm",
			"from": [1, 4, 0],
			"to": [4, 16, 3],
			"rotation": {"angle": 22.5, "axis": "x", "origin": [0, 0, 0]},
			"faces": {
				"north": {"uv": [7.25, 9.25, 7.5, 10], "texture": "#main"},
				"east": {"uv": [7, 9.25, 7.25, 10], "texture": "#main"},
				"south": {"uv": [6.75, 9.25, 7, 10], "texture": "#main"},
				"west": {"uv": [6.5, 9.25, 6.75, 10], "texture": "#main"},
				"up": {"uv": [6.75, 9, 7, 9.25], "texture": "#main"},
				"down": {"uv": [7, 9, 7.25, 9.25], "texture": "#main"}
			}
		},
		{
			"name": "right_arm",
			"from": [12, 11, -2],
			"to": [15, 14, 10],
			"faces": {
				"north": {"uv": [7.25, 9, 7, 9.25], "rotation": 180, "texture": "#main"},
				"east": {"uv": [6.5, 9.25, 6.75, 10], "rotation": 270, "texture": "#main"},
				"south": {"uv": [7, 9, 6.75, 9.25], "texture": "#main"},
				"west": {"uv": [7, 9.25, 7.25, 10], "rotation": 90, "texture": "#main"},
				"up": {"uv": [6.75, 9.25, 7, 10], "rotation": 180, "texture": "#main"},
				"down": {"uv": [7.25, 9.25, 7.5, 10], "texture": "#main"}
			}
		},
		{
			"name": "head",
			"from": [4, 14, 4],
			"to": [12, 22, 12],
			"faces": {
				"north": {"uv": [4, 10.4375, 4.8125, 11.1875], "texture": "#main"},
				"east": {"uv": [4, 8.5, 4.5, 9], "texture": "#main"},
				"south": {"uv": [5.5, 8.5, 6, 9], "texture": "#main"},
				"west": {"uv": [5, 8.5, 5.5, 9], "texture": "#main"},
				"up": {"uv": [4.5, 8, 5, 8.5], "texture": "#main"},
				"down": {"uv": [5, 8, 5.5, 8.5], "texture": "#main"}
			}
		},
		{
			"name": "left_leg",
			"from": [1, 0, -1],
			"to": [5, 3, 11],
			"rotation": {"angle": 22.5, "axis": "y", "origin": [0, 0, 0]},
			"faces": {
				"north": {"uv": [8.5, 9, 8.75, 9.25], "rotation": 180, "texture": "#main"},
				"east": {"uv": [8.25, 9.25, 8, 10], "rotation": 270, "texture": "#main"},
				"south": {"uv": [8.25, 9, 8.5, 9.25], "texture": "#main"},
				"west": {"uv": [8.5, 9.25, 8.75, 10], "rotation": 90, "texture": "#main"},
				"up": {"uv": [8.25, 9.25, 8.5, 10], "rotation": 180, "texture": "#main"},
				"down": {"uv": [9, 9.25, 8.75, 10], "texture": "#main"}
			}
		},
		{
			"name": "right_leg",
			"from": [10, 0, -7],
			"to": [14, 3, 5],
			"rotation": {"angle": -22.5, "axis": "y", "origin": [0, 0, 0]},
			"faces": {
				"north": {"uv": [8.5, 9, 8.75, 9.25], "rotation": 180, "texture": "#main"},
				"east": {"uv": [8.75, 9.25, 8.5, 10], "rotation": 270, "texture": "#main"},
				"south": {"uv": [8.5, 9, 8.25, 9.25], "texture": "#main"},
				"west": {"uv": [8, 9.25, 8.25, 10], "rotation": 90, "texture": "#main"},
				"up": {"uv": [8.5, 9.25, 8.25, 10], "rotation": 180, "texture": "#main"},
				"down": {"uv": [8.75, 9.25, 9, 10], "texture": "#main"}
			}
		},
		{
			"name": "body",
			"from": [4, 2, 6],
			"to": [12, 14, 10],
			"faces": {
				"north": {"uv": [9.25, 9.25, 9.75, 10], "texture": "#main"},
				"east": {"uv": [9, 9.25, 9.25, 10], "texture": "#main"},
				"south": {"uv": [10, 9.25, 10.5, 10], "texture": "#main"},
				"west": {"uv": [9.75, 9.25, 10, 10], "texture": "#main"},
				"up": {"uv": [9.25, 9, 9.75, 9.25], "texture": "#main"},
				"down": {"uv": [9.75, 9, 10.25, 9.25], "texture": "#main"}
			}
		},
		{
			"name": "left_arm",
			"from": [1, 4, 0],
			"to": [4, 16, 3],
			"rotation": {"angle": 22.5, "axis": "x", "origin": [0, 0, 0]},
			"faces": {
				"north": {"uv": [11.25, 9.25, 11.5, 10], "texture": "#main"},
				"east": {"uv": [11, 9.25, 11.25, 10], "texture": "#main"},
				"south": {"uv": [10.75, 9.25, 11, 10], "texture": "#main"},
				"west": {"uv": [10.5, 9.25, 10.75, 10], "texture": "#main"},
				"up": {"uv": [10.75, 9, 11, 9.25], "texture": "#main"},
				"down": {"uv": [11, 9, 11.25, 9.25], "texture": "#main"}
			}
		},
		{
			"name": "right_arm",
			"from": [12, 13, -8],
			"to": [15, 16, 4],
			"rotation": {"angle": 22.5, "axis": "x", "origin": [0, 0, 0]},
			"faces": {
				"north": {"uv": [11.25, 9, 11, 9.25], "rotation": 180, "texture": "#main"},
				"east": {"uv": [10.5, 9.25, 10.75, 10], "rotation": 270, "texture": "#main"},
				"south": {"uv": [11, 9, 10.75, 9.25], "texture": "#main"},
				"west": {"uv": [11, 9.25, 11.25, 10], "rotation": 90, "texture": "#main"},
				"up": {"uv": [10.75, 9.25, 11, 10], "rotation": 180, "texture": "#main"},
				"down": {"uv": [11.25, 9.25, 11.5, 10], "texture": "#main"}
			}
		},
		{
			"name": "head",
			"from": [4, 14, 4],
			"to": [12, 22, 12],
			"faces": {
				"north": {"uv": [8, 10.4375, 8.8125, 11.1875], "texture": "#main"},
				"east": {"uv": [8, 8.5, 8.5, 9], "texture": "#main"},
				"south": {"uv": [9.5, 8.5, 10, 9], "texture": "#main"},
				"west": {"uv": [9, 8.5, 9.5, 9], "texture": "#main"},
				"up": {"uv": [8.5, 8, 9, 8.5], "texture": "#main"},
				"down": {"uv": [9, 8, 9.5, 8.5], "texture": "#main"}
			}
		},
		{
			"name": "left_leg",
			"from": [1, 0, -1],
			"to": [5, 3, 11],
			"rotation": {"angle": 22.5, "axis": "y", "origin": [0, 0, 0]},
			"faces": {
				"north": {"uv": [12.5, 9, 12.75, 9.25], "rotation": 180, "texture": "#main"},
				"east": {"uv": [12.25, 9.25, 12, 10], "rotation": 270, "texture": "#main"},
				"south": {"uv": [12.25, 9, 12.5, 9.25], "texture": "#main"},
				"west": {"uv": [12.5, 9.25, 12.75, 10], "rotation": 90, "texture": "#main"},
				"up": {"uv": [12.25, 9.25, 12.5, 10], "rotation": 180, "texture": "#main"},
				"down": {"uv": [13, 9.25, 12.75, 10], "texture": "#main"}
			}
		},
		{
			"name": "right_leg",
			"from": [10, 0, -7],
			"to": [14, 3, 5],
			"rotation": {"angle": -22.5, "axis": "y", "origin": [0, 0, 0]},
			"faces": {
				"north": {"uv": [12.5, 9, 12.75, 9.25], "rotation": 180, "texture": "#main"},
				"east": {"uv": [12.75, 9.25, 12.5, 10], "rotation": 270, "texture": "#main"},
				"south": {"uv": [12.5, 9, 12.25, 9.25], "texture": "#main"},
				"west": {"uv": [12, 9.25, 12.25, 10], "rotation": 90, "texture": "#main"},
				"up": {"uv": [12.5, 9.25, 12.25, 10], "rotation": 180, "texture": "#main"},
				"down": {"uv": [12.75, 9.25, 13, 10], "texture": "#main"}
			}
		},
		{
			"name": "body",
			"from": [4, 2, 6],
			"to": [12, 14, 10],
			"faces": {
				"north": {"uv": [13.25, 9.25, 13.75, 10], "texture": "#main"},
				"east": {"uv": [13, 9.25, 13.25, 10], "texture": "#main"},
				"south": {"uv": [14, 9.25, 14.5, 10], "texture": "#main"},
				"west": {"uv": [13.75, 9.25, 14, 10], "texture": "#main"},
				"up": {"uv": [13.25, 9, 13.75, 9.25], "texture": "#main"},
				"down": {"uv": [13.75, 9, 14.25, 9.25], "texture": "#main"}
			}
		},
		{
			"name": "left_arm",
			"from": [1, 4, 0],
			"to": [4, 16, 3],
			"rotation": {"angle": 22.5, "axis": "x", "origin": [0, 0, 0]},
			"faces": {
				"north": {"uv": [15.25, 9.25, 15.5, 10], "texture": "#main"},
				"east": {"uv": [15, 9.25, 15.25, 10], "texture": "#main"},
				"south": {"uv": [14.75, 9.25, 15, 10], "texture": "#main"},
				"west": {"uv": [14.5, 9.25, 14.75, 10], "texture": "#main"},
				"up": {"uv": [14.75, 9, 15, 9.25], "texture": "#main"},
				"down": {"uv": [15, 9, 15.25, 9.25], "texture": "#main"}
			}
		},
		{
			"name": "right_arm",
			"from": [12, 13, -14],
			"to": [15, 16, -2],
			"rotation": {"angle": 45, "axis": "x", "origin": [0, 0, 0]},
			"faces": {
				"north": {"uv": [15.25, 9, 15, 9.25], "rotation": 180, "texture": "#main"},
				"east": {"uv": [14.5, 9.25, 14.75, 10], "rotation": 270, "texture": "#main"},
				"south": {"uv": [15, 9, 14.75, 9.25], "texture": "#main"},
				"west": {"uv": [15, 9.25, 15.25, 10], "rotation": 90, "texture": "#main"},
				"up": {"uv": [14.75, 9.25, 15, 10], "rotation": 180, "texture": "#main"},
				"down": {"uv": [15.25, 9.25, 15.5, 10], "texture": "#main"}
			}
		},
		{
			"name": "head",
			"from": [4, 14, 4],
			"to": [12, 22, 12],
			"faces": {
				"north": {"uv": [12, 10.4375, 12.8125, 11.1875], "texture": "#main"},
				"east": {"uv": [12, 8.5, 12.5, 9], "texture": "#main"},
				"south": {"uv": [13.5, 8.5, 14, 9], "texture": "#main"},
				"west": {"uv": [13, 8.5, 13.5, 9], "texture": "#main"},
				"up": {"uv": [12.5, 8, 13, 8.5], "texture": "#main"},
				"down": {"uv": [13, 8, 13.5, 8.5], "texture": "#main"}
			}
		},
		{
			"name": "left_leg",
			"from": [1, 0, -1],
			"to": [5, 3, 11],
			"rotation": {"angle": 22.5, "axis": "y", "origin": [0, 0, 0]},
			"faces": {
				"north": {"uv": [0.5, 13, 0.75, 13.25], "rotation": 180, "texture": "#main"},
				"east": {"uv": [0.25, 13.25, 0, 14], "rotation": 270, "texture": "#main"},
				"south": {"uv": [0.25, 13, 0.5, 13.25], "texture": "#main"},
				"west": {"uv": [0.5, 13.25, 0.75, 14], "rotation": 90, "texture": "#main"},
				"up": {"uv": [0.25, 13.25, 0.5, 14], "rotation": 180, "texture": "#main"},
				"down": {"uv": [1, 13.25, 0.75, 14], "texture": "#main"}
			}
		},
		{
			"name": "right_leg",
			"from": [10, 0, -7],
			"to": [14, 3, 5],
			"rotation": {"angle": -22.5, "axis": "y", "origin": [0, 0, 0]},
			"faces": {
				"north": {"uv": [0.5, 13, 0.75, 13.25], "rotation": 180, "texture": "#main"},
				"east": {"uv": [0.75, 13.25, 0.5, 14], "rotation": 270, "texture": "#main"},
				"south": {"uv": [0.5, 13, 0.25, 13.25], "texture": "#main"},
				"west": {"uv": [0, 13.25, 0.25, 14], "rotation": 90, "texture": "#main"},
				"up": {"uv": [0.5, 13.25, 0.25, 14], "rotation": 180, "texture": "#main"},
				"down": {"uv": [0.75, 13.25, 1, 14], "texture": "#main"}
			}
		},
		{
			"name": "body",
			"from": [4, 2, 6],
			"to": [12, 14, 10],
			"faces": {
				"north": {"uv": [1.25, 13.25, 1.75, 14], "texture": "#main"},
				"east": {"uv": [1, 13.25, 1.25, 14], "texture": "#main"},
				"south": {"uv": [2, 13.25, 2.5, 14], "texture": "#main"},
				"west": {"uv": [1.75, 13.25, 2, 14], "texture": "#main"},
				"up": {"uv": [1.25, 13, 1.75, 13.25], "texture": "#main"},
				"down": {"uv": [1.75, 13, 2.25, 13.25], "texture": "#main"}
			}
		},
		{
			"name": "left_arm",
			"from": [1, 4, 0],
			"to": [4, 16, 3],
			"rotation": {"angle": 22.5, "axis": "x", "origin": [0, 0, 0]},
			"faces": {
				"north": {"uv": [3.25, 13.25, 3.5, 14], "texture": "#main"},
				"east": {"uv": [3, 13.25, 3.25, 14], "texture": "#main"},
				"south": {"uv": [2.75, 13.25, 3, 14], "texture": "#main"},
				"west": {"uv": [2.5, 13.25, 2.75, 14], "texture": "#main"},
				"up": {"uv": [2.75, 13, 3, 13.25], "texture": "#main"},
				"down": {"uv": [3, 13, 3.25, 13.25], "texture": "#main"}
			}
		},
		{
			"name": "right_arm",
			"from": [12, 8, 11],
			"to": [15, 20, 14],
			"rotation": {"angle": -22.5, "axis": "x", "origin": [0, 0, 0]},
			"faces": {
				"north": {"uv": [3.25, 13.25, 3.5, 14], "rotation": 180, "texture": "#main"},
				"east": {"uv": [2.5, 13.25, 2.75, 14], "rotation": 180, "texture": "#main"},
				"south": {"uv": [2.75, 13.25, 3, 14], "rotation": 180, "texture": "#main"},
				"west": {"uv": [3, 13.25, 3.25, 14], "rotation": 180, "texture": "#main"},
				"up": {"uv": [3.25, 13, 3, 13.25], "texture": "#main"},
				"down": {"uv": [3, 13, 2.75, 13.25], "texture": "#main"}
			}
		},
		{
			"name": "head",
			"from": [4, 14, 4],
			"to": [12, 22, 12],
			"faces": {
				"north": {"uv": [1, 15.25, 1.8125, 16], "texture": "#main"},
				"east": {"uv": [0, 12.5, 0.5, 13], "texture": "#main"},
				"south": {"uv": [1.5, 12.5, 2, 13], "texture": "#main"},
				"west": {"uv": [1, 12.5, 1.5, 13], "texture": "#main"},
				"up": {"uv": [0.5, 12, 1, 12.5], "texture": "#main"},
				"down": {"uv": [1, 12, 1.5, 12.5], "texture": "#main"}
			}
		},
		{
			"name": "left_leg",
			"from": [1, 0, -1],
			"to": [5, 3, 11],
			"rotation": {"angle": 22.5, "axis": "y", "origin": [0, 0, 0]},
			"faces": {
				"north": {"uv": [4.5, 13, 4.75, 13.25], "rotation": 180, "texture": "#main"},
				"east": {"uv": [4.25, 13.25, 4, 14], "rotation": 270, "texture": "#main"},
				"south": {"uv": [4.25, 13, 4.5, 13.25], "texture": "#main"},
				"west": {"uv": [4.5, 13.25, 4.75, 14], "rotation": 90, "texture": "#main"},
				"up": {"uv": [4.25, 13.25, 4.5, 14], "rotation": 180, "texture": "#main"},
				"down": {"uv": [5, 13.25, 4.75, 14], "texture": "#main"}
			}
		},
		{
			"name": "right_leg",
			"from": [10, 0, -7],
			"to": [14, 3, 5],
			"rotation": {"angle": -22.5, "axis": "y", "origin": [0, 0, 0]},
			"faces": {
				"north": {"uv": [4.5, 13, 4.75, 13.25], "rotation": 180, "texture": "#main"},
				"east": {"uv": [4.75, 13.25, 4.5, 14], "rotation": 270, "texture": "#main"},
				"south": {"uv": [4.5, 13, 4.25, 13.25], "texture": "#main"},
				"west": {"uv": [4, 13.25, 4.25, 14], "rotation": 90, "texture": "#main"},
				"up": {"uv": [4.5, 13.25, 4.25, 14], "rotation": 180, "texture": "#main"},
				"down": {"uv": [4.75, 13.25, 5, 14], "texture": "#main"}
			}
		},
		{
			"name": "body",
			"from": [4, 2, 6],
			"to": [12, 14, 10],
			"faces": {
				"north": {"uv": [5.25, 13.25, 5.75, 14], "texture": "#main"},
				"east": {"uv": [5, 13.25, 5.25, 14], "texture": "#main"},
				"south": {"uv": [6, 13.25, 6.5, 14], "texture": "#main"},
				"west": {"uv": [5.75, 13.25, 6, 14], "texture": "#main"},
				"up": {"uv": [5.25, 13, 5.75, 13.25], "texture": "#main"},
				"down": {"uv": [5.75, 13, 6.25, 13.25], "texture": "#main"}
			}
		},
		{
			"name": "left_arm",
			"from": [1, 4, 0],
			"to": [4, 16, 3],
			"rotation": {"angle": 22.5, "axis": "x", "origin": [0, 0, 0]},
			"faces": {
				"north": {"uv": [7.25, 13.25, 7.5, 14], "texture": "#main"},
				"east": {"uv": [7, 13.25, 7.25, 14], "texture": "#main"},
				"south": {"uv": [6.75, 13.25, 7, 14], "texture": "#main"},
				"west": {"uv": [6.5, 13.25, 6.75, 14], "texture": "#main"},
				"up": {"uv": [6.75, 13, 7, 13.25], "texture": "#main"},
				"down": {"uv": [7, 13, 7.25, 13.25], "texture": "#main"}
			}
		},
		{
			"name": "right_arm",
			"from": [12, 11, 6],
			"to": [15, 23, 9],
			"faces": {
				"north": {"uv": [7.25, 13.25, 7.5, 14], "rotation": 180, "texture": "#main"},
				"east": {"uv": [6.5, 13.25, 6.75, 14], "rotation": 180, "texture": "#main"},
				"south": {"uv": [6.75, 13.25, 7, 14], "rotation": 180, "texture": "#main"},
				"west": {"uv": [7, 13.25, 7.25, 14], "rotation": 180, "texture": "#main"},
				"up": {"uv": [7.25, 13, 7, 13.25], "texture": "#main"},
				"down": {"uv": [7, 13, 6.75, 13.25], "texture": "#main"}
			}
		},
		{
			"name": "head",
			"from": [4, 14, 4],
			"to": [12, 22, 12],
			"faces": {
				"north": {"uv": [5, 15.25, 5.8125, 16], "texture": "#main"},
				"east": {"uv": [4, 12.5, 4.5, 13], "texture": "#main"},
				"south": {"uv": [5.5, 12.5, 6, 13], "texture": "#main"},
				"west": {"uv": [5, 12.5, 5.5, 13], "texture": "#main"},
				"up": {"uv": [4.5, 12, 5, 12.5], "texture": "#main"},
				"down": {"uv": [5, 12, 5.5, 12.5], "texture": "#main"}
			}
		},
		{
			"name": "left_leg",
			"from": [1, 0, -1],
			"to": [5, 3, 11],
			"rotation": {"angle": 22.5, "axis": "y", "origin": [0, 0, 0]},
			"faces": {
				"north": {"uv": [0.5, 1, 0.75, 1.25], "rotation": 180, "texture": "#main"},
				"east": {"uv": [0.25, 1.25, 0, 2], "rotation": 270, "texture": "#main"},
				"south": {"uv": [0.25, 1, 0.5, 1.25], "texture": "#main"},
				"west": {"uv": [0.5, 1.25, 0.75, 2], "rotation": 90, "texture": "#main"},
				"up": {"uv": [0.25, 1.25, 0.5, 2], "rotation": 180, "texture": "#main"},
				"down": {"uv": [1, 1.25, 0.75, 2], "texture": "#main"}
			}
		},
		{
			"name": "right_leg",
			"from": [10, 0, -7],
			"to": [14, 3, 5],
			"rotation": {"angle": -22.5, "axis": "y", "origin": [0, 0, 0]},
			"faces": {
				"north": {"uv": [0.5, 1, 0.75, 1.25], "rotation": 180, "texture": "#main"},
				"east": {"uv": [0.75, 1.25, 0.5, 2], "rotation": 270, "texture": "#main"},
				"south": {"uv": [0.5, 1, 0.25, 1.25], "texture": "#main"},
				"west": {"uv": [0, 1.25, 0.25, 2], "rotation": 90, "texture": "#main"},
				"up": {"uv": [0.5, 1.25, 0.25, 2], "rotation": 180, "texture": "#main"},
				"down": {"uv": [0.75, 1.25, 1, 2], "texture": "#main"}
			}
		},
		{
			"name": "body",
			"from": [4, 2, 6],
			"to": [12, 14, 10],
			"faces": {
				"north": {"uv": [1.25, 1.25, 1.75, 2], "texture": "#main"},
				"east": {"uv": [1, 1.25, 1.25, 2], "texture": "#main"},
				"south": {"uv": [2, 1.25, 2.5, 2], "texture": "#main"},
				"west": {"uv": [1.75, 1.25, 2, 2], "texture": "#main"},
				"up": {"uv": [1.25, 1, 1.75, 1.25], "texture": "#main"},
				"down": {"uv": [1.75, 1, 2.25, 1.25], "texture": "#main"}
			}
		},
		{
			"name": "left_arm",
			"from": [1, 4, 0],
			"to": [4, 16, 3],
			"rotation": {"angle": 22.5, "axis": "x", "origin": [0, 0, 0]},
			"faces": {
				"north": {"uv": [3.25, 1.25, 3.5, 2], "texture": "#main"},
				"east": {"uv": [3, 1.25, 3.25, 2], "texture": "#main"},
				"south": {"uv": [2.75, 1.25, 3, 2], "texture": "#main"},
				"west": {"uv": [2.5, 1.25, 2.75, 2], "texture": "#main"},
				"up": {"uv": [2.75, 1, 3, 1.25], "texture": "#main"},
				"down": {"uv": [3, 1, 3.25, 1.25], "texture": "#main"}
			}
		},
		{
			"name": "right_arm",
			"from": [12, 4, 0],
			"to": [15, 16, 3],
			"rotation": {"angle": 22.5, "axis": "x", "origin": [0, 0, 0]},
			"faces": {
				"north": {"uv": [2.75, 1.25, 3, 2], "texture": "#main"},
				"east": {"uv": [2.5, 1.25, 2.75, 2], "texture": "#main"},
				"south": {"uv": [3.25, 1.25, 3.5, 2], "texture": "#main"},
				"west": {"uv": [3, 1.25, 3.25, 2], "texture": "#main"},
				"up": {"uv": [3, 1, 2.75, 1.25], "texture": "#main"},
				"down": {"uv": [3.25, 1, 3, 1.25], "texture": "#main"}
			}
		},
		{
			"name": "head",
			"from": [4, 14, 4],
			"to": [12, 22, 12],
			"faces": {
				"north": {"uv": [0, 2.4375, 0.8125, 3.1875], "texture": "#main"},
				"east": {"uv": [0, 0.5, 0.5, 1], "texture": "#main"},
				"south": {"uv": [1.5, 0.5, 2, 1], "texture": "#main"},
				"west": {"uv": [1, 0.5, 1.5, 1], "texture": "#main"},
				"up": {"uv": [0.5, 0, 1, 0.5], "texture": "#main"},
				"down": {"uv": [1, 0, 1.5, 0.5], "texture": "#main"}
			}
		}
	],
	"gui_light": "front",
	"display": {
		"thirdperson_righthand": {
			"rotation": [55, 0, 0],
			"translation": [0.25, 3, 1.25],
			"scale": [0.66, 0.66, 0.66]
		},
		"thirdperson_lefthand": {
			"rotation": [55, 0, 0],
			"translation": [0.25, 3, 1.25],
			"scale": [0.66, 0.66, 0.66]
		},
		"firstperson_righthand": {
			"translation": [2, -2, 0]
		},
		"firstperson_lefthand": {
			"translation": [2, -2, 0]
		},
		"ground": {
			"translation": [0, 4.75, 0],
			"scale": [0.5, 0.5, 0.5]
		},
		"gui": {
			"rotation": [20, 158, 0],
			"translation": [1, -1, 0],
			"scale": [0.6, 0.6, 0.6]
		},
		"head": {
			"translation": [0, -33.75, 1.25],
			"scale": [1.5, 1.5, 1.6]
		},
		"fixed": {
			"translation": [0, 7.5, 5.5],
			"scale": [1.5, 1.5, 1.5]
		}
	},
	"groups": [
		0,
		1,
		2,
		3,
		4,
		5,
		6,
		7,
		8,
		9,
		10,
		11,
		12,
		13,
		14,
		15,
		16,
		17,
		18,
		19,
		20,
		21,
		22,
		23,
		24,
		25,
		26,
		27,
		28,
		29,
		30,
		31,
		32,
		33,
		34,
		35,
		36,
		37,
		38,
		39,
		40,
		41,
		42,
		43,
		44,
		45,
		46,
		47,
		48,
		49,
		50,
		51,
		52,
		53,
		54,
		55,
		56,
		57,
		58,
		59,
		60,
		61,
		62,
		63,
		64,
		65,
		66,
		67,
		68,
		69,
		70,
		71,
		72,
		73,
		74,
		75,
		76,
		77,
		{
			"name": "idle",
			"origin": [8, 8, 8],
			"color": 0,
			"children": [78, 79, 80, 81, 82, 83]
		}
	]
}