{
	"credit": "Made with Blockbench",
	"textures": {
		"0": "item/undead_merchant/idle"
	},
	"elements": [
		{
			"name": "left_leg",
			"from": [1, 0, -1],
			"to": [5, 3, 11],
			"rotation": {"angle": 22.5, "axis": "y", "origin": [0, 0, 0]},
			"faces": {
				"north": {"uv": [2, 4, 3, 5], "rotation": 180, "texture": "#0"},
				"east": {"uv": [1, 5, 0, 8], "rotation": 270, "texture": "#0"},
				"south": {"uv": [1, 4, 2, 5], "texture": "#0"},
				"west": {"uv": [2, 5, 3, 8], "rotation": 90, "texture": "#0"},
				"up": {"uv": [1, 5, 2, 8], "rotation": 180, "texture": "#0"},
				"down": {"uv": [4, 5, 3, 8], "texture": "#0"}
			}
		},
		{
			"name": "right_leg",
			"from": [10, 0, -7],
			"to": [14, 3, 5],
			"rotation": {"angle": -22.5, "axis": "y", "origin": [0, 0, 0]},
			"faces": {
				"north": {"uv": [2, 4, 3, 5], "rotation": 180, "texture": "#0"},
				"east": {"uv": [3, 5, 2, 8], "rotation": 270, "texture": "#0"},
				"south": {"uv": [2, 4, 1, 5], "texture": "#0"},
				"west": {"uv": [0, 5, 1, 8], "rotation": 90, "texture": "#0"},
				"up": {"uv": [2, 5, 1, 8], "rotation": 180, "texture": "#0"},
				"down": {"uv": [3, 5, 4, 8], "texture": "#0"}
			}
		},
		{
			"name": "body",
			"from": [4, 2, 6],
			"to": [12, 14, 10],
			"faces": {
				"north": {"uv": [5, 5, 7, 8], "texture": "#0"},
				"east": {"uv": [4, 5, 5, 8], "texture": "#0"},
				"south": {"uv": [8, 5, 10, 8], "texture": "#0"},
				"west": {"uv": [7, 5, 8, 8], "texture": "#0"},
				"up": {"uv": [5, 4, 7, 5], "texture": "#0"},
				"down": {"uv": [7, 4, 9, 5], "texture": "#0"}
			}
		},
		{
			"name": "left_arm",
			"from": [1, 4, 0],
			"to": [4, 16, 3],
			"rotation": {"angle": 22.5, "axis": "x", "origin": [0, 0, 0]},
			"faces": {
				"north": {"uv": [13, 5, 14, 8], "texture": "#0"},
				"east": {"uv": [12, 5, 13, 8], "texture": "#0"},
				"south": {"uv": [11, 5, 12, 8], "texture": "#0"},
				"west": {"uv": [10, 5, 11, 8], "texture": "#0"},
				"up": {"uv": [11, 4, 12, 5], "texture": "#0"},
				"down": {"uv": [12, 4, 13, 5], "texture": "#0"}
			}
		},
		{
			"name": "right_arm",
			"from": [12, 4, 0],
			"to": [15, 16, 3],
			"rotation": {"angle": 22.5, "axis": "x", "origin": [0, 0, 0]},
			"faces": {
				"north": {"uv": [11, 5, 12, 8], "texture": "#0"},
				"east": {"uv": [10, 5, 11, 8], "texture": "#0"},
				"south": {"uv": [13, 5, 14, 8], "texture": "#0"},
				"west": {"uv": [12, 5, 13, 8], "texture": "#0"},
				"up": {"uv": [12, 4, 11, 5], "texture": "#0"},
				"down": {"uv": [13, 4, 12, 5], "texture": "#0"}
			}
		},
		{
			"name": "head",
			"from": [4, 14, 4],
			"to": [12, 22, 12],
			"faces": {
				"north": {"uv": [0, 9.75, 3.25, 12.75], "texture": "#0"},
				"east": {"uv": [0, 2, 2, 4], "texture": "#0"},
				"south": {"uv": [6, 2, 8, 4], "texture": "#0"},
				"west": {"uv": [4, 2, 6, 4], "texture": "#0"},
				"up": {"uv": [2, 0, 4, 2], "texture": "#0"},
				"down": {"uv": [4, 0, 6, 2], "texture": "#0"}
			}
		}
	],
	"gui_light": "front",
	"display": {
		"thirdperson_righthand": {
			"rotation": [55, 0, 0],
			"translation": [0.25, 3, 1.25],
			"scale": [0.66, 0.66, 0.66]
		},
		"thirdperson_lefthand": {
			"rotation": [55, 0, 0],
			"translation": [0.25, 3, 1.25],
			"scale": [0.66, 0.66, 0.66]
		},
		"firstperson_righthand": {
			"translation": [2, -2, 0]
		},
		"firstperson_lefthand": {
			"translation": [2, -2, 0]
		},
		"ground": {
			"translation": [0, 4.75, 0],
			"scale": [0.5, 0.5, 0.5]
		},
		"gui": {
			"rotation": [20.5, 169, 0],
			"translation": [1, -1, 0],
			"scale": [0.6, 0.6, 0.6]
		},
		"head": {
			"translation": [0, -33.75, 1.25],
			"scale": [1.5, 1.5, 1.6]
		},
		"fixed": {
			"translation": [0, 7.5, 5.5],
			"scale": [1.5, 1.5, 1.5]
		}
	},
	"groups": [
		{
			"name": "idle",
			"origin": [8, 8, 8],
			"color": 0,
			"children": [0, 1, 2, 3, 4, 5]
		}
	]
}