{
    "credit": "Made with Blockbench", 
    "textures": {
        "main": "item/undead_merchant/walk_anim"
    }, 
    "elements": [
        {
            "name": "left_leg", 
            "from": [ 4, 0, 6 ], 
            "to":   [ 8, 12, 10 ], 
            "rotation": { "angle": 0, "axis": "x", "origin": [0, 10, 0] }, 
            "faces": {
                "north": { "uv": [ 0.125, 0.625, 0.25, 1 ], "texture": "#main" }, 
                "east":  { "uv": [ 0.125, 0.625, 0, 1 ], "texture": "#main" }, 
                "south": { "uv": [ 0.5, 0.625, 0.375, 1 ], "texture": "#main" }, 
                "west":  { "uv": [ 0.25, 0.625, 0.375, 1 ], "texture": "#main" }, 
                "up":    { "uv": [ 0.125, 0.5, 0.25, 0.625 ], "texture": "#main" }, 
                "down":  { "uv": [ 0.25, 0.5, 0.375, 0.625 ], "texture": "#main" }
            }
        }, 
        {
            "name": "right_leg", 
            "from": [ 8, 0, 6 ], 
            "to":   [ 12, 12, 10 ], 
            "rotation": { "angle": 0, "axis": "x", "origin": [0, 10, 0] }, 
            "faces": {
                "north": { "uv": [ 0.25, 0.625, 0.125, 1 ], "texture": "#main" }, 
                "east":  { "uv": [ 0.375, 0.625, 0.25, 1 ], "texture": "#main" }, 
                "south": { "uv": [ 0.375, 0.625, 0.5, 1 ], "texture": "#main" }, 
                "west":  { "uv": [ 0, 0.625, 0.125, 1 ], "texture": "#main" }, 
                "up":    { "uv": [ 0.25, 0.5, 0.125, 0.625 ], "texture": "#main" }, 
                "down":  { "uv": [ 0.25, 0.5, 0.375, 0.625 ], "texture": "#main" }
            }
        }, 
        {
            "name": "body", 
            "from": [ 4, 12, 6 ], 
            "to":   [ 12, 24, 10 ], 
            "rotation": { "angle": 0, "axis": "y", "origin": [0, 10, 0] }, 
            "faces": {
                "north": { "uv": [ 0.625, 0.625, 0.875, 1 ], "texture": "#main" }, 
                "east":  { "uv": [ 0.5, 0.625, 0.625, 1 ], "texture": "#main" }, 
                "south": { "uv": [ 1, 0.625, 1.25, 1 ], "texture": "#main" }, 
                "west":  { "uv": [ 0.875, 0.625, 1, 1 ], "texture": "#main" }, 
                "up":    { "uv": [ 0.625, 0.5, 0.875, 0.625 ], "texture": "#main" }, 
                "down":  { "uv": [ 0.875, 0.5, 1.125, 0.625 ], "texture": "#main" }
            }
        }, 
        {
            "name": "left_arm", 
            "from": [ 1, 12, 6 ], 
            "to":   [ 4, 24, 9 ], 
            "rotation": { "angle": 0, "axis": "x", "origin": [0, 10, 0] }, 
            "faces": {
                "north": { "uv": [ 1.625, 0.625, 1.75, 1 ], "texture": "#main" }, 
                "east":  { "uv": [ 1.5, 0.625, 1.625, 1 ], "texture": "#main" }, 
                "south": { "uv": [ 1.375, 0.625, 1.5, 1 ], "texture": "#main" }, 
                "west":  { "uv": [ 1.25, 0.625, 1.375, 1 ], "texture": "#main" }, 
                "up":    { "uv": [ 1.375, 0.5, 1.5, 0.625 ], "texture": "#main" }, 
                "down":  { "uv": [ 1.5, 0.5, 1.625, 0.625 ], "texture": "#main" }
            }
        }, 
        {
            "name": "right_arm", 
            "from": [ 12, 12, 6 ], 
            "to":   [ 15, 24, 9 ], 
            "rotation": { "angle": 0, "axis": "x", "origin": [0, 8, 5] }, 
            "faces": {
                "north": { "uv": [ 1.375, 0.625, 1.5, 1 ], "texture": "#main" }, 
                "east":  { "uv": [ 1.25, 0.625, 1.375, 1 ], "texture": "#main" }, 
                "south": { "uv": [ 1.625, 0.625, 1.75, 1 ], "texture": "#main" }, 
                "west":  { "uv": [ 1.5, 0.625, 1.625, 1 ], "texture": "#main" }, 
                "up":    { "uv": [ 1.5, 0.5, 1.375, 0.625 ], "texture": "#main" }, 
                "down":  { "uv": [ 1.625, 0.5, 1.5, 0.625 ], "texture": "#main" }
            }
        }, 
        {
            "name": "head", 
            "from": [ 4, 24, 4 ], 
            "to":   [ 12, 32, 12 ], 
            "rotation": { "angle": 0, "axis": "y", "origin": [0, 10, 0] }, 
            "faces": {
                "north": { "uv": [ 0, 1.21875, 0.40625, 1.59375 ], "texture": "#main" }, 
                "east":  { "uv": [ 0, 0.25, 0.25, 0.5 ], "texture": "#main" }, 
                "south": { "uv": [ 0.75, 0.25, 1, 0.5 ], "texture": "#main" }, 
                "west":  { "uv": [ 0.5, 0.25, 0.75, 0.5 ], "texture": "#main" }, 
                "up":    { "uv": [ 0.25, 0, 0.5, 0.25 ], "texture": "#main" }, 
                "down":  { "uv": [ 0.5, 0, 0.75, 0.25 ], "texture": "#main" }
            }
        }, 
        {
            "from": [ 13, 7, 12 ], 
            "to":   [ 14, 9, 14 ], 
            "rotation": { "angle": -45, "axis": "x", "origin": [0, 8, 5] }, 
            "faces": {
                "north": { "uv": [ 2.3125, 0.0625, 2.34375, 0.125 ], "texture": "#main" }, 
                "east":  { "uv": [ 2, 0, 2.0625, 0.0625 ], "texture": "#main" }, 
                "south": { "uv": [ 2.125, 0.3125, 2.15625, 0.375 ], "texture": "#main" }, 
                "west":  { "uv": [ 2, 0.0625, 2.0625, 0.125 ], "texture": "#main" }, 
                "up":    { "uv": [ 2.34375, 0.1875, 2.3125, 0.125 ], "texture": "#main" }, 
                "down":  { "uv": [ 2.1875, 0.3125, 2.15625, 0.375 ], "texture": "#main" }
            }
        }, 
        {
            "from": [ 13, 8, 11 ], 
            "to":   [ 14, 10, 13 ], 
            "rotation": { "angle": -45, "axis": "x", "origin": [0, 8, 5] }, 
            "faces": {
                "north": { "uv": [ 2.1875, 0.3125, 2.21875, 0.375 ], "texture": "#main" }, 
                "east":  { "uv": [ 2.0625, 0, 2.125, 0.0625 ], "texture": "#main" }, 
                "south": { "uv": [ 2.3125, 0.1875, 2.34375, 0.25 ], "texture": "#main" }, 
                "west":  { "uv": [ 2.0625, 0.0625, 2.125, 0.125 ], "texture": "#main" }, 
                "up":    { "uv": [ 2.25, 0.375, 2.21875, 0.3125 ], "texture": "#main" }, 
                "down":  { "uv": [ 2.28125, 0.3125, 2.25, 0.375 ], "texture": "#main" }
            }
        }, 
        {
            "from": [ 13, 9, 10 ], 
            "to":   [ 14, 11, 12 ], 
            "rotation": { "angle": -45, "axis": "x", "origin": [0, 8, 5] }, 
            "faces": {
                "north": { "uv": [ 2.3125, 0.25, 2.34375, 0.3125 ], "texture": "#main" }, 
                "east":  { "uv": [ 2, 0.125, 2.0625, 0.1875 ], "texture": "#main" }, 
                "south": { "uv": [ 2.28125, 0.3125, 2.3125, 0.375 ], "texture": "#main" }, 
                "west":  { "uv": [ 2.125, 0, 2.1875, 0.0625 ], "texture": "#main" }, 
                "up":    { "uv": [ 2.34375, 0.375, 2.3125, 0.3125 ], "texture": "#main" }, 
                "down":  { "uv": [ 2.375, 0.0625, 2.34375, 0.125 ], "texture": "#main" }
            }
        }, 
        {
            "from": [ 13, 10, 9 ], 
            "to":   [ 14, 12, 11 ], 
            "rotation": { "angle": -45, "axis": "x", "origin": [0, 8, 5] }, 
            "faces": {
                "north": { "uv": [ 2.34375, 0.125, 2.375, 0.1875 ], "texture": "#main" }, 
                "east":  { "uv": [ 2.0625, 0.125, 2.125, 0.1875 ], "texture": "#main" }, 
                "south": { "uv": [ 2.34375, 0.1875, 2.375, 0.25 ], "texture": "#main" }, 
                "west":  { "uv": [ 2.125, 0.0625, 2.1875, 0.125 ], "texture": "#main" }, 
                "up":    { "uv": [ 2.375, 0.3125, 2.34375, 0.25 ], "texture": "#main" }, 
                "down":  { "uv": [ 2.375, 0.3125, 2.34375, 0.375 ], "texture": "#main" }
            }
        }, 
        {
            "from": [ 13, 11, 8 ], 
            "to":   [ 14, 13, 10 ], 
            "rotation": { "angle": -45, "axis": "x", "origin": [0, 8, 5] }, 
            "faces": {
                "north": { "uv": [ 2, 0.375, 2.03125, 0.4375 ], "texture": "#main" }, 
                "east":  { "uv": [ 2.125, 0.125, 2.1875, 0.1875 ], "texture": "#main" }, 
                "south": { "uv": [ 2.375, 0, 2.40625, 0.0625 ], "texture": "#main" }, 
                "west":  { "uv": [ 2, 0.1875, 2.0625, 0.25 ], "texture": "#main" }, 
                "up":    { "uv": [ 2.0625, 0.4375, 2.03125, 0.375 ], "texture": "#main" }, 
                "down":  { "uv": [ 2.09375, 0.375, 2.0625, 0.4375 ], "texture": "#main" }
            }
        }, 
        {
            "from": [ 13, 12, 7 ], 
            "to":   [ 14, 14, 9 ], 
            "rotation": { "angle": -45, "axis": "x", "origin": [0, 8, 5] }, 
            "faces": {
                "north": { "uv": [ 2.375, 0.0625, 2.40625, 0.125 ], "texture": "#main" }, 
                "east":  { "uv": [ 2.1875, 0, 2.25, 0.0625 ], "texture": "#main" }, 
                "south": { "uv": [ 2.09375, 0.375, 2.125, 0.4375 ], "texture": "#main" }, 
                "west":  { "uv": [ 2.0625, 0.1875, 2.125, 0.25 ], "texture": "#main" }, 
                "up":    { "uv": [ 2.15625, 0.4375, 2.125, 0.375 ], "texture": "#main" }, 
                "down":  { "uv": [ 2.40625, 0.125, 2.375, 0.1875 ], "texture": "#main" }
            }
        }, 
        {
            "from": [ 13, 13, 6 ], 
            "to":   [ 14, 15, 8 ], 
            "rotation": { "angle": -45, "axis": "x", "origin": [0, 8, 5] }, 
            "faces": {
                "north": { "uv": [ 2.15625, 0.375, 2.1875, 0.4375 ], "texture": "#main" }, 
                "east":  { "uv": [ 2.1875, 0.0625, 2.25, 0.125 ], "texture": "#main" }, 
                "south": { "uv": [ 2.1875, 0.375, 2.21875, 0.4375 ], "texture": "#main" }, 
                "west":  { "uv": [ 2.125, 0.1875, 2.1875, 0.25 ], "texture": "#main" }, 
                "up":    { "uv": [ 2.40625, 0.25, 2.375, 0.1875 ], "texture": "#main" }, 
                "down":  { "uv": [ 2.25, 0.375, 2.21875, 0.4375 ], "texture": "#main" }
            }
        }, 
        {
            "from": [ 13, 14, 5 ], 
            "to":   [ 14, 16, 7 ], 
            "rotation": { "angle": -45, "axis": "x", "origin": [0, 8, 5] }, 
            "faces": {
                "north": { "uv": [ 2.25, 0.375, 2.28125, 0.4375 ], "texture": "#main" }, 
                "east":  { "uv": [ 2.1875, 0.125, 2.25, 0.1875 ], "texture": "#main" }, 
                "south": { "uv": [ 2.375, 0.25, 2.40625, 0.3125 ], "texture": "#main" }, 
                "west":  { "uv": [ 2.1875, 0.1875, 2.25, 0.25 ], "texture": "#main" }, 
                "up":    { "uv": [ 2.3125, 0.4375, 2.28125, 0.375 ], "texture": "#main" }, 
                "down":  { "uv": [ 2.34375, 0.375, 2.3125, 0.4375 ], "texture": "#main" }
            }
        }, 
        {
            "from": [ 13, 15, 4 ], 
            "to":   [ 14, 17, 6 ], 
            "rotation": { "angle": -45, "axis": "x", "origin": [0, 8, 5] }, 
            "faces": {
                "north": { "uv": [ 2.375, 0.3125, 2.40625, 0.375 ], "texture": "#main" }, 
                "east":  { "uv": [ 2, 0.25, 2.0625, 0.3125 ], "texture": "#main" }, 
                "south": { "uv": [ 2.34375, 0.375, 2.375, 0.4375 ], "texture": "#main" }, 
                "west":  { "uv": [ 2.25, 0, 2.3125, 0.0625 ], "texture": "#main" }, 
                "up":    { "uv": [ 2.40625, 0.4375, 2.375, 0.375 ], "texture": "#main" }, 
                "down":  { "uv": [ 2.4375, 0, 2.40625, 0.0625 ], "texture": "#main" }
            }
        }, 
        {
            "from": [ 13, 16, 3 ], 
            "to":   [ 14, 18, 5 ], 
            "rotation": { "angle": -45, "axis": "x", "origin": [0, 8, 5] }, 
            "faces": {
                "north": { "uv": [ 2.40625, 0.0625, 2.4375, 0.125 ], "texture": "#main" }, 
                "east":  { "uv": [ 2.0625, 0.25, 2.125, 0.3125 ], "texture": "#main" }, 
                "south": { "uv": [ 2.40625, 0.125, 2.4375, 0.1875 ], "texture": "#main" }, 
                "west":  { "uv": [ 2.25, 0.0625, 2.3125, 0.125 ], "texture": "#main" }, 
                "up":    { "uv": [ 2.4375, 0.25, 2.40625, 0.1875 ], "texture": "#main" }, 
                "down":  { "uv": [ 2.4375, 0.25, 2.40625, 0.3125 ], "texture": "#main" }
            }
        }, 
        {
            "from": [ 13, 17, 2 ], 
            "to":   [ 14, 19, 4 ], 
            "rotation": { "angle": -45, "axis": "x", "origin": [0, 8, 5] }, 
            "faces": {
                "north": { "uv": [ 2.40625, 0.3125, 2.4375, 0.375 ], "texture": "#main" }, 
                "east":  { "uv": [ 2.125, 0.25, 2.1875, 0.3125 ], "texture": "#main" }, 
                "south": { "uv": [ 2.40625, 0.375, 2.4375, 0.4375 ], "texture": "#main" }, 
                "west":  { "uv": [ 2.25, 0.125, 2.3125, 0.1875 ], "texture": "#main" }, 
                "up":    { "uv": [ 2.03125, 0.5, 2, 0.4375 ], "texture": "#main" }, 
                "down":  { "uv": [ 2.46875, 0, 2.4375, 0.0625 ], "texture": "#main" }
            }
        }, 
        {
            "from": [ 13, 18, 1 ], 
            "to":   [ 14, 20, 3 ], 
            "rotation": { "angle": -45, "axis": "x", "origin": [0, 8, 5] }, 
            "faces": {
                "north": { "uv": [ 2.03125, 0.4375, 2.0625, 0.5 ], "texture": "#main" }, 
                "east":  { "uv": [ 2.1875, 0.25, 2.25, 0.3125 ], "texture": "#main" }, 
                "south": { "uv": [ 2.0625, 0.4375, 2.09375, 0.5 ], "texture": "#main" }, 
                "west":  { "uv": [ 2.25, 0.1875, 2.3125, 0.25 ], "texture": "#main" }, 
                "up":    { "uv": [ 2.46875, 0.125, 2.4375, 0.0625 ], "texture": "#main" }, 
                "down":  { "uv": [ 2.125, 0.4375, 2.09375, 0.5 ], "texture": "#main" }
            }
        }, 
        {
            "from": [ 13, 19, 0 ], 
            "to":   [ 14, 21, 2 ], 
            "rotation": { "angle": -45, "axis": "x", "origin": [0, 8, 5] }, 
            "faces": {
                "north": { "uv": [ 2.125, 0.4375, 2.15625, 0.5 ], "texture": "#main" }, 
                "east":  { "uv": [ 2.25, 0.25, 2.3125, 0.3125 ], "texture": "#main" }, 
                "south": { "uv": [ 2.4375, 0.125, 2.46875, 0.1875 ], "texture": "#main" }, 
                "west":  { "uv": [ 2, 0.3125, 2.0625, 0.375 ], "texture": "#main" }, 
                "up":    { "uv": [ 2.1875, 0.5, 2.15625, 0.4375 ], "texture": "#main" }, 
                "down":  { "uv": [ 2.21875, 0.4375, 2.1875, 0.5 ], "texture": "#main" }
            }
        }, 
        {
            "from": [ 13, 20, -1 ], 
            "to":   [ 14, 22, 1 ], 
            "rotation": { "angle": -45, "axis": "x", "origin": [0, 8, 5] }, 
            "faces": {
                "north": { "uv": [ 2.4375, 0.1875, 2.46875, 0.25 ], "texture": "#main" }, 
                "east":  { "uv": [ 2.3125, 0, 2.375, 0.0625 ], "texture": "#main" }, 
                "south": { "uv": [ 2.21875, 0.4375, 2.25, 0.5 ], "texture": "#main" }, 
                "west":  { "uv": [ 2.0625, 0.3125, 2.125, 0.375 ], "texture": "#main" }, 
                "up":    { "uv": [ 2.28125, 0.5, 2.25, 0.4375 ], "texture": "#main" }, 
                "down":  { "uv": [ 2.46875, 0.25, 2.4375, 0.3125 ], "texture": "#main" }
            }
        }, 
        {
            "from": [ 13, 22, -1 ], 
            "to":   [ 14, 23, 0 ], 
            "rotation": { "angle": -45, "axis": "x", "origin": [0, 8, 5] }, 
            "faces": {
                "north": { "uv": [ 2.28125, 0.4375, 2.3125, 0.46875 ], "texture": "#main" }, 
                "east":  { "uv": [ 2.3125, 0.4375, 2.34375, 0.46875 ], "texture": "#main" }, 
                "south": { "uv": [ 2.4375, 0.3125, 2.46875, 0.34375 ], "texture": "#main" }, 
                "west":  { "uv": [ 2.34375, 0.4375, 2.375, 0.46875 ], "texture": "#main" }, 
                "up":    { "uv": [ 2.46875, 0.375, 2.4375, 0.34375 ], "texture": "#main" }, 
                "down":  { "uv": [ 2.40625, 0.4375, 2.375, 0.46875 ], "texture": "#main" }
            }
        }, 
        {
            "name": "left_leg", 
            "from": [ 4, -3, 6 ], 
            "to":   [ 8, 9, 10 ], 
            "rotation": { "angle": -22.5, "axis": "x", "origin": [0, 10, 0] }, 
            "faces": {
                "north": { "uv": [ 4.125, 0.625, 4.25, 1 ], "texture": "#main" }, 
                "east":  { "uv": [ 4.125, 0.625, 4, 1 ], "texture": "#main" }, 
                "south": { "uv": [ 4.5, 0.625, 4.375, 1 ], "texture": "#main" }, 
                "west":  { "uv": [ 4.25, 0.625, 4.375, 1 ], "texture": "#main" }, 
                "up":    { "uv": [ 4.125, 0.5, 4.25, 0.625 ], "texture": "#main" }, 
                "down":  { "uv": [ 4.25, 0.5, 4.375, 0.625 ], "texture": "#main" }
            }
        }, 
        {
            "name": "right_leg", 
            "from": [ 8, 3, 5 ], 
            "to":   [ 12, 15, 9 ], 
            "rotation": { "angle": 22.5, "axis": "x", "origin": [0, 10, 0] }, 
            "faces": {
                "north": { "uv": [ 4.25, 0.625, 4.125, 1 ], "texture": "#main" }, 
                "east":  { "uv": [ 4.375, 0.625, 4.25, 1 ], "texture": "#main" }, 
                "south": { "uv": [ 4.375, 0.625, 4.5, 1 ], "texture": "#main" }, 
                "west":  { "uv": [ 4, 0.625, 4.125, 1 ], "texture": "#main" }, 
                "up":    { "uv": [ 4.25, 0.5, 4.125, 0.625 ], "texture": "#main" }, 
                "down":  { "uv": [ 4.25, 0.5, 4.375, 0.625 ], "texture": "#main" }
            }
        }, 
        {
            "name": "body", 
            "from": [ 4, 12, 6 ], 
            "to":   [ 12, 24, 10 ], 
            "rotation": { "angle": 0, "axis": "y", "origin": [0, 10, 0] }, 
            "faces": {
                "north": { "uv": [ 4.625, 0.625, 4.875, 1 ], "texture": "#main" }, 
                "east":  { "uv": [ 4.5, 0.625, 4.625, 1 ], "texture": "#main" }, 
                "south": { "uv": [ 5, 0.625, 5.25, 1 ], "texture": "#main" }, 
                "west":  { "uv": [ 4.875, 0.625, 5, 1 ], "texture": "#main" }, 
                "up":    { "uv": [ 4.625, 0.5, 4.875, 0.625 ], "texture": "#main" }, 
                "down":  { "uv": [ 4.875, 0.5, 5.125, 0.625 ], "texture": "#main" }
            }
        }, 
        {
            "name": "left_arm", 
            "from": [ 1, 14, 1 ], 
            "to":   [ 4, 26, 4 ], 
            "rotation": { "angle": 22.5, "axis": "x", "origin": [0, 10, 0] }, 
            "faces": {
                "north": { "uv": [ 5.625, 0.625, 5.75, 1 ], "texture": "#main" }, 
                "east":  { "uv": [ 5.5, 0.625, 5.625, 1 ], "texture": "#main" }, 
                "south": { "uv": [ 5.375, 0.625, 5.5, 1 ], "texture": "#main" }, 
                "west":  { "uv": [ 5.25, 0.625, 5.375, 1 ], "texture": "#main" }, 
                "up":    { "uv": [ 5.375, 0.5, 5.5, 0.625 ], "texture": "#main" }, 
                "down":  { "uv": [ 5.5, 0.5, 5.625, 0.625 ], "texture": "#main" }
            }
        }, 
        {
            "name": "right_arm", 
            "from": [ 12, 12, 13 ], 
            "to":   [ 15, 24, 16 ], 
            "rotation": { "angle": -22.5, "axis": "x", "origin": [0, 8, 12] }, 
            "faces": {
                "north": { "uv": [ 5.375, 0.625, 5.5, 1 ], "texture": "#main" }, 
                "east":  { "uv": [ 5.25, 0.625, 5.375, 1 ], "texture": "#main" }, 
                "south": { "uv": [ 5.625, 0.625, 5.75, 1 ], "texture": "#main" }, 
                "west":  { "uv": [ 5.5, 0.625, 5.625, 1 ], "texture": "#main" }, 
                "up":    { "uv": [ 5.5, 0.5, 5.375, 0.625 ], "texture": "#main" }, 
                "down":  { "uv": [ 5.625, 0.5, 5.5, 0.625 ], "texture": "#main" }
            }
        }, 
        {
            "name": "head", 
            "from": [ 4, 24, 4 ], 
            "to":   [ 12, 32, 12 ], 
            "rotation": { "angle": 0, "axis": "y", "origin": [0, 10, 0] }, 
            "faces": {
                "north": { "uv": [ 4, 1.21875, 4.40625, 1.59375 ], "texture": "#main" }, 
                "east":  { "uv": [ 4, 0.25, 4.25, 0.5 ], "texture": "#main" }, 
                "south": { "uv": [ 4.75, 0.25, 5, 0.5 ], "texture": "#main" }, 
                "west":  { "uv": [ 4.5, 0.25, 4.75, 0.5 ], "texture": "#main" }, 
                "up":    { "uv": [ 4.25, 0, 4.5, 0.25 ], "texture": "#main" }, 
                "down":  { "uv": [ 4.5, 0, 4.75, 0.25 ], "texture": "#main" }
            }
        }, 
        {
            "from": [ 13, 15, 10 ], 
            "to":   [ 14, 17, 12 ], 
            "rotation": { "angle": 22.5, "axis": "x", "origin": [0, 8, 12] }, 
            "faces": {
                "north": { "uv": [ 6.34375, 0.1875, 6.3125, 0.125 ], "rotation":180, "texture": "#main" }, 
                "east":  { "uv": [ 6, 0, 6.0625, 0.0625 ], "rotation":90, "texture": "#main" }, 
                "south": { "uv": [ 6.1875, 0.3125, 6.15625, 0.375 ], "texture": "#main" }, 
                "west":  { "uv": [ 6, 0.0625, 6.0625, 0.125 ], "rotation":270, "texture": "#main" }, 
                "up":    { "uv": [ 6.125, 0.3125, 6.15625, 0.375 ], "texture": "#main" }, 
                "down":  { "uv": [ 6.3125, 0.0625, 6.34375, 0.125 ], "rotation":180, "texture": "#main" }
            }
        }, 
        {
            "from": [ 13, 14, 9 ], 
            "to":   [ 14, 16, 11 ], 
            "rotation": { "angle": 22.5, "axis": "x", "origin": [0, 8, 12] }, 
            "faces": {
                "north": { "uv": [ 6.25, 0.375, 6.21875, 0.3125 ], "rotation":180, "texture": "#main" }, 
                "east":  { "uv": [ 6.0625, 0, 6.125, 0.0625 ], "rotation":90, "texture": "#main" }, 
                "south": { "uv": [ 6.28125, 0.3125, 6.25, 0.375 ], "texture": "#main" }, 
                "west":  { "uv": [ 6.0625, 0.0625, 6.125, 0.125 ], "rotation":270, "texture": "#main" }, 
                "up":    { "uv": [ 6.3125, 0.1875, 6.34375, 0.25 ], "texture": "#main" }, 
                "down":  { "uv": [ 6.1875, 0.3125, 6.21875, 0.375 ], "rotation":180, "texture": "#main" }
            }
        }, 
        {
            "from": [ 13, 13, 8 ], 
            "to":   [ 14, 15, 10 ], 
            "rotation": { "angle": 22.5, "axis": "x", "origin": [0, 8, 12] }, 
            "faces": {
                "north": { "uv": [ 6.34375, 0.375, 6.3125, 0.3125 ], "rotation":180, "texture": "#main" }, 
                "east":  { "uv": [ 6, 0.125, 6.0625, 0.1875 ], "rotation":90, "texture": "#main" }, 
                "south": { "uv": [ 6.375, 0.0625, 6.34375, 0.125 ], "texture": "#main" }, 
                "west":  { "uv": [ 6.125, 0, 6.1875, 0.0625 ], "rotation":270, "texture": "#main" }, 
                "up":    { "uv": [ 6.28125, 0.3125, 6.3125, 0.375 ], "texture": "#main" }, 
                "down":  { "uv": [ 6.3125, 0.25, 6.34375, 0.3125 ], "rotation":180, "texture": "#main" }
            }
        }, 
        {
            "from": [ 13, 12, 7 ], 
            "to":   [ 14, 14, 9 ], 
            "rotation": { "angle": 22.5, "axis": "x", "origin": [0, 8, 12] }, 
            "faces": {
                "north": { "uv": [ 6.375, 0.3125, 6.34375, 0.25 ], "rotation":180, "texture": "#main" }, 
                "east":  { "uv": [ 6.0625, 0.125, 6.125, 0.1875 ], "rotation":90, "texture": "#main" }, 
                "south": { "uv": [ 6.375, 0.3125, 6.34375, 0.375 ], "texture": "#main" }, 
                "west":  { "uv": [ 6.125, 0.0625, 6.1875, 0.125 ], "rotation":270, "texture": "#main" }, 
                "up":    { "uv": [ 6.34375, 0.1875, 6.375, 0.25 ], "texture": "#main" }, 
                "down":  { "uv": [ 6.34375, 0.125, 6.375, 0.1875 ], "rotation":180, "texture": "#main" }
            }
        }, 
        {
            "from": [ 13, 11, 6 ], 
            "to":   [ 14, 13, 8 ], 
            "rotation": { "angle": 22.5, "axis": "x", "origin": [0, 8, 12] }, 
            "faces": {
                "north": { "uv": [ 6.0625, 0.4375, 6.03125, 0.375 ], "rotation":180, "texture": "#main" }, 
                "east":  { "uv": [ 6.125, 0.125, 6.1875, 0.1875 ], "rotation":90, "texture": "#main" }, 
                "south": { "uv": [ 6.09375, 0.375, 6.0625, 0.4375 ], "texture": "#main" }, 
                "west":  { "uv": [ 6, 0.1875, 6.0625, 0.25 ], "rotation":270, "texture": "#main" }, 
                "up":    { "uv": [ 6.375, 0, 6.40625, 0.0625 ], "texture": "#main" }, 
                "down":  { "uv": [ 6, 0.375, 6.03125, 0.4375 ], "rotation":180, "texture": "#main" }
            }
        }, 
        {
            "from": [ 13, 10, 5 ], 
            "to":   [ 14, 12, 7 ], 
            "rotation": { "angle": 22.5, "axis": "x", "origin": [0, 8, 12] }, 
            "faces": {
                "north": { "uv": [ 6.15625, 0.4375, 6.125, 0.375 ], "rotation":180, "texture": "#main" }, 
                "east":  { "uv": [ 6.1875, 0, 6.25, 0.0625 ], "rotation":90, "texture": "#main" }, 
                "south": { "uv": [ 6.40625, 0.125, 6.375, 0.1875 ], "texture": "#main" }, 
                "west":  { "uv": [ 6.0625, 0.1875, 6.125, 0.25 ], "rotation":270, "texture": "#main" }, 
                "up":    { "uv": [ 6.09375, 0.375, 6.125, 0.4375 ], "texture": "#main" }, 
                "down":  { "uv": [ 6.375, 0.0625, 6.40625, 0.125 ], "rotation":180, "texture": "#main" }
            }
        }, 
        {
            "from": [ 13, 9, 4 ], 
            "to":   [ 14, 11, 6 ], 
            "rotation": { "angle": 22.5, "axis": "x", "origin": [0, 8, 12] }, 
            "faces": {
                "north": { "uv": [ 6.40625, 0.25, 6.375, 0.1875 ], "rotation":180, "texture": "#main" }, 
                "east":  { "uv": [ 6.1875, 0.0625, 6.25, 0.125 ], "rotation":90, "texture": "#main" }, 
                "south": { "uv": [ 6.25, 0.375, 6.21875, 0.4375 ], "texture": "#main" }, 
                "west":  { "uv": [ 6.125, 0.1875, 6.1875, 0.25 ], "rotation":270, "texture": "#main" }, 
                "up":    { "uv": [ 6.1875, 0.375, 6.21875, 0.4375 ], "texture": "#main" }, 
                "down":  { "uv": [ 6.15625, 0.375, 6.1875, 0.4375 ], "rotation":180, "texture": "#main" }
            }
        }, 
        {
            "from": [ 13, 8, 3 ], 
            "to":   [ 14, 10, 5 ], 
            "rotation": { "angle": 22.5, "axis": "x", "origin": [0, 8, 12] }, 
            "faces": {
                "north": { "uv": [ 6.3125, 0.4375, 6.28125, 0.375 ], "rotation":180, "texture": "#main" }, 
                "east":  { "uv": [ 6.1875, 0.125, 6.25, 0.1875 ], "rotation":90, "texture": "#main" }, 
                "south": { "uv": [ 6.34375, 0.375, 6.3125, 0.4375 ], "texture": "#main" }, 
                "west":  { "uv": [ 6.1875, 0.1875, 6.25, 0.25 ], "rotation":270, "texture": "#main" }, 
                "up":    { "uv": [ 6.375, 0.25, 6.40625, 0.3125 ], "texture": "#main" }, 
                "down":  { "uv": [ 6.25, 0.375, 6.28125, 0.4375 ], "rotation":180, "texture": "#main" }
            }
        }, 
        {
            "from": [ 13, 7, 2 ], 
            "to":   [ 14, 9, 4 ], 
            "rotation": { "angle": 22.5, "axis": "x", "origin": [0, 8, 12] }, 
            "faces": {
                "north": { "uv": [ 6.40625, 0.4375, 6.375, 0.375 ], "rotation":180, "texture": "#main" }, 
                "east":  { "uv": [ 6, 0.25, 6.0625, 0.3125 ], "rotation":90, "texture": "#main" }, 
                "south": { "uv": [ 6.4375, 0, 6.40625, 0.0625 ], "texture": "#main" }, 
                "west":  { "uv": [ 6.25, 0, 6.3125, 0.0625 ], "rotation":270, "texture": "#main" }, 
                "up":    { "uv": [ 6.34375, 0.375, 6.375, 0.4375 ], "texture": "#main" }, 
                "down":  { "uv": [ 6.375, 0.3125, 6.40625, 0.375 ], "rotation":180, "texture": "#main" }
            }
        }, 
        {
            "from": [ 13, 6, 1 ], 
            "to":   [ 14, 8, 3 ], 
            "rotation": { "angle": 22.5, "axis": "x", "origin": [0, 8, 12] }, 
            "faces": {
                "north": { "uv": [ 6.4375, 0.25, 6.40625, 0.1875 ], "rotation":180, "texture": "#main" }, 
                "east":  { "uv": [ 6.0625, 0.25, 6.125, 0.3125 ], "rotation":90, "texture": "#main" }, 
                "south": { "uv": [ 6.4375, 0.25, 6.40625, 0.3125 ], "texture": "#main" }, 
                "west":  { "uv": [ 6.25, 0.0625, 6.3125, 0.125 ], "rotation":270, "texture": "#main" }, 
                "up":    { "uv": [ 6.40625, 0.125, 6.4375, 0.1875 ], "texture": "#main" }, 
                "down":  { "uv": [ 6.40625, 0.0625, 6.4375, 0.125 ], "rotation":180, "texture": "#main" }
            }
        }, 
        {
            "from": [ 13, 5, 0 ], 
            "to":   [ 14, 7, 2 ], 
            "rotation": { "angle": 22.5, "axis": "x", "origin": [0, 8, 12] }, 
            "faces": {
                "north": { "uv": [ 6.03125, 0.5, 6, 0.4375 ], "rotation":180, "texture": "#main" }, 
                "east":  { "uv": [ 6.125, 0.25, 6.1875, 0.3125 ], "rotation":90, "texture": "#main" }, 
                "south": { "uv": [ 6.46875, 0, 6.4375, 0.0625 ], "texture": "#main" }, 
                "west":  { "uv": [ 6.25, 0.125, 6.3125, 0.1875 ], "rotation":270, "texture": "#main" }, 
                "up":    { "uv": [ 6.40625, 0.375, 6.4375, 0.4375 ], "texture": "#main" }, 
                "down":  { "uv": [ 6.40625, 0.3125, 6.4375, 0.375 ], "rotation":180, "texture": "#main" }
            }
        }, 
        {
            "from": [ 13, 4, -1 ], 
            "to":   [ 14, 6, 1 ], 
            "rotation": { "angle": 22.5, "axis": "x", "origin": [0, 8, 12] }, 
            "faces": {
                "north": { "uv": [ 6.46875, 0.125, 6.4375, 0.0625 ], "rotation":180, "texture": "#main" }, 
                "east":  { "uv": [ 6.1875, 0.25, 6.25, 0.3125 ], "rotation":90, "texture": "#main" }, 
                "south": { "uv": [ 6.125, 0.4375, 6.09375, 0.5 ], "texture": "#main" }, 
                "west":  { "uv": [ 6.25, 0.1875, 6.3125, 0.25 ], "rotation":270, "texture": "#main" }, 
                "up":    { "uv": [ 6.0625, 0.4375, 6.09375, 0.5 ], "texture": "#main" }, 
                "down":  { "uv": [ 6.03125, 0.4375, 6.0625, 0.5 ], "rotation":180, "texture": "#main" }
            }
        }, 
        {
            "from": [ 13, 3, -2 ], 
            "to":   [ 14, 5, 0 ], 
            "rotation": { "angle": 22.5, "axis": "x", "origin": [0, 8, 12] }, 
            "faces": {
                "north": { "uv": [ 6.1875, 0.5, 6.15625, 0.4375 ], "rotation":180, "texture": "#main" }, 
                "east":  { "uv": [ 6.25, 0.25, 6.3125, 0.3125 ], "rotation":90, "texture": "#main" }, 
                "south": { "uv": [ 6.21875, 0.4375, 6.1875, 0.5 ], "texture": "#main" }, 
                "west":  { "uv": [ 6, 0.3125, 6.0625, 0.375 ], "rotation":270, "texture": "#main" }, 
                "up":    { "uv": [ 6.4375, 0.125, 6.46875, 0.1875 ], "texture": "#main" }, 
                "down":  { "uv": [ 6.125, 0.4375, 6.15625, 0.5 ], "rotation":180, "texture": "#main" }
            }
        }, 
        {
            "from": [ 13, 2, -3 ], 
            "to":   [ 14, 4, -1 ], 
            "rotation": { "angle": 22.5, "axis": "x", "origin": [0, 8, 12] }, 
            "faces": {
                "north": { "uv": [ 6.28125, 0.5, 6.25, 0.4375 ], "rotation":180, "texture": "#main" }, 
                "east":  { "uv": [ 6.3125, 0, 6.375, 0.0625 ], "rotation":90, "texture": "#main" }, 
                "south": { "uv": [ 6.46875, 0.25, 6.4375, 0.3125 ], "texture": "#main" }, 
                "west":  { "uv": [ 6.0625, 0.3125, 6.125, 0.375 ], "rotation":270, "texture": "#main" }, 
                "up":    { "uv": [ 6.21875, 0.4375, 6.25, 0.5 ], "texture": "#main" }, 
                "down":  { "uv": [ 6.4375, 0.1875, 6.46875, 0.25 ], "rotation":180, "texture": "#main" }
            }
        }, 
        {
            "from": [ 13, 2, -4 ], 
            "to":   [ 14, 3, -3 ], 
            "rotation": { "angle": 22.5, "axis": "x", "origin": [0, 8, 12] }, 
            "faces": {
                "north": { "uv": [ 6.46875, 0.375, 6.4375, 0.34375 ], "rotation":180, "texture": "#main" }, 
                "east":  { "uv": [ 6.3125, 0.4375, 6.34375, 0.46875 ], "rotation":90, "texture": "#main" }, 
                "south": { "uv": [ 6.40625, 0.4375, 6.375, 0.46875 ], "texture": "#main" }, 
                "west":  { "uv": [ 6.34375, 0.4375, 6.375, 0.46875 ], "rotation":270, "texture": "#main" }, 
                "up":    { "uv": [ 6.4375, 0.3125, 6.46875, 0.34375 ], "texture": "#main" }, 
                "down":  { "uv": [ 6.28125, 0.4375, 6.3125, 0.46875 ], "rotation":180, "texture": "#main" }
            }
        }, 
        {
            "name": "left_leg", 
            "from": [ 4, -7, 5 ], 
            "to":   [ 8, 5, 9 ], 
            "rotation": { "angle": -45, "axis": "x", "origin": [0, 10, 0] }, 
            "faces": {
                "north": { "uv": [ 8.125, 0.625, 8.25, 1 ], "texture": "#main" }, 
                "east":  { "uv": [ 8.125, 0.625, 8, 1 ], "texture": "#main" }, 
                "south": { "uv": [ 8.5, 0.625, 8.375, 1 ], "texture": "#main" }, 
                "west":  { "uv": [ 8.25, 0.625, 8.375, 1 ], "texture": "#main" }, 
                "up":    { "uv": [ 8.125, 0.5, 8.25, 0.625 ], "texture": "#main" }, 
                "down":  { "uv": [ 8.25, 0.5, 8.375, 0.625 ], "texture": "#main" }
            }
        }, 
        {
            "name": "right_leg", 
            "from": [ 8, 4, 2 ], 
            "to":   [ 12, 16, 6 ], 
            "rotation": { "angle": 45, "axis": "x", "origin": [0, 10, 0] }, 
            "faces": {
                "north": { "uv": [ 8.25, 0.625, 8.125, 1 ], "texture": "#main" }, 
                "east":  { "uv": [ 8.375, 0.625, 8.25, 1 ], "texture": "#main" }, 
                "south": { "uv": [ 8.375, 0.625, 8.5, 1 ], "texture": "#main" }, 
                "west":  { "uv": [ 8, 0.625, 8.125, 1 ], "texture": "#main" }, 
                "up":    { "uv": [ 8.25, 0.5, 8.125, 0.625 ], "texture": "#main" }, 
                "down":  { "uv": [ 8.25, 0.5, 8.375, 0.625 ], "texture": "#main" }
            }
        }, 
        {
            "name": "body", 
            "from": [ 4, 12, 6 ], 
            "to":   [ 12, 24, 10 ], 
            "rotation": { "angle": 0, "axis": "y", "origin": [0, 10, 0] }, 
            "faces": {
                "north": { "uv": [ 8.625, 0.625, 8.875, 1 ], "texture": "#main" }, 
                "east":  { "uv": [ 8.5, 0.625, 8.625, 1 ], "texture": "#main" }, 
                "south": { "uv": [ 9, 0.625, 9.25, 1 ], "texture": "#main" }, 
                "west":  { "uv": [ 8.875, 0.625, 9, 1 ], "texture": "#main" }, 
                "up":    { "uv": [ 8.625, 0.5, 8.875, 0.625 ], "texture": "#main" }, 
                "down":  { "uv": [ 8.875, 0.5, 9.125, 0.625 ], "texture": "#main" }
            }
        }, 
        {
            "name": "left_arm", 
            "from": [ 1, 13, -5 ], 
            "to":   [ 4, 25, -2 ], 
            "rotation": { "angle": 45, "axis": "x", "origin": [0, 10, 0] }, 
            "faces": {
                "north": { "uv": [ 9.625, 0.625, 9.75, 1 ], "texture": "#main" }, 
                "east":  { "uv": [ 9.5, 0.625, 9.625, 1 ], "texture": "#main" }, 
                "south": { "uv": [ 9.375, 0.625, 9.5, 1 ], "texture": "#main" }, 
                "west":  { "uv": [ 9.25, 0.625, 9.375, 1 ], "texture": "#main" }, 
                "up":    { "uv": [ 9.375, 0.5, 9.5, 0.625 ], "texture": "#main" }, 
                "down":  { "uv": [ 9.5, 0.5, 9.625, 0.625 ], "texture": "#main" }
            }
        }, 
        {
            "name": "right_arm", 
            "from": [ 12, 14, 18 ], 
            "to":   [ 15, 26, 21 ], 
            "rotation": { "angle": -45, "axis": "x", "origin": [0, 10, 17] }, 
            "faces": {
                "north": { "uv": [ 9.375, 0.625, 9.5, 1 ], "texture": "#main" }, 
                "east":  { "uv": [ 9.25, 0.625, 9.375, 1 ], "texture": "#main" }, 
                "south": { "uv": [ 9.625, 0.625, 9.75, 1 ], "texture": "#main" }, 
                "west":  { "uv": [ 9.5, 0.625, 9.625, 1 ], "texture": "#main" }, 
                "up":    { "uv": [ 9.5, 0.5, 9.375, 0.625 ], "texture": "#main" }, 
                "down":  { "uv": [ 9.625, 0.5, 9.5, 0.625 ], "texture": "#main" }
            }
        }, 
        {
            "name": "head", 
            "from": [ 4, 24, 4 ], 
            "to":   [ 12, 32, 12 ], 
            "rotation": { "angle": 0, "axis": "y", "origin": [0, 10, 0] }, 
            "faces": {
                "north": { "uv": [ 8, 1.21875, 8.40625, 1.59375 ], "texture": "#main" }, 
                "east":  { "uv": [ 8, 0.25, 8.25, 0.5 ], "texture": "#main" }, 
                "south": { "uv": [ 8.75, 0.25, 9, 0.5 ], "texture": "#main" }, 
                "west":  { "uv": [ 8.5, 0.25, 8.75, 0.5 ], "texture": "#main" }, 
                "up":    { "uv": [ 8.25, 0, 8.5, 0.25 ], "texture": "#main" }, 
                "down":  { "uv": [ 8.5, 0, 8.75, 0.25 ], "texture": "#main" }
            }
        }, 
        {
            "from": [ 13, 17, 15 ], 
            "to":   [ 14, 19, 17 ], 
            "rotation": { "angle": 0, "axis": "x", "origin": [0, 10, 17] }, 
            "faces": {
                "north": { "uv": [ 10.34375, 0.1875, 10.3125, 0.125 ], "rotation":180, "texture": "#main" }, 
                "east":  { "uv": [ 10, 0, 10.0625, 0.0625 ], "rotation":90, "texture": "#main" }, 
                "south": { "uv": [ 10.1875, 0.3125, 10.15625, 0.375 ], "texture": "#main" }, 
                "west":  { "uv": [ 10, 0.0625, 10.0625, 0.125 ], "rotation":270, "texture": "#main" }, 
                "up":    { "uv": [ 10.125, 0.3125, 10.15625, 0.375 ], "texture": "#main" }, 
                "down":  { "uv": [ 10.3125, 0.0625, 10.34375, 0.125 ], "rotation":180, "texture": "#main" }
            }
        }, 
        {
            "from": [ 13, 16, 14 ], 
            "to":   [ 14, 18, 16 ], 
            "rotation": { "angle": 0, "axis": "x", "origin": [0, 10, 17] }, 
            "faces": {
                "north": { "uv": [ 10.25, 0.375, 10.21875, 0.3125 ], "rotation":180, "texture": "#main" }, 
                "east":  { "uv": [ 10.0625, 0, 10.125, 0.0625 ], "rotation":90, "texture": "#main" }, 
                "south": { "uv": [ 10.28125, 0.3125, 10.25, 0.375 ], "texture": "#main" }, 
                "west":  { "uv": [ 10.0625, 0.0625, 10.125, 0.125 ], "rotation":270, "texture": "#main" }, 
                "up":    { "uv": [ 10.3125, 0.1875, 10.34375, 0.25 ], "texture": "#main" }, 
                "down":  { "uv": [ 10.1875, 0.3125, 10.21875, 0.375 ], "rotation":180, "texture": "#main" }
            }
        }, 
        {
            "from": [ 13, 15, 13 ], 
            "to":   [ 14, 17, 15 ], 
            "rotation": { "angle": 0, "axis": "x", "origin": [0, 10, 17] }, 
            "faces": {
                "north": { "uv": [ 10.34375, 0.375, 10.3125, 0.3125 ], "rotation":180, "texture": "#main" }, 
                "east":  { "uv": [ 10, 0.125, 10.0625, 0.1875 ], "rotation":90, "texture": "#main" }, 
                "south": { "uv": [ 10.375, 0.0625, 10.34375, 0.125 ], "texture": "#main" }, 
                "west":  { "uv": [ 10.125, 0, 10.1875, 0.0625 ], "rotation":270, "texture": "#main" }, 
                "up":    { "uv": [ 10.28125, 0.3125, 10.3125, 0.375 ], "texture": "#main" }, 
                "down":  { "uv": [ 10.3125, 0.25, 10.34375, 0.3125 ], "rotation":180, "texture": "#main" }
            }
        }, 
        {
            "from": [ 13, 14, 12 ], 
            "to":   [ 14, 16, 14 ], 
            "rotation": { "angle": 0, "axis": "x", "origin": [0, 10, 17] }, 
            "faces": {
                "north": { "uv": [ 10.375, 0.3125, 10.34375, 0.25 ], "rotation":180, "texture": "#main" }, 
                "east":  { "uv": [ 10.0625, 0.125, 10.125, 0.1875 ], "rotation":90, "texture": "#main" }, 
                "south": { "uv": [ 10.375, 0.3125, 10.34375, 0.375 ], "texture": "#main" }, 
                "west":  { "uv": [ 10.125, 0.0625, 10.1875, 0.125 ], "rotation":270, "texture": "#main" }, 
                "up":    { "uv": [ 10.34375, 0.1875, 10.375, 0.25 ], "texture": "#main" }, 
                "down":  { "uv": [ 10.34375, 0.125, 10.375, 0.1875 ], "rotation":180, "texture": "#main" }
            }
        }, 
        {
            "from": [ 13, 13, 11 ], 
            "to":   [ 14, 15, 13 ], 
            "rotation": { "angle": 0, "axis": "x", "origin": [0, 10, 17] }, 
            "faces": {
                "north": { "uv": [ 10.0625, 0.4375, 10.03125, 0.375 ], "rotation":180, "texture": "#main" }, 
                "east":  { "uv": [ 10.125, 0.125, 10.1875, 0.1875 ], "rotation":90, "texture": "#main" }, 
                "south": { "uv": [ 10.09375, 0.375, 10.0625, 0.4375 ], "texture": "#main" }, 
                "west":  { "uv": [ 10, 0.1875, 10.0625, 0.25 ], "rotation":270, "texture": "#main" }, 
                "up":    { "uv": [ 10.375, 0, 10.40625, 0.0625 ], "texture": "#main" }, 
                "down":  { "uv": [ 10, 0.375, 10.03125, 0.4375 ], "rotation":180, "texture": "#main" }
            }
        }, 
        {
            "from": [ 13, 12, 10 ], 
            "to":   [ 14, 14, 12 ], 
            "rotation": { "angle": 0, "axis": "x", "origin": [0, 10, 17] }, 
            "faces": {
                "north": { "uv": [ 10.15625, 0.4375, 10.125, 0.375 ], "rotation":180, "texture": "#main" }, 
                "east":  { "uv": [ 10.1875, 0, 10.25, 0.0625 ], "rotation":90, "texture": "#main" }, 
                "south": { "uv": [ 10.40625, 0.125, 10.375, 0.1875 ], "texture": "#main" }, 
                "west":  { "uv": [ 10.0625, 0.1875, 10.125, 0.25 ], "rotation":270, "texture": "#main" }, 
                "up":    { "uv": [ 10.09375, 0.375, 10.125, 0.4375 ], "texture": "#main" }, 
                "down":  { "uv": [ 10.375, 0.0625, 10.40625, 0.125 ], "rotation":180, "texture": "#main" }
            }
        }, 
        {
            "from": [ 13, 11, 9 ], 
            "to":   [ 14, 13, 11 ], 
            "rotation": { "angle": 0, "axis": "x", "origin": [0, 10, 17] }, 
            "faces": {
                "north": { "uv": [ 10.40625, 0.25, 10.375, 0.1875 ], "rotation":180, "texture": "#main" }, 
                "east":  { "uv": [ 10.1875, 0.0625, 10.25, 0.125 ], "rotation":90, "texture": "#main" }, 
                "south": { "uv": [ 10.25, 0.375, 10.21875, 0.4375 ], "texture": "#main" }, 
                "west":  { "uv": [ 10.125, 0.1875, 10.1875, 0.25 ], "rotation":270, "texture": "#main" }, 
                "up":    { "uv": [ 10.1875, 0.375, 10.21875, 0.4375 ], "texture": "#main" }, 
                "down":  { "uv": [ 10.15625, 0.375, 10.1875, 0.4375 ], "rotation":180, "texture": "#main" }
            }
        }, 
        {
            "from": [ 13, 10, 8 ], 
            "to":   [ 14, 12, 10 ], 
            "rotation": { "angle": 0, "axis": "x", "origin": [0, 10, 17] }, 
            "faces": {
                "north": { "uv": [ 10.3125, 0.4375, 10.28125, 0.375 ], "rotation":180, "texture": "#main" }, 
                "east":  { "uv": [ 10.1875, 0.125, 10.25, 0.1875 ], "rotation":90, "texture": "#main" }, 
                "south": { "uv": [ 10.34375, 0.375, 10.3125, 0.4375 ], "texture": "#main" }, 
                "west":  { "uv": [ 10.1875, 0.1875, 10.25, 0.25 ], "rotation":270, "texture": "#main" }, 
                "up":    { "uv": [ 10.375, 0.25, 10.40625, 0.3125 ], "texture": "#main" }, 
                "down":  { "uv": [ 10.25, 0.375, 10.28125, 0.4375 ], "rotation":180, "texture": "#main" }
            }
        }, 
        {
            "from": [ 13, 9, 7 ], 
            "to":   [ 14, 11, 9 ], 
            "rotation": { "angle": 0, "axis": "x", "origin": [0, 10, 17] }, 
            "faces": {
                "north": { "uv": [ 10.40625, 0.4375, 10.375, 0.375 ], "rotation":180, "texture": "#main" }, 
                "east":  { "uv": [ 10, 0.25, 10.0625, 0.3125 ], "rotation":90, "texture": "#main" }, 
                "south": { "uv": [ 10.4375, 0, 10.40625, 0.0625 ], "texture": "#main" }, 
                "west":  { "uv": [ 10.25, 0, 10.3125, 0.0625 ], "rotation":270, "texture": "#main" }, 
                "up":    { "uv": [ 10.34375, 0.375, 10.375, 0.4375 ], "texture": "#main" }, 
                "down":  { "uv": [ 10.375, 0.3125, 10.40625, 0.375 ], "rotation":180, "texture": "#main" }
            }
        }, 
        {
            "from": [ 13, 8, 6 ], 
            "to":   [ 14, 10, 8 ], 
            "rotation": { "angle": 0, "axis": "x", "origin": [0, 10, 17] }, 
            "faces": {
                "north": { "uv": [ 10.4375, 0.25, 10.40625, 0.1875 ], "rotation":180, "texture": "#main" }, 
                "east":  { "uv": [ 10.0625, 0.25, 10.125, 0.3125 ], "rotation":90, "texture": "#main" }, 
                "south": { "uv": [ 10.4375, 0.25, 10.40625, 0.3125 ], "texture": "#main" }, 
                "west":  { "uv": [ 10.25, 0.0625, 10.3125, 0.125 ], "rotation":270, "texture": "#main" }, 
                "up":    { "uv": [ 10.40625, 0.125, 10.4375, 0.1875 ], "texture": "#main" }, 
                "down":  { "uv": [ 10.40625, 0.0625, 10.4375, 0.125 ], "rotation":180, "texture": "#main" }
            }
        }, 
        {
            "from": [ 13, 7, 5 ], 
            "to":   [ 14, 9, 7 ], 
            "rotation": { "angle": 0, "axis": "x", "origin": [0, 10, 17] }, 
            "faces": {
                "north": { "uv": [ 10.03125, 0.5, 10, 0.4375 ], "rotation":180, "texture": "#main" }, 
                "east":  { "uv": [ 10.125, 0.25, 10.1875, 0.3125 ], "rotation":90, "texture": "#main" }, 
                "south": { "uv": [ 10.46875, 0, 10.4375, 0.0625 ], "texture": "#main" }, 
                "west":  { "uv": [ 10.25, 0.125, 10.3125, 0.1875 ], "rotation":270, "texture": "#main" }, 
                "up":    { "uv": [ 10.40625, 0.375, 10.4375, 0.4375 ], "texture": "#main" }, 
                "down":  { "uv": [ 10.40625, 0.3125, 10.4375, 0.375 ], "rotation":180, "texture": "#main" }
            }
        }, 
        {
            "from": [ 13, 6, 4 ], 
            "to":   [ 14, 8, 6 ], 
            "rotation": { "angle": 0, "axis": "x", "origin": [0, 10, 17] }, 
            "faces": {
                "north": { "uv": [ 10.46875, 0.125, 10.4375, 0.0625 ], "rotation":180, "texture": "#main" }, 
                "east":  { "uv": [ 10.1875, 0.25, 10.25, 0.3125 ], "rotation":90, "texture": "#main" }, 
                "south": { "uv": [ 10.125, 0.4375, 10.09375, 0.5 ], "texture": "#main" }, 
                "west":  { "uv": [ 10.25, 0.1875, 10.3125, 0.25 ], "rotation":270, "texture": "#main" }, 
                "up":    { "uv": [ 10.0625, 0.4375, 10.09375, 0.5 ], "texture": "#main" }, 
                "down":  { "uv": [ 10.03125, 0.4375, 10.0625, 0.5 ], "rotation":180, "texture": "#main" }
            }
        }, 
        {
            "from": [ 13, 5, 3 ], 
            "to":   [ 14, 7, 5 ], 
            "rotation": { "angle": 0, "axis": "x", "origin": [0, 10, 17] }, 
            "faces": {
                "north": { "uv": [ 10.1875, 0.5, 10.15625, 0.4375 ], "rotation":180, "texture": "#main" }, 
                "east":  { "uv": [ 10.25, 0.25, 10.3125, 0.3125 ], "rotation":90, "texture": "#main" }, 
                "south": { "uv": [ 10.21875, 0.4375, 10.1875, 0.5 ], "texture": "#main" }, 
                "west":  { "uv": [ 10, 0.3125, 10.0625, 0.375 ], "rotation":270, "texture": "#main" }, 
                "up":    { "uv": [ 10.4375, 0.125, 10.46875, 0.1875 ], "texture": "#main" }, 
                "down":  { "uv": [ 10.125, 0.4375, 10.15625, 0.5 ], "rotation":180, "texture": "#main" }
            }
        }, 
        {
            "from": [ 13, 4, 2 ], 
            "to":   [ 14, 6, 4 ], 
            "rotation": { "angle": 0, "axis": "x", "origin": [0, 10, 17] }, 
            "faces": {
                "north": { "uv": [ 10.28125, 0.5, 10.25, 0.4375 ], "rotation":180, "texture": "#main" }, 
                "east":  { "uv": [ 10.3125, 0, 10.375, 0.0625 ], "rotation":90, "texture": "#main" }, 
                "south": { "uv": [ 10.46875, 0.25, 10.4375, 0.3125 ], "texture": "#main" }, 
                "west":  { "uv": [ 10.0625, 0.3125, 10.125, 0.375 ], "rotation":270, "texture": "#main" }, 
                "up":    { "uv": [ 10.21875, 0.4375, 10.25, 0.5 ], "texture": "#main" }, 
                "down":  { "uv": [ 10.4375, 0.1875, 10.46875, 0.25 ], "rotation":180, "texture": "#main" }
            }
        }, 
        {
            "from": [ 13, 4, 1 ], 
            "to":   [ 14, 5, 2 ], 
            "rotation": { "angle": 0, "axis": "x", "origin": [0, 10, 17] }, 
            "faces": {
                "north": { "uv": [ 10.46875, 0.375, 10.4375, 0.34375 ], "rotation":180, "texture": "#main" }, 
                "east":  { "uv": [ 10.3125, 0.4375, 10.34375, 0.46875 ], "rotation":90, "texture": "#main" }, 
                "south": { "uv": [ 10.40625, 0.4375, 10.375, 0.46875 ], "texture": "#main" }, 
                "west":  { "uv": [ 10.34375, 0.4375, 10.375, 0.46875 ], "rotation":270, "texture": "#main" }, 
                "up":    { "uv": [ 10.4375, 0.3125, 10.46875, 0.34375 ], "texture": "#main" }, 
                "down":  { "uv": [ 10.28125, 0.4375, 10.3125, 0.46875 ], "rotation":180, "texture": "#main" }
            }
        }, 
        {
            "name": "left_leg", 
            "from": [ 4, 3, 5 ], 
            "to":   [ 8, 15, 9 ], 
            "rotation": { "angle": 22.5, "axis": "x", "origin": [0, 10, 0] }, 
            "faces": {
                "north": { "uv": [ 12.125, 0.625, 12.25, 1 ], "texture": "#main" }, 
                "east":  { "uv": [ 12.125, 0.625, 12, 1 ], "texture": "#main" }, 
                "south": { "uv": [ 12.5, 0.625, 12.375, 1 ], "texture": "#main" }, 
                "west":  { "uv": [ 12.25, 0.625, 12.375, 1 ], "texture": "#main" }, 
                "up":    { "uv": [ 12.125, 0.5, 12.25, 0.625 ], "texture": "#main" }, 
                "down":  { "uv": [ 12.25, 0.5, 12.375, 0.625 ], "texture": "#main" }
            }
        }, 
        {
            "name": "right_leg", 
            "from": [ 8, -3, 6 ], 
            "to":   [ 12, 9, 10 ], 
            "rotation": { "angle": -22.5, "axis": "x", "origin": [0, 10, 0] }, 
            "faces": {
                "north": { "uv": [ 12.25, 0.625, 12.125, 1 ], "texture": "#main" }, 
                "east":  { "uv": [ 12.375, 0.625, 12.25, 1 ], "texture": "#main" }, 
                "south": { "uv": [ 12.375, 0.625, 12.5, 1 ], "texture": "#main" }, 
                "west":  { "uv": [ 12, 0.625, 12.125, 1 ], "texture": "#main" }, 
                "up":    { "uv": [ 12.25, 0.5, 12.125, 0.625 ], "texture": "#main" }, 
                "down":  { "uv": [ 12.25, 0.5, 12.375, 0.625 ], "texture": "#main" }
            }
        }, 
        {
            "name": "body", 
            "from": [ 4, 12, 6 ], 
            "to":   [ 12, 24, 10 ], 
            "rotation": { "angle": 0, "axis": "y", "origin": [0, 10, 0] }, 
            "faces": {
                "north": { "uv": [ 12.625, 0.625, 12.875, 1 ], "texture": "#main" }, 
                "east":  { "uv": [ 12.5, 0.625, 12.625, 1 ], "texture": "#main" }, 
                "south": { "uv": [ 13, 0.625, 13.25, 1 ], "texture": "#main" }, 
                "west":  { "uv": [ 12.875, 0.625, 13, 1 ], "texture": "#main" }, 
                "up":    { "uv": [ 12.625, 0.5, 12.875, 0.625 ], "texture": "#main" }, 
                "down":  { "uv": [ 12.875, 0.5, 13.125, 0.625 ], "texture": "#main" }
            }
        }, 
        {
            "name": "left_arm", 
            "from": [ 1, 8, 11 ], 
            "to":   [ 4, 20, 14 ], 
            "rotation": { "angle": -22.5, "axis": "x", "origin": [0, 10, 0] }, 
            "faces": {
                "north": { "uv": [ 13.625, 0.625, 13.75, 1 ], "texture": "#main" }, 
                "east":  { "uv": [ 13.5, 0.625, 13.625, 1 ], "texture": "#main" }, 
                "south": { "uv": [ 13.375, 0.625, 13.5, 1 ], "texture": "#main" }, 
                "west":  { "uv": [ 13.25, 0.625, 13.375, 1 ], "texture": "#main" }, 
                "up":    { "uv": [ 13.375, 0.5, 13.5, 0.625 ], "texture": "#main" }, 
                "down":  { "uv": [ 13.5, 0.5, 13.625, 0.625 ], "texture": "#main" }
            }
        }, 
        {
            "name": "right_arm", 
            "from": [ 12, 14, 0 ], 
            "to":   [ 15, 26, 3 ], 
            "rotation": { "angle": 22.5, "axis": "x", "origin": [0, 10, -1] }, 
            "faces": {
                "north": { "uv": [ 13.375, 0.625, 13.5, 1 ], "texture": "#main" }, 
                "east":  { "uv": [ 13.25, 0.625, 13.375, 1 ], "texture": "#main" }, 
                "south": { "uv": [ 13.625, 0.625, 13.75, 1 ], "texture": "#main" }, 
                "west":  { "uv": [ 13.5, 0.625, 13.625, 1 ], "texture": "#main" }, 
                "up":    { "uv": [ 13.5, 0.5, 13.375, 0.625 ], "texture": "#main" }, 
                "down":  { "uv": [ 13.625, 0.5, 13.5, 0.625 ], "texture": "#main" }
            }
        }, 
        {
            "name": "head", 
            "from": [ 4, 24, 4 ], 
            "to":   [ 12, 32, 12 ], 
            "rotation": { "angle": 0, "axis": "y", "origin": [0, 10, 0] }, 
            "faces": {
                "north": { "uv": [ 12, 1.21875, 12.40625, 1.59375 ], "texture": "#main" }, 
                "east":  { "uv": [ 12, 0.25, 12.25, 0.5 ], "texture": "#main" }, 
                "south": { "uv": [ 12.75, 0.25, 13, 0.5 ], "texture": "#main" }, 
                "west":  { "uv": [ 12.5, 0.25, 12.75, 0.5 ], "texture": "#main" }, 
                "up":    { "uv": [ 12.25, 0, 12.5, 0.25 ], "texture": "#main" }, 
                "down":  { "uv": [ 12.5, 0, 12.75, 0.25 ], "texture": "#main" }
            }
        }, 
        {
            "from": [ 13, 9, 6 ], 
            "to":   [ 14, 11, 8 ], 
            "rotation": { "angle": -22.5, "axis": "x", "origin": [0, 10, -1] }, 
            "faces": {
                "north": { "uv": [ 14.3125, 0.0625, 14.34375, 0.125 ], "texture": "#main" }, 
                "east":  { "uv": [ 14, 0, 14.0625, 0.0625 ], "texture": "#main" }, 
                "south": { "uv": [ 14.125, 0.3125, 14.15625, 0.375 ], "texture": "#main" }, 
                "west":  { "uv": [ 14, 0.0625, 14.0625, 0.125 ], "texture": "#main" }, 
                "up":    { "uv": [ 14.34375, 0.1875, 14.3125, 0.125 ], "texture": "#main" }, 
                "down":  { "uv": [ 14.1875, 0.3125, 14.15625, 0.375 ], "texture": "#main" }
            }
        }, 
        {
            "from": [ 13, 10, 5 ], 
            "to":   [ 14, 12, 7 ], 
            "rotation": { "angle": -22.5, "axis": "x", "origin": [0, 10, -1] }, 
            "faces": {
                "north": { "uv": [ 14.1875, 0.3125, 14.21875, 0.375 ], "texture": "#main" }, 
                "east":  { "uv": [ 14.0625, 0, 14.125, 0.0625 ], "texture": "#main" }, 
                "south": { "uv": [ 14.3125, 0.1875, 14.34375, 0.25 ], "texture": "#main" }, 
                "west":  { "uv": [ 14.0625, 0.0625, 14.125, 0.125 ], "texture": "#main" }, 
                "up":    { "uv": [ 14.25, 0.375, 14.21875, 0.3125 ], "texture": "#main" }, 
                "down":  { "uv": [ 14.28125, 0.3125, 14.25, 0.375 ], "texture": "#main" }
            }
        }, 
        {
            "from": [ 13, 11, 4 ], 
            "to":   [ 14, 13, 6 ], 
            "rotation": { "angle": -22.5, "axis": "x", "origin": [0, 10, -1] }, 
            "faces": {
                "north": { "uv": [ 14.3125, 0.25, 14.34375, 0.3125 ], "texture": "#main" }, 
                "east":  { "uv": [ 14, 0.125, 14.0625, 0.1875 ], "texture": "#main" }, 
                "south": { "uv": [ 14.28125, 0.3125, 14.3125, 0.375 ], "texture": "#main" }, 
                "west":  { "uv": [ 14.125, 0, 14.1875, 0.0625 ], "texture": "#main" }, 
                "up":    { "uv": [ 14.34375, 0.375, 14.3125, 0.3125 ], "texture": "#main" }, 
                "down":  { "uv": [ 14.375, 0.0625, 14.34375, 0.125 ], "texture": "#main" }
            }
        }, 
        {
            "from": [ 13, 12, 3 ], 
            "to":   [ 14, 14, 5 ], 
            "rotation": { "angle": -22.5, "axis": "x", "origin": [0, 10, -1] }, 
            "faces": {
                "north": { "uv": [ 14.34375, 0.125, 14.375, 0.1875 ], "texture": "#main" }, 
                "east":  { "uv": [ 14.0625, 0.125, 14.125, 0.1875 ], "texture": "#main" }, 
                "south": { "uv": [ 14.34375, 0.1875, 14.375, 0.25 ], "texture": "#main" }, 
                "west":  { "uv": [ 14.125, 0.0625, 14.1875, 0.125 ], "texture": "#main" }, 
                "up":    { "uv": [ 14.375, 0.3125, 14.34375, 0.25 ], "texture": "#main" }, 
                "down":  { "uv": [ 14.375, 0.3125, 14.34375, 0.375 ], "texture": "#main" }
            }
        }, 
        {
            "from": [ 13, 13, 2 ], 
            "to":   [ 14, 15, 4 ], 
            "rotation": { "angle": -22.5, "axis": "x", "origin": [0, 10, -1] }, 
            "faces": {
                "north": { "uv": [ 14, 0.375, 14.03125, 0.4375 ], "texture": "#main" }, 
                "east":  { "uv": [ 14.125, 0.125, 14.1875, 0.1875 ], "texture": "#main" }, 
                "south": { "uv": [ 14.375, 0, 14.40625, 0.0625 ], "texture": "#main" }, 
                "west":  { "uv": [ 14, 0.1875, 14.0625, 0.25 ], "texture": "#main" }, 
                "up":    { "uv": [ 14.0625, 0.4375, 14.03125, 0.375 ], "texture": "#main" }, 
                "down":  { "uv": [ 14.09375, 0.375, 14.0625, 0.4375 ], "texture": "#main" }
            }
        }, 
        {
            "from": [ 13, 14, 1 ], 
            "to":   [ 14, 16, 3 ], 
            "rotation": { "angle": -22.5, "axis": "x", "origin": [0, 10, -1] }, 
            "faces": {
                "north": { "uv": [ 14.375, 0.0625, 14.40625, 0.125 ], "texture": "#main" }, 
                "east":  { "uv": [ 14.1875, 0, 14.25, 0.0625 ], "texture": "#main" }, 
                "south": { "uv": [ 14.09375, 0.375, 14.125, 0.4375 ], "texture": "#main" }, 
                "west":  { "uv": [ 14.0625, 0.1875, 14.125, 0.25 ], "texture": "#main" }, 
                "up":    { "uv": [ 14.15625, 0.4375, 14.125, 0.375 ], "texture": "#main" }, 
                "down":  { "uv": [ 14.40625, 0.125, 14.375, 0.1875 ], "texture": "#main" }
            }
        }, 
        {
            "from": [ 13, 15, 0 ], 
            "to":   [ 14, 17, 2 ], 
            "rotation": { "angle": -22.5, "axis": "x", "origin": [0, 10, -1] }, 
            "faces": {
                "north": { "uv": [ 14.15625, 0.375, 14.1875, 0.4375 ], "texture": "#main" }, 
                "east":  { "uv": [ 14.1875, 0.0625, 14.25, 0.125 ], "texture": "#main" }, 
                "south": { "uv": [ 14.1875, 0.375, 14.21875, 0.4375 ], "texture": "#main" }, 
                "west":  { "uv": [ 14.125, 0.1875, 14.1875, 0.25 ], "texture": "#main" }, 
                "up":    { "uv": [ 14.40625, 0.25, 14.375, 0.1875 ], "texture": "#main" }, 
                "down":  { "uv": [ 14.25, 0.375, 14.21875, 0.4375 ], "texture": "#main" }
            }
        }, 
        {
            "from": [ 13, 16, -1 ], 
            "to":   [ 14, 18, 1 ], 
            "rotation": { "angle": -22.5, "axis": "x", "origin": [0, 10, -1] }, 
            "faces": {
                "north": { "uv": [ 14.25, 0.375, 14.28125, 0.4375 ], "texture": "#main" }, 
                "east":  { "uv": [ 14.1875, 0.125, 14.25, 0.1875 ], "texture": "#main" }, 
                "south": { "uv": [ 14.375, 0.25, 14.40625, 0.3125 ], "texture": "#main" }, 
                "west":  { "uv": [ 14.1875, 0.1875, 14.25, 0.25 ], "texture": "#main" }, 
                "up":    { "uv": [ 14.3125, 0.4375, 14.28125, 0.375 ], "texture": "#main" }, 
                "down":  { "uv": [ 14.34375, 0.375, 14.3125, 0.4375 ], "texture": "#main" }
            }
        }, 
        {
            "from": [ 13, 17, -2 ], 
            "to":   [ 14, 19, 0 ], 
            "rotation": { "angle": -22.5, "axis": "x", "origin": [0, 10, -1] }, 
            "faces": {
                "north": { "uv": [ 14.375, 0.3125, 14.40625, 0.375 ], "texture": "#main" }, 
                "east":  { "uv": [ 14, 0.25, 14.0625, 0.3125 ], "texture": "#main" }, 
                "south": { "uv": [ 14.34375, 0.375, 14.375, 0.4375 ], "texture": "#main" }, 
                "west":  { "uv": [ 14.25, 0, 14.3125, 0.0625 ], "texture": "#main" }, 
                "up":    { "uv": [ 14.40625, 0.4375, 14.375, 0.375 ], "texture": "#main" }, 
                "down":  { "uv": [ 14.4375, 0, 14.40625, 0.0625 ], "texture": "#main" }
            }
        }, 
        {
            "from": [ 13, 18, -3 ], 
            "to":   [ 14, 20, -1 ], 
            "rotation": { "angle": -22.5, "axis": "x", "origin": [0, 10, -1] }, 
            "faces": {
                "north": { "uv": [ 14.40625, 0.0625, 14.4375, 0.125 ], "texture": "#main" }, 
                "east":  { "uv": [ 14.0625, 0.25, 14.125, 0.3125 ], "texture": "#main" }, 
                "south": { "uv": [ 14.40625, 0.125, 14.4375, 0.1875 ], "texture": "#main" }, 
                "west":  { "uv": [ 14.25, 0.0625, 14.3125, 0.125 ], "texture": "#main" }, 
                "up":    { "uv": [ 14.4375, 0.25, 14.40625, 0.1875 ], "texture": "#main" }, 
                "down":  { "uv": [ 14.4375, 0.25, 14.40625, 0.3125 ], "texture": "#main" }
            }
        }, 
        {
            "from": [ 13, 19, -4 ], 
            "to":   [ 14, 21, -2 ], 
            "rotation": { "angle": -22.5, "axis": "x", "origin": [0, 10, -1] }, 
            "faces": {
                "north": { "uv": [ 14.40625, 0.3125, 14.4375, 0.375 ], "texture": "#main" }, 
                "east":  { "uv": [ 14.125, 0.25, 14.1875, 0.3125 ], "texture": "#main" }, 
                "south": { "uv": [ 14.40625, 0.375, 14.4375, 0.4375 ], "texture": "#main" }, 
                "west":  { "uv": [ 14.25, 0.125, 14.3125, 0.1875 ], "texture": "#main" }, 
                "up":    { "uv": [ 14.03125, 0.5, 14, 0.4375 ], "texture": "#main" }, 
                "down":  { "uv": [ 14.46875, 0, 14.4375, 0.0625 ], "texture": "#main" }
            }
        }, 
        {
            "from": [ 13, 20, -5 ], 
            "to":   [ 14, 22, -3 ], 
            "rotation": { "angle": -22.5, "axis": "x", "origin": [0, 10, -1] }, 
            "faces": {
                "north": { "uv": [ 14.03125, 0.4375, 14.0625, 0.5 ], "texture": "#main" }, 
                "east":  { "uv": [ 14.1875, 0.25, 14.25, 0.3125 ], "texture": "#main" }, 
                "south": { "uv": [ 14.0625, 0.4375, 14.09375, 0.5 ], "texture": "#main" }, 
                "west":  { "uv": [ 14.25, 0.1875, 14.3125, 0.25 ], "texture": "#main" }, 
                "up":    { "uv": [ 14.46875, 0.125, 14.4375, 0.0625 ], "texture": "#main" }, 
                "down":  { "uv": [ 14.125, 0.4375, 14.09375, 0.5 ], "texture": "#main" }
            }
        }, 
        {
            "from": [ 13, 21, -6 ], 
            "to":   [ 14, 23, -4 ], 
            "rotation": { "angle": -22.5, "axis": "x", "origin": [0, 10, -1] }, 
            "faces": {
                "north": { "uv": [ 14.125, 0.4375, 14.15625, 0.5 ], "texture": "#main" }, 
                "east":  { "uv": [ 14.25, 0.25, 14.3125, 0.3125 ], "texture": "#main" }, 
                "south": { "uv": [ 14.4375, 0.125, 14.46875, 0.1875 ], "texture": "#main" }, 
                "west":  { "uv": [ 14, 0.3125, 14.0625, 0.375 ], "texture": "#main" }, 
                "up":    { "uv": [ 14.1875, 0.5, 14.15625, 0.4375 ], "texture": "#main" }, 
                "down":  { "uv": [ 14.21875, 0.4375, 14.1875, 0.5 ], "texture": "#main" }
            }
        }, 
        {
            "from": [ 13, 22, -7 ], 
            "to":   [ 14, 24, -5 ], 
            "rotation": { "angle": -22.5, "axis": "x", "origin": [0, 10, -1] }, 
            "faces": {
                "north": { "uv": [ 14.4375, 0.1875, 14.46875, 0.25 ], "texture": "#main" }, 
                "east":  { "uv": [ 14.3125, 0, 14.375, 0.0625 ], "texture": "#main" }, 
                "south": { "uv": [ 14.21875, 0.4375, 14.25, 0.5 ], "texture": "#main" }, 
                "west":  { "uv": [ 14.0625, 0.3125, 14.125, 0.375 ], "texture": "#main" }, 
                "up":    { "uv": [ 14.28125, 0.5, 14.25, 0.4375 ], "texture": "#main" }, 
                "down":  { "uv": [ 14.46875, 0.25, 14.4375, 0.3125 ], "texture": "#main" }
            }
        }, 
        {
            "from": [ 13, 24, -7 ], 
            "to":   [ 14, 25, -6 ], 
            "rotation": { "angle": -22.5, "axis": "x", "origin": [0, 10, -1] }, 
            "faces": {
                "north": { "uv": [ 14.28125, 0.4375, 14.3125, 0.46875 ], "texture": "#main" }, 
                "east":  { "uv": [ 14.3125, 0.4375, 14.34375, 0.46875 ], "texture": "#main" }, 
                "south": { "uv": [ 14.4375, 0.3125, 14.46875, 0.34375 ], "texture": "#main" }, 
                "west":  { "uv": [ 14.34375, 0.4375, 14.375, 0.46875 ], "texture": "#main" }, 
                "up":    { "uv": [ 14.46875, 0.375, 14.4375, 0.34375 ], "texture": "#main" }, 
                "down":  { "uv": [ 14.40625, 0.4375, 14.375, 0.46875 ], "texture": "#main" }
            }
        }, 
        {
            "name": "left_leg", 
            "from": [ 4, 4, 2 ], 
            "to":   [ 8, 16, 6 ], 
            "rotation": { "angle": 45, "axis": "x", "origin": [0, 10, 0] }, 
            "faces": {
                "north": { "uv": [ 0.125, 4.625, 0.25, 5 ], "texture": "#main" }, 
                "east":  { "uv": [ 0.125, 4.625, 0, 5 ], "texture": "#main" }, 
                "south": { "uv": [ 0.5, 4.625, 0.375, 5 ], "texture": "#main" }, 
                "west":  { "uv": [ 0.25, 4.625, 0.375, 5 ], "texture": "#main" }, 
                "up":    { "uv": [ 0.125, 4.5, 0.25, 4.625 ], "texture": "#main" }, 
                "down":  { "uv": [ 0.25, 4.5, 0.375, 4.625 ], "texture": "#main" }
            }
        }, 
        {
            "name": "right_leg", 
            "from": [ 8, -7, 5 ], 
            "to":   [ 12, 5, 9 ], 
            "rotation": { "angle": -45, "axis": "x", "origin": [0, 10, 0] }, 
            "faces": {
                "north": { "uv": [ 0.25, 4.625, 0.125, 5 ], "texture": "#main" }, 
                "east":  { "uv": [ 0.375, 4.625, 0.25, 5 ], "texture": "#main" }, 
                "south": { "uv": [ 0.375, 4.625, 0.5, 5 ], "texture": "#main" }, 
                "west":  { "uv": [ 0, 4.625, 0.125, 5 ], "texture": "#main" }, 
                "up":    { "uv": [ 0.25, 4.5, 0.125, 4.625 ], "texture": "#main" }, 
                "down":  { "uv": [ 0.25, 4.5, 0.375, 4.625 ], "texture": "#main" }
            }
        }, 
        {
            "name": "body", 
            "from": [ 4, 12, 6 ], 
            "to":   [ 12, 24, 10 ], 
            "rotation": { "angle": 0, "axis": "y", "origin": [0, 10, 0] }, 
            "faces": {
                "north": { "uv": [ 0.625, 4.625, 0.875, 5 ], "texture": "#main" }, 
                "east":  { "uv": [ 0.5, 4.625, 0.625, 5 ], "texture": "#main" }, 
                "south": { "uv": [ 1, 4.625, 1.25, 5 ], "texture": "#main" }, 
                "west":  { "uv": [ 0.875, 4.625, 1, 5 ], "texture": "#main" }, 
                "up":    { "uv": [ 0.625, 4.5, 0.875, 4.625 ], "texture": "#main" }, 
                "down":  { "uv": [ 0.875, 4.5, 1.125, 4.625 ], "texture": "#main" }
            }
        }, 
        {
            "name": "left_arm", 
            "from": [ 1, 2, 13 ], 
            "to":   [ 4, 14, 16 ], 
            "rotation": { "angle": -45, "axis": "x", "origin": [0, 10, 0] }, 
            "faces": {
                "north": { "uv": [ 1.625, 4.625, 1.75, 5 ], "texture": "#main" }, 
                "east":  { "uv": [ 1.5, 4.625, 1.625, 5 ], "texture": "#main" }, 
                "south": { "uv": [ 1.375, 4.625, 1.5, 5 ], "texture": "#main" }, 
                "west":  { "uv": [ 1.25, 4.625, 1.375, 5 ], "texture": "#main" }, 
                "up":    { "uv": [ 1.375, 4.5, 1.5, 4.625 ], "texture": "#main" }, 
                "down":  { "uv": [ 1.5, 4.5, 1.625, 4.625 ], "texture": "#main" }
            }
        }, 
        {
            "name": "right_arm", 
            "from": [ 12, 18, -4 ], 
            "to":   [ 15, 30, -1 ], 
            "rotation": { "angle": 45, "axis": "x", "origin": [0, 14, -5] }, 
            "faces": {
                "north": { "uv": [ 1.375, 4.625, 1.5, 5 ], "texture": "#main" }, 
                "east":  { "uv": [ 1.25, 4.625, 1.375, 5 ], "texture": "#main" }, 
                "south": { "uv": [ 1.625, 4.625, 1.75, 5 ], "texture": "#main" }, 
                "west":  { "uv": [ 1.5, 4.625, 1.625, 5 ], "texture": "#main" }, 
                "up":    { "uv": [ 1.5, 4.5, 1.375, 4.625 ], "texture": "#main" }, 
                "down":  { "uv": [ 1.625, 4.5, 1.5, 4.625 ], "texture": "#main" }
            }
        }, 
        {
            "name": "head", 
            "from": [ 4, 24, 4 ], 
            "to":   [ 12, 32, 12 ], 
            "rotation": { "angle": 0, "axis": "y", "origin": [0, 10, 0] }, 
            "faces": {
                "north": { "uv": [ 0, 5.21875, 0.40625, 5.59375 ], "texture": "#main" }, 
                "east":  { "uv": [ 0, 4.25, 0.25, 4.5 ], "texture": "#main" }, 
                "south": { "uv": [ 0.75, 4.25, 1, 4.5 ], "texture": "#main" }, 
                "west":  { "uv": [ 0.5, 4.25, 0.75, 4.5 ], "texture": "#main" }, 
                "up":    { "uv": [ 0.25, 4, 0.5, 4.25 ], "texture": "#main" }, 
                "down":  { "uv": [ 0.5, 4, 0.75, 4.25 ], "texture": "#main" }
            }
        }, 
        {
            "from": [ 13, 13, 2 ], 
            "to":   [ 14, 15, 4 ], 
            "rotation": { "angle": 0, "axis": "x", "origin": [0, 14, -5] }, 
            "faces": {
                "north": { "uv": [ 2.3125, 4.0625, 2.34375, 4.125 ], "texture": "#main" }, 
                "east":  { "uv": [ 2, 4, 2.0625, 4.0625 ], "texture": "#main" }, 
                "south": { "uv": [ 2.125, 4.3125, 2.15625, 4.375 ], "texture": "#main" }, 
                "west":  { "uv": [ 2, 4.0625, 2.0625, 4.125 ], "texture": "#main" }, 
                "up":    { "uv": [ 2.34375, 4.1875, 2.3125, 4.125 ], "texture": "#main" }, 
                "down":  { "uv": [ 2.1875, 4.3125, 2.15625, 4.375 ], "texture": "#main" }
            }
        }, 
        {
            "from": [ 13, 14, 1 ], 
            "to":   [ 14, 16, 3 ], 
            "rotation": { "angle": 0, "axis": "x", "origin": [0, 14, -5] }, 
            "faces": {
                "north": { "uv": [ 2.1875, 4.3125, 2.21875, 4.375 ], "texture": "#main" }, 
                "east":  { "uv": [ 2.0625, 4, 2.125, 4.0625 ], "texture": "#main" }, 
                "south": { "uv": [ 2.3125, 4.1875, 2.34375, 4.25 ], "texture": "#main" }, 
                "west":  { "uv": [ 2.0625, 4.0625, 2.125, 4.125 ], "texture": "#main" }, 
                "up":    { "uv": [ 2.25, 4.375, 2.21875, 4.3125 ], "texture": "#main" }, 
                "down":  { "uv": [ 2.28125, 4.3125, 2.25, 4.375 ], "texture": "#main" }
            }
        }, 
        {
            "from": [ 13, 15, 0 ], 
            "to":   [ 14, 17, 2 ], 
            "rotation": { "angle": 0, "axis": "x", "origin": [0, 14, -5] }, 
            "faces": {
                "north": { "uv": [ 2.3125, 4.25, 2.34375, 4.3125 ], "texture": "#main" }, 
                "east":  { "uv": [ 2, 4.125, 2.0625, 4.1875 ], "texture": "#main" }, 
                "south": { "uv": [ 2.28125, 4.3125, 2.3125, 4.375 ], "texture": "#main" }, 
                "west":  { "uv": [ 2.125, 4, 2.1875, 4.0625 ], "texture": "#main" }, 
                "up":    { "uv": [ 2.34375, 4.375, 2.3125, 4.3125 ], "texture": "#main" }, 
                "down":  { "uv": [ 2.375, 4.0625, 2.34375, 4.125 ], "texture": "#main" }
            }
        }, 
        {
            "from": [ 13, 16, -1 ], 
            "to":   [ 14, 18, 1 ], 
            "rotation": { "angle": 0, "axis": "x", "origin": [0, 14, -5] }, 
            "faces": {
                "north": { "uv": [ 2.34375, 4.125, 2.375, 4.1875 ], "texture": "#main" }, 
                "east":  { "uv": [ 2.0625, 4.125, 2.125, 4.1875 ], "texture": "#main" }, 
                "south": { "uv": [ 2.34375, 4.1875, 2.375, 4.25 ], "texture": "#main" }, 
                "west":  { "uv": [ 2.125, 4.0625, 2.1875, 4.125 ], "texture": "#main" }, 
                "up":    { "uv": [ 2.375, 4.3125, 2.34375, 4.25 ], "texture": "#main" }, 
                "down":  { "uv": [ 2.375, 4.3125, 2.34375, 4.375 ], "texture": "#main" }
            }
        }, 
        {
            "from": [ 13, 17, -2 ], 
            "to":   [ 14, 19, 0 ], 
            "rotation": { "angle": 0, "axis": "x", "origin": [0, 14, -5] }, 
            "faces": {
                "north": { "uv": [ 2, 4.375, 2.03125, 4.4375 ], "texture": "#main" }, 
                "east":  { "uv": [ 2.125, 4.125, 2.1875, 4.1875 ], "texture": "#main" }, 
                "south": { "uv": [ 2.375, 4, 2.40625, 4.0625 ], "texture": "#main" }, 
                "west":  { "uv": [ 2, 4.1875, 2.0625, 4.25 ], "texture": "#main" }, 
                "up":    { "uv": [ 2.0625, 4.4375, 2.03125, 4.375 ], "texture": "#main" }, 
                "down":  { "uv": [ 2.09375, 4.375, 2.0625, 4.4375 ], "texture": "#main" }
            }
        }, 
        {
            "from": [ 13, 18, -3 ], 
            "to":   [ 14, 20, -1 ], 
            "rotation": { "angle": 0, "axis": "x", "origin": [0, 14, -5] }, 
            "faces": {
                "north": { "uv": [ 2.375, 4.0625, 2.40625, 4.125 ], "texture": "#main" }, 
                "east":  { "uv": [ 2.1875, 4, 2.25, 4.0625 ], "texture": "#main" }, 
                "south": { "uv": [ 2.09375, 4.375, 2.125, 4.4375 ], "texture": "#main" }, 
                "west":  { "uv": [ 2.0625, 4.1875, 2.125, 4.25 ], "texture": "#main" }, 
                "up":    { "uv": [ 2.15625, 4.4375, 2.125, 4.375 ], "texture": "#main" }, 
                "down":  { "uv": [ 2.40625, 4.125, 2.375, 4.1875 ], "texture": "#main" }
            }
        }, 
        {
            "from": [ 13, 19, -4 ], 
            "to":   [ 14, 21, -2 ], 
            "rotation": { "angle": 0, "axis": "x", "origin": [0, 14, -5] }, 
            "faces": {
                "north": { "uv": [ 2.15625, 4.375, 2.1875, 4.4375 ], "texture": "#main" }, 
                "east":  { "uv": [ 2.1875, 4.0625, 2.25, 4.125 ], "texture": "#main" }, 
                "south": { "uv": [ 2.1875, 4.375, 2.21875, 4.4375 ], "texture": "#main" }, 
                "west":  { "uv": [ 2.125, 4.1875, 2.1875, 4.25 ], "texture": "#main" }, 
                "up":    { "uv": [ 2.40625, 4.25, 2.375, 4.1875 ], "texture": "#main" }, 
                "down":  { "uv": [ 2.25, 4.375, 2.21875, 4.4375 ], "texture": "#main" }
            }
        }, 
        {
            "from": [ 13, 20, -5 ], 
            "to":   [ 14, 22, -3 ], 
            "rotation": { "angle": 0, "axis": "x", "origin": [0, 14, -5] }, 
            "faces": {
                "north": { "uv": [ 2.25, 4.375, 2.28125, 4.4375 ], "texture": "#main" }, 
                "east":  { "uv": [ 2.1875, 4.125, 2.25, 4.1875 ], "texture": "#main" }, 
                "south": { "uv": [ 2.375, 4.25, 2.40625, 4.3125 ], "texture": "#main" }, 
                "west":  { "uv": [ 2.1875, 4.1875, 2.25, 4.25 ], "texture": "#main" }, 
                "up":    { "uv": [ 2.3125, 4.4375, 2.28125, 4.375 ], "texture": "#main" }, 
                "down":  { "uv": [ 2.34375, 4.375, 2.3125, 4.4375 ], "texture": "#main" }
            }
        }, 
        {
            "from": [ 13, 21, -6 ], 
            "to":   [ 14, 23, -4 ], 
            "rotation": { "angle": 0, "axis": "x", "origin": [0, 14, -5] }, 
            "faces": {
                "north": { "uv": [ 2.375, 4.3125, 2.40625, 4.375 ], "texture": "#main" }, 
                "east":  { "uv": [ 2, 4.25, 2.0625, 4.3125 ], "texture": "#main" }, 
                "south": { "uv": [ 2.34375, 4.375, 2.375, 4.4375 ], "texture": "#main" }, 
                "west":  { "uv": [ 2.25, 4, 2.3125, 4.0625 ], "texture": "#main" }, 
                "up":    { "uv": [ 2.40625, 4.4375, 2.375, 4.375 ], "texture": "#main" }, 
                "down":  { "uv": [ 2.4375, 4, 2.40625, 4.0625 ], "texture": "#main" }
            }
        }, 
        {
            "from": [ 13, 22, -7 ], 
            "to":   [ 14, 24, -5 ], 
            "rotation": { "angle": 0, "axis": "x", "origin": [0, 14, -5] }, 
            "faces": {
                "north": { "uv": [ 2.40625, 4.0625, 2.4375, 4.125 ], "texture": "#main" }, 
                "east":  { "uv": [ 2.0625, 4.25, 2.125, 4.3125 ], "texture": "#main" }, 
                "south": { "uv": [ 2.40625, 4.125, 2.4375, 4.1875 ], "texture": "#main" }, 
                "west":  { "uv": [ 2.25, 4.0625, 2.3125, 4.125 ], "texture": "#main" }, 
                "up":    { "uv": [ 2.4375, 4.25, 2.40625, 4.1875 ], "texture": "#main" }, 
                "down":  { "uv": [ 2.4375, 4.25, 2.40625, 4.3125 ], "texture": "#main" }
            }
        }, 
        {
            "from": [ 13, 23, -8 ], 
            "to":   [ 14, 25, -6 ], 
            "rotation": { "angle": 0, "axis": "x", "origin": [0, 14, -5] }, 
            "faces": {
                "north": { "uv": [ 2.40625, 4.3125, 2.4375, 4.375 ], "texture": "#main" }, 
                "east":  { "uv": [ 2.125, 4.25, 2.1875, 4.3125 ], "texture": "#main" }, 
                "south": { "uv": [ 2.40625, 4.375, 2.4375, 4.4375 ], "texture": "#main" }, 
                "west":  { "uv": [ 2.25, 4.125, 2.3125, 4.1875 ], "texture": "#main" }, 
                "up":    { "uv": [ 2.03125, 4.5, 2, 4.4375 ], "texture": "#main" }, 
                "down":  { "uv": [ 2.46875, 4, 2.4375, 4.0625 ], "texture": "#main" }
            }
        }, 
        {
            "from": [ 13, 24, -9 ], 
            "to":   [ 14, 26, -7 ], 
            "rotation": { "angle": 0, "axis": "x", "origin": [0, 14, -5] }, 
            "faces": {
                "north": { "uv": [ 2.03125, 4.4375, 2.0625, 4.5 ], "texture": "#main" }, 
                "east":  { "uv": [ 2.1875, 4.25, 2.25, 4.3125 ], "texture": "#main" }, 
                "south": { "uv": [ 2.0625, 4.4375, 2.09375, 4.5 ], "texture": "#main" }, 
                "west":  { "uv": [ 2.25, 4.1875, 2.3125, 4.25 ], "texture": "#main" }, 
                "up":    { "uv": [ 2.46875, 4.125, 2.4375, 4.0625 ], "texture": "#main" }, 
                "down":  { "uv": [ 2.125, 4.4375, 2.09375, 4.5 ], "texture": "#main" }
            }
        }, 
        {
            "from": [ 13, 25, -10 ], 
            "to":   [ 14, 27, -8 ], 
            "rotation": { "angle": 0, "axis": "x", "origin": [0, 14, -5] }, 
            "faces": {
                "north": { "uv": [ 2.125, 4.4375, 2.15625, 4.5 ], "texture": "#main" }, 
                "east":  { "uv": [ 2.25, 4.25, 2.3125, 4.3125 ], "texture": "#main" }, 
                "south": { "uv": [ 2.4375, 4.125, 2.46875, 4.1875 ], "texture": "#main" }, 
                "west":  { "uv": [ 2, 4.3125, 2.0625, 4.375 ], "texture": "#main" }, 
                "up":    { "uv": [ 2.1875, 4.5, 2.15625, 4.4375 ], "texture": "#main" }, 
                "down":  { "uv": [ 2.21875, 4.4375, 2.1875, 4.5 ], "texture": "#main" }
            }
        }, 
        {
            "from": [ 13, 26, -11 ], 
            "to":   [ 14, 28, -9 ], 
            "rotation": { "angle": 0, "axis": "x", "origin": [0, 14, -5] }, 
            "faces": {
                "north": { "uv": [ 2.4375, 4.1875, 2.46875, 4.25 ], "texture": "#main" }, 
                "east":  { "uv": [ 2.3125, 4, 2.375, 4.0625 ], "texture": "#main" }, 
                "south": { "uv": [ 2.21875, 4.4375, 2.25, 4.5 ], "texture": "#main" }, 
                "west":  { "uv": [ 2.0625, 4.3125, 2.125, 4.375 ], "texture": "#main" }, 
                "up":    { "uv": [ 2.28125, 4.5, 2.25, 4.4375 ], "texture": "#main" }, 
                "down":  { "uv": [ 2.46875, 4.25, 2.4375, 4.3125 ], "texture": "#main" }
            }
        }, 
        {
            "from": [ 13, 28, -11 ], 
            "to":   [ 14, 29, -10 ], 
            "rotation": { "angle": 0, "axis": "x", "origin": [0, 14, -5] }, 
            "faces": {
                "north": { "uv": [ 2.28125, 4.4375, 2.3125, 4.46875 ], "texture": "#main" }, 
                "east":  { "uv": [ 2.3125, 4.4375, 2.34375, 4.46875 ], "texture": "#main" }, 
                "south": { "uv": [ 2.4375, 4.3125, 2.46875, 4.34375 ], "texture": "#main" }, 
                "west":  { "uv": [ 2.34375, 4.4375, 2.375, 4.46875 ], "texture": "#main" }, 
                "up":    { "uv": [ 2.46875, 4.375, 2.4375, 4.34375 ], "texture": "#main" }, 
                "down":  { "uv": [ 2.40625, 4.4375, 2.375, 4.46875 ], "texture": "#main" }
            }
        }
    ], 
    "display": {
        "thirdperson_righthand": {
            "rotation": [ 0, -90, 45 ], 
            "translation": [ 0, 5.25, 1.5 ], 
            "scale": [ 0.8, 0.8, 0.8 ]
        }, 
        "thirdperson_lefthand": {
            "rotation": [ 0, 90, -50 ], 
            "translation": [ 0, 5.25, 0.75 ], 
            "scale": [ 0.8, 0.8, 0.8 ]
        }, 
        "firstperson_righthand": {
            "rotation": [ -90, -85, -60 ], 
            "translation": [ 2, 4, 0 ], 
            "scale": [ 0.8, 0.8, 0.8 ]
        }, 
        "firstperson_lefthand": {
            "rotation": [ 30, 85, -60 ], 
            "translation": [ 2, 4, 0 ], 
            "scale": [ 0.8, 0.8, 0.8 ]
        }, 
        "ground": {
            "translation": [ 0, 2.25, 0 ], 
            "scale": [ 0.5, 0.5, 0.5 ]
        }, 
        "gui": {
            "translation": [ 0, 0.5, 0 ], 
            "scale": [ 1, 1.065, 1 ]
        }, 
        "head": {
            "translation": [ 0, -33.75, 1.25 ], 
            "scale": [ 1.5, 1.5, 1.6 ]
        }, 
        "fixed": {
            "translation": [ 0, 7.5, 5.5 ], 
            "scale": [ 1.5, 1.5, 1.5 ]
        }
    }, 
    "groups": [
        {
            "name": "idle", 
            "origin": [
                8, 
                8, 
                8
            ], 
            "color": 0, 
            "children": [
                0, 
                1, 
                2, 
                3, 
                4, 
                5
            ]
        }, 
        {
            "name": "katana", 
            "origin": [
                8, 
                8, 
                8
            ], 
            "color": 0, 
            "children": [
                6, 
                7, 
                8, 
                9, 
                10, 
                11, 
                12, 
                13, 
                14, 
                15, 
                16, 
                17, 
                18, 
                19, 
                20
            ]
        }
    ], 
    "__comment": "Model animated using Fizzy's model animator - http://fizzy81.github.io/animated-models/"
}