{
	"credit": "Made with Blockbench",
	"textures": {
		"0": "item/staff",
		"particle": "item/staff"
	},
	"elements": [
		{
			"from": [8, 0, 7],
			"to": [9, 5, 8],
			"faces": {
				"north": {"uv": [0, 0, 0.5, 2.5], "texture": "#0"},
				"east": {"uv": [0.5, 0, 1, 2.5], "texture": "#0"},
				"south": {"uv": [1.5, 0, 2, 2.5], "texture": "#0"},
				"west": {"uv": [1, 0, 1.5, 2.5], "texture": "#0"},
				"up": {"uv": [0, 2.5, 0.5, 3], "texture": "#0"},
				"down": {"uv": [0.5, 2.5, 1, 3], "texture": "#0"}
			}
		},
		{
			"from": [9, 8, 7],
			"to": [10, 9, 8],
			"faces": {
				"north": {"uv": [8, 9, 8.5, 9.5], "texture": "#0"},
				"east": {"uv": [9, 8, 9.5, 8.5], "texture": "#0"},
				"south": {"uv": [8.5, 9, 9, 9.5], "texture": "#0"},
				"west": {"uv": [9, 8.5, 9.5, 9], "texture": "#0"},
				"up": {"uv": [9.5, 9.5, 9, 9], "texture": "#0"},
				"down": {"uv": [10, 0, 9.5, 0.5], "texture": "#0"}
			}
		},
		{
			"from": [8, 11, 8],
			"to": [9, 12, 9],
			"faces": {
				"north": {"uv": [0.5, 9.5, 1, 10], "texture": "#0"},
				"east": {"uv": [9.5, 0.5, 10, 1], "texture": "#0"},
				"south": {"uv": [1, 9.5, 1.5, 10], "texture": "#0"},
				"west": {"uv": [9.5, 1, 10, 1.5], "texture": "#0"},
				"up": {"uv": [2, 10, 1.5, 9.5], "texture": "#0"},
				"down": {"uv": [10, 1.5, 9.5, 2], "texture": "#0"}
			}
		},
		{
			"from": [8, 17, 6],
			"to": [9, 18, 7],
			"faces": {
				"north": {"uv": [2, 9.5, 2.5, 10], "texture": "#0"},
				"east": {"uv": [9.5, 2, 10, 2.5], "texture": "#0"},
				"south": {"uv": [2.5, 9.5, 3, 10], "texture": "#0"},
				"west": {"uv": [9.5, 2.5, 10, 3], "texture": "#0"},
				"up": {"uv": [3.5, 10, 3, 9.5], "texture": "#0"},
				"down": {"uv": [10, 3, 9.5, 3.5], "texture": "#0"}
			}
		},
		{
			"from": [9, 20, 7],
			"to": [10, 21, 8],
			"faces": {
				"north": {"uv": [3.5, 9.5, 4, 10], "texture": "#0"},
				"east": {"uv": [9.5, 3.5, 10, 4], "texture": "#0"},
				"south": {"uv": [4, 9.5, 4.5, 10], "texture": "#0"},
				"west": {"uv": [9.5, 4, 10, 4.5], "texture": "#0"},
				"up": {"uv": [5, 10, 4.5, 9.5], "texture": "#0"},
				"down": {"uv": [10, 4.5, 9.5, 5], "texture": "#0"}
			}
		},
		{
			"from": [7, 20, 7],
			"to": [8, 21, 8],
			"faces": {
				"north": {"uv": [5, 9.5, 5.5, 10], "texture": "#0"},
				"east": {"uv": [9.5, 5, 10, 5.5], "texture": "#0"},
				"south": {"uv": [5.5, 9.5, 6, 10], "texture": "#0"},
				"west": {"uv": [9.5, 5.5, 10, 6], "texture": "#0"},
				"up": {"uv": [6.5, 10, 6, 9.5], "texture": "#0"},
				"down": {"uv": [10, 6, 9.5, 6.5], "texture": "#0"}
			}
		},
		{
			"from": [8, 20, 6],
			"to": [9, 21, 9],
			"faces": {
				"north": {"uv": [6.5, 9.5, 7, 10], "texture": "#0"},
				"east": {"uv": [2.5, 8, 4, 8.5], "texture": "#0"},
				"south": {"uv": [9.5, 6.5, 10, 7], "texture": "#0"},
				"west": {"uv": [8, 3.5, 9.5, 4], "texture": "#0"},
				"up": {"uv": [4.5, 9.5, 4, 8], "texture": "#0"},
				"down": {"uv": [8.5, 4, 8, 5.5], "texture": "#0"}
			}
		},
		{
			"from": [7, 14, 7],
			"to": [8, 15, 8],
			"faces": {
				"north": {"uv": [7, 9.5, 7.5, 10], "texture": "#0"},
				"east": {"uv": [9.5, 7, 10, 7.5], "texture": "#0"},
				"south": {"uv": [7.5, 9.5, 8, 10], "texture": "#0"},
				"west": {"uv": [9.5, 7.5, 10, 8], "texture": "#0"},
				"up": {"uv": [8.5, 10, 8, 9.5], "texture": "#0"},
				"down": {"uv": [10, 8, 9.5, 8.5], "texture": "#0"}
			}
		},
		{
			"from": [8, 5, 7],
			"to": [9, 20, 8],
			"faces": {
				"north": {"uv": [5, 0, 5.5, 7.5], "texture": "#0"},
				"east": {"uv": [5.5, 0, 6, 7.5], "texture": "#0"},
				"south": {"uv": [0, 6, 0.5, 13.5], "texture": "#0"},
				"west": {"uv": [6, 0, 6.5, 7.5], "texture": "#0"},
				"up": {"uv": [9, 10, 8.5, 9.5], "texture": "#0"},
				"down": {"uv": [10, 8.5, 9.5, 9], "texture": "#0"}
			}
		},
		{
			"from": [7, 21, 6],
			"to": [10, 22, 9],
			"faces": {
				"north": {"uv": [8, 5.5, 9.5, 6], "texture": "#0"},
				"east": {"uv": [8, 6, 9.5, 6.5], "texture": "#0"},
				"south": {"uv": [6.5, 8, 8, 8.5], "texture": "#0"},
				"west": {"uv": [8, 6.5, 9.5, 7], "texture": "#0"},
				"up": {"uv": [8, 6, 6.5, 4.5], "texture": "#0"},
				"down": {"uv": [8, 6, 6.5, 7.5], "texture": "#0"}
			}
		},
		{
			"from": [7, 22, 8],
			"to": [8, 25, 9],
			"faces": {
				"north": {"uv": [4.5, 8, 5, 9.5], "texture": "#0"},
				"east": {"uv": [5, 8, 5.5, 9.5], "texture": "#0"},
				"south": {"uv": [8, 7, 8.5, 8.5], "texture": "#0"},
				"west": {"uv": [8.5, 0.5, 9, 2], "texture": "#0"},
				"up": {"uv": [9.5, 10, 9, 9.5], "texture": "#0"},
				"down": {"uv": [10, 9, 9.5, 9.5], "texture": "#0"}
			}
		},
		{
			"from": [7, 22, 6],
			"to": [8, 26, 7],
			"faces": {
				"north": {"uv": [0.5, 7.5, 1, 9.5], "texture": "#0"},
				"east": {"uv": [1, 7.5, 1.5, 9.5], "texture": "#0"},
				"south": {"uv": [1.5, 7.5, 2, 9.5], "texture": "#0"},
				"west": {"uv": [2, 7.5, 2.5, 9.5], "texture": "#0"},
				"up": {"uv": [10, 10, 9.5, 9.5], "texture": "#0"},
				"down": {"uv": [10.5, 0, 10, 0.5], "texture": "#0"}
			}
		},
		{
			"from": [9, 22, 8],
			"to": [10, 23, 9],
			"faces": {
				"north": {"uv": [0.5, 10, 1, 10.5], "texture": "#0"},
				"east": {"uv": [10, 0.5, 10.5, 1], "texture": "#0"},
				"south": {"uv": [1, 10, 1.5, 10.5], "texture": "#0"},
				"west": {"uv": [10, 1, 10.5, 1.5], "texture": "#0"},
				"up": {"uv": [2, 10.5, 1.5, 10], "texture": "#0"},
				"down": {"uv": [10.5, 1.5, 10, 2], "texture": "#0"}
			}
		},
		{
			"from": [9, 22, 6],
			"to": [10, 24, 7],
			"faces": {
				"north": {"uv": [8.5, 2, 9, 3], "texture": "#0"},
				"east": {"uv": [2.5, 8.5, 3, 9.5], "texture": "#0"},
				"south": {"uv": [3, 8.5, 3.5, 9.5], "texture": "#0"},
				"west": {"uv": [3.5, 8.5, 4, 9.5], "texture": "#0"},
				"up": {"uv": [2.5, 10.5, 2, 10], "texture": "#0"},
				"down": {"uv": [10.5, 2, 10, 2.5], "texture": "#0"}
			}
		},
		{
			"from": [-2, 22, 11],
			"to": [3, 28, 11],
			"rotation": {"angle": 45, "axis": "y", "origin": [0, 0, 0]},
			"faces": {
				"north": {"uv": [5, 10, 10, 16], "texture": "#0"},
				"east": {"uv": [1, 13, 1, 16], "texture": "#0"},
				"south": {"uv": [5, 10, 10, 16], "texture": "#0"},
				"west": {"uv": [1, 13, 1, 16], "texture": "#0"},
				"up": {"uv": [3.5, 13, 1, 13], "texture": "#0"},
				"down": {"uv": [3.5, 13, 1, 13], "texture": "#0"}
			}
		},
		{
			"from": [1, 22, 9],
			"to": [1, 28, 14],
			"rotation": {"angle": 45, "axis": "y", "origin": [0, 0, 0]},
			"faces": {
				"north": {"uv": [1, 13, 1, 16], "texture": "#0"},
				"east": {"uv": [5, 10, 10, 16], "texture": "#0"},
				"south": {"uv": [1, 13, 1, 16], "texture": "#0"},
				"west": {"uv": [5, 10, 10, 16], "texture": "#0"},
				"up": {"uv": [1, 15.5, 1, 13], "texture": "#0"},
				"down": {"uv": [1, 13, 1, 15.5], "texture": "#0"}
			}
		}
	],
	"display": {
		"thirdperson_righthand": {
			"translation": [0, -5.25, 1.5]
		},
		"firstperson_righthand": {
			"translation": [1, -5.75, 0]
		},
		"firstperson_lefthand": {
			"translation": [3, -5.25, 0]
		},
		"ground": {
			"scale": [0.5, 0.5, 0.5]
		},
		"gui": {
			"rotation": [0, 0, -45],
			"translation": [-3.5, -3, 0],
			"scale": [0.7, 0.7, 0.7]
		},
		"fixed": {
			"translation": [0, -4.25, 0],
			"scale": [0.7, 0.7, 0.7]
		}
	},
	"groups": [
		{
			"name": "bottom",
			"origin": [8, 8, 8],
			"color": 0,
			"children": [0]
		},
		{
			"name": "handle",
			"origin": [8, 8, 8],
			"color": 0,
			"children": [1, 2, 3, 4, 5, 6, 7, 8]
		},
		{
			"name": "top",
			"origin": [8, 8, 8],
			"color": 0,
			"children": [9, 10, 11, 12, 13]
		},
		{
			"name": "crystal",
			"origin": [8, 8, 8],
			"color": 0,
			"children": [14, 15]
		}
	]
}