{
	"credit": "Made with Blockbench",
	"textures": {
		"particle": "item/staff_slot",
		"layer0": "item/staff_slot"
	},
	"elements": [
		{
			"from": [0, 0, 0],
			"to": [16, 16, 0],
			"faces": {
				"north": {"uv": [0, 0, 16, 16], "texture": "#layer0"},
				"east": {"uv": [0, 0, 0, 16], "texture": "#layer0"},
				"south": {"uv": [16, 0, 0, 16], "texture": "#layer0"},
				"west": {"uv": [0, 0, 0, 16], "texture": "#layer0"},
				"up": {"uv": [0, 0, 16, 0], "texture": "#layer0"},
				"down": {"uv": [0, 0, 16, 0], "texture": "#layer0"}
			}
		}
	],
	"gui_light": "front",
	"display": {
		"thirdperson_righthand": {
			"rotation": [0, 90, -50],
			"translation": [0, 2.5, 1.5]
		},
		"thirdperson_lefthand": {
			"rotation": [-90, -90, -50],
			"translation": [0, 2.5, 2.25]
		},
		"firstperson_righthand": {
			"rotation": [-50, 95, -30],
			"translation": [2, 2.25, 0.5]
		},
		"firstperson_lefthand": {
			"rotation": [60, 95, -30],
			"translation": [2, 2.25, 0.5]
		},
		"ground": {
			"translation": [0, 5, 0]
		},
		"gui": {
			"rotation": [0, 180, 0]
		},
		"head": {
			"rotation": [0, 0, -135],
			"translation": [0, 10, 0]
		},
		"fixed": {
			"translation": [-0.5, 0.25, -0.5]
		}
	},
	"groups": [
		{
			"name": "magic_wand",
			"origin": [8, 8, 8],
			"color": 0,
			"children": [
				{
					"name": "magic_wand",
					"origin": [8, 8, 8],
					"color": 0,
					"children": []
				}
			]
		},
		0
	]
}