{
	"credit": "Made with Blockbench",
	"textures": {
		"main": "item/magic_wand_anim"
	},
	"elements": [
		{
			"from": [8, 0, 7],
			"to": [9, 5, 8],
			"faces": {
				"north": {"uv": [8, 0, 8.25, 1.25], "texture": "#main"},
				"east": {"uv": [8.25, 0, 8.5, 1.25], "texture": "#main"},
				"south": {"uv": [8.75, 0, 9, 1.25], "texture": "#main"},
				"west": {"uv": [8.5, 0, 8.75, 1.25], "texture": "#main"},
				"up": {"uv": [8, 1.25, 8.25, 1.5], "texture": "#main"},
				"down": {"uv": [8.25, 1.25, 8.5, 1.5], "texture": "#main"}
			}
		},
		{
			"from": [9, 8, 7],
			"to": [10, 9, 8],
			"faces": {
				"north": {"uv": [12, 4.5, 12.25, 4.75], "texture": "#main"},
				"east": {"uv": [12.5, 4, 12.75, 4.25], "texture": "#main"},
				"south": {"uv": [12.25, 4.5, 12.5, 4.75], "texture": "#main"},
				"west": {"uv": [12.5, 4.25, 12.75, 4.5], "texture": "#main"},
				"up": {"uv": [12.75, 4.75, 12.5, 4.5], "texture": "#main"},
				"down": {"uv": [13, 0, 12.75, 0.25], "texture": "#main"}
			}
		},
		{
			"from": [8, 11, 8],
			"to": [9, 12, 9],
			"faces": {
				"north": {"uv": [8.25, 4.75, 8.5, 5], "texture": "#main"},
				"east": {"uv": [12.75, 0.25, 13, 0.5], "texture": "#main"},
				"south": {"uv": [8.5, 4.75, 8.75, 5], "texture": "#main"},
				"west": {"uv": [12.75, 0.5, 13, 0.75], "texture": "#main"},
				"up": {"uv": [9, 5, 8.75, 4.75], "texture": "#main"},
				"down": {"uv": [13, 0.75, 12.75, 1], "texture": "#main"}
			}
		},
		{
			"from": [8, 17, 6],
			"to": [9, 18, 7],
			"faces": {
				"north": {"uv": [9, 4.75, 9.25, 5], "texture": "#main"},
				"east": {"uv": [12.75, 1, 13, 1.25], "texture": "#main"},
				"south": {"uv": [9.25, 4.75, 9.5, 5], "texture": "#main"},
				"west": {"uv": [12.75, 1.25, 13, 1.5], "texture": "#main"},
				"up": {"uv": [9.75, 5, 9.5, 4.75], "texture": "#main"},
				"down": {"uv": [13, 1.5, 12.75, 1.75], "texture": "#main"}
			}
		},
		{
			"from": [9, 20, 7],
			"to": [10, 21, 8],
			"faces": {
				"north": {"uv": [9.75, 4.75, 10, 5], "texture": "#main"},
				"east": {"uv": [12.75, 1.75, 13, 2], "texture": "#main"},
				"south": {"uv": [10, 4.75, 10.25, 5], "texture": "#main"},
				"west": {"uv": [12.75, 2, 13, 2.25], "texture": "#main"},
				"up": {"uv": [10.5, 5, 10.25, 4.75], "texture": "#main"},
				"down": {"uv": [13, 2.25, 12.75, 2.5], "texture": "#main"}
			}
		},
		{
			"from": [7, 20, 7],
			"to": [8, 21, 8],
			"faces": {
				"north": {"uv": [10.5, 4.75, 10.75, 5], "texture": "#main"},
				"east": {"uv": [12.75, 2.5, 13, 2.75], "texture": "#main"},
				"south": {"uv": [10.75, 4.75, 11, 5], "texture": "#main"},
				"west": {"uv": [12.75, 2.75, 13, 3], "texture": "#main"},
				"up": {"uv": [11.25, 5, 11, 4.75], "texture": "#main"},
				"down": {"uv": [13, 3, 12.75, 3.25], "texture": "#main"}
			}
		},
		{
			"from": [8, 20, 6],
			"to": [9, 21, 9],
			"faces": {
				"north": {"uv": [11.25, 4.75, 11.5, 5], "texture": "#main"},
				"east": {"uv": [9.25, 4, 10, 4.25], "texture": "#main"},
				"south": {"uv": [12.75, 3.25, 13, 3.5], "texture": "#main"},
				"west": {"uv": [12, 1.75, 12.75, 2], "texture": "#main"},
				"up": {"uv": [10.25, 4.75, 10, 4], "texture": "#main"},
				"down": {"uv": [12.25, 2, 12, 2.75], "texture": "#main"}
			}
		},
		{
			"from": [7, 14, 7],
			"to": [8, 15, 8],
			"faces": {
				"north": {"uv": [11.5, 4.75, 11.75, 5], "texture": "#main"},
				"east": {"uv": [12.75, 3.5, 13, 3.75], "texture": "#main"},
				"south": {"uv": [11.75, 4.75, 12, 5], "texture": "#main"},
				"west": {"uv": [12.75, 3.75, 13, 4], "texture": "#main"},
				"up": {"uv": [12.25, 5, 12, 4.75], "texture": "#main"},
				"down": {"uv": [13, 4, 12.75, 4.25], "texture": "#main"}
			}
		},
		{
			"from": [8, 5, 7],
			"to": [9, 20, 8],
			"faces": {
				"north": {"uv": [10.5, 0, 10.75, 3.75], "texture": "#main"},
				"east": {"uv": [10.75, 0, 11, 3.75], "texture": "#main"},
				"south": {"uv": [8, 3, 8.25, 6.75], "texture": "#main"},
				"west": {"uv": [11, 0, 11.25, 3.75], "texture": "#main"},
				"up": {"uv": [12.5, 5, 12.25, 4.75], "texture": "#main"},
				"down": {"uv": [13, 4.25, 12.75, 4.5], "texture": "#main"}
			}
		},
		{
			"from": [7, 21, 6],
			"to": [10, 22, 9],
			"faces": {
				"north": {"uv": [12, 2.75, 12.75, 3], "texture": "#main"},
				"east": {"uv": [12, 3, 12.75, 3.25], "texture": "#main"},
				"south": {"uv": [11.25, 4, 12, 4.25], "texture": "#main"},
				"west": {"uv": [12, 3.25, 12.75, 3.5], "texture": "#main"},
				"up": {"uv": [12, 3, 11.25, 2.25], "texture": "#main"},
				"down": {"uv": [12, 3, 11.25, 3.75], "texture": "#main"}
			}
		},
		{
			"from": [7, 22, 8],
			"to": [8, 25, 9],
			"faces": {
				"north": {"uv": [10.25, 4, 10.5, 4.75], "texture": "#main"},
				"east": {"uv": [10.5, 4, 10.75, 4.75], "texture": "#main"},
				"south": {"uv": [12, 3.5, 12.25, 4.25], "texture": "#main"},
				"west": {"uv": [12.25, 0.25, 12.5, 1], "texture": "#main"},
				"up": {"uv": [12.75, 5, 12.5, 4.75], "texture": "#main"},
				"down": {"uv": [13, 4.5, 12.75, 4.75], "texture": "#main"}
			}
		},
		{
			"from": [7, 22, 6],
			"to": [8, 26, 7],
			"faces": {
				"north": {"uv": [8.25, 3.75, 8.5, 4.75], "texture": "#main"},
				"east": {"uv": [8.5, 3.75, 8.75, 4.75], "texture": "#main"},
				"south": {"uv": [8.75, 3.75, 9, 4.75], "texture": "#main"},
				"west": {"uv": [9, 3.75, 9.25, 4.75], "texture": "#main"},
				"up": {"uv": [13, 5, 12.75, 4.75], "texture": "#main"},
				"down": {"uv": [13.25, 0, 13, 0.25], "texture": "#main"}
			}
		},
		{
			"from": [9, 22, 8],
			"to": [10, 23, 9],
			"faces": {
				"north": {"uv": [8.25, 5, 8.5, 5.25], "texture": "#main"},
				"east": {"uv": [13, 0.25, 13.25, 0.5], "texture": "#main"},
				"south": {"uv": [8.5, 5, 8.75, 5.25], "texture": "#main"},
				"west": {"uv": [13, 0.5, 13.25, 0.75], "texture": "#main"},
				"up": {"uv": [9, 5.25, 8.75, 5], "texture": "#main"},
				"down": {"uv": [13.25, 0.75, 13, 1], "texture": "#main"}
			}
		},
		{
			"from": [9, 22, 6],
			"to": [10, 24, 7],
			"faces": {
				"north": {"uv": [12.25, 1, 12.5, 1.5], "texture": "#main"},
				"east": {"uv": [9.25, 4.25, 9.5, 4.75], "texture": "#main"},
				"south": {"uv": [9.5, 4.25, 9.75, 4.75], "texture": "#main"},
				"west": {"uv": [9.75, 4.25, 10, 4.75], "texture": "#main"},
				"up": {"uv": [9.25, 5.25, 9, 5], "texture": "#main"},
				"down": {"uv": [13.25, 1, 13, 1.25], "texture": "#main"}
			}
		},
		{
			"from": [-2, 22, 11],
			"to": [3, 28, 11],
			"rotation": {"angle": 45, "axis": "y", "origin": [0, 0, 0]},
			"faces": {
				"north": {"uv": [10.5, 5, 13, 8], "texture": "#main"},
				"east": {"uv": [8.5, 6.5, 8.5, 8], "texture": "#main"},
				"south": {"uv": [10.5, 5, 13, 8], "texture": "#main"},
				"west": {"uv": [8.5, 6.5, 8.5, 8], "texture": "#main"},
				"up": {"uv": [9.75, 6.5, 8.5, 6.5], "texture": "#main"},
				"down": {"uv": [9.75, 6.5, 8.5, 6.5], "texture": "#main"}
			}
		},
		{
			"from": [1, 22, 9],
			"to": [1, 28, 14],
			"rotation": {"angle": 45, "axis": "y", "origin": [0, 0, 0]},
			"faces": {
				"north": {"uv": [8.5, 6.5, 8.5, 8], "texture": "#main"},
				"east": {"uv": [10.5, 5, 13, 8], "texture": "#main"},
				"south": {"uv": [8.5, 6.5, 8.5, 8], "texture": "#main"},
				"west": {"uv": [10.5, 5, 13, 8], "texture": "#main"},
				"up": {"uv": [8.5, 7.75, 8.5, 6.5], "texture": "#main"},
				"down": {"uv": [8.5, 6.5, 8.5, 7.75], "texture": "#main"}
			}
		},
		{
			"from": [8, 0, 7],
			"to": [9, 5, 8],
			"faces": {
				"north": {"uv": [0, 8, 0.25, 9.25], "texture": "#main"},
				"east": {"uv": [0.25, 8, 0.5, 9.25], "texture": "#main"},
				"south": {"uv": [0.75, 8, 1, 9.25], "texture": "#main"},
				"west": {"uv": [0.5, 8, 0.75, 9.25], "texture": "#main"},
				"up": {"uv": [0, 9.25, 0.25, 9.5], "texture": "#main"},
				"down": {"uv": [0.25, 9.25, 0.5, 9.5], "texture": "#main"}
			}
		},
		{
			"from": [9, 8, 7],
			"to": [10, 9, 8],
			"faces": {
				"north": {"uv": [4, 12.5, 4.25, 12.75], "texture": "#main"},
				"east": {"uv": [4.5, 12, 4.75, 12.25], "texture": "#main"},
				"south": {"uv": [4.25, 12.5, 4.5, 12.75], "texture": "#main"},
				"west": {"uv": [4.5, 12.25, 4.75, 12.5], "texture": "#main"},
				"up": {"uv": [4.75, 12.75, 4.5, 12.5], "texture": "#main"},
				"down": {"uv": [5, 8, 4.75, 8.25], "texture": "#main"}
			}
		},
		{
			"from": [8, 11, 8],
			"to": [9, 12, 9],
			"faces": {
				"north": {"uv": [0.25, 12.75, 0.5, 13], "texture": "#main"},
				"east": {"uv": [4.75, 8.25, 5, 8.5], "texture": "#main"},
				"south": {"uv": [0.5, 12.75, 0.75, 13], "texture": "#main"},
				"west": {"uv": [4.75, 8.5, 5, 8.75], "texture": "#main"},
				"up": {"uv": [1, 13, 0.75, 12.75], "texture": "#main"},
				"down": {"uv": [5, 8.75, 4.75, 9], "texture": "#main"}
			}
		},
		{
			"from": [8, 17, 6],
			"to": [9, 18, 7],
			"faces": {
				"north": {"uv": [1, 12.75, 1.25, 13], "texture": "#main"},
				"east": {"uv": [4.75, 9, 5, 9.25], "texture": "#main"},
				"south": {"uv": [1.25, 12.75, 1.5, 13], "texture": "#main"},
				"west": {"uv": [4.75, 9.25, 5, 9.5], "texture": "#main"},
				"up": {"uv": [1.75, 13, 1.5, 12.75], "texture": "#main"},
				"down": {"uv": [5, 9.5, 4.75, 9.75], "texture": "#main"}
			}
		},
		{
			"from": [9, 20, 7],
			"to": [10, 21, 8],
			"faces": {
				"north": {"uv": [1.75, 12.75, 2, 13], "texture": "#main"},
				"east": {"uv": [4.75, 9.75, 5, 10], "texture": "#main"},
				"south": {"uv": [2, 12.75, 2.25, 13], "texture": "#main"},
				"west": {"uv": [4.75, 10, 5, 10.25], "texture": "#main"},
				"up": {"uv": [2.5, 13, 2.25, 12.75], "texture": "#main"},
				"down": {"uv": [5, 10.25, 4.75, 10.5], "texture": "#main"}
			}
		},
		{
			"from": [7, 20, 7],
			"to": [8, 21, 8],
			"faces": {
				"north": {"uv": [2.5, 12.75, 2.75, 13], "texture": "#main"},
				"east": {"uv": [4.75, 10.5, 5, 10.75], "texture": "#main"},
				"south": {"uv": [2.75, 12.75, 3, 13], "texture": "#main"},
				"west": {"uv": [4.75, 10.75, 5, 11], "texture": "#main"},
				"up": {"uv": [3.25, 13, 3, 12.75], "texture": "#main"},
				"down": {"uv": [5, 11, 4.75, 11.25], "texture": "#main"}
			}
		},
		{
			"from": [8, 20, 6],
			"to": [9, 21, 9],
			"faces": {
				"north": {"uv": [3.25, 12.75, 3.5, 13], "texture": "#main"},
				"east": {"uv": [1.25, 12, 2, 12.25], "texture": "#main"},
				"south": {"uv": [4.75, 11.25, 5, 11.5], "texture": "#main"},
				"west": {"uv": [4, 9.75, 4.75, 10], "texture": "#main"},
				"up": {"uv": [2.25, 12.75, 2, 12], "texture": "#main"},
				"down": {"uv": [4.25, 10, 4, 10.75], "texture": "#main"}
			}
		},
		{
			"from": [7, 14, 7],
			"to": [8, 15, 8],
			"faces": {
				"north": {"uv": [3.5, 12.75, 3.75, 13], "texture": "#main"},
				"east": {"uv": [4.75, 11.5, 5, 11.75], "texture": "#main"},
				"south": {"uv": [3.75, 12.75, 4, 13], "texture": "#main"},
				"west": {"uv": [4.75, 11.75, 5, 12], "texture": "#main"},
				"up": {"uv": [4.25, 13, 4, 12.75], "texture": "#main"},
				"down": {"uv": [5, 12, 4.75, 12.25], "texture": "#main"}
			}
		},
		{
			"from": [8, 5, 7],
			"to": [9, 20, 8],
			"faces": {
				"north": {"uv": [2.5, 8, 2.75, 11.75], "texture": "#main"},
				"east": {"uv": [2.75, 8, 3, 11.75], "texture": "#main"},
				"south": {"uv": [0, 11, 0.25, 14.75], "texture": "#main"},
				"west": {"uv": [3, 8, 3.25, 11.75], "texture": "#main"},
				"up": {"uv": [4.5, 13, 4.25, 12.75], "texture": "#main"},
				"down": {"uv": [5, 12.25, 4.75, 12.5], "texture": "#main"}
			}
		},
		{
			"from": [7, 21, 6],
			"to": [10, 22, 9],
			"faces": {
				"north": {"uv": [4, 10.75, 4.75, 11], "texture": "#main"},
				"east": {"uv": [4, 11, 4.75, 11.25], "texture": "#main"},
				"south": {"uv": [3.25, 12, 4, 12.25], "texture": "#main"},
				"west": {"uv": [4, 11.25, 4.75, 11.5], "texture": "#main"},
				"up": {"uv": [4, 11, 3.25, 10.25], "texture": "#main"},
				"down": {"uv": [4, 11, 3.25, 11.75], "texture": "#main"}
			}
		},
		{
			"from": [7, 22, 8],
			"to": [8, 25, 9],
			"faces": {
				"north": {"uv": [2.25, 12, 2.5, 12.75], "texture": "#main"},
				"east": {"uv": [2.5, 12, 2.75, 12.75], "texture": "#main"},
				"south": {"uv": [4, 11.5, 4.25, 12.25], "texture": "#main"},
				"west": {"uv": [4.25, 8.25, 4.5, 9], "texture": "#main"},
				"up": {"uv": [4.75, 13, 4.5, 12.75], "texture": "#main"},
				"down": {"uv": [5, 12.5, 4.75, 12.75], "texture": "#main"}
			}
		},
		{
			"from": [7, 22, 6],
			"to": [8, 26, 7],
			"faces": {
				"north": {"uv": [0.25, 11.75, 0.5, 12.75], "texture": "#main"},
				"east": {"uv": [0.5, 11.75, 0.75, 12.75], "texture": "#main"},
				"south": {"uv": [0.75, 11.75, 1, 12.75], "texture": "#main"},
				"west": {"uv": [1, 11.75, 1.25, 12.75], "texture": "#main"},
				"up": {"uv": [5, 13, 4.75, 12.75], "texture": "#main"},
				"down": {"uv": [5.25, 8, 5, 8.25], "texture": "#main"}
			}
		},
		{
			"from": [9, 22, 8],
			"to": [10, 23, 9],
			"faces": {
				"north": {"uv": [0.25, 13, 0.5, 13.25], "texture": "#main"},
				"east": {"uv": [5, 8.25, 5.25, 8.5], "texture": "#main"},
				"south": {"uv": [0.5, 13, 0.75, 13.25], "texture": "#main"},
				"west": {"uv": [5, 8.5, 5.25, 8.75], "texture": "#main"},
				"up": {"uv": [1, 13.25, 0.75, 13], "texture": "#main"},
				"down": {"uv": [5.25, 8.75, 5, 9], "texture": "#main"}
			}
		},
		{
			"from": [9, 22, 6],
			"to": [10, 24, 7],
			"faces": {
				"north": {"uv": [4.25, 9, 4.5, 9.5], "texture": "#main"},
				"east": {"uv": [1.25, 12.25, 1.5, 12.75], "texture": "#main"},
				"south": {"uv": [1.5, 12.25, 1.75, 12.75], "texture": "#main"},
				"west": {"uv": [1.75, 12.25, 2, 12.75], "texture": "#main"},
				"up": {"uv": [1.25, 13.25, 1, 13], "texture": "#main"},
				"down": {"uv": [5.25, 9, 5, 9.25], "texture": "#main"}
			}
		},
		{
			"from": [-2, 22, 11],
			"to": [3, 28, 11],
			"rotation": {"angle": 45, "axis": "y", "origin": [0, 0, 0]},
			"faces": {
				"north": {"uv": [5.25, 11.25, 7.75, 14.25], "texture": "#main"},
				"east": {"uv": [0.5, 14.5, 0.5, 16], "texture": "#main"},
				"south": {"uv": [5.25, 11.25, 7.75, 14.25], "texture": "#main"},
				"west": {"uv": [0.5, 14.5, 0.5, 16], "texture": "#main"},
				"up": {"uv": [1.75, 14.5, 0.5, 14.5], "texture": "#main"},
				"down": {"uv": [1.75, 14.5, 0.5, 14.5], "texture": "#main"}
			}
		},
		{
			"from": [1, 22, 9],
			"to": [1, 28, 14],
			"rotation": {"angle": 45, "axis": "y", "origin": [0, 0, 0]},
			"faces": {
				"north": {"uv": [0.5, 14.5, 0.5, 16], "texture": "#main"},
				"east": {"uv": [5.25, 11.25, 7.75, 14.25], "texture": "#main"},
				"south": {"uv": [0.5, 14.5, 0.5, 16], "texture": "#main"},
				"west": {"uv": [5.25, 11.25, 7.75, 14.25], "texture": "#main"},
				"up": {"uv": [0.5, 15.75, 0.5, 14.5], "texture": "#main"},
				"down": {"uv": [0.5, 14.5, 0.5, 15.75], "texture": "#main"}
			}
		},
		{
			"from": [8, 0, 7],
			"to": [9, 5, 8],
			"faces": {
				"north": {"uv": [0, 0, 0.25, 1.25], "texture": "#main"},
				"east": {"uv": [0.25, 0, 0.5, 1.25], "texture": "#main"},
				"south": {"uv": [0.75, 0, 1, 1.25], "texture": "#main"},
				"west": {"uv": [0.5, 0, 0.75, 1.25], "texture": "#main"},
				"up": {"uv": [0, 1.25, 0.25, 1.5], "texture": "#main"},
				"down": {"uv": [0.25, 1.25, 0.5, 1.5], "texture": "#main"}
			}
		},
		{
			"from": [9, 8, 7],
			"to": [10, 9, 8],
			"faces": {
				"north": {"uv": [4, 4.5, 4.25, 4.75], "texture": "#main"},
				"east": {"uv": [4.5, 4, 4.75, 4.25], "texture": "#main"},
				"south": {"uv": [4.25, 4.5, 4.5, 4.75], "texture": "#main"},
				"west": {"uv": [4.5, 4.25, 4.75, 4.5], "texture": "#main"},
				"up": {"uv": [4.75, 4.75, 4.5, 4.5], "texture": "#main"},
				"down": {"uv": [5, 0, 4.75, 0.25], "texture": "#main"}
			}
		},
		{
			"from": [8, 11, 8],
			"to": [9, 12, 9],
			"faces": {
				"north": {"uv": [0.25, 4.75, 0.5, 5], "texture": "#main"},
				"east": {"uv": [4.75, 0.25, 5, 0.5], "texture": "#main"},
				"south": {"uv": [0.5, 4.75, 0.75, 5], "texture": "#main"},
				"west": {"uv": [4.75, 0.5, 5, 0.75], "texture": "#main"},
				"up": {"uv": [1, 5, 0.75, 4.75], "texture": "#main"},
				"down": {"uv": [5, 0.75, 4.75, 1], "texture": "#main"}
			}
		},
		{
			"from": [8, 17, 6],
			"to": [9, 18, 7],
			"faces": {
				"north": {"uv": [1, 4.75, 1.25, 5], "texture": "#main"},
				"east": {"uv": [4.75, 1, 5, 1.25], "texture": "#main"},
				"south": {"uv": [1.25, 4.75, 1.5, 5], "texture": "#main"},
				"west": {"uv": [4.75, 1.25, 5, 1.5], "texture": "#main"},
				"up": {"uv": [1.75, 5, 1.5, 4.75], "texture": "#main"},
				"down": {"uv": [5, 1.5, 4.75, 1.75], "texture": "#main"}
			}
		},
		{
			"from": [9, 20, 7],
			"to": [10, 21, 8],
			"faces": {
				"north": {"uv": [1.75, 4.75, 2, 5], "texture": "#main"},
				"east": {"uv": [4.75, 1.75, 5, 2], "texture": "#main"},
				"south": {"uv": [2, 4.75, 2.25, 5], "texture": "#main"},
				"west": {"uv": [4.75, 2, 5, 2.25], "texture": "#main"},
				"up": {"uv": [2.5, 5, 2.25, 4.75], "texture": "#main"},
				"down": {"uv": [5, 2.25, 4.75, 2.5], "texture": "#main"}
			}
		},
		{
			"from": [7, 20, 7],
			"to": [8, 21, 8],
			"faces": {
				"north": {"uv": [2.5, 4.75, 2.75, 5], "texture": "#main"},
				"east": {"uv": [4.75, 2.5, 5, 2.75], "texture": "#main"},
				"south": {"uv": [2.75, 4.75, 3, 5], "texture": "#main"},
				"west": {"uv": [4.75, 2.75, 5, 3], "texture": "#main"},
				"up": {"uv": [3.25, 5, 3, 4.75], "texture": "#main"},
				"down": {"uv": [5, 3, 4.75, 3.25], "texture": "#main"}
			}
		},
		{
			"from": [8, 20, 6],
			"to": [9, 21, 9],
			"faces": {
				"north": {"uv": [3.25, 4.75, 3.5, 5], "texture": "#main"},
				"east": {"uv": [1.25, 4, 2, 4.25], "texture": "#main"},
				"south": {"uv": [4.75, 3.25, 5, 3.5], "texture": "#main"},
				"west": {"uv": [4, 1.75, 4.75, 2], "texture": "#main"},
				"up": {"uv": [2.25, 4.75, 2, 4], "texture": "#main"},
				"down": {"uv": [4.25, 2, 4, 2.75], "texture": "#main"}
			}
		},
		{
			"from": [7, 14, 7],
			"to": [8, 15, 8],
			"faces": {
				"north": {"uv": [3.5, 4.75, 3.75, 5], "texture": "#main"},
				"east": {"uv": [4.75, 3.5, 5, 3.75], "texture": "#main"},
				"south": {"uv": [3.75, 4.75, 4, 5], "texture": "#main"},
				"west": {"uv": [4.75, 3.75, 5, 4], "texture": "#main"},
				"up": {"uv": [4.25, 5, 4, 4.75], "texture": "#main"},
				"down": {"uv": [5, 4, 4.75, 4.25], "texture": "#main"}
			}
		},
		{
			"from": [8, 5, 7],
			"to": [9, 20, 8],
			"faces": {
				"north": {"uv": [2.5, 0, 2.75, 3.75], "texture": "#main"},
				"east": {"uv": [2.75, 0, 3, 3.75], "texture": "#main"},
				"south": {"uv": [0, 3, 0.25, 6.75], "texture": "#main"},
				"west": {"uv": [3, 0, 3.25, 3.75], "texture": "#main"},
				"up": {"uv": [4.5, 5, 4.25, 4.75], "texture": "#main"},
				"down": {"uv": [5, 4.25, 4.75, 4.5], "texture": "#main"}
			}
		},
		{
			"from": [7, 21, 6],
			"to": [10, 22, 9],
			"faces": {
				"north": {"uv": [4, 2.75, 4.75, 3], "texture": "#main"},
				"east": {"uv": [4, 3, 4.75, 3.25], "texture": "#main"},
				"south": {"uv": [3.25, 4, 4, 4.25], "texture": "#main"},
				"west": {"uv": [4, 3.25, 4.75, 3.5], "texture": "#main"},
				"up": {"uv": [4, 3, 3.25, 2.25], "texture": "#main"},
				"down": {"uv": [4, 3, 3.25, 3.75], "texture": "#main"}
			}
		},
		{
			"from": [7, 22, 8],
			"to": [8, 25, 9],
			"faces": {
				"north": {"uv": [2.25, 4, 2.5, 4.75], "texture": "#main"},
				"east": {"uv": [2.5, 4, 2.75, 4.75], "texture": "#main"},
				"south": {"uv": [4, 3.5, 4.25, 4.25], "texture": "#main"},
				"west": {"uv": [4.25, 0.25, 4.5, 1], "texture": "#main"},
				"up": {"uv": [4.75, 5, 4.5, 4.75], "texture": "#main"},
				"down": {"uv": [5, 4.5, 4.75, 4.75], "texture": "#main"}
			}
		},
		{
			"from": [7, 22, 6],
			"to": [8, 26, 7],
			"faces": {
				"north": {"uv": [0.25, 3.75, 0.5, 4.75], "texture": "#main"},
				"east": {"uv": [0.5, 3.75, 0.75, 4.75], "texture": "#main"},
				"south": {"uv": [0.75, 3.75, 1, 4.75], "texture": "#main"},
				"west": {"uv": [1, 3.75, 1.25, 4.75], "texture": "#main"},
				"up": {"uv": [5, 5, 4.75, 4.75], "texture": "#main"},
				"down": {"uv": [5.25, 0, 5, 0.25], "texture": "#main"}
			}
		},
		{
			"from": [9, 22, 8],
			"to": [10, 23, 9],
			"faces": {
				"north": {"uv": [0.25, 5, 0.5, 5.25], "texture": "#main"},
				"east": {"uv": [5, 0.25, 5.25, 0.5], "texture": "#main"},
				"south": {"uv": [0.5, 5, 0.75, 5.25], "texture": "#main"},
				"west": {"uv": [5, 0.5, 5.25, 0.75], "texture": "#main"},
				"up": {"uv": [1, 5.25, 0.75, 5], "texture": "#main"},
				"down": {"uv": [5.25, 0.75, 5, 1], "texture": "#main"}
			}
		},
		{
			"from": [9, 22, 6],
			"to": [10, 24, 7],
			"faces": {
				"north": {"uv": [4.25, 1, 4.5, 1.5], "texture": "#main"},
				"east": {"uv": [1.25, 4.25, 1.5, 4.75], "texture": "#main"},
				"south": {"uv": [1.5, 4.25, 1.75, 4.75], "texture": "#main"},
				"west": {"uv": [1.75, 4.25, 2, 4.75], "texture": "#main"},
				"up": {"uv": [1.25, 5.25, 1, 5], "texture": "#main"},
				"down": {"uv": [5.25, 1, 5, 1.25], "texture": "#main"}
			}
		},
		{
			"from": [-2, 22, 11],
			"to": [3, 28, 11],
			"rotation": {"angle": 45, "axis": "y", "origin": [0, 0, 0]},
			"faces": {
				"north": {"uv": [5.25, 0, 7.75, 3], "texture": "#main"},
				"east": {"uv": [0.5, 6.5, 0.5, 8], "texture": "#main"},
				"south": {"uv": [5.25, 0, 7.75, 3], "texture": "#main"},
				"west": {"uv": [0.5, 6.5, 0.5, 8], "texture": "#main"},
				"up": {"uv": [1.75, 6.5, 0.5, 6.5], "texture": "#main"},
				"down": {"uv": [1.75, 6.5, 0.5, 6.5], "texture": "#main"}
			}
		},
		{
			"from": [1, 22, 9],
			"to": [1, 28, 14],
			"rotation": {"angle": 45, "axis": "y", "origin": [0, 0, 0]},
			"faces": {
				"north": {"uv": [0.5, 6.5, 0.5, 8], "texture": "#main"},
				"east": {"uv": [5.25, 0, 7.75, 3], "texture": "#main"},
				"south": {"uv": [0.5, 6.5, 0.5, 8], "texture": "#main"},
				"west": {"uv": [5.25, 0, 7.75, 3], "texture": "#main"},
				"up": {"uv": [0.5, 7.75, 0.5, 6.5], "texture": "#main"},
				"down": {"uv": [0.5, 6.5, 0.5, 7.75], "texture": "#main"}
			}
		}
	],
	"gui_light": "front",
	"display": {
		"thirdperson_righthand": {
			"translation": [-1, -5.25, 1.5]
		},
		"thirdperson_lefthand": {
			"translation": [0, -5.25, 1.5]
		},
		"firstperson_righthand": {
			"translation": [1, -5.75, 0]
		},
		"firstperson_lefthand": {
			"translation": [3, -5.25, 0]
		},
		"ground": {
			"scale": [0.5, 0.5, 0.5]
		},
		"gui": {
			"rotation": [0, 0, -45],
			"translation": [-3.5, -2.75, 0],
			"scale": [0.9, 0.7, 0.7]
		},
		"fixed": {
			"translation": [0, -4.25, 0],
			"scale": [0.7, 0.7, 0.7]
		}
	},
	"groups": [
		0,
		1,
		2,
		3,
		4,
		5,
		6,
		7,
		8,
		9,
		10,
		11,
		12,
		13,
		14,
		15,
		16,
		17,
		18,
		19,
		20,
		21,
		22,
		23,
		24,
		25,
		26,
		27,
		28,
		29,
		30,
		31,
		{
			"name": "bottom",
			"origin": [8, 8, 8],
			"color": 0,
			"children": [32]
		},
		{
			"name": "handle",
			"origin": [8, 8, 8],
			"color": 0,
			"children": [33, 34, 35, 36, 37, 38, 39, 40]
		},
		{
			"name": "top",
			"origin": [8, 8, 8],
			"color": 0,
			"children": [41, 42, 43, 44, 45]
		},
		{
			"name": "crystal",
			"origin": [8, 8, 8],
			"color": 0,
			"children": [46, 47]
		}
	]
}