{
	"credit": "Made with Blockbench",
	"textures": {
		"2": "item/pirate_captain_hat",
		"3": "item/pirate/skeleton",
		"particle": "item/pirate_captain_hat"
	},
	"elements": [
		{
			"name": "head",
			"from": [4, 0, 4],
			"to": [12, 8, 12],
			"faces": {
				"north": {"uv": [4, 12, 8, 16], "texture": "#3"},
				"east": {"uv": [0, 12, 4, 16], "texture": "#3"},
				"south": {"uv": [12, 12, 16, 16], "texture": "#3"},
				"west": {"uv": [8, 12, 12, 16], "texture": "#3"},
				"up": {"uv": [4, 8, 8, 12], "texture": "#3"},
				"down": {"uv": [8, 8, 12, 12], "texture": "#3"}
			}
		},
		{
			"name": "cover",
			"from": [4, 4, 4],
			"to": [12, 5, 12],
			"rotation": {"angle": 0, "axis": "y", "origin": [0, 4, 0]},
			"faces": {
				"north": {"uv": [0, 3, 8, 4], "texture": "#2"},
				"east": {"uv": [0, 3, 8, 4], "texture": "#2"},
				"south": {"uv": [8, 3, 16, 4], "texture": "#2"},
				"west": {"uv": [0, 3, 8, 4], "texture": "#2"},
				"up": {"uv": [15, 0, 16, 2], "texture": "#2"},
				"down": {"uv": [15, 0, 16, 2], "texture": "#2"}
			}
		},
		{
			"from": [4, 3, 12],
			"to": [12, 4, 12],
			"rotation": {"angle": 0, "axis": "y", "origin": [0, 4, 0]},
			"faces": {
				"north": {"uv": [16, 6, 8, 7], "texture": "#2"},
				"east": {"uv": [0, 0, 0, 2.5], "texture": "#2"},
				"south": {"uv": [8, 6, 16, 7], "texture": "#2"},
				"west": {"uv": [0, 0, 0, 2.5], "texture": "#2"},
				"up": {"uv": [0, 0, 12, 0], "texture": "#2"},
				"down": {"uv": [0, 0, 12, 0], "texture": "#2"}
			}
		},
		{
			"name": "updown",
			"from": [4, 4, 4],
			"to": [12, 5, 12],
			"rotation": {"angle": 0, "axis": "y", "origin": [0, 4, 0]},
			"faces": {
				"north": {"uv": [13.5, 0, 15, 1.5], "texture": "#2"},
				"east": {"uv": [13.5, 0, 15, 1.5], "texture": "#2"},
				"south": {"uv": [13, 0, 15, 1.5], "texture": "#2"},
				"west": {"uv": [13.5, 0, 15, 1.5], "texture": "#2"},
				"up": {"uv": [0, 3, 6, 8.5], "texture": "#2"},
				"down": {"uv": [0, 3, 6, 8.5], "texture": "#2"}
			}
		},
		{
			"name": "inside",
			"from": [5, 4, 11],
			"to": [11, 5, 11],
			"rotation": {"angle": 0, "axis": "y", "origin": [0, 4, 0]},
			"faces": {
				"north": {"uv": [0, 3, 8, 4], "texture": "#2"},
				"east": {"uv": [0, 0, 2, 2], "texture": "#2"},
				"south": {"uv": [0, 0, 2, 2], "texture": "#2"},
				"west": {"uv": [0, 0, 2, 2], "texture": "#2"},
				"up": {"uv": [0, 0, 2, 2], "texture": "#2"},
				"down": {"uv": [0, 0, 2, 2], "texture": "#2"}
			}
		},
		{
			"name": "inside",
			"from": [5, 4, 5],
			"to": [11, 5, 5],
			"rotation": {"angle": 0, "axis": "y", "origin": [0, 4, 0]},
			"faces": {
				"north": {"uv": [0, 0, 2, 2], "texture": "#2"},
				"east": {"uv": [0, 0, 2, 2], "texture": "#2"},
				"south": {"uv": [0, 3, 8, 4], "texture": "#2"},
				"west": {"uv": [0, 0, 2, 2], "texture": "#2"},
				"up": {"uv": [0, 0, 2, 2], "texture": "#2"},
				"down": {"uv": [0, 0, 2, 2], "texture": "#2"}
			}
		},
		{
			"name": "inside",
			"from": [5, 4, 5],
			"to": [5, 5, 11],
			"rotation": {"angle": 0, "axis": "y", "origin": [0, 4, 0]},
			"faces": {
				"north": {"uv": [0, 0, 2, 2], "texture": "#2"},
				"east": {"uv": [0, 3, 8, 4], "texture": "#2"},
				"south": {"uv": [0, 0, 2, 2], "texture": "#2"},
				"west": {"uv": [0, 0, 2, 2], "texture": "#2"},
				"up": {"uv": [0, 0, 2, 2], "rotation": 270, "texture": "#2"},
				"down": {"uv": [0, 0, 2, 2], "rotation": 90, "texture": "#2"}
			}
		},
		{
			"name": "inside",
			"from": [11, 4, 5],
			"to": [11, 5, 11],
			"rotation": {"angle": 0, "axis": "y", "origin": [0, 4, 0]},
			"faces": {
				"north": {"uv": [0, 0, 2, 2], "texture": "#2"},
				"east": {"uv": [0, 0, 2, 2], "texture": "#2"},
				"south": {"uv": [0, 0, 2, 2], "texture": "#2"},
				"west": {"uv": [0, 3, 8, 4], "texture": "#2"},
				"up": {"uv": [0, 0, 2, 2], "rotation": 90, "texture": "#2"},
				"down": {"uv": [0, 0, 2, 2], "rotation": 270, "texture": "#2"}
			}
		},
		{
			"name": "skull",
			"from": [7, 6, 4],
			"to": [9, 8, 4],
			"rotation": {"angle": 0, "axis": "y", "origin": [0, 4, 0]},
			"faces": {
				"north": {"uv": [1.5, 0, 5, 3], "texture": "#2"},
				"east": {"uv": [0, 0, 0, 1], "texture": "#2"},
				"south": {"uv": [0, 0, 1, 0], "texture": "#2"},
				"west": {"uv": [0, 0, 0, 1], "texture": "#2"},
				"up": {"uv": [0, 0, 1, 0], "texture": "#2"},
				"down": {"uv": [0, 0, 1, 0], "texture": "#2"}
			}
		},
		{
			"name": "hat",
			"from": [4, 5, 4],
			"to": [12, 10, 12],
			"rotation": {"angle": 0, "axis": "y", "origin": [0, 4, 0]},
			"faces": {
				"north": {"uv": [8, 11, 12, 13.5], "texture": "#2"},
				"east": {"uv": [8, 13.5, 12, 16], "texture": "#2"},
				"south": {"uv": [12, 11, 16, 13.5], "texture": "#2"},
				"west": {"uv": [12, 13.5, 16, 16], "texture": "#2"},
				"up": {"uv": [8, 16, 4, 12], "texture": "#2"},
				"down": {"uv": [4, 12, 0, 16], "texture": "#2"}
			}
		},
		{
			"name": "left_side",
			"from": [7, 5, 24],
			"to": [12, 9, 29],
			"rotation": {"angle": 45, "axis": "y", "origin": [-12, 4, 15]},
			"faces": {
				"north": {"uv": [0, 8.5, 2.5, 10.5], "texture": "#2"},
				"east": {"uv": [7.5, 8.5, 10, 10.5], "texture": "#2"},
				"south": {"uv": [5, 8.5, 7.5, 10.5], "texture": "#2"},
				"west": {"uv": [0, 13, 2.5, 15], "texture": "#2"},
				"up": {"uv": [0, 10.5, 2.5, 13], "rotation": 180, "texture": "#2"},
				"down": {"uv": [2.5, 8.5, 5, 11], "rotation": 180, "texture": "#2"}
			}
		},
		{
			"name": "right_side",
			"from": [2, 5, 19],
			"to": [7, 9, 24],
			"rotation": {"angle": 45, "axis": "y", "origin": [-12, 4, 15]},
			"faces": {
				"north": {"uv": [0, 8.5, 2.5, 10.5], "texture": "#2"},
				"east": {"uv": [7.5, 8.5, 10, 10.5], "texture": "#2"},
				"south": {"uv": [5, 8.5, 7.5, 10.5], "texture": "#2"},
				"west": {"uv": [0, 13, 2.5, 15], "texture": "#2"},
				"up": {"uv": [0, 10.5, 2.5, 13], "rotation": 180, "texture": "#2"},
				"down": {"uv": [2.5, 8.5, 5, 11], "rotation": 180, "texture": "#2"}
			}
		}
	],
	"display": {
		"thirdperson_righthand": {
			"translation": [0, 3.75, -2.75]
		},
		"thirdperson_lefthand": {
			"translation": [0, 3.75, -2.75]
		},
		"firstperson_righthand": {
			"rotation": [0, -180, 0],
			"translation": [2, 6.25, -3.5]
		},
		"firstperson_lefthand": {
			"rotation": [0, -180, 0],
			"translation": [3.25, 6.25, -3.5]
		},
		"ground": {
			"translation": [0, 5, 0]
		},
		"gui": {
			"rotation": [30, 145, 0],
			"translation": [0, 3.25, 0],
			"scale": [1.2, 1.2, 1.2]
		},
		"head": {
			"translation": [0, 7, 0],
			"scale": [1.75, 1.75, 1.75]
		},
		"fixed": {
			"translation": [0, 8.75, 1.75],
			"scale": [1.5, 1.5, 1.5]
		}
	},
	"groups": [
		{
			"name": "head",
			"origin": [8, 8, 8],
			"color": 0,
			"children": [0]
		},
		{
			"name": "headband",
			"origin": [0, 0, 0],
			"color": 0,
			"children": [1, 2, 3, 4, 5, 6, 7]
		},
		{
			"name": "hat",
			"origin": [0, 0, 0],
			"color": 0,
			"children": [8, 9, 10, 11]
		}
	]
}