{
	"credit": "Made with Blockbench",
	"textures": {
		"0": "item/bandana",
		"2": "item/pirate/skeleton",
		"particle": "item/bandana"
	},
	"elements": [
		{
			"from": [3, -1, 12],
			"to": [13, 4, 12],
			"faces": {
				"north": {"uv": [9.5, 12, 4.5, 14.5], "texture": "#0"},
				"east": {"uv": [13, 0, 13, 2.5], "texture": "#0"},
				"south": {"uv": [4.5, 12, 9.5, 14.5], "texture": "#0"},
				"west": {"uv": [13, 0, 13, 2.5], "texture": "#0"},
				"up": {"uv": [13, 0, 13, 2.5], "rotation": 270, "texture": "#0"},
				"down": {"uv": [13, 0, 13, 2.5], "rotation": 90, "texture": "#0"}
			}
		},
		{
			"name": "bottom",
			"from": [4, 4, 4],
			"to": [12, 8, 12],
			"faces": {
				"north": {"uv": [5, 0, 10, 3], "texture": "#0"},
				"east": {"uv": [5, 3, 10, 6], "texture": "#0"},
				"south": {"uv": [5, 6, 10, 9], "texture": "#0"},
				"west": {"uv": [5, 9, 10, 12], "texture": "#0"},
				"up": {"uv": [5, 5, 0, 0], "texture": "#0"},
				"down": {"uv": [5, 5, 0, 10], "texture": "#0"}
			}
		},
		{
			"name": "head",
			"from": [4, 0, 4],
			"to": [12, 8, 12],
			"faces": {
				"north": {"uv": [4, 4, 8, 8], "texture": "#2"},
				"east": {"uv": [0, 4, 4, 8], "texture": "#2"},
				"south": {"uv": [12, 4, 16, 8], "texture": "#2"},
				"west": {"uv": [8, 4, 12, 8], "texture": "#2"},
				"up": {"uv": [4, 0, 8, 4], "texture": "#2"},
				"down": {"uv": [8, 0, 12, 4], "texture": "#2"}
			}
		}
	],
	"display": {
		"thirdperson_righthand": {
			"rotation": [55, 0, 0],
			"translation": [0.25, 3, 1.25],
			"scale": [0.66, 0.66, 0.66]
		},
		"thirdperson_lefthand": {
			"rotation": [55, 0, 0],
			"translation": [0.25, 3, 1.25],
			"scale": [0.66, 0.66, 0.66]
		},
		"firstperson_righthand": {
			"translation": [2, 4.75, 0]
		},
		"firstperson_lefthand": {
			"translation": [2, 4.75, 0]
		},
		"ground": {
			"translation": [0, 4.75, 0],
			"scale": [0.8, 0.8, 0.8]
		},
		"gui": {
			"rotation": [20, 158, 0],
			"translation": [0, 4.25, 0],
			"scale": [1.1, 1.2, 1.2]
		},
		"head": {
			"translation": [0, 8, 0],
			"scale": [1.85, 1.85, 1.85]
		},
		"fixed": {
			"translation": [0, 7.5, 5.5],
			"scale": [1.5, 1.5, 1.5]
		}
	},
	"groups": [
		{
			"name": "bandana",
			"origin": [8, 8, 8],
			"color": 0,
			"children": [0, 1]
		},
		{
			"name": "head",
			"origin": [8, 8, 8],
			"color": 0,
			"children": [2]
		}
	]
}